time,open,high,low,close,volume
2012-12-04,85.6290,85.9150,85.4110,85.6950,86552
2012-12-05,85.6940,86.2470,85.6530,86.1350,59470
2012-12-06,86.1350,86.5620,85.9700,86.2730,82762
2012-12-07,86.2740,86.7010,86.0850,86.4730,75250
2012-12-10,86.5560,86.6050,86.0350,86.3300,69169
2012-12-11,86.3310,86.9490,86.1480,86.9390,69863
2012-12-12,86.9380,88.0480,86.8820,87.7380,82504
2012-12-13,87.7400,88.2930,87.6740,87.9930,86553
2012-12-14,87.9920,88.5240,87.7910,88.2090,86687
2012-12-17,88.9050,88.9080,88.0660,88.4340,87774
2012-12-18,88.4330,88.7420,88.2100,88.6200,84820
2012-12-19,88.6220,88.8660,87.8760,88.0550,92088
2012-12-20,88.0560,88.5100,87.8320,88.3560,88156
2012-12-21,88.3570,88.4720,87.5220,87.6010,92759
2012-12-24,87.7970,87.9890,87.6410,87.8630,53124
2012-12-26,88.3650,88.8320,88.3390,88.6270,56092
2012-12-27,88.6280,89.4990,88.6100,89.3870,93037
2012-12-28,89.3880,89.8050,89.0150,89.0250,85242
2012-12-31,88.9980,90.1450,88.9880,89.8850,63015
2013-01-01,90.0670,90.2610,89.9100,90.0090,1200
2013-01-02,90.0120,91.7340,89.8050,91.6970,99981
2013-01-03,91.6930,91.7000,91.1000,91.4300,94744
2013-01-04,91.4310,92.4550,91.4020,92.3440,108153
2013-01-07,92.8130,92.8190,91.7450,91.8760,100739
2013-01-08,91.8780,92.1130,91.1790,91.2060,105262
2013-01-09,91.2030,92.5370,91.2010,92.4760,106072
2013-01-10,92.4730,94.3310,92.3230,94.1690,113277
2013-01-11,94.1750,94.4950,93.7720,93.9340,108999
2013-01-14,94.2390,94.6360,94.0540,94.4560,99621
2013-01-15,94.4550,94.6220,93.0940,93.7830,118097
2013-01-16,93.7810,93.8400,92.4610,93.5460,117653
2013-01-17,93.5480,94.9800,92.5280,94.8250,128849
2013-01-18,94.8280,94.9990,94.1610,94.6560,113441
2013-01-21,94.6750,94.7580,93.9300,94.4070,92971
2013-01-22,94.4020,94.8860,93.2920,93.7120,121413
2013-01-23,93.7110,93.7830,92.7930,93.2510,113976
2013-01-24,93.2490,94.6560,93.0050,94.5040,120565
2013-01-25,94.5040,95.0800,94.3310,94.7300,113549
2013-01-28,94.8480,94.9950,94.0860,94.3230,106686
2013-01-29,94.3210,95.0360,94.1690,94.9750,112552
2013-01-30,94.9750,95.4520,94.7060,94.8370,110376
2013-01-31,94.8370,95.7120,94.2450,95.6790,111655
2013-02-01,95.6780,96.7030,95.3920,96.5740,116747
2013-02-04,96.6970,97.0680,95.9560,96.0830,110971
2013-02-05,96.0810,97.4060,95.9460,97.3150,122509
2013-02-06,97.3160,97.3440,96.0970,96.3910,119691
2013-02-07,96.3920,97.0260,95.8150,96.3710,117266
2013-02-08,96.3700,96.3860,95.1230,95.6050,111289
2013-02-11,95.4180,96.8560,95.1590,96.6830,105960
2013-02-12,96.6840,96.8610,95.7870,96.1130,119898
2013-02-13,96.1140,96.8270,96.0570,96.5460,112260
2013-02-14,96.5450,96.9640,95.9750,96.2480,115805
2013-02-15,96.2490,96.6790,95.5280,96.3220,116198
2013-02-18,96.4750,96.9120,96.4510,96.7340,85640
2013-02-19,96.7320,96.9200,96.4700,96.8610,92704
2013-02-20,96.8590,97.0600,95.8310,96.1180,103435
2013-02-21,96.1160,96.1860,95.0430,95.6720,113154
2013-02-22,95.6730,96.5580,95.6200,96.3790,102439
2013-02-25,96.9810,97.1270,93.5600,94.5730,119216
2013-02-26,94.5770,95.2870,93.0430,94.0160,130230
2013-02-27,94.0090,94.5520,92.9610,94.2210,120858
2013-02-28,94.2220,95.0960,94.0980,94.6530,110002
2013-03-01,94.6560,95.6150,94.4060,95.4620,106089
2013-03-04,95.4120,95.5020,94.4460,95.2670,13285
2013-03-05,95.2640,95.7740,95.0150,95.7230,14957
2013-03-06,95.7190,96.3840,95.6280,96.1100,30851
2013-03-07,96.1130,97.5850,96.0620,97.4790,56100
2013-03-08,97.4800,98.9520,97.3560,98.1980,47339
2013-03-11,98.1280,99.2560,98.0520,99.2560,42327
2013-03-12,99.2570,99.5680,98.4680,98.9050,59163
2013-03-13,98.9050,99.2100,98.5450,98.8140,57060
2013-03-14,98.8190,99.9720,98.8110,99.6830,58350
2013-03-15,99.6850,99.8390,98.9460,99.1600,54619
2013-03-18,98.2840,99.3430,97.7200,99.1050,63447
2013-03-19,99.1030,99.4470,98.1680,98.5160,60898
2013-03-20,98.5130,99.7740,98.2840,99.6290,57615
2013-03-21,99.6280,99.6910,98.7100,99.1920,68844
2013-03-22,99.2000,99.2090,98.3480,98.6420,57958
2013-03-25,98.8430,99.3910,97.7270,98.5910,61507
2013-03-26,98.5940,99.1860,98.2440,99.1720,58671
2013-03-27,99.1710,99.2820,97.9880,98.5300,53014
2013-03-28,98.5280,98.6640,97.8090,98.1660,52026
2013-03-29,98.1630,98.1890,97.8390,98.1090,31352
2013-04-01,98.1260,98.2460,97.0490,97.1510,37740
2013-04-02,97.1510,97.8550,96.9090,97.6070,50270
2013-04-03,97.6070,98.1010,96.9890,97.3330,49151
2013-04-04,97.3360,100.5750,96.9720,100.4950,69501
2013-04-05,100.4900,101.7280,99.7680,101.2460,75300
2013-04-08,101.8680,103.6060,101.6660,103.5950,70502
2013-04-09,103.5950,104.3450,102.8330,104.0180,69769
2013-04-10,104.0120,105.2660,103.6990,105.2110,62567
2013-04-11,105.2110,105.4200,104.3890,105.1740,61896
2013-04-12,105.1730,105.2030,103.0560,103.3170,66162
2013-04-15,103.2190,103.8280,98.7310,99.6030,89379
2013-04-16,99.6130,101.8670,99.5840,101.5380,85370
2013-04-17,101.5250,102.0650,99.9070,101.2820,81412
2013-04-18,101.2820,101.7930,100.2670,101.1910,75899
2013-04-19,101.1910,102.8660,100.8830,102.2100,69642
2013-04-22,102.5180,102.9290,101.3360,101.9780,64523
2013-04-23,101.9810,102.1410,100.7580,102.0490,69988
2013-04-24,102.0530,102.5170,101.5310,102.2940,60770
2013-04-25,102.3010,102.6540,102.0210,102.2260,57155
2013-04-26,102.2260,102.4510,100.3030,100.7010,68622
2013-04-29,100.7530,101.6070,100.3090,101.2030,49227
2013-04-30,101.2030,101.5390,100.5060,100.9100,54657
2013-05-01,100.9100,101.1170,99.7580,99.9780,51200
2013-05-02,99.9830,100.9040,99.2830,100.3200,56806
2013-05-03,100.3230,102.3230,100.3230,102.0910,46676
2013-05-06,102.1760,102.1900,101.4230,101.8210,37426
2013-05-07,101.8210,101.8780,100.4370,100.7720,54819
2013-05-08,100.7760,101.0130,100.3990,100.6770,53235
2013-05-09,100.6760,102.1350,100.4640,101.5510,61475
2013-05-10,101.5510,102.0620,101.3200,101.8100,71935
2013-05-13,101.8740,102.0320,101.1800,101.2870,57998
2013-05-14,101.2870,101.4470,100.6780,101.1990,62522
2013-05-15,101.2060,101.5840,100.8970,101.1120,62613
2013-05-16,101.1190,101.3240,100.2410,100.3780,65287
2013-05-17,100.3790,100.5570,99.5940,100.3970,58210
2013-05-20,100.1710,100.5590,100.0490,100.2670,56914
2013-05-21,100.2750,100.9350,100.1330,100.4820,59954
2013-05-22,100.4740,100.9580,99.5000,99.9130,75381
2013-05-23,99.9060,100.0440,97.2960,99.3200,115486
2013-05-24,99.3220,99.3540,97.1300,97.6210,100973
2013-05-27,97.7100,97.7100,96.9610,97.3840,58864
2013-05-28,97.3840,99.0680,97.2830,98.2450,96538
2013-05-29,98.2600,98.2930,97.0450,97.4200,105534
2013-05-30,97.4190,97.9600,96.9650,97.3340,107817
2013-05-31,97.3440,97.9140,96.0610,96.0700,103148
2013-06-03,96.5520,97.2400,96.2510,97.1500,95240
2013-06-04,97.1430,97.3650,96.1520,96.5310,94749
2013-06-05,96.5320,96.8020,94.2230,94.5070,104287
2013-06-06,94.5070,94.6440,92.5460,93.0310,110656
2013-06-07,93.0330,93.2450,90.5260,92.5990,127747
2013-06-10,92.0120,93.7900,91.9050,93.4460,99805
2013-06-11,93.4440,93.6850,89.9940,90.4970,121490
2013-06-12,90.4950,92.4930,90.4530,91.0310,111636
2013-06-13,91.0280,92.1610,88.9370,91.9030,122547
2013-06-14,92.2900,92.2960,89.9520,89.9520,107774
2013-06-17,90.1400,91.5530,90.1020,90.3890,82898
2013-06-18,90.4000,90.7280,89.8300,90.4690,86783
2013-06-19,90.4780,91.1780,89.2450,89.3470,89570
2013-06-20,89.3440,90.4310,89.0970,89.5610,123077
2013-06-21,89.5730,90.5330,89.1460,90.2140,101468
2013-06-24,90.4670,91.0560,89.5990,90.4000,110174
2013-06-25,90.3970,90.7600,89.5690,90.6900,98607
2013-06-26,90.6900,91.1420,90.2070,90.7140,96022
2013-06-27,90.6440,91.6370,90.5880,91.1980,90697
2013-06-28,91.2020,91.6680,90.4560,90.4940,99651
2013-07-01,90.5810,92.2330,90.5360,91.9980,75474
2013-07-02,92.0000,92.1600,91.3010,92.0270,84686
2013-07-03,92.0300,92.4140,90.1510,90.7920,95572
2013-07-04,90.7920,91.8410,90.5270,91.5030,72993
2013-07-05,91.5270,92.1950,91.2390,91.6590,78353
2013-07-08,91.6870,92.3460,91.3820,92.1360,72069
2013-07-09,92.1150,93.0700,91.7720,92.7160,80816
2013-07-10,92.7170,92.9160,91.0750,91.7890,94174
2013-07-11,91.7720,92.0290,90.0940,90.8230,115066
2013-07-12,90.8220,91.0230,89.6900,89.7210,78241
2013-07-15,90.1670,91.0060,89.9090,90.9930,68739
2013-07-16,90.9940,91.8910,90.7800,91.6250,78794
2013-07-17,91.6250,92.1850,91.4440,91.9650,78967
2013-07-18,91.9610,92.2520,91.5880,92.1740,77207
2013-07-19,92.1810,92.5550,91.6010,92.2520,78119
2013-07-22,92.1170,92.5640,91.8650,92.0800,71576
2013-07-23,92.0800,92.5740,91.7950,92.3930,77274
2013-07-24,92.3990,92.7330,91.6720,91.8810,81709
2013-07-25,91.8810,91.9220,91.3380,91.6690,86994
2013-07-26,91.6690,91.9210,90.5690,91.0020,79665
2013-07-29,91.0050,91.0620,89.8220,90.1490,79245
2013-07-30,90.1510,90.3010,88.6820,88.8930,79444
2013-07-31,88.8930,89.0350,87.2400,87.4450,87995
2013-08-01,87.4450,88.9670,87.3660,88.8870,76997
2013-08-02,88.8880,89.0930,87.9060,88.0400,77087
2013-08-05,88.1870,88.2340,87.4740,87.7560,65129
2013-08-06,87.7470,88.5700,87.2860,87.7980,74177
2013-08-07,87.7940,87.8280,86.4050,86.6660,82963
2013-08-08,86.6670,88.1580,86.6450,87.9140,83735
2013-08-09,87.9120,88.7670,87.7830,88.4820,70964
2013-08-12,88.3910,89.0330,88.0530,88.7290,66697
2013-08-13,88.7260,89.6460,88.5100,89.3850,76565
2013-08-14,89.4100,89.8140,89.0790,89.4300,69029
2013-08-15,89.4300,90.0700,88.7340,88.8710,87746
2013-08-16,88.8850,89.8890,88.6200,89.5530,71027
2013-08-19,89.6870,90.1240,88.8360,89.0110,70230
2013-08-20,89.0110,89.2180,87.5950,88.2270,78867
2013-08-21,88.2260,88.4600,87.5400,87.6910,82912
2013-08-22,87.6930,89.2000,87.4080,89.0150,79223
2013-08-23,89.0170,89.4080,88.8960,89.0320,71365
2013-08-26,88.9750,89.2640,88.7100,88.8650,52738
2013-08-27,88.8750,88.9650,86.9300,87.1010,77581
2013-08-28,87.1000,87.5050,86.4610,87.3280,77518
2013-08-29,87.3350,88.0010,87.2750,87.7160,69099
2013-08-30,87.7160,87.9350,87.2350,87.2920,63954
2013-09-02,87.8280,89.5110,87.7410,89.3470,56042
2013-09-03,89.3490,90.4980,89.1270,90.1590,69766
2013-09-04,90.1650,91.5650,89.9880,91.3930,65922
2013-09-05,91.3940,91.5720,91.0560,91.4510,65024
2013-09-06,91.4510,91.4630,90.6410,90.9490,55325
2013-09-09,91.7980,92.0640,91.3160,91.9100,59004
2013-09-10,91.9130,93.5660,91.8530,93.4560,67395
2013-09-11,93.4560,93.5600,92.9280,93.1910,64374
2013-09-12,93.1910,93.2580,91.7250,92.1460,73930
2013-09-13,92.1490,92.4800,91.6840,91.8290,64895
2013-09-16,92.3560,92.8110,92.1690,92.3390,56437
2013-09-17,92.3450,92.9680,92.1170,92.7300,52936
2013-09-18,92.7370,93.3690,92.4210,93.1810,58997
2013-09-19,93.1880,94.4420,93.0530,93.8360,74549
2013-09-20,93.8330,94.0960,93.2550,93.2660,54155
2013-09-23,93.0620,93.5720,93.0180,93.1040,48958
2013-09-24,93.1130,93.3810,92.2400,92.6680,54178
2013-09-25,92.6750,92.7300,91.9160,92.1500,54385
2013-09-26,92.1530,93.0100,92.0430,92.6780,60305
2013-09-27,92.6770,92.7700,91.3790,91.4770,55189
2013-09-30,91.0050,91.8930,90.7350,91.5810,64901
2013-10-01,91.5790,92.3900,91.3780,92.0880,69415
2013-10-02,92.0880,92.1960,90.7970,91.4030,63597
2013-10-03,91.4000,91.8770,90.9300,91.3160,61749
2013-10-04,91.3160,92.0190,91.2890,91.9550,56364
2013-10-07,91.7560,91.8870,90.9880,91.1270,57633
2013-10-08,91.1360,92.1990,91.0560,91.2610,62887
2013-10-09,91.2610,92.1370,91.2340,91.9830,63269
2013-10-10,91.9860,93.0280,91.7920,92.9830,63552
2013-10-11,92.9810,93.4400,92.4320,93.2550,55363
2013-10-14,92.6480,93.6630,92.6480,93.6270,43205
2013-10-15,93.6370,94.1030,93.2530,93.5940,62724
2013-10-16,93.5920,94.4690,93.2670,94.4220,64366
2013-10-17,94.4230,94.4810,93.7770,94.2410,65720
2013-10-18,94.2450,94.6700,94.1480,94.5490,53892
2013-10-21,94.6680,94.9610,94.4730,94.7500,47564
2013-10-22,94.7530,95.6800,94.7040,95.2280,49338
2013-10-23,95.2270,95.6530,93.4260,93.5720,65530
2013-10-24,93.5710,94.3550,93.1780,93.5750,59895
2013-10-25,93.5780,93.7020,92.9960,93.3280,56060
2013-10-28,93.4920,93.9730,93.1490,93.1570,46234
2013-10-29,93.1550,93.2610,92.6620,93.0680,59150
2013-10-30,93.0700,93.5120,92.8470,93.2220,55780
2013-10-31,93.2200,93.6080,92.8170,93.0480,56388
2013-11-01,93.0460,93.3720,92.7310,93.0550,49150
2013-11-04,93.2060,93.8410,93.1930,93.7800,35144
2013-11-05,93.7820,93.8650,92.9770,93.5860,57032
2013-11-06,93.5940,94.1610,93.3870,93.8930,46070
2013-11-07,93.9010,94.0890,92.3390,92.8360,65795
2013-11-08,92.8370,93.1170,92.5770,92.9320,61021
2013-11-11,93.0180,93.0620,92.7230,92.7400,42317
2013-11-12,92.7410,93.0800,92.3800,92.6230,60454
2013-11-13,92.6250,93.0140,92.3080,92.8140,56623
2013-11-14,92.8130,93.2870,92.7400,93.1630,66993
2013-11-15,93.1680,94.0030,93.1430,93.8200,52715
2013-11-18,93.9580,94.1940,93.4720,93.6300,53807
2013-11-19,93.6300,94.4790,93.3170,94.4570,59487
2013-11-20,94.4520,94.6020,93.0890,93.3000,63501
2013-11-21,93.3000,93.7540,92.9160,93.3770,68049
2013-11-22,93.3770,93.5490,92.5380,92.8210,57399
2013-11-25,92.8420,93.3390,92.7700,93.1790,44691
2013-11-26,93.1780,93.4250,92.2470,92.4390,44861
2013-11-27,92.4430,92.9840,92.2700,92.7870,50885
2013-11-28,92.7990,93.5040,92.7450,93.0000,46996
2013-11-29,93.0030,93.5760,92.7440,93.2520,55966
2013-12-02,93.4540,94.0200,93.3620,93.7200,58366
2013-12-03,93.7210,93.9700,93.1270,93.5280,68444
2013-12-04,93.5280,93.6870,91.7840,92.3970,77503
2013-12-05,92.3970,92.6190,91.9120,92.2220,71160
2013-12-06,92.2280,93.6970,92.0970,93.5690,62421
2013-12-09,93.9970,94.1450,93.5010,93.7320,59327
2013-12-10,93.7320,94.2200,93.6650,94.0290,61814
2013-12-11,94.0290,94.1380,92.5700,92.6030,63375
2013-12-12,92.6040,93.2720,91.7850,92.3940,70793
2013-12-13,92.4110,92.9430,92.0690,92.4330,62087
2013-12-16,92.2970,92.4580,91.8160,92.1400,56794
2013-12-17,92.1400,92.2980,91.2180,91.4640,54024
2013-12-18,91.4570,92.5180,91.0810,92.1200,64652
2013-12-19,92.1260,92.4290,91.6970,92.2830,57534
2013-12-20,92.2820,93.0100,92.2800,92.8000,51861
2013-12-23,92.8080,93.1040,92.7690,92.9680,35296
2013-12-24,92.9560,93.1450,92.7940,93.0230,28552
2013-12-26,93.0870,93.2910,92.9610,93.0320,21099
2013-12-27,93.0340,93.5410,93.0340,93.2010,44424
2013-12-30,93.1400,93.7630,93.0720,93.5070,40642
2013-12-31,93.5070,94.0630,93.4410,93.9190,30325
2014-01-01,93.4850,93.7150,93.4820,93.6580,4361
2014-01-02,93.6560,93.9680,93.1520,93.3430,67314
2014-01-03,93.3510,94.0390,92.8930,93.7460,64465
2014-01-06,93.8240,94.0700,93.1930,93.4390,65657
2014-01-07,93.4390,93.5380,92.9900,93.2740,62314
2014-01-08,93.2680,93.8220,93.1690,93.2070,64577
2014-01-09,93.2080,93.4250,92.9310,93.1960,55166
2014-01-10,93.2010,93.7140,93.0310,93.6680,54524
2014-01-13,93.5580,93.8520,93.1780,93.3150,64554
2014-01-14,93.3090,93.5530,92.9710,93.3450,63764
2014-01-15,93.3420,93.4180,92.7280,93.1110,58949
2014-01-16,93.1070,93.1920,91.6220,91.9660,60333
2014-01-17,91.9830,92.1060,91.4030,91.5740,50144
2014-01-20,91.5060,91.9110,91.0480,91.8110,42136
2014-01-21,91.8120,92.4290,91.5440,91.7840,55654
2014-01-22,91.7860,92.6900,91.6720,92.4550,58407
2014-01-23,92.4560,92.6150,90.2280,90.4870,72960
2014-01-24,90.4780,90.8610,88.5320,88.7730,77637
2014-01-27,88.7280,90.0750,88.5830,89.6300,73781
2014-01-28,89.6320,91.0100,89.5420,90.8650,66651
2014-01-29,90.8600,91.1110,89.0250,89.2370,73423
2014-01-30,89.2320,90.4510,88.9670,90.3020,66474
2014-01-31,90.3050,90.7290,88.8560,89.2550,68140
2014-02-03,89.5050,89.8360,88.2380,88.4700,71669
2014-02-04,88.4600,90.8940,88.2580,90.5990,77768
2014-02-05,90.6110,90.7850,89.8310,90.5530,89272
2014-02-06,90.5490,91.6430,90.5200,91.2490,82859
2014-02-07,91.2570,91.8610,90.9020,91.6590,75213
2014-02-10,91.8410,91.8560,90.9250,91.4010,46659
2014-02-11,91.4050,92.8950,91.3410,92.6840,52631
2014-02-12,92.6810,92.9700,92.2950,92.4320,54497
2014-02-13,92.4320,92.5310,91.1160,91.7380,59298
2014-02-14,91.7440,92.2910,91.3280,91.9300,55533
2014-02-17,92.0560,92.1740,91.6800,92.1120,40038
2014-02-18,92.1130,92.9790,92.0330,92.3520,61206
2014-02-19,92.3580,92.4630,91.8480,92.0660,56732
2014-02-20,92.0750,92.3260,91.0650,92.1990,63518
2014-02-21,92.2000,92.4060,91.8270,92.0020,52114
2014-02-24,92.0040,92.7440,91.5750,92.5900,54825
2014-02-25,92.5920,92.7810,91.9910,92.1370,52949
2014-02-26,92.1350,92.3690,91.5860,91.6910,58134
2014-02-27,91.7050,91.7890,90.7030,91.5730,61736
2014-02-28,91.5810,91.6070,90.6850,90.8140,60070
2014-03-03,90.4080,90.7560,90.0540,90.5720,57891
2014-03-04,90.5750,91.6050,90.4870,91.5470,54114
2014-03-05,91.5460,92.0790,91.2870,91.9340,51178
2014-03-06,91.9310,93.8680,91.8690,93.6100,57459
2014-03-07,93.6020,94.4750,93.4460,93.6200,73858
2014-03-10,93.4160,93.6070,92.8920,93.2290,88456
2014-03-11,93.2270,93.4520,92.2080,92.3270,97651
2014-03-12,92.3270,92.4580,91.6480,92.3700,109225
2014-03-13,92.3680,93.4110,91.5420,92.0770,140869
2014-03-14,92.0780,92.0830,91.2950,91.5180,125346
2014-03-17,91.3610,92.5490,91.3200,92.4610,101270
2014-03-18,92.4610,92.8090,91.9230,92.5610,109887
2014-03-19,92.5610,92.8440,92.2650,92.4400,115255
2014-03-20,92.4400,92.7120,92.1240,92.5100,106935
2014-03-21,92.5100,93.0850,92.4640,92.8620,79226
2014-03-24,92.9800,93.5540,92.5870,93.3290,100349
2014-03-25,93.3280,93.8270,93.2340,93.7010,89420
2014-03-26,93.6960,94.6920,93.6430,94.0740,100225
2014-03-27,94.0740,94.6990,93.7830,94.6130,109141
2014-03-28,94.6120,95.2390,94.5600,95.0740,88891
2014-03-31,95.1600,95.7340,94.7880,95.6440,97935
2014-04-01,95.6440,96.0520,95.3940,95.7800,91013
2014-04-02,95.7870,96.1120,95.6340,96.0850,86322
2014-04-03,96.0850,96.1340,95.6590,95.9010,91554
2014-04-04,95.9070,96.5100,95.8000,95.9440,102066
2014-04-07,95.9360,96.0520,95.3320,95.5090,72932
2014-04-08,95.5120,95.8930,95.0260,95.3070,118506
2014-04-09,95.3070,95.7880,95.1940,95.6780,107858
2014-04-10,95.6860,96.2250,95.4310,95.4650,84189
2014-04-11,95.4660,95.6990,95.0540,95.4620,78468
2014-04-14,95.4230,96.0110,95.1110,95.9090,64169
2014-04-15,95.9110,95.9990,94.8320,95.2860,75861
2014-04-16,95.2870,96.0210,95.1590,95.7790,69373
2014-04-17,95.7830,95.9130,95.3360,95.5220,54831
2014-04-18,95.5220,95.6570,95.4920,95.5670,18849
2014-04-21,95.5780,95.8510,95.5700,95.6760,30617
2014-04-22,95.6780,96.1810,95.6630,96.0620,53140
2014-04-23,96.0650,96.2430,94.8090,95.2210,60067
2014-04-24,95.2270,95.3170,94.5550,94.7270,60997
2014-04-25,94.7250,94.9870,94.5210,94.7000,59584
2014-04-28,94.7040,95.2330,94.5790,94.9100,60132
2014-04-29,94.9100,95.2750,94.5800,95.1370,57126
2014-04-30,95.1370,95.2680,94.6200,94.9140,68957
2014-05-01,94.9020,95.1480,94.6820,94.7860,48319
2014-05-02,94.7910,95.0410,94.5860,94.7610,77349
2014-05-05,94.9050,94.9100,94.2620,94.7790,40751
2014-05-06,94.7780,95.1730,94.5890,95.0460,68824
2014-05-07,95.0460,95.1430,94.7330,95.0180,97811
2014-05-08,95.0200,95.6560,94.9150,95.2310,83113
2014-05-09,95.2360,95.3890,95.0250,95.3390,58891
2014-05-12,95.2970,95.7170,95.2700,95.6340,50638
2014-05-13,95.6330,95.9000,95.4730,95.7110,61600
2014-05-14,95.7120,96.1060,95.3470,95.4950,54761
2014-05-15,95.4910,95.7940,94.7200,95.0210,57993
2014-05-16,95.0240,95.1640,94.8060,95.0060,65939
2014-05-19,95.0760,95.1340,94.5020,94.6290,70818
2014-05-20,94.6300,94.7320,93.5560,93.6200,78301
2014-05-21,93.6190,93.8390,93.0340,93.7760,83386
2014-05-22,93.7750,94.3550,93.4710,93.8600,66560
2014-05-23,93.8510,94.2430,93.8290,94.0930,62320
2014-05-26,94.1470,94.2570,94.0790,94.1670,28538
2014-05-27,94.1670,94.5390,94.1490,94.4450,41960
2014-05-28,94.4450,94.4910,93.7220,94.0000,41831
2014-05-29,94.0010,94.7420,93.6910,94.6530,46550
2014-05-30,94.6540,94.7930,94.4320,94.7100,43025
2014-06-02,94.7700,94.8640,94.2800,94.6040,54762
2014-06-03,94.6110,95.0650,94.5050,95.0140,60468
2014-06-04,95.0170,95.4170,94.9180,95.2910,60831
2014-06-05,95.2910,95.6940,94.9460,95.6130,63884
2014-06-06,95.6130,95.8000,95.4070,95.6340,58157
2014-06-09,95.7760,95.9430,95.7350,95.8900,49012
2014-06-10,95.8900,95.9480,95.6790,95.9030,59127
2014-06-11,95.9050,96.1210,95.6650,95.7210,60012
2014-06-12,95.7200,96.0960,95.4130,95.8830,55604
2014-06-13,95.8830,96.1430,95.6090,95.9050,43552
2014-06-16,95.9230,95.9320,95.4820,95.7080,49933
2014-06-17,95.7100,95.7440,95.1940,95.3720,53589
2014-06-18,95.3740,95.9240,95.3280,95.7870,56151
2014-06-19,95.7890,95.9710,95.7350,95.7760,56561
2014-06-20,95.7840,95.9270,95.7480,95.8050,45105
2014-06-23,95.7210,96.3240,95.7210,96.0240,44620
2014-06-24,96.0270,96.0980,95.4910,95.5120,49277
2014-06-25,95.5100,95.8340,95.3080,95.7420,48304
2014-06-26,95.7520,95.8190,95.4000,95.6930,48588
2014-06-27,95.6940,95.7740,95.3870,95.5630,47510
2014-06-30,95.5590,95.6160,95.1650,95.5240,50958
2014-07-01,95.5270,96.4960,95.4170,96.3980,67090
2014-07-02,96.3980,96.4330,95.8590,96.0890,65180
2014-07-03,96.0880,96.1120,95.3440,95.5010,76210
2014-07-04,95.5010,95.6180,95.3870,95.5280,57413
2014-07-07,95.5350,95.6090,95.3340,95.4340,65071
2014-07-08,95.4350,95.7010,95.3310,95.4390,70892
2014-07-09,95.4380,95.7090,95.4100,95.6090,70905
2014-07-10,95.6100,95.9060,94.7080,95.1450,81029
2014-07-11,95.1430,95.3290,94.9700,95.1600,81529
2014-07-14,95.0740,95.4420,95.0690,95.3830,69234
2014-07-15,95.3830,95.5030,95.0680,95.2600,83013
2014-07-16,95.2590,95.3160,94.9170,95.1580,42403
2014-07-17,95.1660,95.2750,94.4610,94.5440,48961
2014-07-18,94.5430,95.3070,94.3840,95.1720,45445
2014-07-21,95.2180,95.2660,94.9320,95.0410,37545
2014-07-22,95.0410,95.5590,94.9340,95.3140,62669
2014-07-23,95.3140,96.0300,95.2170,95.8780,69500
2014-07-24,95.8790,96.1800,95.6830,95.8500,69636
2014-07-25,95.8510,95.9330,95.5450,95.5450,64474
2014-07-28,95.6510,95.8680,95.5290,95.7760,59649
2014-07-29,95.7780,95.8950,95.6900,95.8050,74992
2014-07-30,95.8080,96.1160,95.7050,95.8740,72829
2014-07-31,95.8760,95.9260,95.4810,95.5350,54467
2014-08-01,95.5320,95.7900,95.2760,95.2760,58761
2014-08-04,95.4940,95.7570,95.4190,95.7060,44227
2014-08-05,95.7090,95.8230,95.2880,95.4800,58112
2014-08-06,95.4790,95.5670,95.1260,95.4680,66816
2014-08-07,95.4680,95.5510,94.5780,94.6300,73248
2014-08-08,94.6300,94.7120,93.9210,94.6340,78446
2014-08-11,94.7160,94.8620,94.5290,94.6780,43006
2014-08-12,94.6760,94.8450,94.5920,94.7360,50342
2014-08-13,94.7390,95.3980,94.7370,95.2730,55612
2014-08-14,95.2730,95.4970,95.0190,95.4570,48258
2014-08-15,95.4570,95.6930,95.0210,95.3750,55067
2014-08-18,95.4020,95.7090,95.2450,95.6260,34882
2014-08-19,95.6260,95.9370,95.6120,95.6850,49347
2014-08-20,95.6860,96.4360,95.6020,96.2890,71566
2014-08-21,96.2850,96.6100,95.9850,96.6080,59189
2014-08-22,96.6080,96.8700,96.4470,96.8320,64159
2014-08-25,96.8170,97.1200,96.6030,96.7380,49992
2014-08-26,96.7360,97.0650,96.4690,96.9060,59999
2014-08-27,96.9090,97.1540,96.8330,96.9550,63112
2014-08-28,96.9570,97.2460,96.7760,97.0580,73100
2014-08-29,97.0540,97.2610,96.9260,97.1530,68671
2014-09-01,97.1550,97.4470,97.1170,97.3550,37161
2014-09-02,97.3570,97.5890,97.3440,97.4860,71209
2014-09-03,97.4860,98.1360,97.4370,97.9650,71548
2014-09-04,97.9640,98.5900,97.8810,98.3910,76974
2014-09-05,98.3910,98.6790,98.2520,98.5370,75644
2014-09-08,98.4860,98.5950,98.0740,98.3340,71536
2014-09-09,98.3350,98.6550,97.6190,97.7670,94239
2014-09-10,97.7650,97.9170,97.2660,97.8400,85042
2014-09-11,97.8410,98.3400,97.2480,97.4580,83218
2014-09-12,97.4540,97.4980,96.9270,96.9820,77773
2014-09-15,96.7270,96.8960,96.3960,96.8390,61417
2014-09-16,96.8400,97.5320,96.3670,97.3530,82414
2014-09-17,97.3530,97.4340,96.9910,97.1430,84431
2014-09-18,97.1410,97.8070,97.0290,97.7320,82554
2014-09-19,97.7320,97.9260,97.1970,97.3270,88378
2014-09-22,97.3730,97.4750,96.4990,96.5360,169046
2014-09-23,96.5360,96.9830,96.1790,96.3080,83774
2014-09-24,96.3080,96.9190,96.0900,96.8520,81169
2014-09-25,96.8500,96.9520,95.4090,95.6080,98445
2014-09-26,95.6020,95.9950,95.3680,95.7920,84764
2014-09-29,95.7500,95.8330,95.1330,95.4240,94645
2014-09-30,95.4240,96.0320,95.1250,95.8810,95023
2014-10-01,95.8810,95.9530,95.0020,95.1760,107565
2014-10-02,95.1740,95.8150,94.8860,95.3760,118702
2014-10-03,95.3690,95.8860,94.9520,95.2120,84096
2014-10-06,95.2130,95.5630,95.0290,95.2430,78718
2014-10-07,95.2420,95.5840,95.1000,95.2410,113763
2014-10-08,95.2390,95.7000,94.7110,95.5030,119336
2014-10-09,95.5020,95.8400,94.4420,94.5650,122588
2014-10-10,94.5650,94.6400,93.4460,93.4810,108247
2014-10-13,93.3450,94.3140,92.8690,93.7100,101263
2014-10-14,93.7160,94.5150,92.9510,93.4170,106384
2014-10-15,93.4140,94.0140,92.1900,93.4380,144176
2014-10-16,93.4360,93.4360,91.7600,93.0030,149841
2014-10-17,93.0030,93.7290,92.7520,93.4540,101993
2014-10-20,93.7990,94.2070,93.5840,93.9050,85816
2014-10-21,93.9060,94.1860,93.5400,93.9980,102168
2014-10-22,93.9960,94.5620,93.5200,93.9360,88623
2014-10-23,93.9360,94.9290,93.7910,94.8550,95475
2014-10-24,94.8550,95.2780,94.1150,95.0430,84565
2014-10-27,95.2130,95.3100,94.7310,94.8570,79176
2014-10-28,94.8530,95.8340,94.8260,95.6870,76622
2014-10-29,95.6860,96.2770,95.5310,95.6050,91708
2014-10-30,95.6030,96.6750,95.3720,96.5110,105421
2014-10-31,96.5110,98.8610,96.3300,98.7840,130989
2014-11-03,98.9150,99.3900,98.1300,98.8410,114632
2014-11-04,98.8450,99.3600,98.2990,99.3040,122138
2014-11-05,99.3020,99.7070,98.2150,98.3430,133878
2014-11-06,98.3450,98.8610,98.0490,98.6120,138941
2014-11-07,98.6090,99.2510,98.4800,98.9560,132124
2014-11-10,98.9090,99.1440,98.7740,98.9830,99614
2014-11-11,98.9860,100.7900,98.9790,100.6630,120970
2014-11-12,100.6650,100.8350,100.0530,100.6670,128038
2014-11-13,100.6680,101.1990,100.2630,100.8150,109444
2014-11-14,100.8160,101.9180,100.7700,101.7050,119770
2014-11-17,102.1110,102.3940,101.2430,101.4690,95537
2014-11-18,101.4670,102.2330,101.3200,101.9000,80673
2014-11-19,101.9040,101.9440,101.3330,101.6170,77095
2014-11-20,101.6250,102.0180,101.4420,101.8960,72622
2014-11-21,101.8950,102.8360,101.4770,102.1060,69056
2014-11-24,102.3090,102.4640,101.8150,101.8990,55322
2014-11-25,101.8910,102.0080,100.4020,100.6270,75098
2014-11-26,100.6250,100.8700,99.9180,100.6490,79247
2014-11-27,100.6210,101.0550,100.3310,100.5390,47500
2014-11-28,100.5500,101.3420,100.3650,100.8600,68271
2014-12-01,100.5820,100.8150,100.0900,100.5140,81449
2014-12-02,100.5170,101.1600,100.2640,100.6760,74248
2014-12-03,100.6890,100.8920,99.9810,100.6550,62432
2014-12-04,100.6590,100.9390,100.2190,100.3460,66825
2014-12-05,100.3810,101.3590,100.3450,100.9040,68736
2014-12-08,100.9270,101.1850,99.8610,100.0580,75382
2014-12-09,100.0010,100.2020,98.5580,99.2480,82722
2014-12-10,99.0800,99.4680,97.7700,97.9830,82701
2014-12-11,97.9300,98.7780,97.4430,97.9150,71624
2014-12-12,97.9030,98.4160,97.6920,97.8810,72836
2014-12-15,97.6200,98.0200,96.6030,96.6030,81104
2014-12-16,96.7170,96.9570,95.2900,95.5480,85356
2014-12-17,95.5870,96.6290,95.2140,96.1720,79773
2014-12-18,96.3270,97.6130,96.2490,97.0000,69987
2014-12-19,96.8540,97.7850,96.8540,97.0350,68874
2014-12-22,97.3070,97.6800,97.1060,97.5970,154664
2014-12-23,97.5960,97.8860,97.1770,97.7870,142640
2014-12-24,97.7850,97.9580,97.5670,97.6730,109071
2014-12-26,97.6940,97.8820,97.6140,97.6230,72695
2014-12-29,97.7100,98.2990,97.6200,98.0620,145394
2014-12-30,98.0620,98.2090,97.2970,97.7170,158206
2014-12-31,97.7230,98.2460,97.5570,97.8310,115201
2015-01-02,98.0340,98.0820,97.3320,97.4550,57630
2015-01-05,97.2450,97.5310,96.5390,96.6670,109312
2015-01-06,96.6620,97.2050,95.6580,95.6590,125722
2015-01-07,95.6590,96.3530,95.6300,96.3010,118100
2015-01-08,96.3020,97.2540,96.2420,97.1680,99177
2015-01-09,97.1690,97.6490,96.8310,97.1330,109723
2015-01-12,97.1380,97.5900,96.3760,96.5020,106310
2015-01-13,96.5080,96.9840,95.7980,96.2360,120966
2015-01-14,96.2380,96.3280,94.2500,95.6060,136052
2015-01-15,95.6070,96.9450,95.1660,95.3970,146407
2015-01-16,95.3930,96.8960,94.9490,96.6470,135889
2015-01-19,96.5640,96.8580,95.9230,96.4840,66160
2015-01-20,96.5140,97.3830,96.3390,97.0520,71515
2015-01-21,97.0500,97.0590,95.2100,95.3520,81741
2015-01-22,95.3590,95.8140,94.8200,95.0670,80172
2015-01-23,95.0590,95.3320,93.0450,93.1110,79655
2015-01-26,92.6290,93.9600,92.1580,93.8500,65601
2015-01-27,93.8540,94.0830,93.1810,93.5240,84101
2015-01-28,93.5220,94.6160,92.6290,92.6920,94115
2015-01-29,92.6750,93.2780,91.3780,91.7700,80591
2015-01-30,91.7740,92.2090,90.8560,91.1210,76241
2015-02-02,90.6860,92.0310,90.6860,91.7310,85752
2015-02-03,91.6910,92.0260,89.3650,91.5960,104954
2015-02-04,91.5900,92.3660,90.7180,90.8950,96606
2015-02-05,90.8930,91.9300,90.7410,91.6270,102449
2015-02-06,91.6250,93.1040,91.5790,92.7000,99999
2015-02-09,92.3590,92.9780,92.1120,92.5230,85963
2015-02-10,92.4900,92.9640,92.2470,92.7730,100380
2015-02-11,92.7710,93.0970,92.4640,92.9540,84740
2015-02-12,92.9420,93.0600,91.3360,92.1100,109584
2015-02-13,92.1110,92.3810,91.8470,92.0460,89201
2015-02-16,92.0980,92.3920,91.7480,92.0630,76770
2015-02-17,92.0600,93.3670,91.5860,93.2040,94237
2015-02-18,93.2070,93.3020,92.6600,92.7660,90737
2015-02-19,92.7620,92.9770,92.1770,92.6650,87433
2015-02-20,92.6620,93.4490,92.4300,93.2870,86233
2015-02-23,93.4280,93.4560,92.6210,92.6890,72230
2015-02-24,92.6840,93.2160,92.4260,93.1590,84723
2015-02-25,93.1460,93.9610,93.0570,93.7340,82836
2015-02-26,93.7330,93.9170,92.9640,93.1340,86171
2015-02-27,93.1290,93.6350,92.7300,93.4180,84645
2015-03-02,93.4120,93.5420,92.9910,93.2780,74616
2015-03-03,93.2800,93.8100,92.9790,93.5810,88326
2015-03-04,93.5840,93.9500,93.2440,93.5380,77719
2015-03-05,93.5360,93.8960,93.1770,93.4800,82674
2015-03-06,93.4790,94.1720,93.0610,93.2190,89156
2015-03-09,93.1480,93.5940,92.9230,93.3790,67476
2015-03-10,93.3780,93.3940,92.1710,92.3800,97828
2015-03-11,92.4020,92.7230,91.7970,92.1950,93263
2015-03-12,92.1950,93.5820,92.1150,93.4000,89430
2015-03-13,93.4170,93.5430,92.2940,92.6380,77995
2015-03-16,92.5720,93.0360,92.3640,92.7440,57480
2015-03-17,92.7490,92.9980,92.2560,92.4810,80684
2015-03-18,92.4900,93.8260,92.0600,93.0530,94941
2015-03-19,93.0670,93.5300,92.0020,92.3760,78721
2015-03-20,92.3750,93.6490,92.3520,93.2760,94791
2015-03-23,93.4460,94.5840,93.2060,94.2660,81002
2015-03-24,94.2690,94.6700,93.8110,94.2790,76802
2015-03-25,94.2750,94.3920,93.5940,93.7410,89132
2015-03-26,93.7400,93.7820,92.7840,93.3160,108436
2015-03-27,93.3150,93.3630,92.2530,92.3060,99197
2015-03-30,92.2000,92.3650,91.6340,91.8700,87937
2015-03-31,91.8710,92.0630,91.1070,91.3520,93146
2015-04-01,91.3050,91.6550,90.8650,90.9860,98042
2015-04-02,90.9870,91.0300,90.1930,90.8680,89497
2015-04-03,90.8700,91.5360,90.6010,90.7630,52544
2015-04-06,90.7630,91.2000,90.6350,90.7330,56247
2015-04-07,90.7310,92.1780,90.5470,91.7940,80816
2015-04-08,91.7910,92.5970,91.7880,92.3000,67134
2015-04-09,92.2810,92.8460,92.1560,92.7300,62400
2015-04-10,92.7320,93.0500,91.9270,92.2990,59595
2015-04-13,92.2990,92.3570,90.8650,91.1470,60760
2015-04-14,91.1480,91.3770,90.4620,91.0220,67863
2015-04-15,91.0210,91.5510,90.4770,91.5320,67997
2015-04-16,91.5320,93.0130,91.3830,92.7610,109927
2015-04-17,92.7610,93.0360,92.3190,92.5810,91756
2015-04-20,92.5810,93.0550,91.9470,92.0710,67757
2015-04-21,92.0710,92.6590,91.7390,92.2440,83147
2015-04-22,92.2440,93.2000,92.2290,92.9140,84283
2015-04-23,92.9140,93.1770,92.5450,93.0060,93405
2015-04-24,93.0060,93.2720,92.8280,93.0410,83870
2015-04-27,92.9690,93.7700,92.8650,93.4790,79675
2015-04-28,93.4590,95.4150,93.3220,95.3710,103294
2015-04-29,95.3300,95.9450,94.8480,95.3870,118453
2015-04-30,95.2540,95.4010,93.9930,94.3480,183750
2015-05-01,94.3690,94.6600,93.8150,94.1910,121067
2015-05-04,94.1190,94.3040,93.7280,94.1580,58742
2015-05-05,94.0650,95.3860,93.7070,95.2170,19418
2015-05-06,95.1200,95.9360,94.9720,95.1300,36505
2015-05-07,95.2200,95.6350,94.4970,94.6590,17807
2015-05-08,94.6480,95.3190,94.3030,94.9750,23528
2015-05-11,94.7370,95.0160,94.4510,94.7270,62533
2015-05-12,94.7270,95.9250,94.7240,95.5930,102582
2015-05-13,95.5930,96.7760,95.2930,96.6440,88036
2015-05-14,96.6330,97.2940,96.1320,96.2640,106162
2015-05-15,96.2460,96.4330,95.7600,95.9670,83642
2015-05-18,95.8960,96.0810,95.6330,95.8420,44763
2015-05-19,95.8430,96.0540,95.3760,95.4960,108230
2015-05-20,95.4950,95.8810,95.2590,95.5260,117400
2015-05-21,95.5170,95.7580,95.3230,95.5170,105103
2015-05-22,95.5260,95.7580,94.9400,95.1800,101837
2015-05-25,95.0490,95.2850,94.9120,95.0800,73830
2015-05-26,95.0740,95.7600,95.0450,95.1970,111347
2015-05-27,95.1930,95.6750,95.1030,95.5560,115486
2015-05-28,95.5650,95.9940,94.5730,94.7890,130118
2015-05-29,94.7780,95.1350,94.6180,94.8620,110135
2015-06-01,94.7520,95.1730,94.6020,94.8790,115035
2015-06-02,94.8790,96.5810,94.8770,96.4450,172834
2015-06-03,96.4360,96.9820,96.2460,96.7360,111982
2015-06-04,96.7340,96.7420,95.4150,95.5810,58735
2015-06-05,95.5510,96.3530,95.4620,95.6190,154083
2015-06-08,95.7690,95.9620,95.4280,95.8630,142628
2015-06-09,95.8650,96.0940,95.1700,95.6100,163735
2015-06-10,95.6060,95.7400,94.5110,95.1820,198327
2015-06-11,95.1810,95.8160,94.3910,95.6920,162588
2015-06-12,95.7000,95.8150,94.9920,95.4150,150627
2015-06-15,95.3420,95.9860,95.1360,95.8140,98229
2015-06-16,95.8210,95.9990,95.3970,95.6070,125452
2015-06-17,95.6030,95.7760,95.0400,95.6190,152021
2015-06-18,95.5900,96.3080,94.9430,95.8840,168050
2015-06-19,95.8670,96.0590,95.0820,95.3180,135097
2015-06-22,95.4610,95.8290,95.2740,95.3180,126452
2015-06-23,95.3180,95.9490,95.1840,95.8700,133221
2015-06-24,95.8650,96.1790,95.3830,95.3860,136651
2015-06-25,95.3640,95.8050,95.3620,95.6380,123335
2015-06-26,95.6410,95.6750,94.5540,94.7880,126916
2015-06-29,93.5490,94.7180,92.6600,94.0820,182776
2015-06-30,94.0840,94.4540,93.6080,94.3980,165602
2015-07-01,94.3740,94.9810,94.0870,94.1500,135488
2015-07-02,94.1370,94.4320,93.6450,93.9030,132790
2015-07-03,93.9070,94.0040,92.0860,92.3450,102766
2015-07-06,91.2070,92.4130,90.9470,91.9000,123417
2015-07-07,91.9000,92.0140,90.4310,91.2940,138480
2015-07-08,91.2910,91.4000,89.4520,89.6610,156055
2015-07-09,89.6600,91.0070,89.1540,90.3300,136707
2015-07-10,90.3380,91.7800,90.3140,91.3250,126082
2015-07-13,90.6690,91.8750,90.6690,91.4170,121023
2015-07-14,91.4160,91.9930,91.3190,91.9220,112653
2015-07-15,91.9230,92.4230,91.0990,91.3060,137718
2015-07-16,91.3060,92.2040,91.0140,91.8990,118389
2015-07-17,91.8990,92.0900,91.3620,91.5300,92869
2015-07-20,91.5070,91.8100,90.9870,91.5860,107381
2015-07-21,91.5850,92.2510,91.3400,91.8930,157815
2015-07-22,91.8930,92.0020,91.1900,91.3950,223552
2015-07-23,91.4020,91.8040,91.0460,91.0990,146096
2015-07-24,91.1000,91.1920,89.9230,90.1820,133787
2015-07-27,89.9700,90.2110,89.5250,89.5750,145819
2015-07-28,89.5770,90.7070,89.3370,90.6190,155218
2015-07-29,90.5790,90.8240,90.2800,90.4040,155782
2015-07-30,90.3530,90.8860,90.3040,90.5160,139438
2015-07-31,90.4940,91.0140,89.9220,90.4020,151994
2015-08-03,90.5870,90.6500,89.9580,90.3550,135396
2015-08-04,90.3450,92.0290,90.0390,91.7090,175099
2015-08-05,91.7820,91.9010,91.2450,91.7770,164357
2015-08-06,91.8260,92.2240,91.3350,91.5850,151887
2015-08-07,91.5940,92.2050,91.5460,92.1280,148573
2015-08-10,92.0290,92.4340,91.7340,92.3310,109364
2015-08-11,92.3560,92.6820,90.9540,91.3120,165146
2015-08-12,91.3430,91.7280,90.3330,91.5870,178693
2015-08-13,91.6200,92.0510,91.1420,91.4990,141338
2015-08-14,91.5490,91.9110,91.4840,91.6650,124644
2015-08-17,91.5980,91.8610,91.4680,91.6430,115806
2015-08-18,91.6660,91.8870,91.0800,91.2800,140527
2015-08-19,91.3090,91.4750,90.7360,90.9030,173771
2015-08-20,90.9420,91.3030,90.2380,90.5080,171241
2015-08-21,90.5090,90.6030,89.1810,89.2370,202172
2015-08-24,88.9490,89.1580,81.9940,84.6770,266751
2015-08-25,84.7160,87.1510,84.4680,84.6850,260510
2015-08-26,84.6890,85.6300,84.1360,85.3150,252995
2015-08-27,85.3200,86.9440,85.0440,86.6750,217677
2015-08-28,86.6890,87.3100,86.0370,87.2480,183170
2015-08-31,86.9720,87.0780,85.7850,86.2080,153072
2015-09-01,86.1840,86.4570,83.6640,83.7660,209247
2015-09-02,83.7060,84.7620,83.6050,84.6820,192790
2015-09-03,84.6760,85.1380,83.8220,84.2150,174689
2015-09-04,84.2030,84.3710,82.1080,82.1930,191277
2015-09-07,82.3280,83.0760,82.2070,82.5470,157799
2015-09-08,82.5290,84.4090,82.5070,84.0490,165618
2015-09-09,84.0150,85.4800,84.0150,84.5350,184258
2015-09-10,84.4790,85.8980,83.3250,85.2840,214223
2015-09-11,85.1450,85.5950,84.7780,85.4720,152816
2015-09-14,85.2870,86.0900,84.9240,85.7510,143172
2015-09-15,85.7430,86.3150,84.9390,85.9800,154350
2015-09-16,85.9800,86.8370,85.6850,86.7400,143547
2015-09-17,86.7330,87.5040,85.8390,86.0620,152924
2015-09-18,86.0260,86.8560,85.7850,86.1800,173615
2015-09-21,86.2540,86.3690,85.7060,85.9470,135622
2015-09-22,85.9250,86.1070,84.6220,85.1560,138144
2015-09-23,85.1620,85.1980,83.9920,84.2140,153368
2015-09-24,84.1810,84.5360,82.9850,84.3010,190305
2015-09-25,84.3490,84.9940,83.8450,84.6990,180785
2015-09-28,84.6590,84.7240,83.6620,83.7990,165821
2015-09-29,83.8040,84.2960,82.8100,83.6150,194290
2015-09-30,83.6260,84.6600,83.5590,84.0960,169259
2015-10-01,84.1060,85.0440,83.9010,84.2880,176161
2015-10-02,84.2680,84.6670,83.2550,84.5300,172644
2015-10-05,84.6570,85.5170,84.4970,85.3050,163194
2015-10-06,85.2940,86.2470,85.1000,86.1200,159250
2015-10-07,86.1250,86.8800,85.9340,86.4960,166303
2015-10-08,86.4610,87.1840,85.7970,87.0390,152438
2015-10-09,87.0380,88.3230,86.8810,88.1280,147638
2015-10-12,87.9070,88.6020,87.7600,88.3410,109215
2015-10-13,88.3340,88.3910,86.7470,86.7470,135912
2015-10-14,86.7360,87.0800,86.0760,86.7280,164507
2015-10-15,86.7140,87.4980,86.2810,87.1250,175926
2015-10-16,87.1130,87.3150,86.3320,86.8130,143333
2015-10-19,86.6130,87.1960,86.2620,86.6040,133603
2015-10-20,86.5680,87.3480,86.5300,86.9870,120060
2015-10-21,86.9720,87.2900,86.3550,86.4330,134734
2015-10-22,86.3820,87.1490,85.9820,86.9840,142681
2015-10-23,86.8900,88.0960,86.8900,87.6150,160530
2015-10-26,87.5770,87.9850,87.4900,87.6280,135307
2015-10-27,87.6280,87.7400,86.4680,86.6720,132315
2015-10-28,86.6710,86.7330,85.6090,85.9840,143309
2015-10-29,85.9900,86.0490,85.5060,85.6890,137624
2015-10-30,85.6970,86.2760,85.4190,86.0230,151883
2015-11-02,85.6600,86.3420,85.6600,86.2760,127796
2015-11-03,86.2930,87.1730,85.9370,86.9650,131082
2015-11-04,86.9680,87.5720,86.7380,86.8710,147867
2015-11-05,86.8630,87.3000,86.6000,86.9370,151315
2015-11-06,86.9280,87.3700,86.5000,86.7510,143580
2015-11-09,86.6320,87.2610,86.6160,86.7890,149627
2015-11-10,86.7400,87.0850,86.4560,86.5970,146179
2015-11-11,86.5080,86.9800,86.5080,86.7430,127418
2015-11-12,86.7010,87.9420,86.6890,87.3340,163983
2015-11-13,87.3270,87.6800,87.1780,87.3380,143801
2015-11-16,87.0280,87.6060,86.8130,87.3980,140254
2015-11-17,87.4000,88.0110,87.2400,87.7760,145038
2015-11-18,87.7500,87.8980,87.3770,87.8850,129405
2015-11-19,87.8700,88.5080,87.7640,88.3780,144847
2015-11-20,88.3410,89.0040,88.2790,88.8350,132788
2015-11-23,88.8290,88.8810,88.2230,88.3320,141191
2015-11-24,88.2910,88.9150,88.0260,88.8820,154844
2015-11-25,88.9330,89.1070,88.7920,88.9620,160029
2015-11-26,88.9310,89.0760,88.3690,88.5570,139469
2015-11-27,88.5650,88.7210,88.0990,88.2160,122209
2015-11-30,88.3190,89.4090,88.0370,88.9500,127283
2015-12-01,88.9110,90.0980,88.8720,89.9570,153190
2015-12-02,89.9310,90.4760,89.8000,90.0780,143648
2015-12-03,90.0470,90.5740,89.6930,89.9750,184138
2015-12-04,90.0020,90.7150,89.5980,90.2960,168468
2015-12-07,90.3400,90.4710,89.4630,89.6480,130410
2015-12-08,89.6000,89.6560,88.2560,88.6920,144533
2015-12-09,88.6340,88.9810,87.2940,87.7920,170505
2015-12-10,87.7660,89.1240,87.7590,88.5150,160646
2015-12-11,88.4430,88.6210,86.7870,86.8820,159237
2015-12-14,87.2610,87.7090,86.4980,87.6070,174836
2015-12-15,87.6270,88.1230,87.1360,87.4810,151369
2015-12-16,87.4370,88.5120,87.4280,88.3640,171321
2015-12-17,88.2640,88.5560,87.1020,87.3430,155143
2015-12-18,87.3010,87.9910,86.2040,86.8670,177949
2015-12-21,86.9050,87.1950,86.6330,87.0860,121991
2015-12-22,87.0790,87.7160,87.0260,87.5630,112670
2015-12-23,87.5040,87.6510,87.1410,87.4780,94753
2015-12-24,87.4160,87.6490,87.3620,87.4340,64471
2015-12-28,87.4000,87.6030,87.2200,87.2520,83522
2015-12-29,87.2460,87.9120,87.2130,87.8410,84422
2015-12-30,87.8240,87.9670,87.5960,87.7820,85589
2015-12-31,87.7670,88.2040,87.4260,87.6310,67583
2016-01-04,87.5290,87.8220,85.3270,85.8690,169485
2016-01-05,85.8300,86.3370,84.8780,85.2370,164066
2016-01-06,85.2240,85.3970,83.5420,83.7590,194180
2016-01-07,83.7510,84.1160,81.9820,82.4620,208533
2016-01-08,82.4590,83.8910,81.4570,81.4670,201666
2016-01-11,81.6300,83.0140,80.9480,82.3430,204880
2016-01-12,82.3340,82.7650,81.3720,82.1470,196584
2016-01-13,82.1220,83.3890,81.7620,81.8200,185482
2016-01-14,81.8270,82.6720,81.1540,82.4330,207846
2016-01-15,82.4410,82.7930,79.5540,80.2370,205782
2016-01-18,79.7460,81.2680,79.7200,80.5170,181002
2016-01-19,80.4960,82.1480,80.1790,81.2160,216287
2016-01-20,81.2490,81.4410,79.2070,80.7420,245401
2016-01-21,80.7100,82.6290,80.0800,82.3520,260360
2016-01-22,82.3540,83.5140,82.1180,83.1460,209287
2016-01-25,83.0860,83.4850,82.2010,82.2530,198937
2016-01-26,82.2570,83.2590,81.4700,82.9250,202840
2016-01-27,82.9250,84.2060,82.6920,83.3630,240252
2016-01-28,83.3380,84.7990,82.9980,84.1350,220325
2016-01-29,84.1380,86.3550,83.9900,85.7790,252931
2016-02-01,85.8900,86.2130,85.2740,86.0370,205128
2016-02-02,86.0350,86.1530,84.3690,84.4070,209423
2016-02-03,84.3980,84.7630,83.1860,84.4770,259165
2016-02-04,84.4770,85.0470,83.9030,84.0560,255663
2016-02-05,84.0560,84.2940,82.5060,82.5110,209035
2016-02-08,82.5520,83.4750,81.5880,82.0710,222272
2016-02-09,82.0610,82.0760,79.9970,81.3830,257732
2016-02-10,81.3390,81.9300,80.3510,80.3560,258767
2016-02-11,80.4030,80.8640,77.5680,79.8920,262504
2016-02-12,79.8960,80.6400,79.2720,80.3690,239162
2016-02-15,80.5110,81.9750,80.4730,81.7320,185400
2016-02-16,81.7330,82.4180,80.4540,81.0750,202128
2016-02-17,81.1060,82.0700,80.3440,81.9350,202694
2016-02-18,81.9520,82.0160,80.8290,81.0150,190163
2016-02-19,81.0240,81.1050,79.8160,80.4500,184401
2016-02-22,80.5610,82.0150,80.2510,81.5920,171863
2016-02-23,81.5050,81.7740,80.6690,80.7220,198807
2016-02-24,80.7090,80.8110,79.5960,80.7000,210235
2016-02-25,80.7110,81.7720,80.1880,81.7400,211385
2016-02-26,81.7460,82.0100,81.0010,81.1300,191824
2016-02-29,81.1490,81.2180,80.3180,80.4380,211009
2016-03-01,80.4440,81.9610,79.8000,81.7650,202355
2016-03-02,81.7610,82.9070,81.5170,82.7820,227120
2016-03-03,82.7550,83.7880,82.6040,83.5570,201161
2016-03-04,83.5550,84.9240,83.2390,84.5800,192083
2016-03-07,84.3610,85.0080,83.8900,84.7060,167584
2016-03-08,84.7000,84.7400,83.5880,83.7580,188620
2016-03-09,83.7500,85.2210,83.3380,84.7950,189642
2016-03-10,84.8000,85.6100,83.6960,84.3750,214383
2016-03-11,84.3340,86.1990,84.0610,86.0420,173971
2016-03-14,85.9800,86.3980,85.2190,85.4200,156646
2016-03-15,85.4410,85.6600,83.8920,84.4300,186588
2016-03-16,84.4380,85.4000,84.2520,85.1850,176712
2016-03-17,85.1820,85.8610,84.2870,85.0850,217992
2016-03-18,85.0970,85.3570,84.6590,84.7400,166035
2016-03-21,84.6900,85.0750,84.2090,84.8700,153026
2016-03-22,84.8700,85.6440,84.1200,85.5700,175118
2016-03-23,85.5680,85.8600,84.5090,84.6710,179519
2016-03-24,84.6700,85.0000,84.3170,84.8930,156050
2016-03-25,84.8970,85.2130,84.7460,84.8440,56715
2016-03-28,84.9970,85.6250,84.8540,85.5700,89701
2016-03-29,85.5460,86.1480,85.2780,85.9350,171178
2016-03-30,85.8900,86.6610,85.6110,86.2350,186378
2016-03-31,86.2150,86.6930,85.7600,86.1910,171544
2016-04-01,86.1790,86.4600,85.2460,85.7100,177026
2016-04-04,85.5990,85.7900,84.4990,84.6350,161335
2016-04-05,84.6330,84.6720,82.7900,83.2070,200175
2016-04-06,83.1860,83.6600,83.0270,83.4060,176220
2016-04-07,83.3660,83.7260,80.6650,81.1710,209521
2016-04-08,81.1750,82.4580,81.1080,81.4150,184477
2016-04-11,81.4300,82.4430,81.0710,81.9810,177202
2016-04-12,81.9330,83.4640,81.8530,83.3620,181061
2016-04-13,83.3490,84.0000,83.2230,83.6530,176969
2016-04-14,83.6470,84.4710,83.4020,84.1540,165870
2016-04-15,84.1520,84.7650,83.6080,83.9660,149398
2016-04-18,82.7550,84.4820,82.4550,84.2950,176497
2016-04-19,84.2950,85.4530,84.2470,85.2940,159158
2016-04-20,85.2930,85.8120,84.5950,85.5900,172142
2016-04-21,85.5900,85.9110,84.6360,84.6850,167529
2016-04-22,84.6590,86.3730,84.6250,86.0220,174345
2016-04-25,86.0630,86.2180,85.4880,85.7680,145088
2016-04-26,85.7620,86.2970,85.2330,86.2120,150527
2016-04-27,86.1980,86.2880,84.2180,84.5030,174123
2016-04-28,84.7720,84.8750,82.0880,82.3850,192914
2016-04-29,82.3830,82.5120,80.8070,80.8280,169817
2016-05-02,80.6600,81.6180,80.6430,81.5340,160064
2016-05-03,81.5110,81.9410,79.5270,79.7530,180911
2016-05-04,79.7370,80.4560,79.4800,79.7330,178880
2016-05-05,79.7240,80.4310,79.7150,80.0450,135027
2016-05-06,80.0350,80.2840,78.1710,78.8600,169701
2016-05-09,78.7780,79.5160,78.7370,79.2300,149093
2016-05-10,79.2180,80.5150,79.1080,80.4360,153123
2016-05-11,80.4180,80.6400,79.7040,79.9200,145556
2016-05-12,79.9270,80.3670,79.4420,79.8130,157986
2016-05-13,79.7850,79.8590,78.7990,78.8290,159126
2016-05-16,78.7140,79.5140,78.6270,79.4580,124023
2016-05-17,79.4360,80.5530,79.2850,79.9210,148341
2016-05-18,79.9200,80.0320,79.3000,79.6490,169613
2016-05-19,79.6290,79.7380,79.0120,79.4640,155272
2016-05-20,79.4270,79.9470,79.3740,79.5110,126619
2016-05-23,79.4720,79.7400,78.7700,78.8810,135359
2016-05-24,78.8770,79.0950,78.3020,78.9920,137500
2016-05-25,78.9360,79.4980,78.9360,79.3150,136576
2016-05-26,79.2900,79.4930,78.4410,79.2970,143212
2016-05-27,79.2870,79.4850,78.8860,79.1880,128886
2016-05-30,79.2300,79.8990,79.1690,79.7970,102805
2016-05-31,79.7710,80.6810,79.7020,80.0580,153155
2016-06-01,80.0590,80.7790,79.0110,79.4730,173851
2016-06-02,79.4650,79.5010,78.3040,78.6890,163609
2016-06-03,78.6360,78.9980,78.0940,78.4580,176557
2016-06-06,78.4960,79.3450,78.0270,79.2080,169055
2016-06-07,79.1930,80.3010,79.0090,80.0230,154603
2016-06-08,80.0230,80.0760,79.3630,79.9250,156322
2016-06-09,79.8780,80.2650,78.9700,79.5350,164778
2016-06-10,79.5060,79.6080,78.5440,78.8390,157613
2016-06-13,78.7790,78.8610,78.0780,78.4410,187009
2016-06-14,78.4410,78.5560,77.5030,78.0500,191458
2016-06-15,78.0410,78.7300,77.7370,78.4890,183545
2016-06-16,78.5080,78.6420,75.5800,76.7290,229640
2016-06-17,76.7300,77.5270,76.7180,76.7680,178367
2016-06-20,76.9230,78.1470,76.9230,77.4320,161715
2016-06-21,77.4520,78.5540,77.2970,78.0210,163323
2016-06-22,78.0000,78.7470,77.7660,78.2740,145431
2016-06-23,78.2740,80.8140,78.1820,80.6960,174550
2016-06-24,80.7930,81.5680,72.3830,76.3040,267026
2016-06-27,75.2230,76.1510,74.5160,74.7210,226114
2016-06-28,74.6960,75.9070,74.6960,75.8810,178442
2016-06-29,75.8550,76.6600,75.4330,76.5890,165105
2016-06-30,76.5840,77.0320,75.5500,76.8680,195726
2016-07-01,76.8540,76.9490,76.4110,76.8430,155492
2016-07-04,76.3450,77.3940,76.3450,77.2940,120031
2016-07-05,77.2530,77.2900,75.6550,75.9110,166076
2016-07-06,75.9000,76.2680,74.5380,76.1650,203093
2016-07-07,76.1420,76.2620,75.1740,75.3320,181177
2016-07-08,75.3460,76.1220,75.0350,75.8440,163869
2016-07-11,76.0790,77.5910,75.9260,77.4110,170972
2016-07-12,77.4040,80.3390,77.2070,79.7620,194236
2016-07-13,79.7410,79.9880,78.8460,79.4810,199248
2016-07-14,79.4440,80.9760,78.9520,80.3670,205059
2016-07-15,80.3300,81.4990,79.1200,79.1890,193353
2016-07-18,79.9700,80.7700,79.7520,80.5650,144893
2016-07-19,80.5530,80.5870,79.3310,79.6140,168426
2016-07-20,79.6090,80.0590,79.2570,79.8880,151781
2016-07-21,79.8400,80.4450,79.0400,79.2760,196627
2016-07-22,79.2340,79.6210,78.9010,79.1150,153645
2016-07-25,79.1470,79.7070,78.9480,79.0250,130898
2016-07-26,78.9950,79.1240,78.1450,78.4820,168471
2016-07-27,78.4710,79.5620,78.4410,78.9390,198284
2016-07-28,78.9230,79.1410,78.6010,78.9770,159876
2016-07-29,78.9050,79.4730,77.4860,77.5400,211060
2016-08-01,77.6040,78.1790,77.0540,77.1510,145391
2016-08-02,77.1500,77.4630,76.4920,76.7370,172317
2016-08-03,76.7160,77.0730,76.4970,76.7920,156967
2016-08-04,76.7890,77.3420,76.7500,77.1590,152373
2016-08-05,77.1730,77.6620,77.1040,77.5250,134087
2016-08-08,77.6070,78.6660,77.4820,78.3670,113535
2016-08-09,78.3560,78.4740,78.0050,78.1530,110386
2016-08-10,78.0820,78.3610,77.8380,77.9590,134892
2016-08-11,77.9450,78.6160,77.8550,78.4570,112687
2016-08-12,78.4500,78.5370,77.3250,77.4660,124927
2016-08-15,77.3270,77.7960,77.3270,77.6760,111936
2016-08-16,77.6760,77.7670,76.9760,77.1600,162286
2016-08-17,77.1450,77.5520,76.2830,76.7280,155932
2016-08-18,76.7190,77.2690,76.3210,76.7480,159914
2016-08-19,76.7520,76.9570,76.0560,76.4220,139548
2016-08-22,76.5830,76.7640,76.3350,76.4960,150889
2016-08-23,76.3610,76.6750,76.2740,76.3180,145476
2016-08-24,76.2990,76.6150,76.0950,76.4600,144543
2016-08-25,76.4540,76.7130,76.4100,76.5450,117069
2016-08-26,76.5450,77.1860,76.5150,76.8750,163436
2016-08-29,77.1400,77.3900,76.6860,77.1280,132265
2016-08-30,77.1020,77.4540,77.0730,77.3010,135065
2016-08-31,77.2870,77.7910,77.2870,77.7340,142308
2016-09-01,77.7020,78.1910,77.4770,77.9360,151178
2016-09-02,77.9360,78.7630,77.8560,78.4160,160487
2016-09-05,78.7490,78.8860,78.2710,78.3850,128181
2016-09-06,78.3800,79.1190,78.2980,78.4080,156412
2016-09-07,78.4050,78.4350,77.5730,78.0290,162065
2016-09-08,78.0450,78.5900,77.9070,78.3130,163085
2016-09-09,78.2220,78.3280,77.2690,77.2690,167008
2016-09-12,77.2890,77.4460,76.4070,77.0320,171586
2016-09-13,77.0170,77.1220,76.1060,76.5110,186567
2016-09-14,76.5150,77.4110,76.3790,76.4850,170931
2016-09-15,76.4310,76.8800,75.9580,76.6980,166819
2016-09-16,76.6990,76.8250,76.3040,76.5880,142916
2016-09-19,76.4210,77.0170,76.3750,76.7710,123768
2016-09-20,76.7570,76.9870,76.6560,76.8350,141895
2016-09-21,76.8140,77.5190,76.1250,76.4540,206478
2016-09-22,76.4510,77.2800,76.2650,76.9660,144074
2016-09-23,76.9890,77.3300,76.7450,76.7450,148092
2016-09-26,76.8510,76.9630,76.4410,76.5860,136454
2016-09-27,76.5470,77.4900,76.1720,76.9480,173475
2016-09-28,76.9670,77.5010,76.8380,77.4260,168467
2016-09-29,77.4060,78.1620,76.8950,77.0980,191719
2016-09-30,77.1170,77.7460,76.4870,77.5670,177549
2016-10-03,77.4740,78.0000,77.3520,77.9590,132185
2016-10-04,77.9470,78.7020,77.8960,78.3990,181168
2016-10-05,78.3580,79.0090,78.1500,78.8480,160565
2016-10-06,78.8610,78.9840,78.4550,78.8200,151076
2016-10-07,78.8080,78.8750,77.9760,78.0050,202888
2016-10-10,78.2800,78.9670,78.0760,78.8000,116225
2016-10-11,78.7730,78.9080,77.7360,78.0300,175448
2016-10-12,77.9480,79.0200,77.9440,78.7720,163106
2016-10-13,78.7760,78.9500,77.8880,78.4510,156427
2016-10-14,78.4490,79.7180,78.3690,79.2610,169412
2016-10-17,79.4360,79.4760,78.8020,79.2200,145620
2016-10-18,79.1940,80.0040,79.1300,79.6080,144961
2016-10-19,79.5920,79.8990,79.1370,79.8840,132481
2016-10-20,79.8410,79.9960,79.2150,79.2300,147657
2016-10-21,79.2320,79.5020,78.7120,78.9270,130959
2016-10-24,78.9590,79.3830,78.8690,79.2540,124044
2016-10-25,79.2570,80.0030,79.1600,79.6770,157974
2016-10-26,79.6250,80.3020,79.3760,79.8910,159151
2016-10-27,79.8710,80.0280,79.5470,79.8460,159765
2016-10-28,79.8780,80.0080,79.2650,79.4620,184303
2016-10-31,79.4410,79.9750,79.3650,79.6740,141592
2016-11-01,79.6750,80.6250,79.4510,79.6520,177318
2016-11-02,79.6410,79.6680,78.9750,79.1170,191859
2016-11-03,79.1180,79.3080,78.4650,79.0760,172505
2016-11-04,79.0760,79.3830,78.8460,79.0340,170562
2016-11-07,79.7780,80.7770,79.5190,80.7110,154127
2016-11-08,80.6490,81.7840,80.2520,81.6090,154656
2016-11-09,81.5630,81.9230,76.7750,80.6680,361886
2016-11-10,80.6450,82.4480,80.3820,81.2590,280428
2016-11-11,81.2060,81.4140,80.2440,80.3540,258027
2016-11-14,80.5820,81.9590,80.3330,81.8520,248141
2016-11-15,81.8520,82.5850,81.5320,82.4870,224805
2016-11-16,82.4590,82.5980,81.4660,81.5520,215518
2016-11-17,81.5260,81.8300,81.1040,81.5100,216400
2016-11-18,81.5060,81.8990,81.0980,81.2380,224498
2016-11-21,81.2940,81.8010,81.1290,81.5790,216597
2016-11-22,81.5450,82.2720,81.4070,82.1750,197700
2016-11-23,82.2020,83.4660,82.1480,83.0020,187465
2016-11-24,83.0140,84.0080,82.9140,83.8790,162944
2016-11-25,83.8710,84.6080,83.7350,84.0590,216220
2016-11-28,83.8030,84.2570,83.1550,83.7370,210286
2016-11-29,83.7250,84.3680,83.5970,84.0940,199055
2016-11-30,84.0500,84.5120,83.9580,84.4780,238525
2016-12-01,84.4080,84.8390,84.1440,84.5440,226988
2016-12-02,84.5450,84.8030,84.3170,84.5660,192725
2016-12-05,84.1640,85.5320,83.7640,85.0510,231022
2016-12-06,85.0000,85.1650,84.5570,85.0330,165825
2016-12-07,84.9930,85.3080,84.6490,85.0990,156154
2016-12-08,85.0540,85.2650,84.7820,85.0720,190224
2016-12-09,85.0520,86.0810,84.9250,85.6750,174030
2016-12-12,85.8050,86.6040,85.7200,86.1800,186810
2016-12-13,86.1830,86.5820,86.0240,86.3420,181018
2016-12-14,86.3020,86.8620,86.1580,86.6470,200180
2016-12-15,86.5870,87.5220,86.5860,86.9280,273753
2016-12-16,86.8830,87.1340,85.7510,85.8830,223228
2016-12-19,85.8740,85.9910,84.6370,84.7840,205820
2016-12-20,84.7840,85.7090,84.7550,85.5280,191597
2016-12-21,85.5130,85.7370,84.9920,85.0290,167859
2016-12-22,84.8890,85.2890,84.6160,84.7690,164210
2016-12-23,84.7630,84.9070,83.9180,83.9570,116913
2016-12-26,84.1470,84.8840,82.5230,84.1300,24062
2016-12-27,84.0970,84.5940,83.9980,84.3540,109941
2016-12-28,84.2780,84.8540,84.0540,84.0950,140695
2016-12-29,83.9130,84.2020,83.7340,84.1150,167991
2016-12-30,84.0530,84.5830,83.9650,83.9650,214182
2017-01-02,84.1770,84.5150,83.8600,84.2780,85267
2017-01-03,84.2300,85.4760,84.2300,84.9400,191601
2017-01-04,84.9220,85.7000,84.8980,85.3290,212465
2017-01-05,85.2910,85.4440,84.5440,84.5670,269519
2017-01-06,84.5770,85.4820,84.5340,85.1220,223661
2017-01-09,85.2410,85.9090,85.2410,85.2620,197536
2017-01-10,85.1590,85.4080,85.0150,85.2090,227608
2017-01-11,85.2360,86.0910,85.2120,85.8630,264122
2017-01-12,85.7850,85.9750,85.3490,85.7830,273030
2017-01-13,85.7450,86.2700,85.6260,85.6260,236257
2017-01-16,85.3610,85.7810,84.9990,85.3270,188212
2017-01-17,85.3060,85.5890,84.9890,85.1710,272072
2017-01-18,85.0830,86.1410,85.0330,86.0000,238045
2017-01-19,85.9600,87.0610,85.9290,86.8200,262668
2017-01-20,86.7670,87.0350,86.2020,86.3520,261648
2017-01-23,86.3120,87.6620,85.3210,85.4320,254206
2017-01-24,85.4170,86.3140,84.6180,86.2600,232701
2017-01-25,86.1980,86.4980,85.3740,85.7050,244982
2017-01-26,85.7330,86.4450,85.5320,86.2650,225672
2017-01-27,86.2560,87.0800,86.1480,86.7700,212882
2017-01-30,86.6900,86.8540,85.7210,85.8960,206251
2017-01-31,85.8510,86.0730,85.1840,85.5020,240169
2017-02-01,85.5410,86.0990,85.3400,85.8200,216577
2017-02-02,85.8310,86.5080,85.8050,86.3500,227841
2017-02-03,86.3170,86.7140,86.0110,86.2430,211837
2017-02-06,86.3020,86.4810,85.4550,85.5480,201285
2017-02-07,85.5410,85.8880,85.2300,85.6920,205455
2017-02-08,85.6470,85.8120,85.3550,85.5420,206860
2017-02-09,85.5300,86.4380,85.3510,86.3140,186012
2017-02-10,86.3150,87.1740,86.2810,86.7990,191938
2017-02-13,87.1650,87.4850,86.8180,86.8740,173146
2017-02-14,86.8400,87.5650,86.8230,87.5070,194401
2017-02-15,87.4920,88.1430,87.4460,87.9920,185430
2017-02-16,87.9330,88.1700,86.9980,87.0830,203319
2017-02-17,87.0740,87.4490,86.2310,86.2500,181834
2017-02-20,86.5710,86.9980,86.4680,86.8920,128752
2017-02-21,86.8950,87.3100,86.8350,87.2280,167353
2017-02-22,87.2000,87.3820,86.6770,87.2770,187645
2017-02-23,87.2340,87.3090,86.7600,86.8540,180506
2017-02-24,86.8190,87.0710,85.8370,85.8370,175449
2017-02-27,86.0820,86.6310,85.8370,86.4400,177340
2017-02-28,86.4190,86.6000,85.8410,86.3190,187949
2017-03-01,86.2970,87.3100,86.2480,87.2810,229816
2017-03-02,87.2400,87.4730,86.5380,86.6150,184994
2017-03-03,86.5970,86.7030,86.1860,86.3830,190689
2017-03-06,86.3630,86.5930,86.1520,86.3060,156342
2017-03-07,86.2590,86.9050,86.2210,86.4610,156365
2017-03-08,86.4160,86.5400,86.0240,86.0380,181271
2017-03-09,86.0250,86.4050,85.8410,86.2560,203912
2017-03-10,86.2130,87.0610,86.1660,86.4790,200337
2017-03-13,86.5980,87.0230,86.4870,86.9350,166364
2017-03-14,86.9380,86.9980,86.5990,86.7250,163256
2017-03-15,86.7230,87.4750,86.6720,87.4120,182169
2017-03-16,87.4120,87.4790,86.6850,87.0140,204103
2017-03-17,87.0080,87.2040,86.5970,86.8190,154865
2017-03-20,86.7270,87.2310,86.6770,86.9480,140109
2017-03-21,86.9480,87.0960,85.7950,85.8930,198382
2017-03-22,85.8950,85.9260,84.8090,85.3810,219695
2017-03-23,85.3780,85.4930,84.4070,84.6200,208905
2017-03-24,84.6220,85.0740,84.3420,84.8280,191234
2017-03-27,84.6300,84.7680,83.8900,84.2700,183039
2017-03-28,84.2590,84.9120,83.8140,84.8330,167575
2017-03-29,84.7880,85.2660,84.6610,85.1350,166679
2017-03-30,85.1070,85.6020,84.8810,85.4710,168643
2017-03-31,85.4480,85.7540,84.9160,84.9360,179402
2017-04-03,84.8920,85.0740,84.2250,84.3050,148998
2017-04-04,84.2920,84.3870,83.2180,83.7510,168164
2017-04-05,83.7440,84.4000,83.5710,83.7660,174158
2017-04-06,83.7470,83.9050,83.1370,83.5620,177688
2017-04-07,83.5540,83.6990,82.7850,83.0850,208152
2017-04-10,83.1680,83.7050,83.0410,83.1930,146901
2017-04-11,83.1680,83.2460,81.9510,82.1510,169298
2017-04-12,82.1540,82.3600,81.8400,81.9950,183240
2017-04-13,81.9420,82.8900,81.9000,82.5460,178336
2017-04-14,82.4610,82.6830,82.1340,82.1840,88343
2017-04-17,82.3530,82.7460,81.9880,82.6300,117917
2017-04-18,82.5720,82.9420,81.8300,81.9350,171448
2017-04-19,81.9200,82.1510,81.4770,81.5870,155674
2017-04-20,81.5710,82.5070,81.4100,82.2630,155800
2017-04-21,82.2610,82.4300,81.9690,82.0730,139683
2017-04-24,83.7850,83.7850,82.8890,83.0450,167488
2017-04-25,83.0500,83.7990,82.8300,83.6840,152973
2017-04-26,83.6730,84.0070,82.8370,82.9870,188450
2017-04-27,82.9740,83.4000,82.7220,83.0310,166912
2017-04-28,83.0270,83.5010,82.7600,83.4950,147911
2017-05-01,83.1280,84.2540,83.1060,84.1390,106539
2017-05-02,84.0930,84.5290,84.0700,84.3860,129592
2017-05-03,84.3690,84.5050,83.5860,83.6790,133906
2017-05-04,83.6360,83.8220,83.1160,83.3040,153244
2017-05-05,83.2700,83.6760,82.6630,83.5250,149772
2017-05-08,83.6930,83.7170,83.1680,83.6470,147024
2017-05-09,83.6440,84.0240,83.1910,83.6910,151376
2017-05-10,83.6940,84.3300,83.4350,84.1480,150911
2017-05-11,84.1480,84.2350,83.5160,84.0060,146589
2017-05-12,84.0130,84.1830,83.6150,83.6150,135377
2017-05-15,83.6170,84.4980,83.6170,84.3350,126517
2017-05-16,84.3190,84.5080,83.9240,83.9890,139159
2017-05-17,83.9840,84.0050,82.3170,82.3320,196386
2017-05-18,82.3320,83.0700,81.7610,82.6800,244812
2017-05-19,82.6800,83.4130,82.3260,82.8790,168762
2017-05-22,82.6790,83.2520,82.4970,83.1900,136669
2017-05-23,83.1860,83.6600,82.8070,83.5570,160657
2017-05-24,83.5560,83.7180,83.2310,83.6310,152330
2017-05-25,83.6310,83.8710,83.2910,83.3370,137645
2017-05-26,83.3370,83.3850,82.5060,82.8270,143016
2017-05-29,82.7140,82.9580,82.6220,82.7540,81402
2017-05-30,82.7540,82.9140,82.2230,82.7310,131505
2017-05-31,82.7310,82.9400,82.1010,82.3000,148032
2017-06-01,82.2980,82.7170,81.8940,82.1060,142875
2017-06-02,82.1090,82.5360,81.8780,81.9000,138122
2017-06-05,81.7460,82.7630,81.6450,82.6850,96730
2017-06-06,82.6620,82.7170,81.7690,82.1160,144016
2017-06-07,82.0830,82.9360,82.0480,82.9050,131270
2017-06-08,82.9050,83.2000,82.5630,83.0180,128441
2017-06-09,82.6520,83.3870,82.6310,82.9650,135527
2017-06-12,83.0510,83.1530,82.5810,82.9030,107669
2017-06-13,82.8680,83.2230,82.7390,82.9420,103456
2017-06-14,82.9070,83.6540,82.8420,83.1440,153025
2017-06-15,83.1120,84.1000,82.9240,84.0760,154755
2017-06-16,84.0760,84.8000,83.9960,84.1810,131957
2017-06-19,84.2680,84.7580,84.2580,84.7190,107333
2017-06-20,84.7190,85.0770,84.3500,84.4620,116639
2017-06-21,84.4620,84.5510,83.8730,84.1030,120113
2017-06-22,84.1030,84.2450,83.7160,83.9340,112311
2017-06-23,83.9340,84.3270,83.8640,84.1560,96645
2017-06-26,84.0580,84.9000,84.0580,84.8320,102138
2017-06-27,84.7510,85.3210,84.7510,85.1850,129537
2017-06-28,85.1490,85.8470,84.9000,85.7830,144146
2017-06-29,85.7440,86.5280,85.6720,86.1690,149422
2017-06-30,86.1690,86.4920,85.8400,86.3430,137152
2017-07-03,86.0790,86.9320,86.0610,86.8600,114183
2017-07-04,86.7950,86.9730,85.8410,86.0970,115432
2017-07-05,86.0680,86.5410,85.6580,86.1010,127681
2017-07-06,86.1010,86.3140,85.7200,85.8320,126405
2017-07-07,85.7870,86.7620,85.7180,86.5900,122233
2017-07-10,86.6270,86.9150,86.5460,86.7250,94441
2017-07-11,86.7280,87.2520,86.7070,86.9910,115446
2017-07-12,86.9910,87.0280,86.6320,86.8690,130019
2017-07-13,86.8510,87.6460,86.8210,87.5630,131956
2017-07-14,87.5630,88.1220,87.5100,87.9190,120645
2017-07-17,88.0540,88.2720,87.7300,87.7920,116779
2017-07-18,87.7920,89.1330,87.4830,88.6990,163957
2017-07-19,88.6990,89.0090,88.6160,88.9660,124866
2017-07-20,88.9290,89.3310,88.7030,89.0200,163425
2017-07-21,89.0200,89.0200,87.7110,87.9040,133843
2017-07-24,87.8220,88.2590,87.6390,88.0220,125794
2017-07-25,88.0280,88.8470,87.9090,88.8350,130946
2017-07-26,88.8350,89.0650,88.1740,88.9420,153430
2017-07-27,88.9420,89.4120,88.3250,88.6460,185754
2017-07-28,88.5800,88.8200,88.2630,88.3670,165609
2017-07-31,88.2960,88.3610,87.8480,88.2010,144349
2017-08-01,88.1980,88.6920,87.8120,87.9380,165301
2017-08-02,87.9380,88.3000,87.7800,88.2110,151060
2017-08-03,88.1160,88.2180,87.3620,87.3880,155987
2017-08-04,87.3880,87.9490,87.3390,87.7400,141824
2017-08-07,87.6220,88.0070,87.5060,87.6120,107030
2017-08-08,87.5590,87.8320,87.2450,87.2530,111810
2017-08-09,87.2890,87.3060,86.2770,86.7770,143096
2017-08-10,86.7770,87.0880,85.9770,85.9970,138433
2017-08-11,85.9970,86.2340,85.4410,86.1450,147710
2017-08-14,86.0780,86.6190,86.0290,86.1240,127026
2017-08-15,86.1240,86.7780,86.0360,86.5470,136357
2017-08-16,86.5010,87.4540,86.4430,87.3880,132107
2017-08-17,87.3880,87.5460,86.3300,86.3720,165266
2017-08-18,86.3720,87.0310,85.9860,86.4640,171668
2017-08-21,86.5990,86.7400,86.1730,86.5120,119509
2017-08-22,86.4490,86.9170,86.3210,86.6760,103400
2017-08-23,86.6760,86.8590,86.0630,86.1630,121645
2017-08-24,86.1430,86.5720,85.9260,86.5600,126599
2017-08-25,86.5150,86.9640,86.4310,86.6840,137673
2017-08-28,86.5540,87.1050,86.5110,87.0190,102045
2017-08-29,87.0070,87.3810,85.6950,87.1820,182082
2017-08-30,87.1360,87.7980,86.9320,87.1470,133247
2017-08-31,87.1470,87.4800,87.0320,87.3700,148046
2017-09-01,87.3270,87.9300,87.1570,87.8350,135468
2017-09-04,87.0890,87.5610,86.9780,87.1100,103504
2017-09-05,87.1100,87.6040,86.7190,86.9620,154978
2017-09-06,86.9620,87.4980,86.5480,87.4090,145661
2017-09-07,87.4090,87.4940,86.8760,87.3230,150292
2017-09-08,87.2360,87.7180,86.6620,86.8230,168821
2017-09-11,87.0940,87.8810,87.0480,87.8490,127063
2017-09-12,87.7930,88.4800,87.4690,88.3190,108114
2017-09-13,88.3190,88.5550,88.0930,88.2110,85098
2017-09-14,88.2100,88.7450,87.9880,88.2180,126208
2017-09-15,88.2180,89.2670,87.6540,88.6560,117454
2017-09-18,88.8060,89.3390,88.5570,88.7850,81253
2017-09-19,88.7850,89.4920,88.6680,89.3630,99341
2017-09-20,89.3640,90.1550,89.2280,90.1190,103748
2017-09-21,90.0930,90.2990,88.8930,89.1540,111201
2017-09-22,89.1510,89.3760,88.4620,88.9420,96846
2017-09-25,89.2220,89.6780,88.3700,88.6530,99095
2017-09-26,88.6530,88.7730,88.2480,88.5160,104874
2017-09-27,88.5160,88.8900,88.2880,88.5320,138704
2017-09-28,88.5320,88.6730,88.0110,88.2280,124564
2017-09-29,88.2280,88.4500,87.9230,88.0650,96201
2017-10-02,88.1320,88.4810,88.0320,88.2290,86837
2017-10-03,88.2290,88.4760,88.1080,88.4080,92128
2017-10-04,88.4080,88.7020,88.3290,88.6590,87872
2017-10-05,88.6440,88.7370,87.7760,87.9380,78719
2017-10-06,87.9380,87.9850,87.1890,87.1890,112052
2017-10-09,87.4380,87.6230,87.2830,87.3400,55833
2017-10-10,87.3440,87.7710,87.2460,87.4470,87204
2017-10-11,87.4470,87.6480,87.2790,87.6070,82671
2017-10-12,87.6070,87.9940,87.5180,87.7760,83315
2017-10-13,87.7760,88.3120,87.6520,88.2360,92825
2017-10-16,88.1240,88.2840,87.7740,88.0630,75238
2017-10-17,88.0630,88.1670,87.7850,88.0160,86446
2017-10-18,88.0160,88.6300,87.9540,88.6050,84427
2017-10-19,88.6050,88.9920,88.3870,88.6100,110825
2017-10-20,88.6110,88.9870,88.5770,88.6090,100049
2017-10-23,89.0360,89.0770,88.4240,88.5470,89660
2017-10-24,88.5420,88.6940,88.3860,88.5510,101682
2017-10-25,88.5510,88.6590,87.3310,87.6120,121250
2017-10-26,87.6120,87.8070,87.2410,87.2690,108802
2017-10-27,87.2690,87.4600,87.0330,87.2350,121164
2017-10-30,87.2660,87.3270,86.7750,86.9960,84139
2017-10-31,86.9960,87.1570,86.6880,86.9880,94751
2017-11-01,86.9890,87.7260,86.9380,87.6260,113718
2017-11-02,87.6250,88.0950,87.5260,87.9980,119528
2017-11-03,87.9980,88.0190,87.1910,87.2350,85107
2017-11-06,87.1930,87.6600,87.1840,87.4210,96011
2017-11-07,87.4200,87.6940,86.9350,87.1210,100290
2017-11-08,87.1210,87.4670,86.9740,87.4010,89132
2017-11-09,87.4010,87.6700,86.7870,87.1300,115632
2017-11-10,87.1290,87.2540,86.8440,86.8730,91404
2017-11-13,86.8180,87.0890,86.5150,86.5930,76783
2017-11-14,86.5930,86.8400,86.3060,86.5480,90346
2017-11-15,86.5480,86.5850,85.4990,85.6520,118104
2017-11-16,85.6520,86.0220,85.4750,85.7720,87416
2017-11-17,85.7720,85.8470,84.6390,84.7850,97860
2017-11-20,84.8700,85.0780,84.4990,85.0260,93501
2017-11-21,85.0260,85.3130,84.7460,85.1890,84047
2017-11-22,85.1890,85.2560,84.5960,84.6810,90763
2017-11-23,84.6810,84.9360,84.5210,84.7770,70213
2017-11-24,84.7770,85.0420,84.7390,84.9080,73073
2017-11-27,84.9190,85.0540,84.3490,84.4450,90198
2017-11-28,84.4450,84.8190,84.3870,84.6490,95683
2017-11-29,84.6490,84.9150,84.4500,84.6690,108252
2017-11-30,84.6710,85.2080,84.6440,85.1250,119995
2017-12-01,85.1250,85.7140,84.9710,85.3030,159876
2017-12-04,85.6370,85.9600,85.3660,85.3880,103605
2017-12-05,85.3880,86.2000,85.3600,85.6280,91751
2017-12-06,85.6270,85.7980,84.8310,84.8980,107974
2017-12-07,84.8980,85.0440,84.6640,84.9300,85688
2017-12-08,84.9300,85.3730,84.9040,85.1900,81534
2017-12-11,85.2390,85.5230,85.1700,85.4490,79640
2017-12-12,85.4490,85.9890,85.3160,85.7800,69357
2017-12-13,85.7800,86.1200,85.6610,85.9320,82001
2017-12-14,85.9320,86.4910,85.9140,86.1340,100835
2017-12-15,86.1340,86.3280,85.9640,86.0750,92574
2017-12-18,86.1600,86.4320,85.8950,86.2010,113313
2017-12-19,86.2010,86.6330,86.1530,86.4930,109791
2017-12-20,86.4930,86.9750,86.4240,86.9170,115242
2017-12-21,86.9170,87.4150,86.7070,87.2500,99985
2017-12-22,87.2500,87.5230,87.2400,87.3020,103770
2017-12-26,87.4300,87.5180,87.3820,87.4930,38725
2017-12-27,87.4900,88.1470,87.4190,88.0370,105818
2017-12-28,88.0320,88.1120,87.7610,87.9100,98851
2017-12-29,87.9100,88.1570,87.7560,87.9800,104565
2018-01-02,87.8770,88.3990,87.6300,87.8780,82473
2018-01-03,87.8780,88.2300,87.6940,88.1420,111700
2018-01-04,88.1410,88.7060,88.0770,88.6270,113317
2018-01-05,88.6270,89.0870,88.4390,88.8890,120853
2018-01-08,88.9600,89.0700,88.4740,88.6640,94060
2018-01-09,88.6640,88.8450,87.8650,88.1160,140948
2018-01-10,88.1160,88.1650,87.2110,87.3740,177685
2018-01-11,87.3730,88.0890,87.2850,87.7880,160024
2018-01-12,87.7880,87.9360,87.3910,87.9160,170406
2018-01-15,87.7900,88.1660,87.6680,88.0130,162660
2018-01-16,88.0130,88.4150,87.7180,87.8770,164419
2018-01-17,87.8770,88.9980,87.8330,88.6670,191844
2018-01-18,88.6670,88.9830,88.3990,88.8560,179116
2018-01-19,88.8560,89.0170,88.3690,88.5150,167910
2018-01-22,88.4020,88.9920,88.3710,88.9020,125785
2018-01-23,88.9020,89.0660,87.9070,88.2110,159098
2018-01-24,88.2110,88.4240,87.8710,88.0390,185367
2018-01-25,88.0390,88.3330,87.7050,87.7400,237600
2018-01-26,87.7400,88.5010,87.7400,88.0410,212936
2018-01-29,88.0610,88.3340,87.9240,88.1680,178102
2018-01-30,88.1570,88.3050,87.4590,87.8840,185143
2018-01-31,87.8840,88.4940,87.6300,87.9320,211403
2018-02-01,87.9320,88.1240,87.4900,87.9360,192271
2018-02-02,87.9360,88.0010,87.2260,87.2900,225700
2018-02-05,87.1690,87.5090,85.8930,85.9130,255633
2018-02-06,85.9060,86.6700,84.9880,86.6050,383330
2018-02-07,86.6050,86.7300,85.4150,85.4880,220164
2018-02-08,85.4880,85.9830,84.5150,84.5920,280326
2018-02-09,84.5930,85.4350,84.0060,85.0060,303738
2018-02-12,85.0620,85.4370,84.7540,85.3860,160879
2018-02-13,85.3860,85.5930,84.2850,84.7270,176897
2018-02-14,84.7270,84.8930,83.3200,84.7880,249318
2018-02-15,84.7880,84.8210,83.8680,84.2810,217784
2018-02-16,84.2810,84.6620,83.9060,84.0380,189973
2018-02-19,84.0610,84.5050,83.9990,84.3310,113676
2018-02-20,84.3310,84.8100,84.2070,84.5930,163726
2018-02-21,84.5850,84.8610,83.9900,84.1130,190781
2018-02-22,84.1130,84.1130,83.5160,83.7430,165415
2018-02-23,83.7430,83.8540,83.2700,83.8220,138657
2018-02-26,83.9510,84.1260,83.5990,83.9520,148931
2018-02-27,83.9520,84.1620,83.5760,83.5850,161835
2018-02-28,83.5830,83.8060,82.7800,82.7800,172647
2018-03-01,82.7800,83.1730,82.1250,82.3620,244578
2018-03-02,82.3620,82.6040,81.5580,82.0730,216150
2018-03-05,81.8690,82.4860,81.4860,82.4500,177238
2018-03-06,82.4400,83.3210,82.1680,83.0520,191119
2018-03-07,83.0570,83.0700,82.0120,82.9690,211867
2018-03-08,82.9680,83.1700,82.4950,82.6890,151727
2018-03-09,82.6890,83.9010,82.6250,83.8020,169958
2018-03-12,83.7800,84.0990,83.6670,83.8000,113701
2018-03-13,83.8000,84.5230,83.5410,83.6270,173519
2018-03-14,83.6230,84.2570,83.4800,83.7130,172513
2018-03-15,83.7130,83.7650,82.6980,82.9230,168178
2018-03-16,82.9230,82.9350,81.6780,81.7390,125069
2018-03-19,81.7470,82.0060,81.2540,81.7900,129909
2018-03-20,81.7900,82.1940,81.6040,81.8470,114736
2018-03-21,81.8470,82.5730,81.4690,82.3390,157244
2018-03-22,82.3390,82.4310,80.9540,81.0380,199503
2018-03-23,81.0300,81.4610,80.4960,80.6060,234858
2018-03-26,80.6110,81.7250,80.5530,81.6360,143915
2018-03-27,81.6360,81.8940,80.8580,80.8690,147511
2018-03-28,80.8690,81.9650,80.7550,81.8310,220284
2018-03-29,81.8310,81.9190,81.4680,81.6960,152598
2018-03-30,81.6960,81.8480,81.4760,81.6780,223021
2018-04-02,81.6540,81.7980,80.8240,81.1110,102972
2018-04-03,81.1110,81.9880,80.9300,81.9050,128919
2018-04-04,81.9200,82.4590,81.2500,82.3710,105399
2018-04-05,82.3510,82.6470,82.1250,82.4880,81398
2018-04-06,82.4930,82.5790,81.9000,82.1410,119923
2018-04-09,82.0970,82.5800,81.9640,82.1450,72237
2018-04-10,82.1580,83.3740,82.0640,83.1770,97685
2018-04-11,83.1730,83.2830,82.6670,82.7660,79492
2018-04-12,82.7270,83.3090,82.6990,83.1830,76550
2018-04-13,83.1820,84.0760,83.1340,83.3280,69525
2018-04-16,83.4840,83.6500,83.1050,83.3110,56698
2018-04-17,83.3190,83.3830,83.0560,83.0620,57086
2018-04-18,83.0690,83.5700,83.0690,83.4420,56511
2018-04-19,83.4580,83.9420,82.8580,82.9660,75259
2018-04-20,82.9470,83.1530,82.4230,82.5470,70218
2018-04-23,82.6330,82.8190,82.5010,82.6520,82923
2018-04-24,82.6540,83.0910,82.4790,82.7260,100472
2018-04-25,82.7280,82.8000,82.4510,82.7710,79896
2018-04-26,82.7610,82.9110,82.5260,82.5520,82301
2018-04-27,82.5210,82.7110,82.3730,82.6540,72968
2018-04-30,82.6270,82.7250,82.2300,82.3030,64128
2018-05-01,82.3030,82.5280,82.0320,82.2720,63547
2018-05-02,82.2720,82.6510,82.0740,82.2810,99628
2018-05-03,82.2810,82.5740,81.7490,82.2350,100039
2018-05-04,82.2350,82.4610,81.6690,82.2380,76862
2018-05-07,82.2730,82.2950,81.8210,81.9560,62804
2018-05-08,81.9570,82.0170,81.1360,81.3130,90419
2018-05-09,81.3130,82.0020,81.1310,81.8350,83147
2018-05-10,81.8350,82.4630,81.7260,82.3690,89654
2018-05-11,82.3630,82.6720,82.2360,82.4830,63515
2018-05-14,82.3940,82.7870,82.3570,82.5010,53679
2018-05-15,82.4840,82.7030,82.1910,82.4340,80101
2018-05-16,82.3770,82.9710,82.1750,82.9560,80899
2018-05-17,82.9380,83.3750,82.8210,83.1640,81542
2018-05-18,83.1660,83.4290,83.0460,83.1770,65709
2018-05-21,83.3650,84.2160,83.3210,84.1640,62445
2018-05-22,84.1410,84.4770,83.9780,83.9890,66240
2018-05-23,84.0050,84.0430,82.4820,83.1870,113940
2018-05-24,83.1860,83.3270,82.3790,82.7410,109554
2018-05-25,82.7310,83.1620,82.4070,82.5410,90768
2018-05-28,82.9540,83.0650,82.4270,82.5320,87401
2018-05-29,82.5230,82.6080,81.0970,81.6090,142687
2018-05-30,81.6100,82.6070,81.0240,82.4570,131049
2018-05-31,82.4390,82.6660,81.9920,82.3310,117855
2018-06-01,82.3120,82.9370,82.2040,82.8740,96416
2018-06-04,82.7870,84.0180,82.7680,83.9250,82850
2018-06-05,83.9240,84.1800,83.3380,83.5950,84341
2018-06-06,83.5810,84.4980,83.5650,84.4770,81081
2018-06-07,84.4670,84.5330,83.3930,83.5850,110232
2018-06-08,83.5830,83.7770,82.5850,83.2250,115478
2018-06-11,82.9370,83.8080,82.9370,83.6870,56553
2018-06-12,83.6740,84.1540,83.5160,83.5810,75477
2018-06-13,83.5900,83.9860,83.4400,83.5930,80615
2018-06-14,83.5730,83.6390,82.6650,82.6940,84962
2018-06-15,82.6880,82.8420,82.2700,82.3310,77984
2018-06-18,82.3330,82.3990,81.8890,82.0390,45816
2018-06-19,82.0350,82.0830,80.6270,81.1870,103099
2018-06-20,81.1660,81.6600,80.9880,81.3000,80151
2018-06-21,81.2820,81.6470,81.0700,81.0880,101988
2018-06-22,81.1050,81.9300,81.0020,81.8160,88348
2018-06-25,81.7120,81.8580,80.9840,81.3490,88075
2018-06-26,81.3280,81.4540,80.9660,81.3310,86382
2018-06-27,81.3270,81.6370,80.7490,80.9060,113069
2018-06-28,80.9060,81.2980,80.6900,81.1850,94755
2018-06-29,81.2130,82.0430,81.0460,82.0290,95847
2018-07-02,81.8420,82.1080,80.9820,81.3590,85167
2018-07-03,81.3560,82.0760,81.0280,81.6450,87380
2018-07-04,81.6180,81.9670,81.4320,81.5250,79853
2018-07-05,81.5530,81.9300,81.2720,81.7110,88739
2018-07-06,81.6570,82.2580,81.5880,82.0420,81949
2018-07-09,82.0220,82.7930,82.0040,82.7490,60764
2018-07-10,82.7200,83.1500,82.6380,82.7590,70556
2018-07-11,82.7580,82.8250,82.0590,82.4880,115841
2018-07-12,82.4830,83.3960,82.3800,83.3440,83580
2018-07-13,83.2950,83.6040,82.9910,83.3870,73068
2018-07-16,83.2290,83.6840,83.2210,83.2840,59083
2018-07-17,83.2840,83.6010,83.2130,83.3770,78089
2018-07-18,83.3740,83.5470,82.8380,83.4710,69867
2018-07-19,83.4690,83.9240,82.5880,82.7130,113148
2018-07-20,82.6900,82.9930,82.2050,82.6730,116941
2018-07-23,82.5740,82.7550,82.1320,82.1660,93017
2018-07-24,82.1030,82.5480,81.7970,82.5010,92464
2018-07-25,82.5020,82.8890,82.0790,82.7140,103409
2018-07-26,82.6930,82.7860,81.9860,82.0380,98621
2018-07-27,82.0320,82.2990,81.8560,82.1520,79835
2018-07-30,82.0840,82.2980,82.0320,82.2050,60993
2018-07-31,82.1970,83.2490,82.1400,82.9990,99467
2018-08-01,83.0230,83.1170,82.4700,82.7090,85185
2018-08-02,82.6740,82.7280,81.9490,82.1400,80110
2018-08-03,82.1350,82.6120,82.1040,82.2800,80153
2018-08-06,82.2820,82.4180,82.1650,82.2880,50479
2018-08-07,82.2860,82.7500,82.1710,82.6530,63713
2018-08-08,82.6200,82.7880,82.0710,82.4140,68717
2018-08-09,82.4270,82.6380,81.8900,81.8930,71958
2018-08-10,81.8930,81.9830,80.6070,80.9290,122158
2018-08-13,80.3480,80.8350,79.9750,80.4540,108580
2018-08-14,80.4010,80.8070,80.2070,80.4340,90340
2018-08-15,80.4420,80.5640,79.6930,80.1550,103323
2018-08-16,80.1310,80.8200,79.8270,80.4890,103609
2018-08-17,80.4620,80.9630,80.0970,80.8290,87817
2018-08-20,80.8820,80.9430,80.5820,80.7440,67110
2018-08-21,80.7480,81.4780,80.5810,81.2080,82610
2018-08-22,81.1730,81.3600,80.9030,81.2000,81101
2018-08-23,81.2310,81.3270,80.5630,80.6230,76715
2018-08-24,80.5970,81.6940,80.5810,81.4780,82513
2018-08-27,81.5080,81.7350,81.1720,81.6140,62026
2018-08-28,81.6230,81.7710,81.4140,81.5610,74886
2018-08-29,81.5450,81.7890,81.0410,81.6340,87350
2018-08-30,81.6390,81.6940,80.4820,80.5540,82305
2018-08-31,80.5250,80.6900,79.6270,79.8730,96412
2018-09-03,79.8590,80.2550,79.5130,80.0620,61212
2018-09-04,80.0680,80.4350,79.7230,79.9530,79904
2018-09-05,79.9350,80.5710,79.5860,80.1980,88768
2018-09-06,80.1860,80.2770,79.5550,79.6980,91751
2018-09-07,79.7030,79.7370,78.6760,78.8610,100348
2018-09-10,78.8580,79.2550,78.7570,79.0210,61819
2018-09-11,79.0190,79.4970,78.8980,79.4120,69472
2018-09-12,79.4190,80.0000,79.0670,79.7340,76953
2018-09-13,79.7170,80.7950,79.6810,80.4540,75584
2018-09-14,80.4650,80.6970,80.0720,80.1300,70044
2018-09-17,80.1190,80.5900,79.9410,80.2730,54193
2018-09-18,80.2710,81.1180,79.7680,81.1040,96183
2018-09-19,81.0640,81.6520,80.9370,81.5270,76630
2018-09-20,81.4770,82.0270,81.3000,82.0220,74731
2018-09-21,81.9900,82.3500,81.8780,81.9850,70925
2018-09-24,81.6550,82.0010,81.5800,81.7790,55016
2018-09-25,81.7840,82.0330,81.6530,81.8940,66012
2018-09-26,81.8930,82.4940,81.7600,81.7860,72380
2018-09-27,81.7840,81.9420,81.2930,81.6830,77862
2018-09-28,81.6840,82.1980,81.6250,82.0080,72857
2018-10-01,82.1580,82.3920,82.0580,82.2680,59388
2018-10-02,82.2240,82.4650,81.3640,81.6620,78088
2018-10-03,81.6290,81.9130,81.3140,81.3340,81198
2018-10-04,81.3130,81.4110,80.3690,80.6270,95956
2018-10-05,80.5300,80.7640,79.9880,80.1430,99382
2018-10-08,80.2270,80.4140,79.7490,80.1200,77364
2018-10-09,80.1130,80.2840,79.8160,80.2210,105863
2018-10-10,80.1800,80.5880,79.0850,79.1790,109689
2018-10-11,79.0980,80.1420,79.0420,79.8970,184578
2018-10-12,79.8860,80.1550,79.4870,79.7770,119346
2018-10-15,79.7220,79.9600,79.4710,79.6960,104214
2018-10-16,79.6960,80.2020,79.6770,80.1560,90205
2018-10-17,80.1530,80.3290,79.6540,80.0680,95544
2018-10-18,80.0900,80.4380,79.4880,79.6330,114116
2018-10-19,79.6160,80.4790,79.5250,80.1240,113137
2018-10-22,80.0790,80.3040,79.6350,79.8800,92402
2018-10-23,79.8710,79.9100,79.0320,79.6590,125828
2018-10-24,79.6570,80.0220,79.1520,79.2320,141127
2018-10-25,79.2300,79.7940,78.9800,79.5830,135760
2018-10-26,79.5740,79.6020,78.5540,79.2870,167635
2018-10-29,79.3170,79.7550,79.0920,79.3200,129624
2018-10-30,79.3230,80.3960,79.2540,80.3330,123255
2018-10-31,80.3350,80.3770,79.8220,79.9100,105591
2018-11-01,79.9100,81.2500,79.8500,81.0980,104875
2018-11-02,81.0970,81.9320,81.0200,81.4790,121145
2018-11-05,81.3520,81.7060,81.2360,81.6070,84594
2018-11-06,81.6040,82.1990,81.5900,82.1710,85210
2018-11-07,82.1680,82.6860,81.8620,82.5650,131488
2018-11-08,82.5830,83.0420,82.5020,82.7550,104416
2018-11-09,82.7360,82.8700,82.1010,82.2050,104259
2018-11-12,82.1200,82.5020,81.6400,81.6400,96167
2018-11-13,81.6410,82.3640,81.3770,82.1320,120901
2018-11-14,82.1470,82.4590,81.7760,82.1100,133690
2018-11-15,82.1780,82.8860,82.0750,82.6750,137065
2018-11-16,82.6750,82.8110,82.0780,82.6860,104459
2018-11-19,82.4570,82.6130,81.8640,82.0850,87823
2018-11-20,82.0830,82.2150,81.2650,81.3260,110515
2018-11-21,81.3240,82.2260,81.1820,82.1090,93943
2018-11-22,82.1080,82.2320,81.6880,81.9120,68203
2018-11-23,81.9050,81.9720,81.4180,81.6600,69169
2018-11-26,81.5990,82.3720,81.5740,82.0020,82597
2018-11-27,82.0000,82.5590,81.8160,82.1940,94102
2018-11-28,82.1980,83.1780,82.1570,83.0360,91156
2018-11-29,83.0460,83.2100,82.7350,83.0570,97454
2018-11-30,83.0520,83.0770,82.7260,82.9950,79268
2018-12-03,83.8900,83.8920,83.4480,83.6170,75932
2018-12-04,83.6060,83.6440,82.5600,82.7360,104950
2018-12-05,82.7600,82.9860,82.1620,82.2710,70427
2018-12-06,82.2530,82.2900,80.9210,81.4990,137558
2018-12-07,81.4990,81.6770,81.0880,81.1180,112513
2018-12-10,80.8880,81.5210,80.7120,81.4780,111313
2018-12-11,81.4520,81.8020,81.2280,81.6700,103656
2018-12-12,81.6540,82.0520,81.5820,81.7670,104882
2018-12-13,81.7680,82.1990,81.6810,82.0810,92825
2018-12-14,82.0890,82.1180,81.2430,81.3170,88371
2018-12-17,81.2850,81.4920,80.8190,80.9430,84470
2018-12-18,80.9620,81.1980,80.6550,80.7790,98745
2018-12-19,80.8280,81.0050,79.5500,79.9370,112891
2018-12-20,79.9390,80.1990,78.8230,79.0750,134102
2018-12-21,79.1180,79.2570,78.2040,78.2180,111941
2018-12-24,78.1770,78.4960,77.6860,77.7100,77785
2018-12-26,77.7460,78.7270,77.6780,78.6710,55013
2018-12-27,78.6970,78.7070,77.5210,78.0340,133959
2018-12-28,77.9970,78.1150,77.5240,77.5990,75367
2018-12-31,77.6500,78.0490,77.1430,77.2070,60677
2019-01-02,76.7210,76.9450,75.9770,76.0490,84671
2019-01-03,76.0490,76.0490,70.3090,75.4100,169591
2019-01-04,75.3920,77.2850,75.2300,77.2170,137253
2019-01-07,77.1680,77.7210,77.0190,77.6950,92666
2019-01-08,77.6950,77.8310,77.2860,77.6160,97892
2019-01-09,77.6150,78.1060,77.3960,77.5670,105526
2019-01-10,77.5680,77.9940,77.0750,77.8990,80184
2019-01-11,77.9010,78.3410,77.8110,78.2900,81915
2019-01-14,78.2020,78.2510,77.5540,77.8160,58399
2019-01-15,77.8180,78.5080,77.7600,78.2400,80096
2019-01-16,78.2770,78.3660,77.8970,78.1790,65211
2019-01-17,78.1810,78.9650,77.7480,78.5690,80428
2019-01-18,78.5590,79.0930,78.3810,78.5950,69290
2019-01-21,78.5500,78.7010,78.2740,78.4880,57917
2019-01-22,78.4880,78.5180,77.7240,77.8730,65726
2019-01-23,77.8610,78.4070,77.8260,78.2570,69797
2019-01-24,78.2590,78.5300,77.6270,77.7480,80338
2019-01-25,77.7320,78.8250,77.4990,78.6100,78733
2019-01-28,78.5970,78.8120,78.1850,78.3180,62089
2019-01-29,78.3240,78.4730,77.9530,78.2610,71076
2019-01-30,78.2510,79.2760,78.1610,79.0140,85764
2019-01-31,79.0210,79.3860,78.8600,79.1860,80781
2019-02-01,79.1720,79.5940,78.7240,79.3310,71398
2019-02-04,79.3460,79.5240,79.1580,79.3890,60543
2019-02-05,79.3950,79.8330,79.0810,79.5390,63376
2019-02-06,79.5460,79.6470,78.0460,78.1200,71611
2019-02-07,78.1560,78.2360,77.7380,77.9650,68054
2019-02-08,77.9990,78.0050,77.4280,77.7970,60308
2019-02-11,77.7480,78.1440,77.7140,77.9320,56203
2019-02-12,77.9330,78.4650,77.8830,78.3740,66601
2019-02-13,78.3790,78.9380,78.3220,78.6750,69485
2019-02-14,78.6760,79.2270,78.2340,78.4790,78879
2019-02-15,78.4870,78.9260,78.0850,78.8030,71476
2019-02-18,78.7690,79.1840,78.7630,78.8350,58434
2019-02-19,78.8430,79.3440,78.5040,79.2340,69305
2019-02-20,79.2300,79.5630,79.1110,79.3920,70443
2019-02-21,79.3980,79.8070,78.3230,78.4720,90905
2019-02-22,78.4760,79.0860,78.3880,78.8670,74875
2019-02-25,78.9500,79.7670,78.8890,79.5750,69226
2019-02-26,79.6030,79.6550,79.1570,79.4270,69127
2019-02-27,79.4720,79.5600,78.9340,79.2340,76326
2019-02-28,79.2430,79.4600,78.9220,78.9990,80416
2019-03-01,78.9960,79.6390,78.9700,79.2200,66984
2019-03-04,79.4530,79.5480,79.0260,79.2250,75499
2019-03-05,79.2310,79.3570,79.0000,79.2420,67962
2019-03-06,79.2500,79.3320,78.3780,78.5820,71961
2019-03-07,78.5840,78.7490,78.1450,78.2390,68453
2019-03-08,78.2730,78.4060,77.7180,78.2960,74324
2019-03-11,78.1940,78.7090,77.9000,78.6010,60735
2019-03-12,78.6050,78.9190,78.5000,78.8140,65071
2019-03-13,78.8160,78.9120,78.3630,78.9040,68896
2019-03-14,78.9090,78.9700,78.5610,78.8780,71368
2019-03-15,78.8820,79.2340,78.8640,78.9830,57128
2019-03-18,78.9550,79.4040,78.9070,79.1070,53202
2019-03-19,79.1140,79.1850,78.8570,78.9420,56473
2019-03-20,78.9420,79.3010,78.7010,78.8300,72920
2019-03-21,78.8300,79.3450,78.5730,78.8230,85473
2019-03-22,78.8230,78.8530,77.7670,77.8140,96328
2019-03-25,77.8760,78.3370,77.5300,78.1930,88068
2019-03-26,78.1930,78.9910,78.1800,78.9090,75175
2019-03-27,78.9120,78.9380,77.9970,78.2640,97082
2019-03-28,78.2640,78.4330,77.9020,78.2810,83553
2019-03-29,78.2810,78.6950,78.2590,78.6340,68816
2019-04-01,79.0070,79.2560,78.7860,79.1770,63207
2019-04-02,79.1770,79.3930,78.5010,78.6930,59007
2019-04-03,78.7020,79.4540,78.4820,79.2830,63429
2019-04-04,79.2820,79.4550,79.1390,79.3940,54419
2019-04-05,79.4110,79.6250,79.2450,79.3530,55948
2019-04-08,79.3040,79.4970,78.9410,79.4320,47715
2019-04-09,79.4420,79.6030,79.1280,79.1790,55604
2019-04-10,79.1900,79.5980,78.9950,79.5830,65022
2019-04-11,79.6000,79.6230,79.4130,79.5060,60400
2019-04-12,79.5000,80.4750,79.4490,80.3230,60274
2019-04-15,80.3270,80.4340,80.1820,80.3480,47044
2019-04-16,80.3410,80.3770,79.8790,80.3480,60315
2019-04-17,80.3600,80.7100,80.0870,80.4070,61004
2019-04-18,80.4180,80.5810,79.9010,80.0590,60673
2019-04-19,80.0090,80.1010,79.9370,80.0200,43492
2019-04-22,79.9810,80.0690,79.7630,79.8370,29419
2019-04-23,79.8600,79.9010,79.2460,79.4210,48551
2019-04-24,79.4200,79.4250,78.3810,78.6110,69374
2019-04-25,78.6140,78.7010,78.0980,78.3010,58601
2019-04-26,78.3100,78.7910,78.1650,78.5540,59065
2019-04-29,78.5120,78.9340,78.4800,78.7550,32537
2019-04-30,78.7740,78.9170,78.2780,78.5190,52782
2019-05-01,78.5110,78.6910,78.1080,78.1080,47962
2019-05-02,78.1290,78.4530,77.9490,78.0380,50501
2019-05-03,78.0360,78.1720,77.8200,78.0170,55557
2019-05-06,77.0870,77.6550,76.7810,77.4160,69821
2019-05-07,77.4130,78.0340,77.1070,77.2780,78689
2019-05-08,77.2780,77.3690,76.8860,76.9280,84201
2019-05-09,76.9180,76.9840,76.3320,76.6810,91121
2019-05-10,76.6830,77.2260,76.5620,76.9480,110669
2019-05-13,76.7360,76.8690,75.7220,75.8850,84405
2019-05-14,75.8890,76.3490,75.7780,76.0850,67357
2019-05-15,76.0820,76.1590,75.5150,75.9010,77201
2019-05-16,75.9240,75.9900,75.3890,75.6750,68122
2019-05-17,75.6840,75.8300,75.3200,75.5590,87938
2019-05-20,76.0210,76.3810,75.7990,76.0020,66836
2019-05-21,76.0010,76.2720,75.6090,76.0310,71511
2019-05-22,76.0300,76.1750,75.8220,75.9140,56868
2019-05-23,75.9180,75.9270,75.4350,75.6020,78347
2019-05-24,75.6060,75.8190,75.3800,75.6870,64594
2019-05-27,75.7700,75.9990,75.7010,75.7290,44918
2019-05-28,75.7320,75.9430,75.5380,75.6930,73897
2019-05-29,75.7040,75.8550,75.4440,75.7830,81434
2019-05-30,75.7880,76.1540,75.6190,75.7480,69308
2019-05-31,75.7480,75.7770,75.0720,75.0760,104359
2019-06-03,75.0670,75.4740,74.9570,75.3740,98117
2019-06-04,75.3720,75.6850,75.0600,75.5890,95532
2019-06-05,75.5940,75.8920,75.3920,75.5700,95079
2019-06-06,75.5630,75.7640,75.2650,75.6010,89163
2019-06-07,75.6040,75.8050,75.4800,75.7160,91257
2019-06-10,75.9720,75.9940,75.4040,75.4440,73045
2019-06-11,75.4420,75.6670,75.3850,75.5280,73311
2019-06-12,75.5310,75.5780,75.1330,75.1620,79712
2019-06-13,75.1630,75.2750,74.7610,74.9240,66628
2019-06-14,74.9240,74.9580,74.4720,74.5650,69593
2019-06-17,74.5680,74.7710,74.3440,74.3650,48194
2019-06-18,74.3640,74.6560,73.9170,74.5670,80517
2019-06-19,74.5580,74.7640,74.2960,74.3630,78517
2019-06-20,74.3920,74.6690,74.1210,74.2550,100475
2019-06-21,74.2740,74.5260,74.1310,74.3250,88390
2019-06-24,74.3590,74.7750,74.3340,74.6980,66649
2019-06-25,74.7030,74.8460,74.3260,74.5850,103339
2019-06-26,74.5820,75.3430,74.5210,75.2700,83817
2019-06-27,75.2750,75.6100,75.1910,75.5430,70133
2019-06-28,75.5320,75.7780,75.3160,75.7550,69433
2019-07-01,75.7660,76.2740,75.4170,75.5060,69107
2019-07-02,75.5050,75.7350,75.3040,75.4450,62780
2019-07-03,75.4380,75.8940,75.1220,75.7640,56807
2019-07-04,75.7640,75.9160,75.6060,75.6770,33136
2019-07-05,75.6780,75.8880,75.5410,75.6730,54649
2019-07-08,75.6020,75.8850,75.5900,75.7860,23969
2019-07-09,75.7860,75.9100,75.2980,75.3920,49231
2019-07-10,75.3920,75.6170,75.2880,75.4660,63138
2019-07-11,75.4660,75.6950,75.1790,75.6650,56474
2019-07-12,75.6650,75.9050,75.5360,75.7240,50748
2019-07-15,75.6360,76.0180,75.6150,75.9480,49208
2019-07-16,75.9460,76.1410,75.8180,75.8920,61200
2019-07-17,75.8830,76.0020,75.6550,75.6600,52001
2019-07-18,75.6540,75.9840,75.4370,75.9050,72482
2019-07-19,75.8990,76.1070,75.8120,75.8560,76633
2019-07-22,75.8690,76.1580,75.8400,75.8760,60246
2019-07-23,75.8740,76.0690,75.6120,75.7960,52093
2019-07-24,75.7930,75.8250,75.3400,75.4600,48024
2019-07-25,75.4600,75.5860,75.2480,75.4910,57636
2019-07-26,75.4910,75.5820,75.0210,75.0550,38938
2019-07-29,75.0040,75.1910,74.9000,75.0680,33704
2019-07-30,75.0670,75.1900,74.5830,74.6170,52133
2019-07-31,74.6180,74.8890,74.3470,74.4230,82637
2019-08-01,74.4220,74.8510,72.9440,72.9680,84143
2019-08-02,72.9660,73.1600,72.2140,72.4460,122239
2019-08-05,72.3880,72.4610,71.3960,71.5610,136628
2019-08-06,71.5610,72.7130,71.2390,71.9550,137567
2019-08-07,71.9600,72.0500,70.7370,71.7910,145724
2019-08-08,71.7910,72.3550,71.5460,72.1560,91989
2019-08-09,72.1550,72.2320,71.4740,71.6730,89403
2019-08-12,71.5570,71.6910,70.8980,71.0610,92875
2019-08-13,71.0650,72.9260,70.9610,72.5550,129704
2019-08-14,72.5390,72.5710,71.2460,71.4450,139735
2019-08-15,71.4460,72.5020,71.3250,71.8820,157141
2019-08-16,71.8810,72.2310,71.8010,72.0670,107488
2019-08-19,71.9980,72.3040,71.9700,72.1210,91728
2019-08-20,72.1210,72.3530,71.9020,71.9820,87816
2019-08-21,71.9820,72.3970,71.9580,72.2850,80430
2019-08-22,72.2790,72.3560,71.8330,71.9020,95620
2019-08-23,71.8940,72.1050,71.0270,71.1690,138357
2019-08-26,70.7170,72.0730,69.9510,71.8720,190386
2019-08-27,71.8780,71.9310,71.2550,71.3840,117289
2019-08-28,71.3860,71.5840,71.2130,71.4450,107218
2019-08-29,71.4420,71.8040,71.1150,71.6600,120555
2019-08-30,71.6600,71.7510,71.3300,71.5770,108600
2019-09-02,71.2990,71.5300,71.2030,71.3150,66293
2019-09-03,71.3180,71.7210,71.0880,71.5870,110194
2019-09-04,71.5860,72.3420,71.5410,72.2970,91516
2019-09-05,72.2960,73.1430,72.2430,72.8600,102834
2019-09-06,72.8520,73.2790,72.8380,73.2160,96221
2019-09-09,73.0330,73.6600,73.0320,73.5620,81532
2019-09-10,73.5570,73.8300,73.4100,73.7780,89623
2019-09-11,73.7760,74.1980,73.6660,73.9640,72725
2019-09-12,73.9640,74.4770,73.8680,74.2060,101274
2019-09-13,74.2070,74.4930,74.1510,74.3320,74558
2019-09-16,74.2980,74.2980,73.7860,74.2130,89555
2019-09-17,74.1910,74.2900,73.8900,74.2250,79681
2019-09-18,74.2140,74.2570,73.8440,74.0270,73359
2019-09-19,74.0260,74.0560,73.1170,73.3490,80970
2019-09-20,73.3460,73.4540,72.6880,72.7410,64438
2019-09-23,72.9040,73.0380,72.6160,72.8340,66342
2019-09-24,72.8290,73.2990,72.7140,72.8020,86484
2019-09-25,72.8090,73.0780,72.4770,72.7470,85910
2019-09-26,72.7380,72.9880,72.6200,72.7510,78861
2019-09-27,72.7530,73.3150,72.6170,73.0050,79901
2019-09-30,72.9880,73.0940,72.6970,72.9410,69385
2019-10-01,72.9410,73.3660,72.0400,72.2150,90387
2019-10-02,72.2100,72.4800,71.7300,71.8490,81609
2019-10-03,71.8500,72.1620,71.7360,72.0600,78436
2019-10-04,72.0520,72.4510,71.9890,72.3080,65866
2019-10-07,72.0510,72.4160,71.9160,72.1910,62948
2019-10-08,72.1910,72.5390,71.9440,72.0310,83273
2019-10-09,72.0200,72.4840,71.9170,72.2460,66508
2019-10-10,72.2470,73.0760,71.8380,72.9780,100495
2019-10-11,72.9760,73.9520,72.8560,73.6360,87725
2019-10-14,73.5360,73.7430,72.9910,73.4150,63727
2019-10-15,73.4150,73.6840,73.0770,73.4850,76996
2019-10-16,73.4840,73.5540,73.0260,73.4790,83729
2019-10-17,73.4810,74.3980,73.3950,74.1100,82913
2019-10-18,74.1020,74.3520,74.0610,74.2950,55381
2019-10-21,74.1990,74.7230,74.0870,74.5800,56387
2019-10-22,74.5820,74.8200,74.2970,74.3560,60111
2019-10-23,74.3560,74.5090,74.0120,74.4620,65202
2019-10-24,74.4620,74.4980,73.9240,74.0310,63661
2019-10-25,74.0340,74.3090,73.9600,74.1090,50520
2019-10-28,74.1580,74.5780,74.0650,74.5170,47219
2019-10-29,74.5130,74.8180,74.4800,74.7090,52883
2019-10-30,74.7090,75.1410,74.5240,75.1030,70649
2019-10-31,75.1030,75.2900,74.3140,74.4370,70396
2019-11-01,74.4370,74.8810,74.3480,74.7700,51282
2019-11-04,74.8240,75.0030,74.7050,74.7280,48157
2019-11-05,74.7280,75.4060,74.6610,75.2400,74083
2019-11-06,75.2400,75.3010,74.8140,75.0050,54975
2019-11-07,75.0030,75.6680,74.5620,75.3700,78125
2019-11-08,75.3680,75.5560,74.7410,74.9070,61579
2019-11-11,74.9120,74.9560,74.6020,74.6980,41787
2019-11-12,74.6980,74.9380,74.5180,74.5610,59418
2019-11-13,74.5600,74.7040,74.1910,74.3990,59679
2019-11-14,74.3990,74.4250,73.3520,73.5580,60523
2019-11-15,73.5560,74.1970,73.5240,74.1720,47036
2019-11-18,74.1210,74.3180,73.8860,73.9830,48321
2019-11-19,73.9850,74.2750,73.5880,74.1000,47680
2019-11-20,74.0900,74.1570,73.6250,73.8700,64503
2019-11-21,73.8700,74.0470,73.4860,73.7050,71744
2019-11-22,73.7070,73.9160,73.5840,73.7020,55292
2019-11-25,73.7380,73.9950,73.7180,73.8070,45508
2019-11-26,73.7920,74.1010,73.7100,74.0010,57968
2019-11-27,73.9940,74.2900,73.8960,74.2190,48250
2019-11-28,74.2130,74.2390,73.9070,74.1220,36971
2019-11-29,74.1240,74.2710,73.9210,73.9970,44446
2019-12-02,74.1170,74.5150,74.0480,74.2920,57585
2019-12-03,74.2930,74.8400,74.1810,74.3710,66201
2019-12-04,74.3710,74.6390,73.8910,74.5440,66389
2019-12-05,74.5360,74.6230,74.1620,74.3080,52931
2019-12-06,74.3090,74.5310,74.1630,74.2690,50303
2019-12-09,74.2050,74.2870,73.9700,74.0620,38208
2019-12-10,74.0590,74.2730,73.8210,74.0230,49746
2019-12-11,74.0230,74.7510,73.9380,74.6380,52543
2019-12-12,74.6380,75.5940,74.5370,75.4940,71056
2019-12-13,75.4900,75.9710,74.9710,75.1700,95140
2019-12-16,75.2290,75.6270,75.1200,75.4140,45975
2019-12-17,75.4110,75.4290,74.9380,75.0060,49384
2019-12-18,75.0060,75.2040,74.8450,75.0730,42107
2019-12-19,75.0730,75.4280,75.0330,75.2930,49353
2019-12-20,75.2940,75.6090,75.2150,75.5190,40947
2019-12-23,75.5170,75.7900,75.3720,75.7120,36080
2019-12-24,75.7140,75.7780,75.5890,75.6400,33459
2019-12-26,75.8760,76.1820,75.8210,76.1430,19832
2019-12-27,76.1430,76.5410,76.0200,76.4490,40778
2019-12-30,76.4450,76.5030,76.0850,76.1450,43378
2019-12-31,76.1460,76.4300,76.0520,76.2400,36836
2020-01-02,76.1580,76.2340,75.6660,75.8790,38765
2020-01-03,75.8740,75.8980,74.8500,75.0780,78184
2020-01-06,74.8870,75.2670,74.7300,75.1960,66445
2020-01-07,75.1960,75.2590,74.3420,74.4950,67190
2020-01-08,74.4950,75.0630,73.7570,74.9080,110779
2020-01-09,74.9080,75.1970,74.8370,75.1100,52621
2020-01-10,75.1040,75.6920,75.0080,75.5380,50607
2020-01-13,75.5330,76.0050,75.5020,75.8930,49216
2020-01-14,75.8930,76.1020,75.7370,75.8950,62692
2020-01-15,75.8940,76.0330,75.5750,75.8320,57085
2020-01-16,75.8280,76.2410,75.8240,75.9610,53134
2020-01-17,75.9610,76.1620,75.6810,75.6910,46803
2020-01-20,75.6620,75.8910,75.5200,75.7170,28354
2020-01-21,75.7170,75.8090,75.1030,75.1900,56406
2020-01-22,75.1900,75.4020,75.0260,75.1720,48593
2020-01-23,75.1720,75.4850,74.6450,74.9630,64039
2020-01-24,74.9620,75.1680,74.4200,74.5820,53560
2020-01-27,74.1970,74.3270,73.5360,73.6090,76718
2020-01-28,73.6100,73.8280,73.2890,73.8040,56791
2020-01-29,73.8040,74.0040,73.4400,73.6170,57493
2020-01-30,73.5750,73.6400,72.7980,73.2160,79705
2020-01-31,73.2170,73.4350,72.4300,72.4410,76353
2020-02-03,72.4730,72.9190,72.4070,72.7160,77880
2020-02-04,72.7180,73.8380,72.4940,73.7980,71575
2020-02-05,73.7940,74.3390,73.5350,74.0840,77895
2020-02-06,74.0840,74.3830,73.9710,74.0130,56542
2020-02-07,74.0130,74.0870,73.0410,73.2840,61016
2020-02-10,73.1160,73.6670,73.0480,73.3940,59518
2020-02-11,73.3930,73.9980,73.3170,73.7050,48967
2020-02-12,73.7030,74.2910,73.6760,74.1480,51750
2020-02-13,74.1470,74.1690,73.6410,73.7850,64524
2020-02-14,73.7730,73.9810,73.6040,73.6930,42737
2020-02-17,73.8040,73.9480,73.6900,73.7610,34473
2020-02-18,73.7590,73.7690,73.1840,73.4580,49592
2020-02-19,73.4610,74.4700,73.4190,74.3000,49591
2020-02-20,74.3050,74.4120,73.7850,74.1370,80883
2020-02-21,74.1310,74.2910,73.4220,73.9250,72867
2020-02-24,73.3170,73.9050,72.9950,73.0890,96101
2020-02-25,73.0880,73.4950,72.5210,72.7500,116025
2020-02-26,72.7490,73.0080,72.2180,72.2500,125391
2020-02-27,72.2490,72.5860,71.9780,71.9890,147405
2020-02-28,71.9740,72.1970,69.3730,70.2940,202727
2020-03-02,69.5660,71.1950,69.5350,70.7970,112793
2020-03-03,70.8190,71.5060,70.2860,70.4880,108806
2020-03-04,70.4810,71.3140,70.2960,71.2400,83336
2020-03-05,71.2410,71.4210,69.9460,70.1930,73717
2020-03-06,70.1920,70.4230,69.5770,69.9850,105807
2020-03-09,68.8580,69.1740,64.3460,67.3520,221727
2020-03-10,67.3510,68.9770,67.0480,68.3120,259947
2020-03-11,68.3120,68.7770,67.6060,67.7220,166618
2020-03-12,67.7140,67.9520,65.0320,66.0140,160668
2020-03-13,65.9970,67.7400,65.5200,66.6940,172101
2020-03-16,66.7320,67.0990,64.0420,64.5740,163310
2020-03-17,64.5870,65.8280,63.9160,64.7000,168442
2020-03-18,64.7000,64.7840,61.6660,62.4540,166050
2020-03-19,62.4540,65.5260,59.8630,63.6120,197346
2020-03-20,63.6120,65.6200,62.7480,64.3120,185722
2020-03-23,64.2850,64.8870,62.9120,64.7320,188393
2020-03-24,64.7320,66.6350,64.5150,66.3860,161077
2020-03-25,66.3860,67.7020,65.9160,66.1700,140284
2020-03-26,66.1980,66.5850,64.9050,66.0480,136626
2020-03-27,66.0400,66.9240,65.4790,66.5550,132931
2020-03-30,66.2620,66.6360,65.7260,66.4750,120384
2020-03-31,66.4750,67.2600,65.5760,65.9550,138144
2020-04-01,65.9110,66.3490,64.8650,65.0230,115877
2020-04-02,65.0490,65.6200,64.3890,65.3350,109342
2020-04-03,65.3400,65.6100,64.8300,65.0020,96626
2020-04-06,65.1130,66.5940,64.8620,66.4600,92934
2020-04-07,66.4670,67.6700,66.3620,67.0950,98439
2020-04-08,67.0950,67.9280,66.4700,67.7890,82767
2020-04-09,67.7890,68.8720,67.4840,68.7440,83457
2020-04-10,68.7450,69.0280,68.4280,68.8220,29379
2020-04-13,68.8110,68.9700,68.3330,68.7650,55767
2020-04-14,68.7270,69.2580,68.5030,69.0590,64490
2020-04-15,69.0580,69.0750,67.5800,67.8830,68813
2020-04-16,67.8750,68.2790,67.5860,68.2780,80102
2020-04-17,68.2780,68.9420,68.0710,68.4220,78614
2020-04-20,68.2870,68.8930,68.1800,68.1810,61572
2020-04-21,68.1850,68.3540,67.2890,67.6940,76173
2020-04-22,67.6840,68.4630,67.5330,68.1100,62816
2020-04-23,68.1120,69.0060,67.7480,68.5250,71014
2020-04-24,68.5250,68.7410,68.2130,68.7410,55008
2020-04-27,68.6320,69.3760,68.5580,69.3110,52712
2020-04-28,69.3350,69.5620,69.0290,69.3410,54527
2020-04-29,69.3410,69.9310,69.2810,69.8920,52955
2020-04-30,69.8250,70.1680,69.2410,69.7370,64955
2020-05-01,69.7370,69.7890,68.4980,68.6240,52144
2020-05-04,68.4520,68.7130,67.9900,68.5250,52990
2020-05-05,68.5250,68.9860,68.4570,68.5380,50670
2020-05-06,68.5190,68.6210,67.8430,67.8430,53171
2020-05-07,67.9430,69.1560,67.6280,68.9870,55895
2020-05-08,68.9870,69.7240,68.9870,69.6430,48563
2020-05-11,69.5570,70.1720,69.3780,69.8060,54813
2020-05-12,69.8060,70.1530,69.1360,69.2810,55813
2020-05-13,69.2910,69.7590,68.8880,69.0530,66983
2020-05-14,69.0530,69.3940,68.5480,69.2700,61279
2020-05-15,69.2700,69.5300,68.6750,68.7480,52743
2020-05-18,68.7260,70.0710,68.6250,69.9580,48645
2020-05-19,69.9580,70.9590,69.8730,70.3700,56020
2020-05-20,70.3700,71.0310,70.2680,70.8700,50147
2020-05-21,70.8700,71.0820,70.4930,70.6260,52919
2020-05-22,70.6260,70.7930,69.9380,70.3210,46960
2020-05-25,70.2460,70.5760,70.1960,70.4950,30981
2020-05-26,70.4590,71.7820,70.3610,71.4650,51426
2020-05-27,71.4650,71.9220,70.8130,71.2920,67490
2020-05-28,71.3070,71.7750,71.0140,71.3940,63285
2020-05-29,71.3940,71.9280,71.1360,71.8600,72948
2020-06-01,71.6820,73.1900,71.6010,73.1160,62031
2020-06-02,73.1160,74.9720,72.9280,74.9190,67514
2020-06-03,74.9190,75.7630,74.4040,75.3360,81784
2020-06-04,75.3360,76.2020,74.8520,75.7550,76784
2020-06-05,75.7550,76.7460,75.5900,76.3280,73592
2020-06-08,76.2980,76.7870,75.5540,76.0950,61315
2020-06-09,76.0950,76.2690,74.4670,74.9710,74504
2020-06-10,74.9850,75.6090,74.7200,74.9580,82293
2020-06-11,74.9530,75.0390,73.0840,73.2270,100182
2020-06-12,73.2270,74.2980,72.5260,73.7480,105265
2020-06-15,73.3780,74.3400,72.6500,74.2540,96595
2020-06-16,74.2540,75.0870,73.3180,73.9290,92095
2020-06-17,73.9210,74.3060,73.4620,73.6410,77284
2020-06-18,73.6410,73.8890,72.9820,73.2870,76584
2020-06-19,73.2870,73.8220,72.9710,73.0410,67582
2020-06-22,72.6930,73.9900,72.6930,73.8250,58023
2020-06-23,73.8250,74.4190,73.2000,73.8110,74612
2020-06-24,73.7950,74.1580,73.3030,73.5180,73428
2020-06-25,73.5020,73.8690,73.3120,73.8150,68300
2020-06-26,73.8080,73.9060,73.3060,73.5540,59957
2020-06-29,73.4350,73.9840,73.3260,73.8000,62287
2020-06-30,73.8170,74.5910,73.6030,74.4930,66710
2020-07-01,74.5060,74.6980,73.8510,74.3060,63520
2020-07-02,74.3090,74.7000,74.1770,74.3930,64727
2020-07-03,74.4090,74.6700,74.3230,74.5960,45175
2020-07-06,74.4620,75.1570,74.4000,74.8140,51495
2020-07-07,74.8490,75.0570,74.5580,74.6820,59303
2020-07-08,74.7330,74.9570,74.5050,74.8720,60282
2020-07-09,74.8650,75.0570,74.5650,74.6430,64527
2020-07-10,74.6500,74.6880,73.9790,74.2680,56147
2020-07-13,74.2900,75.0060,74.1890,74.4560,60203
2020-07-14,74.4550,74.8170,74.2420,74.7920,73905
2020-07-15,74.7800,75.2730,74.6860,74.9300,61925
2020-07-16,74.9210,75.0960,74.6790,74.7490,61966
2020-07-17,74.7380,74.9630,74.6850,74.8620,42492
2020-07-20,74.7850,75.3020,74.7490,75.2550,44897
2020-07-21,75.2390,76.3120,75.1000,76.1170,50034
2020-07-22,76.1200,76.8700,75.9850,76.5100,53852
2020-07-23,76.5240,76.7070,75.7720,75.8460,60272
2020-07-24,75.8450,75.9660,74.8610,75.3960,62205
2020-07-27,75.1400,75.4200,75.0040,75.3320,56013
2020-07-28,75.3320,75.5750,75.0030,75.1730,60651
2020-07-29,75.1870,75.5130,75.0820,75.4060,58253
2020-07-30,75.3490,75.4750,74.8230,75.3420,61053
2020-07-31,75.3230,75.9190,75.0130,75.6480,77084
2020-08-03,75.4010,75.8020,75.0980,75.4680,67794
2020-08-04,75.4670,75.7800,75.3850,75.6940,58780
2020-08-05,75.6940,76.4060,75.5960,75.9360,59624
2020-08-06,75.9210,76.4370,75.6600,76.3640,64190
2020-08-07,76.3500,76.4340,75.7240,75.8220,61937
2020-08-10,75.7760,76.0170,75.6820,75.7470,44533
2020-08-11,75.7290,76.3330,75.6760,76.0600,58950
2020-08-12,76.0500,76.7140,75.8590,76.5630,64236
2020-08-13,76.5240,76.7000,76.3110,76.4300,54931
2020-08-14,76.4220,76.5400,76.1480,76.4320,41418
2020-08-17,76.3260,76.6770,76.3260,76.4690,41637
2020-08-18,76.4470,76.5470,76.1140,76.3430,51404
2020-08-19,76.3420,76.6770,76.1410,76.1930,56199
2020-08-20,76.1930,76.3120,75.6090,76.0880,58184
2020-08-21,76.0650,76.2740,75.6270,75.7550,53245
2020-08-24,75.5210,76.1470,75.5210,75.9010,42483
2020-08-25,75.8820,76.5560,75.8550,76.5340,48266
2020-08-26,76.5320,76.7650,76.4260,76.6580,46262
2020-08-27,76.6540,77.4200,76.5920,77.3510,65318
2020-08-28,77.3500,77.9560,77.0860,77.5860,70136
2020-08-31,77.5190,78.4580,77.4060,78.1120,58643
2020-09-01,78.1120,78.3580,78.0050,78.1030,68790
2020-09-02,78.1030,78.1690,77.5350,77.9140,56985
2020-09-03,77.9070,77.9320,77.0610,77.2250,61789
2020-09-04,77.2290,77.5230,76.7670,77.3820,59758
2020-09-07,77.4140,77.5960,77.2350,77.3010,34123
2020-09-08,77.3020,77.6390,76.4500,76.4780,55017
2020-09-09,76.4730,77.4200,76.1030,77.3230,52300
2020-09-10,77.3050,77.7310,76.9220,77.0200,55053
2020-09-11,77.0170,77.5840,76.9530,77.2840,47178
2020-09-14,77.1970,77.3460,76.9530,77.0510,37026
2020-09-15,77.0490,77.5040,76.7840,76.9850,37289
2020-09-16,76.9880,77.1790,76.4410,76.6650,46752
2020-09-17,76.6610,76.7810,76.1020,76.5820,54296
2020-09-18,76.6000,76.8510,75.9810,76.2060,42798
2020-09-21,76.2880,76.3900,75.2630,75.5870,50880
2020-09-22,75.5870,75.7670,75.1140,75.2270,48593
2020-09-23,75.2270,75.3890,74.4920,74.5190,56637
2020-09-24,74.5200,74.6320,73.9720,74.2520,63536
2020-09-25,74.2530,74.6270,74.0120,74.2000,51033
2020-09-28,74.1480,74.6440,74.1130,74.5710,46331
2020-09-29,74.5700,75.4250,74.5670,75.3030,47668
2020-09-30,75.3300,75.7010,74.8700,75.5320,59166
2020-10-01,75.5350,76.0510,75.4400,75.7970,58168
2020-10-02,75.7810,75.8690,74.9280,75.4430,65384
2020-10-05,75.4220,76.0330,75.3560,75.8970,45703
2020-10-06,75.8950,76.1620,74.9980,75.0110,56381
2020-10-07,75.0070,75.7470,74.9290,75.6470,50997
2020-10-08,75.6330,75.9990,75.5290,75.9770,43563
2020-10-09,75.9770,76.5180,75.8790,76.4760,45514
2020-10-12,76.4600,76.5110,75.8680,75.9100,40897
2020-10-13,75.9230,75.9900,75.4380,75.5130,51531
2020-10-14,75.5120,75.7160,75.1730,75.3210,49934
2020-10-15,75.3130,75.3580,74.2520,74.7870,61111
2020-10-16,74.7870,74.8210,74.3890,74.5780,49278
2020-10-19,74.5320,74.9470,74.4080,74.4940,44114
2020-10-20,74.4810,74.6110,74.2020,74.3520,48491
2020-10-21,74.3520,74.6090,74.2000,74.4180,54395
2020-10-22,74.4310,74.6720,74.1850,74.6360,48833
2020-10-23,74.6360,74.9230,74.3670,74.7300,44196
2020-10-26,74.7400,74.9430,74.4980,74.6260,50163
2020-10-27,74.6270,74.7840,74.2740,74.4180,43788
2020-10-28,74.4180,74.6290,73.3870,73.4960,59394
2020-10-29,73.4960,73.8510,73.1340,73.5310,60458
2020-10-30,73.5330,73.9180,73.1420,73.5520,66046
2020-11-02,73.3620,73.9570,73.1770,73.8780,50587
2020-11-03,73.8800,75.0110,73.6070,74.8150,47595
2020-11-04,74.8180,75.4710,74.0660,75.0080,105163
2020-11-05,74.9890,75.4580,74.5600,75.3730,109934
2020-11-06,75.3730,75.3730,74.8980,75.0370,104084
2020-11-09,75.1340,77.0350,75.0710,76.7080,125588
2020-11-10,76.7110,76.8210,76.2430,76.6720,112827
2020-11-11,76.6740,77.0980,76.5050,76.7530,76644
2020-11-12,76.7550,76.8230,75.9160,76.0360,79237
2020-11-13,76.0170,76.3010,75.7560,76.0430,67758
2020-11-16,76.0380,76.7690,75.9690,76.5300,78839
2020-11-17,76.5410,76.5720,75.8940,76.0540,67199
2020-11-18,76.0360,76.1570,75.6920,75.8430,75310
2020-11-19,75.8390,75.8710,75.4030,75.5660,76785
2020-11-20,75.5490,75.9760,75.3940,75.8470,66881
2020-11-23,75.7310,76.2160,75.7310,76.1320,65757
2020-11-24,76.1050,76.9320,76.0780,76.8670,75117
2020-11-25,76.8740,77.0420,76.4530,76.9140,74363
2020-11-26,76.8860,76.9310,76.6600,76.7160,45867
2020-11-27,76.6890,76.9520,76.4970,76.8640,54976
2020-11-30,76.7670,77.1130,76.5820,76.5860,74693
2020-12-01,76.5790,76.9750,76.5400,76.9000,69560
2020-12-02,76.8790,77.4760,76.8260,77.4260,73892
2020-12-03,77.4310,77.5620,77.1610,77.1990,70744
2020-12-04,77.2140,77.4990,77.0010,77.3770,72433
2020-12-07,77.3440,77.5010,76.8980,77.1940,69577
2020-12-08,77.1960,77.3700,77.0620,77.1790,76767
2020-12-09,77.1770,77.9430,77.1090,77.6080,73585
2020-12-10,77.5830,78.5790,77.3510,78.5300,82634
2020-12-11,78.5290,78.7780,78.1900,78.3890,72537
2020-12-14,78.4520,78.7020,78.2740,78.3550,71258
2020-12-15,78.3540,78.5430,78.1440,78.3460,63413
2020-12-16,78.3530,78.4300,78.1230,78.3850,68968
2020-12-17,78.3980,78.8210,78.2840,78.5600,64851
2020-12-18,78.5610,78.8230,78.4360,78.7390,67246
2020-12-21,78.5170,78.6350,77.4900,78.3580,102718
2020-12-22,78.3640,78.4170,77.8480,77.9410,78271
2020-12-23,77.9330,78.5820,77.8630,78.4490,69615
2020-12-24,78.4130,78.8420,78.3260,78.7210,44079
2020-12-28,78.6610,78.8800,78.4760,78.6370,61306
2020-12-29,78.6570,78.9550,78.5650,78.7560,53548
2020-12-30,78.7760,79.3930,78.6990,79.2970,70076
2020-12-31,79.2730,79.7910,79.1840,79.5900,58215
2021-01-04,79.3730,79.6800,78.8480,79.0070,95485
2021-01-05,78.9680,79.8360,78.9680,79.6900,94933
2021-01-06,79.6990,80.5110,79.5280,80.3620,132586
2021-01-07,80.3660,80.6830,80.1610,80.6130,101731
2021-01-08,80.6040,80.9240,80.3820,80.7250,117073
2021-01-11,80.4740,80.6480,79.9930,80.2350,87232
2021-01-12,80.2320,80.6890,80.1380,80.6310,87247
2021-01-13,80.6290,80.7200,80.2620,80.3140,74565
2021-01-14,80.3310,80.8510,80.2660,80.7360,81877
2021-01-15,80.7370,80.7870,79.7170,80.0090,78982
2021-01-18,79.9870,80.0650,79.5090,79.6150,68018
2021-01-19,79.6400,80.3150,79.5220,79.9580,71947
2021-01-20,79.9520,80.3420,79.8880,80.1780,73076
2021-01-21,80.1780,80.5130,80.1360,80.3200,75643
2021-01-22,80.3220,80.4420,79.9000,80.0580,72578
2021-01-25,80.0660,80.3390,79.7590,80.0270,78644
2021-01-26,80.0060,80.3440,79.6030,80.1950,68351
2021-01-27,80.1890,80.4370,79.6260,79.7450,99418
2021-01-28,79.7390,80.2340,79.1990,80.0180,108201
2021-01-29,80.0410,80.6470,79.8050,80.0230,119976
2021-02-01,79.8220,80.2070,79.6860,79.9400,93727
2021-02-02,79.9430,80.3660,79.5360,79.8490,79868
2021-02-03,79.8460,80.1230,79.8140,80.0210,71429
2021-02-04,80.0190,80.3290,79.9540,80.1940,69449
2021-02-05,80.1790,80.9180,80.0390,80.9030,69739
2021-02-08,80.7220,81.1890,80.7220,81.0250,58392
2021-02-09,81.0250,81.1570,80.6440,80.9220,62439
2021-02-10,80.9230,81.0970,80.7510,80.7510,67929
2021-02-11,80.7510,81.3710,80.6710,81.1860,74147
2021-02-12,81.1860,81.4840,81.0860,81.4320,71606
2021-02-15,81.3990,82.0520,81.3930,81.9690,59815
2021-02-16,81.9680,82.4130,81.8790,82.2300,100806
2021-02-17,82.2260,82.2920,81.7590,82.0340,119810
2021-02-18,82.0380,82.3010,81.8260,82.0890,109029
2021-02-19,82.0840,83.1560,81.9910,82.9490,103094
2021-02-22,82.9150,83.4330,82.9120,83.1410,115356
2021-02-23,83.1400,83.3640,82.9120,83.2580,112028
2021-02-24,83.2500,84.4190,83.1520,84.3550,139631
2021-02-25,84.3550,84.9510,83.5050,83.6220,179086
2021-02-26,83.6220,83.8200,81.9800,82.0740,225943
2021-03-01,82.0740,83.1290,82.0430,82.9500,142177
2021-03-02,82.9600,83.6340,82.6220,83.4100,131763
2021-03-03,83.4100,83.7530,83.1220,83.1650,107993
2021-03-04,83.1570,84.0370,83.0050,83.3890,146486
2021-03-05,83.3430,83.5900,82.7750,83.2560,122139
2021-03-08,83.2230,83.7410,82.9250,83.2510,164034
2021-03-09,83.2520,83.9120,83.0260,83.7080,148597
2021-03-10,83.7080,83.9210,83.4770,83.8210,138115
2021-03-11,83.8210,84.5340,83.7440,84.5000,119039
2021-03-12,84.4950,84.7770,84.2090,84.5850,121695
2021-03-15,84.5290,84.7290,84.1110,84.6050,102359
2021-03-16,84.6080,84.6640,84.1910,84.3780,95762
2021-03-17,84.3760,85.0070,84.1230,84.8550,103922
2021-03-18,84.8570,85.4460,84.3530,84.4870,134260
2021-03-19,84.4860,84.5830,84.1110,84.3340,124056
2021-03-22,83.8740,84.3770,83.7180,84.2870,92722
2021-03-23,84.2860,84.3050,82.6890,82.8640,104578
2021-03-24,82.8650,83.0370,82.2840,82.4300,108892
2021-03-25,82.4290,83.0620,82.4170,82.7570,121415
2021-03-26,82.7550,83.8070,82.7430,83.8060,91076
2021-03-29,83.7190,83.9320,83.3370,83.8100,96040
2021-03-30,83.8100,84.2840,83.6940,83.8240,92834
2021-03-31,83.8190,84.4750,83.7380,84.0600,57817
2021-04-01,84.0830,84.2720,83.4320,84.2240,55632
2021-04-02,84.2240,84.4830,84.0210,84.2020,36627
2021-04-05,84.0500,84.3860,84.0420,84.2920,58261
2021-04-06,84.2920,84.4620,83.7880,84.0890,89368
2021-04-07,84.0890,84.2430,83.4890,83.6200,101488
2021-04-08,83.6200,83.7840,83.2890,83.6110,86252
2021-04-09,83.6110,83.7880,83.0370,83.5470,89828
2021-04-12,83.3310,83.6860,83.1530,83.3650,83688
2021-04-13,83.3650,83.4640,83.0350,83.3300,94282
2021-04-14,83.2860,84.2860,83.1080,84.1380,77424
2021-04-15,84.1560,84.4120,83.8820,84.2980,67815
2021-04-16,84.2950,84.3760,84.0770,84.1340,57299
2021-04-19,83.9730,84.1470,83.7490,83.8780,67556
2021-04-20,83.8780,84.7160,83.3570,83.4830,70317
2021-04-21,83.4850,83.9230,83.2210,83.7580,62330
2021-04-22,83.7560,83.8600,83.1230,83.1790,61911
2021-04-23,83.1720,83.7420,83.0770,83.5890,55577
2021-04-26,83.4960,84.4980,83.4670,84.2910,53276
2021-04-27,84.2900,84.5090,84.0750,84.4390,49822
2021-04-28,84.4390,84.7530,84.1330,84.5910,58905
2021-04-29,84.5910,85.0060,84.3590,84.5890,52659
2021-04-30,84.5590,84.8500,84.1380,84.3100,55231
2021-05-03,84.3250,84.7470,84.2140,84.6400,45572
2021-05-04,84.6400,84.7330,83.9290,84.2540,67879
2021-05-05,84.2480,84.6890,84.2100,84.5660,49995
2021-05-06,84.5660,84.9300,84.2400,84.8870,66632
2021-05-07,84.8740,85.3140,84.7200,85.1840,63082
2021-05-10,85.2590,85.8020,85.1310,85.1420,56888
2021-05-11,85.1650,85.4430,84.8200,85.1550,78509
2021-05-12,85.1500,85.2590,84.5920,84.6760,78373
2021-05-13,84.6840,84.8840,84.2930,84.5720,75364
2021-05-14,84.5730,85.1690,84.4920,85.1110,60266
2021-05-17,84.8070,85.1390,84.4550,84.8340,54911
2021-05-18,84.8340,85.1470,84.6230,84.8290,52924
2021-05-19,84.8290,84.9550,84.0420,84.3820,79322
2021-05-20,84.3660,84.6490,84.2290,84.5340,60553
2021-05-21,84.5460,84.6530,84.1100,84.2100,55476
2021-05-24,84.0910,84.3810,83.9710,84.2830,49427
2021-05-25,84.2720,84.6640,84.2410,84.2850,61260
2021-05-26,84.2640,84.8010,84.2450,84.4990,60846
2021-05-27,84.4990,85.0670,84.3330,84.9950,63277
2021-05-28,84.9900,85.1510,84.5490,84.6830,64286
2021-05-31,84.5180,84.9060,84.5180,84.6950,39812
2021-06-01,84.6950,85.0520,84.6400,84.8510,55513
2021-06-02,84.8510,85.1910,84.7630,84.9160,52530
2021-06-03,84.9100,84.9890,84.3040,84.3630,62808
2021-06-04,84.3610,84.8440,84.3240,84.8030,54114
2021-06-07,84.6320,84.8770,84.5020,84.7030,44894
2021-06-08,84.6960,84.8520,84.6360,84.7340,55417
2021-06-09,84.7370,84.8340,84.6490,84.7170,43874
2021-06-10,84.7130,85.0170,84.6240,84.7200,59463
2021-06-11,84.7080,85.0520,84.3870,84.4830,57206
2021-06-14,84.4410,84.9390,84.4180,84.8650,46345
2021-06-15,84.8650,84.9290,84.5170,84.5750,51564
2021-06-16,84.5780,84.7540,84.0650,84.2250,66235
2021-06-17,84.2210,84.6230,83.0660,83.2200,86700
2021-06-18,83.2200,83.3800,82.4140,82.4210,73372
2021-06-21,82.3260,83.2420,82.1300,83.1710,86769
2021-06-22,83.0240,83.6540,82.7890,83.5740,67116
2021-06-23,83.5740,84.1440,83.4170,84.0200,68320
2021-06-24,84.0200,84.1660,83.8730,84.0540,65924
2021-06-25,84.0540,84.2550,84.0030,84.1060,59111
2021-06-28,83.7740,84.1600,83.5930,83.6980,56823
2021-06-29,83.6980,83.7240,82.9990,83.0280,64085
2021-06-30,82.9620,83.3500,82.8120,83.2950,68538
2021-07-01,83.2910,83.6550,83.1090,83.2950,64530
2021-07-02,83.2920,83.6380,83.0390,83.5480,61195
2021-07-05,83.3420,83.6140,83.3220,83.5230,55245
2021-07-06,83.4860,84.1930,82.7510,82.8940,73450
2021-07-07,82.8630,83.3450,82.6480,82.7680,73552
2021-07-08,82.7680,82.9050,81.3190,81.5520,100599
2021-07-09,81.4720,82.5440,81.3430,82.4550,80003
2021-07-12,82.2240,82.6700,82.0160,82.4560,55965
2021-07-13,82.4610,82.8180,82.0800,82.3570,63870
2021-07-14,82.3570,82.5270,82.1190,82.2180,67630
2021-07-15,82.2260,82.3320,81.4270,81.4880,68855
2021-07-16,81.4870,81.9450,81.3410,81.4070,62908
2021-07-19,81.3800,81.5960,80.0120,80.3560,88399
2021-07-20,80.3320,80.6010,79.8380,80.4930,71401
2021-07-21,80.4880,81.1920,80.0870,81.1290,61144
2021-07-22,81.1220,81.4750,80.8560,81.2270,59927
2021-07-23,81.2230,81.6560,81.0570,81.3890,50603
2021-07-26,81.2670,81.5150,80.7690,81.4600,58510
2021-07-27,81.4400,81.5070,80.6360,80.7470,65980
2021-07-28,80.7590,81.1420,80.5470,81.0560,73131
2021-07-29,81.0470,81.3550,80.7510,80.9290,59826
2021-07-30,80.9170,81.0790,80.4510,80.5610,60642
2021-08-02,80.3590,80.7610,80.3010,80.4630,50843
2021-08-03,80.4380,80.9120,80.1540,80.6190,58485
2021-08-04,80.6050,81.0340,80.5190,80.7750,56394
2021-08-05,80.7720,81.3520,80.7220,81.2130,49892
2021-08-06,81.2250,81.3960,81.0130,81.0450,48597
2021-08-09,80.9720,81.0960,80.8150,80.8270,44780
2021-08-10,80.8500,81.3210,80.7070,81.2270,44069
2021-08-11,81.2280,81.5790,81.1080,81.4150,47477
2021-08-12,81.3710,81.4600,80.9480,80.9630,36031
2021-08-13,80.9010,81.1040,80.7450,80.7560,35722
2021-08-16,80.6330,80.8750,79.8900,80.1000,43970
2021-08-17,80.0880,80.2470,79.3320,79.4270,53158
2021-08-18,79.4320,79.7710,79.2450,79.4060,51955
2021-08-19,79.3630,79.5450,78.2430,78.3910,71997
2021-08-20,78.3750,78.6310,77.8940,78.3960,56007
2021-08-23,78.0890,79.1850,78.0890,79.0490,52094
2021-08-24,79.0360,79.7440,79.0100,79.5720,45326
2021-08-25,79.4940,80.0980,79.3920,80.0540,44905
2021-08-26,79.9960,80.0900,79.5900,79.6480,54154
2021-08-27,79.6500,80.3490,79.4140,80.3020,50603
2021-08-30,80.2270,80.3780,79.9750,80.1820,33624
2021-08-31,80.1780,80.6400,80.0710,80.4640,57394
2021-09-01,80.4500,81.2270,80.3670,81.0320,51390
2021-09-02,81.0320,81.5220,80.8820,81.3460,42962
2021-09-03,81.3270,82.0240,81.2500,81.7210,55536
2021-09-06,81.6690,81.8300,81.5420,81.7180,46783
2021-09-07,81.6800,81.9870,81.2830,81.4470,58959
2021-09-08,81.3840,81.6460,80.9690,81.1780,85712
2021-09-09,81.1600,81.2450,80.7770,80.8250,86967
2021-09-10,80.7900,81.4290,80.7270,80.8030,68797
2021-09-13,80.7090,81.1280,80.6670,81.0360,71589
2021-09-14,81.0000,81.1450,80.1690,80.2850,53952
2021-09-15,80.2450,80.3440,79.8260,80.1810,48611
2021-09-16,80.1700,80.3640,79.7450,79.9690,46713
2021-09-17,79.9820,80.5030,79.8490,79.8790,49059
2021-09-20,79.7920,79.9610,79.0460,79.3660,65383
2021-09-21,79.0970,79.8290,78.8560,78.9690,65571
2021-09-22,78.9450,79.9420,78.8420,79.5730,74195
2021-09-23,79.5730,80.5940,79.3510,80.4610,55002
2021-09-24,80.4380,80.7670,80.0030,80.3990,54297
2021-09-27,80.2300,80.9590,80.1910,80.8710,49659
2021-09-28,80.8150,81.3100,80.4840,80.6550,81460
2021-09-29,80.6550,80.9270,80.1790,80.3180,69554
2021-09-30,80.3170,80.9040,80.2620,80.4200,75942
2021-10-01,80.3850,80.8100,79.8960,80.6450,85493
2021-10-04,80.5520,81.1770,80.4670,80.7650,72751
2021-10-05,80.7520,81.3440,80.5480,81.2580,63774
2021-10-06,81.2440,81.4020,80.5700,81.0010,81800
2021-10-07,80.9920,81.6720,80.9620,81.6000,55560
2021-10-08,81.5870,82.0730,81.5150,82.0150,66478
2021-10-11,81.9250,83.5560,81.8520,83.2420,54751
2021-10-12,83.2130,83.7990,83.0080,83.4840,68466
2021-10-13,83.4520,83.7100,83.1150,83.5440,64615
2021-10-14,83.5330,84.4000,83.4760,84.2890,47240
2021-10-15,84.2770,84.9250,84.2220,84.7640,57559
2021-10-18,84.6970,85.0130,84.2710,84.7120,62039
2021-10-19,84.6960,85.5380,84.6540,85.4550,53020
2021-10-20,85.4190,85.9650,85.3510,85.8490,54519
2021-10-21,85.8490,86.2520,84.8860,85.0910,64200
2021-10-22,85.0700,85.5420,84.6030,84.7310,65976
2021-10-25,84.7580,85.3040,84.6700,85.1730,51247
2021-10-26,85.1310,85.9220,85.0890,85.6090,47273
2021-10-27,85.5650,86.0570,85.0430,85.5520,66874
2021-10-28,85.5040,85.7030,85.1090,85.6610,72899
2021-10-29,85.6560,85.8730,85.3190,85.7010,69926
2021-11-01,85.6650,86.0570,85.6060,85.7470,55750
2021-11-02,85.7400,85.9090,84.4930,84.6730,62861
2021-11-03,84.6420,84.9820,84.4970,84.9130,63035
2021-11-04,84.9060,85.2070,83.8950,84.1750,64888
2021-11-05,84.1760,84.3430,83.8160,83.9280,62749
2021-11-08,83.7690,84.1750,83.7680,84.0310,47576
2021-11-09,84.0280,84.0640,83.1140,83.2510,63762
2021-11-10,83.2370,83.9560,82.9940,83.4350,69556
2021-11-11,83.3950,83.6610,83.1150,83.1560,54747
2021-11-12,83.1560,83.5550,83.0830,83.4970,52843
2021-11-15,83.4170,83.9280,83.4170,83.8270,45070
2021-11-16,83.8190,84.1600,83.6920,83.8380,59930
2021-11-17,83.8260,83.9120,82.8160,82.8910,65087
2021-11-18,82.8710,83.2570,82.6810,83.1250,55943
2021-11-19,83.1080,83.3570,82.1540,82.4780,75345
2021-11-22,82.4110,83.2110,82.2970,82.9770,66365
2021-11-23,82.9730,83.2500,82.6530,83.2050,74219
2021-11-24,83.1860,83.2360,82.7390,83.0440,72133
2021-11-25,83.0070,83.1960,82.7940,82.9310,52569
2021-11-26,82.8880,82.9320,80.4740,80.7240,133592
2021-11-29,81.0530,81.4080,80.6300,81.0780,94899
2021-11-30,81.0730,81.3900,80.1090,80.6390,122331
2021-12-01,80.6230,81.4780,80.0320,80.1090,100307
2021-12-02,80.0910,80.5600,79.9080,80.2670,98443
2021-12-03,80.0580,80.3480,78.7830,78.9690,94942
2021-12-06,78.9550,80.0550,78.9160,79.9840,75798
2021-12-07,79.9600,80.9270,79.8530,80.8310,64567
2021-12-08,80.7990,81.7140,80.6710,81.5200,77618
2021-12-09,81.4460,81.6670,80.9190,81.1030,57192
2021-12-10,81.1280,81.5530,80.8210,81.3040,58112
2021-12-13,81.1810,81.4870,80.6990,80.9680,52939
2021-12-14,81.0130,81.1490,80.4770,80.7750,54736
2021-12-15,80.7330,81.8530,80.6330,81.7560,68556
2021-12-16,81.7300,82.4340,81.4170,81.6180,75070
2021-12-17,81.5800,81.7460,80.9320,81.0200,71698
2021-12-20,80.9290,81.0770,80.2680,80.7840,74388
2021-12-21,80.7740,81.6640,80.6220,81.6090,50244
2021-12-22,81.6040,82.4710,81.2600,82.2850,49313
2021-12-23,82.2720,82.9800,82.1000,82.8360,39891
2021-12-24,82.8100,82.8730,82.5380,82.5800,48665
2021-12-27,82.5440,83.2270,82.5440,83.1270,33383
2021-12-28,83.0900,83.4340,82.8660,82.9780,35003
2021-12-29,82.9340,83.4920,82.7890,83.3290,32923
2021-12-30,83.2630,83.7600,83.2030,83.4090,38544
2021-12-31,83.4090,83.7420,83.3160,83.6170,36532
2022-01-03,83.4780,83.8610,82.8230,82.9100,42930
2022-01-04,82.8780,84.1710,82.8130,84.0670,53052
2022-01-05,84.0520,84.2910,83.7560,83.8400,56270
2022-01-06,83.8340,83.8830,82.6820,82.9290,67617
2022-01-07,82.9210,83.2170,82.6260,82.9740,56140
2022-01-10,82.7860,83.3590,82.3260,82.6040,63095
2022-01-11,82.6320,83.2180,82.4150,83.1150,62323
2022-01-12,83.1110,83.6750,83.0320,83.4910,62774
2022-01-13,83.4770,83.7450,82.9960,83.1530,60337
2022-01-14,83.1150,83.1580,82.0870,82.4070,82042
2022-01-17,82.2930,82.7610,82.2550,82.6290,46942
2022-01-18,82.6270,82.9590,82.1580,82.3280,84070
2022-01-19,82.2920,82.7950,82.0770,82.4270,78697
2022-01-20,82.4090,82.9710,82.3850,82.4410,77219
2022-01-21,82.4140,82.4790,81.4880,81.5710,100838
2022-01-24,81.4910,81.8280,80.6950,81.4120,110628
2022-01-25,81.4110,81.7810,81.0410,81.4230,104780
2022-01-26,81.3660,82.1490,81.2130,81.5670,98323
2022-01-27,81.5490,81.7550,80.9110,81.1200,114156
2022-01-28,81.0980,81.3350,80.3600,80.6100,103981
2022-01-31,80.5560,81.6280,80.5030,81.3300,82805
2022-02-01,81.2770,81.7820,80.8990,81.7260,83662
2022-02-02,81.7110,81.9880,81.3810,81.6740,72486
2022-02-03,81.6470,82.2830,81.3820,82.0730,86572
2022-02-04,82.0480,82.2190,81.2940,81.5170,91977
2022-02-07,81.5330,82.0480,81.4100,81.9960,73694
2022-02-08,81.9860,82.5750,81.7500,82.5510,70640
2022-02-09,82.5370,83.0520,82.4590,82.9140,61632
2022-02-10,82.8890,83.9860,82.7280,83.1390,94103
2022-02-11,83.1090,83.2510,81.9730,82.3640,114878
2022-02-14,82.2080,82.6410,81.5450,82.3350,125656
2022-02-15,82.3150,82.7250,81.8870,82.6590,93979
2022-02-16,82.6530,83.1700,82.5510,83.0820,83412
2022-02-17,83.0540,83.3360,82.3280,82.5820,114085
2022-02-18,82.5750,83.3290,82.4200,82.5530,95248
2022-02-21,82.4350,83.0520,82.3360,82.4830,80847
2022-02-22,82.4720,83.1840,82.1160,83.0640,125306
2022-02-23,83.0420,83.8300,82.9990,83.1740,81740
2022-02-24,83.1500,83.1670,82.0100,82.7330,199119
2022-02-25,82.7010,83.6140,82.4320,83.5400,133767
2022-02-28,82.5700,83.7040,82.5610,83.4990,138858
2022-03-01,83.4700,83.8580,83.0970,83.3170,109299
2022-03-02,83.2720,84.4370,83.2500,84.2840,114508
2022-03-03,84.2530,84.9320,84.1200,84.6050,96976
2022-03-04,84.5890,85.1420,84.1530,84.6840,128532
