time,open,high,low,close,volume
2012-12-04,1.0421,1.0484,1.0409,1.0466,75687
2012-12-05,1.0465,1.0483,1.0441,1.0451,46753
2012-12-06,1.0451,1.0515,1.0440,1.0470,74430
2012-12-07,1.0470,1.0496,1.0459,1.0485,64927
2012-12-10,1.0486,1.0505,1.0464,1.0485,58746
2012-12-11,1.0485,1.0539,1.0460,1.0535,61953
2012-12-12,1.0535,1.0585,1.0522,1.0549,67980
2012-12-13,1.0549,1.0563,1.0507,1.0524,66566
2012-12-14,1.0524,1.0577,1.0509,1.0565,66572
2012-12-17,1.0567,1.0567,1.0525,1.0545,59732
2012-12-18,1.0545,1.0556,1.0515,1.0517,61932
2012-12-19,1.0517,1.0532,1.0472,1.0475,71247
2012-12-20,1.0475,1.0499,1.0461,1.0476,70161
2012-12-21,1.0476,1.0482,1.0393,1.0396,72405
2012-12-24,1.0406,1.0415,1.0357,1.0365,45955
2012-12-26,1.0363,1.0385,1.0344,1.0371,41677
2012-12-27,1.0371,1.0388,1.0345,1.0364,68195
2012-12-28,1.0364,1.0396,1.0360,1.0371,62692
2012-12-31,1.0374,1.0407,1.0364,1.0382,52402
2013-01-01,1.0395,1.0403,1.0377,1.0378,1195
2013-01-02,1.0378,1.0523,1.0374,1.0501,88488
2013-01-03,1.0502,1.0527,1.0456,1.0458,75286
2013-01-04,1.0458,1.0486,1.0394,1.0478,78871
2013-01-07,1.0509,1.0511,1.0467,1.0506,75232
2013-01-08,1.0506,1.0515,1.0469,1.0503,75934
2013-01-09,1.0503,1.0535,1.0486,1.0506,77999
2013-01-10,1.0506,1.0597,1.0493,1.0591,82311
2013-01-11,1.0591,1.0594,1.0529,1.0533,78276
2013-01-14,1.0531,1.0577,1.0521,1.0557,75193
2013-01-15,1.0557,1.0569,1.0525,1.0559,81600
2013-01-16,1.0559,1.0579,1.0531,1.0562,81996
2013-01-17,1.0562,1.0566,1.0494,1.0542,88605
2013-01-18,1.0542,1.0556,1.0485,1.0508,80886
2013-01-21,1.0501,1.0525,1.0492,1.0512,58610
2013-01-22,1.0512,1.0578,1.0503,1.0559,82958
2013-01-23,1.0559,1.0567,1.0526,1.0533,76560
2013-01-24,1.0533,1.0547,1.0443,1.0452,84805
2013-01-25,1.0452,1.0468,1.0401,1.0422,81562
2013-01-28,1.0415,1.0429,1.0384,1.0405,76919
2013-01-29,1.0405,1.0474,1.0405,1.0466,79131
2013-01-30,1.0466,1.0475,1.0398,1.0415,79420
2013-01-31,1.0415,1.0451,1.0379,1.0431,80335
2013-02-01,1.0431,1.0444,1.0360,1.0405,81666
2013-02-04,1.0416,1.0441,1.0408,1.0433,74642
2013-02-05,1.0433,1.0456,1.0370,1.0385,82564
2013-02-06,1.0385,1.0399,1.0295,1.0308,82040
2013-02-07,1.0308,1.0338,1.0273,1.0285,84195
2013-02-08,1.0285,1.0347,1.0254,1.0317,76076
2013-02-11,1.0308,1.0324,1.0249,1.0259,68412
2013-02-12,1.0259,1.0321,1.0226,1.0310,78014
2013-02-13,1.0310,1.0370,1.0304,1.0357,77067
2013-02-14,1.0357,1.0371,1.0326,1.0362,79138
2013-02-15,1.0362,1.0373,1.0287,1.0303,74116
2013-02-18,1.0287,1.0315,1.0274,1.0301,59629
2013-02-19,1.0301,1.0366,1.0300,1.0353,70692
2013-02-20,1.0353,1.0367,1.0236,1.0258,78615
2013-02-21,1.0258,1.0306,1.0220,1.0290,83876
2013-02-22,1.0290,1.0340,1.0269,1.0318,75776
2013-02-25,1.0294,1.0328,1.0247,1.0261,94075
2013-02-26,1.0261,1.0291,1.0200,1.0222,98982
2013-02-27,1.0222,1.0244,1.0182,1.0218,93711
2013-02-28,1.0218,1.0289,1.0198,1.0219,83637
2013-03-01,1.0219,1.0241,1.0182,1.0202,79876
2013-03-04,1.0199,1.0204,1.0112,1.0191,12229
2013-03-05,1.0191,1.0262,1.0191,1.0255,13095
2013-03-06,1.0255,1.0299,1.0225,1.0226,20539
2013-03-07,1.0225,1.0289,1.0218,1.0270,30250
2013-03-08,1.0270,1.0280,1.0211,1.0232,26029
2013-03-11,1.0204,1.0285,1.0204,1.0273,24547
2013-03-12,1.0273,1.0335,1.0266,1.0315,33948
2013-03-13,1.0315,1.0333,1.0282,1.0289,34900
2013-03-14,1.0289,1.0401,1.0288,1.0376,39405
2013-03-15,1.0376,1.0413,1.0361,1.0407,31270
2013-03-18,1.0358,1.0409,1.0344,1.0392,34435
2013-03-19,1.0392,1.0405,1.0351,1.0368,35076
2013-03-20,1.0368,1.0405,1.0355,1.0371,32481
2013-03-21,1.0371,1.0458,1.0363,1.0433,35090
2013-03-22,1.0433,1.0459,1.0421,1.0442,26173
2013-03-25,1.0446,1.0479,1.0433,1.0463,33301
2013-03-26,1.0464,1.0496,1.0447,1.0480,29670
2013-03-27,1.0480,1.0482,1.0417,1.0443,30711
2013-03-28,1.0443,1.0457,1.0396,1.0412,30604
2013-03-29,1.0411,1.0427,1.0397,1.0416,15305
2013-04-01,1.0412,1.0431,1.0386,1.0424,17130
2013-04-02,1.0424,1.0479,1.0424,1.0454,26722
2013-04-03,1.0453,1.0497,1.0446,1.0458,26508
2013-04-04,1.0458,1.0489,1.0385,1.0428,36230
2013-04-05,1.0428,1.0438,1.0355,1.0381,34528
2013-04-08,1.0370,1.0423,1.0347,1.0414,32266
2013-04-09,1.0414,1.0509,1.0405,1.0489,34957
2013-04-10,1.0488,1.0552,1.0474,1.0541,33621
2013-04-11,1.0541,1.0582,1.0499,1.0540,34583
2013-04-12,1.0539,1.0561,1.0479,1.0503,34374
2013-04-15,1.0496,1.0523,1.0290,1.0314,52644
2013-04-16,1.0314,1.0397,1.0308,1.0383,52210
2013-04-17,1.0383,1.0394,1.0276,1.0308,51588
2013-04-18,1.0307,1.0337,1.0269,1.0304,51059
2013-04-19,1.0304,1.0358,1.0273,1.0275,44248
2013-04-22,1.0274,1.0307,1.0235,1.0270,39807
2013-04-23,1.0270,1.0272,1.0221,1.0272,43068
2013-04-24,1.0272,1.0295,1.0231,1.0279,40906
2013-04-25,1.0279,1.0339,1.0271,1.0293,34088
2013-04-26,1.0293,1.0336,1.0262,1.0276,39574
2013-04-29,1.0287,1.0357,1.0272,1.0344,27625
2013-04-30,1.0345,1.0384,1.0329,1.0366,34385
2013-05-01,1.0366,1.0382,1.0265,1.0279,32792
2013-05-02,1.0279,1.0284,1.0222,1.0247,38110
2013-05-03,1.0247,1.0322,1.0242,1.0316,31912
2013-05-06,1.0306,1.0306,1.0222,1.0251,26660
2013-05-07,1.0252,1.0253,1.0155,1.0183,35932
2013-05-08,1.0183,1.0208,1.0154,1.0176,33777
2013-05-09,1.0176,1.0254,1.0046,1.0090,42363
2013-05-10,1.0090,1.0095,0.9961,1.0021,49237
2013-05-13,1.0007,1.0010,0.9940,0.9953,44213
2013-05-14,0.9953,1.0003,0.9877,0.9896,45124
2013-05-15,0.9896,0.9919,0.9853,0.9888,45724
2013-05-16,0.9889,0.9913,0.9797,0.9820,49699
2013-05-17,0.9820,0.9830,0.9711,0.9726,45298
2013-05-20,0.9757,0.9827,0.9737,0.9807,41919
2013-05-21,0.9807,0.9842,0.9751,0.9802,49207
2013-05-22,0.9800,0.9827,0.9661,0.9689,55427
2013-05-23,0.9690,0.9778,0.9593,0.9738,76544
2013-05-24,0.9739,0.9741,0.9634,0.9645,58968
2013-05-27,0.9651,0.9665,0.9615,0.9635,37189
2013-05-28,0.9635,0.9696,0.9596,0.9607,62538
2013-05-29,0.9607,0.9670,0.9528,0.9633,67385
2013-05-30,0.9633,0.9697,0.9583,0.9659,69129
2013-05-31,0.9660,0.9685,0.9548,0.9568,67084
2013-06-03,0.9603,0.9792,0.9590,0.9769,63509
2013-06-04,0.9769,0.9769,0.9610,0.9649,66245
2013-06-05,0.9649,0.9657,0.9511,0.9533,67643
2013-06-06,0.9540,0.9672,0.9434,0.9595,84947
2013-06-07,0.9596,0.9596,0.9427,0.9495,85274
2013-06-10,0.9404,0.9480,0.9393,0.9462,72521
2013-06-11,0.9463,0.9470,0.9326,0.9425,88543
2013-06-12,0.9425,0.9563,0.9415,0.9481,80043
2013-06-13,0.9481,0.9657,0.9428,0.9638,84805
2013-06-14,0.9653,0.9655,0.9567,0.9569,69411
2013-06-17,0.9570,0.9641,0.9509,0.9548,53421
2013-06-18,0.9549,0.9574,0.9440,0.9484,59747
2013-06-19,0.9484,0.9556,0.9261,0.9279,64660
2013-06-20,0.9279,0.9313,0.9163,0.9204,87783
2013-06-21,0.9205,0.9259,0.9182,0.9216,73309
2013-06-24,0.9232,0.9299,0.9148,0.9251,78676
2013-06-25,0.9251,0.9297,0.9196,0.9258,70913
2013-06-26,0.9258,0.9344,0.9235,0.9278,66692
2013-06-27,0.9276,0.9338,0.9261,0.9274,72345
2013-06-28,0.9274,0.9285,0.9113,0.9134,77868
2013-07-01,0.9131,0.9253,0.9121,0.9233,56312
2013-07-02,0.9233,0.9250,0.9130,0.9146,66143
2013-07-03,0.9146,0.9190,0.9037,0.9083,72143
2013-07-04,0.9084,0.9181,0.9073,0.9140,57674
2013-07-05,0.9140,0.9180,0.9048,0.9059,58341
2013-07-08,0.9053,0.9145,0.9042,0.9130,46335
2013-07-09,0.9130,0.9201,0.9083,0.9173,60733
2013-07-10,0.9173,0.9237,0.9093,0.9223,69730
2013-07-11,0.9222,0.9305,0.9119,0.9176,79331
2013-07-12,0.9176,0.9188,0.9000,0.9046,55617
2013-07-15,0.9079,0.9122,0.9035,0.9105,53420
2013-07-16,0.9105,0.9261,0.9086,0.9240,59605
2013-07-17,0.9240,0.9292,0.9191,0.9235,59677
2013-07-18,0.9235,0.9242,0.9138,0.9170,55447
2013-07-19,0.9170,0.9235,0.9155,0.9170,51650
2013-07-22,0.9176,0.9270,0.9173,0.9244,48303
2013-07-23,0.9245,0.9299,0.9222,0.9289,60310
2013-07-24,0.9289,0.9318,0.9132,0.9164,68933
2013-07-25,0.9165,0.9281,0.9128,0.9236,68090
2013-07-26,0.9236,0.9295,0.9227,0.9260,59786
2013-07-29,0.9258,0.9287,0.9188,0.9207,59072
2013-07-30,0.9207,0.9207,0.9044,0.9067,57827
2013-07-31,0.9067,0.9076,0.8926,0.8941,67785
2013-08-01,0.8941,0.8993,0.8907,0.8934,58446
2013-08-02,0.8934,0.8969,0.8870,0.8901,58943
2013-08-05,0.8909,0.8942,0.8848,0.8931,51509
2013-08-06,0.8931,0.9005,0.8906,0.8980,57849
2013-08-07,0.8980,0.9025,0.8919,0.8993,57223
2013-08-08,0.8993,0.9134,0.8972,0.9101,62509
2013-08-09,0.9101,0.9214,0.9086,0.9197,52649
2013-08-12,0.9179,0.9221,0.9134,0.9138,48894
2013-08-13,0.9139,0.9148,0.9073,0.9099,56788
2013-08-14,0.9099,0.9160,0.9081,0.9124,50965
2013-08-15,0.9124,0.9190,0.9059,0.9138,67373
2013-08-16,0.9139,0.9215,0.9124,0.9182,56244
2013-08-19,0.9187,0.9233,0.9103,0.9117,56643
2013-08-20,0.9118,0.9132,0.9027,0.9067,61285
2013-08-21,0.9067,0.9069,0.8965,0.8975,64681
2013-08-22,0.8977,0.9043,0.8932,0.9013,59930
2013-08-23,0.9014,0.9050,0.8971,0.9021,50566
2013-08-26,0.9025,0.9069,0.9003,0.9027,41288
2013-08-27,0.9027,0.9031,0.8933,0.8977,56396
2013-08-28,0.8978,0.8984,0.8892,0.8938,58926
2013-08-29,0.8939,0.8978,0.8903,0.8921,51279
2013-08-30,0.8921,0.8958,0.8892,0.8897,46771
2013-09-02,0.8931,0.9014,0.8923,0.8992,42180
2013-09-03,0.8991,0.9072,0.8972,0.9056,51751
2013-09-04,0.9056,0.9187,0.9037,0.9161,50180
2013-09-05,0.9162,0.9188,0.9115,0.9130,46283
2013-09-06,0.9129,0.9217,0.9116,0.9180,38483
2013-09-09,0.9199,0.9242,0.9167,0.9227,38037
2013-09-10,0.9227,0.9319,0.9217,0.9310,46279
2013-09-11,0.9312,0.9338,0.9276,0.9322,42924
2013-09-12,0.9323,0.9354,0.9228,0.9263,45999
2013-09-13,0.9263,0.9271,0.9223,0.9242,39270
2013-09-16,0.9346,0.9387,0.9305,0.9319,41303
2013-09-17,0.9319,0.9366,0.9285,0.9355,38447
2013-09-18,0.9355,0.9528,0.9336,0.9496,41857
2013-09-19,0.9495,0.9524,0.9427,0.9441,47034
2013-09-20,0.9441,0.9458,0.9377,0.9392,37154
2013-09-23,0.9376,0.9457,0.9373,0.9424,38405
2013-09-24,0.9424,0.9428,0.9364,0.9386,36277
2013-09-25,0.9386,0.9393,0.9338,0.9361,37013
2013-09-26,0.9361,0.9401,0.9340,0.9364,35864
2013-09-27,0.9364,0.9375,0.9297,0.9313,35180
2013-09-30,0.9306,0.9354,0.9281,0.9322,40182
2013-10-01,0.9323,0.9435,0.9288,0.9394,45529
2013-10-02,0.9395,0.9408,0.9333,0.9385,41374
2013-10-03,0.9385,0.9415,0.9367,0.9393,40271
2013-10-04,0.9393,0.9458,0.9388,0.9435,36400
2013-10-07,0.9429,0.9449,0.9388,0.9424,35281
2013-10-08,0.9424,0.9484,0.9412,0.9419,39481
2013-10-09,0.9419,0.9464,0.9413,0.9447,40953
2013-10-10,0.9448,0.9472,0.9389,0.9461,40992
2013-10-11,0.9461,0.9484,0.9435,0.9465,36708
2013-10-14,0.9434,0.9507,0.9432,0.9491,32205
2013-10-15,0.9491,0.9547,0.9478,0.9531,42178
2013-10-16,0.9531,0.9568,0.9499,0.9558,42504
2013-10-17,0.9558,0.9647,0.9527,0.9626,45210
2013-10-18,0.9627,0.9678,0.9604,0.9675,38471
2013-10-21,0.9666,0.9679,0.9642,0.9651,33771
2013-10-22,0.9652,0.9730,0.9643,0.9707,35903
2013-10-23,0.9707,0.9757,0.9607,0.9614,48525
2013-10-24,0.9615,0.9670,0.9572,0.9615,44413
2013-10-25,0.9615,0.9624,0.9572,0.9581,38858
2013-10-28,0.9587,0.9622,0.9535,0.9537,36171
2013-10-29,0.9537,0.9547,0.9472,0.9481,45639
2013-10-30,0.9481,0.9516,0.9441,0.9463,41928
2013-10-31,0.9463,0.9525,0.9442,0.9461,46328
2013-11-01,0.9461,0.9489,0.9421,0.9436,39039
2013-11-04,0.9448,0.9514,0.9444,0.9507,29668
2013-11-05,0.9507,0.9537,0.9463,0.9498,43603
2013-11-06,0.9498,0.9542,0.9486,0.9520,36337
2013-11-07,0.9520,0.9527,0.9439,0.9455,48563
2013-11-08,0.9455,0.9481,0.9352,0.9385,45675
2013-11-11,0.9380,0.9390,0.9344,0.9353,33372
2013-11-12,0.9353,0.9368,0.9276,0.9297,42868
2013-11-13,0.9297,0.9373,0.9278,0.9348,42302
2013-11-14,0.9348,0.9386,0.9281,0.9310,44922
2013-11-15,0.9311,0.9374,0.9305,0.9366,35753
2013-11-18,0.9372,0.9418,0.9358,0.9370,37691
2013-11-19,0.9370,0.9447,0.9352,0.9428,42143
2013-11-20,0.9427,0.9447,0.9316,0.9325,46790
2013-11-21,0.9325,0.9334,0.9198,0.9229,49898
2013-11-22,0.9229,0.9249,0.9143,0.9166,42190
2013-11-25,0.9167,0.9192,0.9120,0.9178,32606
2013-11-26,0.9178,0.9204,0.9088,0.9125,36179
2013-11-27,0.9125,0.9137,0.9065,0.9076,36975
2013-11-28,0.9076,0.9149,0.9075,0.9092,37068
2013-11-29,0.9092,0.9141,0.9055,0.9107,42892
2013-12-02,0.9117,0.9168,0.9089,0.9105,44173
2013-12-03,0.9105,0.9146,0.9057,0.9130,46615
2013-12-04,0.9131,0.9140,0.8998,0.9030,52986
2013-12-05,0.9030,0.9077,0.9003,0.9060,50317
2013-12-06,0.9061,0.9117,0.8990,0.9099,46863
2013-12-09,0.9113,0.9129,0.9070,0.9075,43316
2013-12-10,0.9075,0.9167,0.9075,0.9140,42599
2013-12-11,0.9140,0.9152,0.9035,0.9037,42895
2013-12-12,0.9037,0.9080,0.8913,0.8922,51526
2013-12-13,0.8923,0.8969,0.8909,0.8963,41078
2013-12-16,0.8948,0.8969,0.8921,0.8937,40451
2013-12-17,0.8938,0.8958,0.8882,0.8917,42240
2013-12-18,0.8917,0.8944,0.8822,0.8836,47277
2013-12-19,0.8836,0.8875,0.8823,0.8856,46694
2013-12-20,0.8856,0.8933,0.8855,0.8917,42203
2013-12-23,0.8920,0.8958,0.8918,0.8923,32280
2013-12-24,0.8923,0.8934,0.8906,0.8923,24065
2013-12-26,0.8883,0.8903,0.8875,0.8877,15256
2013-12-27,0.8879,0.8929,0.8862,0.8867,39751
2013-12-30,0.8846,0.8929,0.8833,0.8902,40641
2013-12-31,0.8902,0.8952,0.8902,0.8925,30452
2014-01-01,0.8882,0.8895,0.8882,0.8890,2160
2014-01-02,0.8890,0.8943,0.8843,0.8904,52943
2014-01-03,0.8904,0.9004,0.8885,0.8943,53171
2014-01-06,0.8949,0.8982,0.8935,0.8965,49455
2014-01-07,0.8965,0.8971,0.8893,0.8910,45668
2014-01-08,0.8911,0.8952,0.8884,0.8888,44582
2014-01-09,0.8888,0.8912,0.8865,0.8891,41991
2014-01-10,0.8891,0.9005,0.8875,0.8994,43910
2014-01-13,0.8989,0.9086,0.8985,0.9054,47661
2014-01-14,0.9054,0.9056,0.8951,0.8954,43946
2014-01-15,0.8954,0.8970,0.8887,0.8905,43718
2014-01-16,0.8904,0.8909,0.8776,0.8815,45691
2014-01-17,0.8815,0.8827,0.8763,0.8777,36179
2014-01-20,0.8774,0.8825,0.8756,0.8813,29933
2014-01-21,0.8813,0.8837,0.8775,0.8800,39550
2014-01-22,0.8800,0.8887,0.8787,0.8844,41075
2014-01-23,0.8844,0.8850,0.8731,0.8755,50337
2014-01-24,0.8754,0.8775,0.8660,0.8679,51320
2014-01-27,0.8693,0.8759,0.8677,0.8732,44815
2014-01-28,0.8732,0.8820,0.8726,0.8791,44206
2014-01-29,0.8790,0.8825,0.8724,0.8735,48843
2014-01-30,0.8735,0.8800,0.8710,0.8786,43121
2014-01-31,0.8786,0.8823,0.8694,0.8753,44705
2014-02-03,0.8763,0.8833,0.8738,0.8749,42967
2014-02-04,0.8749,0.8941,0.8730,0.8915,52394
2014-02-05,0.8916,0.8938,0.8873,0.8921,53300
2014-02-06,0.8922,0.8980,0.8919,0.8949,51458
2014-02-07,0.8949,0.8998,0.8922,0.8958,50105
2014-02-10,0.8952,0.8958,0.8907,0.8942,29452
2014-02-11,0.8942,0.9047,0.8942,0.9031,37783
2014-02-12,0.9031,0.9067,0.9007,0.9014,35113
2014-02-13,0.9014,0.9031,0.8927,0.8972,37436
2014-02-14,0.8972,0.9043,0.8971,0.9031,34883
2014-02-17,0.9050,0.9069,0.9023,0.9034,28343
2014-02-18,0.9035,0.9080,0.9001,0.9019,39168
2014-02-19,0.9019,0.9044,0.8990,0.8998,37728
2014-02-20,0.8998,0.9021,0.8937,0.9008,41443
2014-02-21,0.9008,0.9015,0.8952,0.8976,34455
2014-02-24,0.8970,0.9049,0.8938,0.9035,36966
2014-02-25,0.9035,0.9044,0.9004,0.9015,35796
2014-02-26,0.9015,0.9025,0.8944,0.8957,38188
2014-02-27,0.8957,0.8971,0.8904,0.8962,39919
2014-02-28,0.8963,0.8989,0.8916,0.8924,37515
2014-03-03,0.8909,0.8946,0.8890,0.8930,36521
2014-03-04,0.8930,0.8969,0.8910,0.8953,36413
2014-03-05,0.8953,0.8996,0.8936,0.8981,34654
2014-03-06,0.8981,0.9112,0.8973,0.9081,39466
2014-03-07,0.9080,0.9133,0.9061,0.9067,42358
2014-03-10,0.9055,0.9063,0.9012,0.9025,55999
2014-03-11,0.9025,0.9050,0.8961,0.8968,64758
2014-03-12,0.8968,0.8996,0.8924,0.8992,74051
2014-03-13,0.8992,0.9103,0.8990,0.9039,87892
2014-03-14,0.9039,0.9049,0.8996,0.9029,68363
2014-03-17,0.9014,0.9098,0.9009,0.9082,62527
2014-03-18,0.9082,0.9138,0.9064,0.9131,68800
2014-03-19,0.9131,0.9136,0.9020,0.9030,73667
2014-03-20,0.9031,0.9052,0.8995,0.9035,68546
2014-03-21,0.9035,0.9100,0.9032,0.9079,56013
2014-03-24,0.9096,0.9149,0.9048,0.9130,66985
2014-03-25,0.9130,0.9174,0.9119,0.9160,61736
2014-03-26,0.9160,0.9245,0.9154,0.9219,73383
2014-03-27,0.9219,0.9271,0.9214,0.9258,70756
2014-03-28,0.9258,0.9295,0.9237,0.9247,63173
2014-03-31,0.9249,0.9278,0.9218,0.9266,69623
2014-04-01,0.9266,0.9304,0.9230,0.9238,63890
2014-04-02,0.9238,0.9263,0.9222,0.9251,62201
2014-04-03,0.9251,0.9252,0.9205,0.9228,65929
2014-04-04,0.9229,0.9307,0.9228,0.9290,67094
2014-04-07,0.9283,0.9295,0.9254,0.9266,49599
2014-04-08,0.9267,0.9366,0.9262,0.9356,70574
2014-04-09,0.9356,0.9399,0.9335,0.9382,83019
2014-04-10,0.9382,0.9461,0.9370,0.9411,51850
2014-04-11,0.9411,0.9426,0.9363,0.9393,46762
2014-04-14,0.9391,0.9425,0.9376,0.9416,45057
2014-04-15,0.9416,0.9423,0.9336,0.9356,49611
2014-04-16,0.9356,0.9388,0.9332,0.9369,50424
2014-04-17,0.9369,0.9390,0.9321,0.9328,40897
2014-04-18,0.9328,0.9342,0.9323,0.9330,15393
2014-04-21,0.9331,0.9346,0.9315,0.9323,23417
2014-04-22,0.9323,0.9378,0.9321,0.9364,38843
2014-04-23,0.9364,0.9377,0.9267,0.9288,45223
2014-04-24,0.9288,0.9301,0.9252,0.9262,40577
2014-04-25,0.9262,0.9298,0.9254,0.9269,33895
2014-04-28,0.9273,0.9316,0.9244,0.9260,40882
2014-04-29,0.9260,0.9282,0.9227,0.9267,41291
2014-04-30,0.9267,0.9301,0.9252,0.9287,47339
2014-05-01,0.9286,0.9312,0.9260,0.9265,37604
2014-05-02,0.9265,0.9280,0.9202,0.9276,53695
2014-05-05,0.9281,0.9289,0.9252,0.9278,33262
2014-05-06,0.9278,0.9367,0.9271,0.9342,48702
2014-05-07,0.9342,0.9355,0.9318,0.9327,68009
2014-05-08,0.9327,0.9394,0.9319,0.9368,64552
2014-05-09,0.9368,0.9379,0.9347,0.9361,39606
2014-05-12,0.9358,0.9385,0.9348,0.9363,34405
2014-05-13,0.9363,0.9382,0.9333,0.9359,41919
2014-05-14,0.9359,0.9409,0.9356,0.9377,38950
2014-05-15,0.9376,0.9393,0.9327,0.9355,37392
2014-05-16,0.9355,0.9371,0.9335,0.9358,44520
2014-05-19,0.9366,0.9368,0.9325,0.9325,48495
2014-05-20,0.9325,0.9335,0.9238,0.9241,59391
2014-05-21,0.9241,0.9253,0.9208,0.9246,59270
2014-05-22,0.9246,0.9273,0.9214,0.9223,43536
2014-05-23,0.9224,0.9249,0.9213,0.9230,44935
2014-05-26,0.9233,0.9249,0.9230,0.9239,21411
2014-05-27,0.9239,0.9277,0.9233,0.9258,27464
2014-05-28,0.9258,0.9270,0.9214,0.9233,27388
2014-05-29,0.9233,0.9312,0.9211,0.9305,32128
2014-05-30,0.9304,0.9329,0.9288,0.9308,28300
2014-06-02,0.9308,0.9314,0.9234,0.9241,32916
2014-06-03,0.9242,0.9287,0.9229,0.9267,38149
2014-06-04,0.9266,0.9297,0.9252,0.9276,36772
2014-06-05,0.9276,0.9346,0.9257,0.9335,43462
2014-06-06,0.9336,0.9358,0.9319,0.9333,36749
2014-06-09,0.9338,0.9363,0.9334,0.9350,31158
2014-06-10,0.9350,0.9384,0.9341,0.9370,39425
2014-06-11,0.9370,0.9411,0.9364,0.9385,39063
2014-06-12,0.9385,0.9437,0.9350,0.9423,42612
2014-06-13,0.9423,0.9427,0.9375,0.9400,34572
2014-06-16,0.9403,0.9416,0.9374,0.9400,33022
2014-06-17,0.9400,0.9400,0.9330,0.9335,37316
2014-06-18,0.9335,0.9411,0.9322,0.9397,36709
2014-06-19,0.9397,0.9431,0.9390,0.9396,38417
2014-06-20,0.9396,0.9414,0.9378,0.9387,31568
2014-06-23,0.9378,0.9445,0.9377,0.9422,31757
2014-06-24,0.9423,0.9431,0.9366,0.9367,34996
2014-06-25,0.9367,0.9408,0.9354,0.9402,35599
2014-06-26,0.9403,0.9418,0.9396,0.9411,33960
2014-06-27,0.9412,0.9441,0.9405,0.9424,30719
2014-06-30,0.9421,0.9437,0.9387,0.9430,40704
2014-07-01,0.9430,0.9504,0.9412,0.9493,54092
2014-07-02,0.9492,0.9494,0.9428,0.9441,53150
2014-07-03,0.9441,0.9442,0.9329,0.9345,60190
2014-07-04,0.9345,0.9369,0.9343,0.9363,42919
2014-07-07,0.9360,0.9376,0.9341,0.9368,50954
2014-07-08,0.9368,0.9415,0.9365,0.9399,56221
2014-07-09,0.9399,0.9424,0.9383,0.9407,54607
2014-07-10,0.9407,0.9457,0.9361,0.9391,59479
2014-07-11,0.9390,0.9409,0.9376,0.9391,58229
2014-07-14,0.9382,0.9403,0.9380,0.9393,55574
2014-07-15,0.9393,0.9401,0.9349,0.9368,69611
2014-07-16,0.9369,0.9374,0.9329,0.9361,33183
2014-07-17,0.9361,0.9391,0.9342,0.9347,37277
2014-07-18,0.9347,0.9410,0.9335,0.9390,33679
2014-07-21,0.9396,0.9399,0.9367,0.9371,29065
2014-07-22,0.9371,0.9422,0.9360,0.9393,51462
2014-07-23,0.9393,0.9461,0.9380,0.9442,70305
2014-07-24,0.9442,0.9470,0.9411,0.9415,66488
2014-07-25,0.9414,0.9424,0.9390,0.9392,57700
2014-07-28,0.9397,0.9413,0.9384,0.9404,54398
2014-07-29,0.9404,0.9416,0.9374,0.9382,67478
2014-07-30,0.9382,0.9388,0.9301,0.9326,64476
2014-07-31,0.9326,0.9330,0.9279,0.9293,41265
2014-08-01,0.9292,0.9335,0.9275,0.9302,44502
2014-08-04,0.9310,0.9336,0.9305,0.9332,36203
2014-08-05,0.9332,0.9343,0.9293,0.9304,49341
2014-08-06,0.9304,0.9374,0.9291,0.9348,49927
2014-08-07,0.9348,0.9357,0.9258,0.9268,57405
2014-08-08,0.9268,0.9286,0.9239,0.9275,52172
2014-08-11,0.9276,0.9286,0.9258,0.9265,33169
2014-08-12,0.9265,0.9276,0.9247,0.9264,41701
2014-08-13,0.9265,0.9319,0.9263,0.9302,46431
2014-08-14,0.9302,0.9327,0.9287,0.9315,38223
2014-08-15,0.9315,0.9334,0.9297,0.9315,40314
2014-08-18,0.9319,0.9334,0.9308,0.9323,31578
2014-08-19,0.9323,0.9346,0.9297,0.9297,43611
2014-08-20,0.9297,0.9318,0.9275,0.9285,57480
2014-08-21,0.9284,0.9311,0.9236,0.9304,48421
2014-08-22,0.9304,0.9329,0.9293,0.9315,47886
2014-08-25,0.9291,0.9323,0.9289,0.9298,39992
2014-08-26,0.9298,0.9330,0.9271,0.9310,50221
2014-08-27,0.9310,0.9351,0.9304,0.9333,52479
2014-08-28,0.9333,0.9374,0.9332,0.9358,57876
2014-08-29,0.9358,0.9363,0.9331,0.9335,50194
2014-09-01,0.9328,0.9352,0.9324,0.9332,34423
2014-09-02,0.9332,0.9336,0.9268,0.9276,53223
2014-09-03,0.9276,0.9351,0.9262,0.9343,56455
2014-09-04,0.9343,0.9393,0.9330,0.9343,57961
2014-09-05,0.9343,0.9402,0.9333,0.9376,53116
2014-09-08,0.9367,0.9374,0.9277,0.9280,53399
2014-09-09,0.9280,0.9289,0.9188,0.9205,74550
2014-09-10,0.9205,0.9218,0.9113,0.9159,67035
2014-09-11,0.9158,0.9217,0.9089,0.9108,58844
2014-09-12,0.9107,0.9108,0.9030,0.9037,62058
2014-09-15,0.9016,0.9049,0.8984,0.9034,54360
2014-09-16,0.9034,0.9113,0.8989,0.9086,66651
2014-09-17,0.9086,0.9087,0.8951,0.8955,68028
2014-09-18,0.8955,0.9001,0.8927,0.8985,60445
2014-09-19,0.8986,0.8995,0.8921,0.8925,65545
2014-09-22,0.8932,0.8950,0.8853,0.8871,131398
2014-09-23,0.8871,0.8927,0.8831,0.8846,63581
2014-09-24,0.8846,0.8897,0.8839,0.8880,58915
2014-09-25,0.8880,0.8881,0.8774,0.8792,73700
2014-09-26,0.8791,0.8813,0.8748,0.8765,61223
2014-09-29,0.8756,0.8757,0.8684,0.8719,68411
2014-09-30,0.8719,0.8768,0.8694,0.8747,71134
2014-10-01,0.8747,0.8749,0.8663,0.8733,78310
2014-10-02,0.8733,0.8827,0.8729,0.8798,84781
2014-10-03,0.8798,0.8806,0.8643,0.8674,60564
2014-10-06,0.8676,0.8784,0.8652,0.8759,56989
2014-10-07,0.8759,0.8834,0.8726,0.8806,78968
2014-10-08,0.8807,0.8851,0.8734,0.8832,87729
2014-10-09,0.8832,0.8899,0.8765,0.8772,89062
2014-10-10,0.8772,0.8785,0.8680,0.8684,83782
2014-10-13,0.8681,0.8787,0.8652,0.8759,84205
2014-10-14,0.8760,0.8812,0.8694,0.8720,80024
2014-10-15,0.8719,0.8861,0.8676,0.8809,112521
2014-10-16,0.8809,0.8814,0.8686,0.8750,114901
2014-10-17,0.8751,0.8812,0.8733,0.8743,77116
2014-10-20,0.8763,0.8801,0.8747,0.8779,63900
2014-10-21,0.8780,0.8832,0.8757,0.8779,78226
2014-10-22,0.8779,0.8815,0.8744,0.8762,69825
2014-10-23,0.8762,0.8806,0.8749,0.8759,74684
2014-10-24,0.8759,0.8823,0.8718,0.8786,79015
2014-10-27,0.8801,0.8824,0.8789,0.8796,72604
2014-10-28,0.8795,0.8882,0.8795,0.8851,64514
2014-10-29,0.8851,0.8911,0.8775,0.8788,77475
2014-10-30,0.8788,0.8851,0.8755,0.8827,82059
2014-10-31,0.8827,0.8844,0.8764,0.8793,86754
2014-11-03,0.8758,0.8761,0.8677,0.8688,84189
2014-11-04,0.8688,0.8760,0.8645,0.8753,89466
2014-11-05,0.8754,0.8761,0.8564,0.8573,104032
2014-11-06,0.8573,0.8627,0.8552,0.8559,122771
2014-11-07,0.8559,0.8657,0.8540,0.8634,126703
2014-11-10,0.8642,0.8682,0.8608,0.8620,72924
2014-11-11,0.8620,0.8719,0.8590,0.8690,86118
2014-11-12,0.8691,0.8745,0.8665,0.8709,94329
2014-11-13,0.8709,0.8764,0.8671,0.8709,85976
2014-11-14,0.8709,0.8769,0.8649,0.8749,85602
2014-11-17,0.8757,0.8795,0.8695,0.8698,89624
2014-11-18,0.8698,0.8747,0.8684,0.8716,77012
2014-11-19,0.8716,0.8719,0.8598,0.8600,79042
2014-11-20,0.8600,0.8641,0.8566,0.8617,65851
2014-11-21,0.8617,0.8722,0.8605,0.8662,72619
2014-11-24,0.8677,0.8700,0.8602,0.8616,53015
2014-11-25,0.8615,0.8618,0.8513,0.8530,68076
2014-11-26,0.8532,0.8565,0.8479,0.8546,67880
2014-11-27,0.8549,0.8615,0.8529,0.8542,49403
2014-11-28,0.8543,0.8547,0.8485,0.8503,61522
2014-12-01,0.8468,0.8531,0.8417,0.8489,67818
2014-12-02,0.8489,0.8542,0.8433,0.8444,64517
2014-12-03,0.8445,0.8467,0.8388,0.8403,56700
2014-12-04,0.8402,0.8429,0.8355,0.8379,62057
2014-12-05,0.8379,0.8393,0.8302,0.8302,58393
2014-12-08,0.8303,0.8324,0.8260,0.8290,67503
2014-12-09,0.8290,0.8371,0.8224,0.8292,76944
2014-12-10,0.8280,0.8348,0.8265,0.8315,71588
2014-12-11,0.8315,0.8375,0.8215,0.8259,72125
2014-12-12,0.8255,0.8299,0.8227,0.8242,63651
2014-12-15,0.8243,0.8268,0.8201,0.8210,68300
2014-12-16,0.8206,0.8274,0.8200,0.8214,76221
2014-12-17,0.8213,0.8235,0.8107,0.8111,73571
2014-12-18,0.8118,0.8203,0.8116,0.8163,68417
2014-12-19,0.8156,0.8192,0.8117,0.8117,64390
2014-12-22,0.8142,0.8173,0.8126,0.8132,165302
2014-12-23,0.8132,0.8144,0.8087,0.8103,149301
2014-12-24,0.8103,0.8123,0.8095,0.8107,121134
2014-12-26,0.8125,0.8132,0.8108,0.8117,87166
2014-12-29,0.8122,0.8163,0.8110,0.8130,76560
2014-12-30,0.8123,0.8203,0.8122,0.8182,45975
2014-12-31,0.8181,0.8215,0.8159,0.8165,36553
2015-01-02,0.8141,0.8145,0.8077,0.8088,51157
2015-01-05,0.8070,0.8106,0.8034,0.8081,86755
2015-01-06,0.8081,0.8157,0.8080,0.8081,89274
2015-01-07,0.8080,0.8089,0.8032,0.8075,85039
2015-01-08,0.8076,0.8130,0.8070,0.8121,76154
2015-01-09,0.8122,0.8207,0.8105,0.8199,84855
2015-01-12,0.8209,0.8254,0.8130,0.8155,81056
2015-01-13,0.8155,0.8196,0.8127,0.8162,88348
2015-01-14,0.8162,0.8188,0.8067,0.8148,99041
2015-01-15,0.8149,0.8294,0.8132,0.8214,111834
2015-01-16,0.8214,0.8255,0.8167,0.8221,93575
2015-01-19,0.8218,0.8242,0.8195,0.8208,49362
2015-01-20,0.8208,0.8217,0.8159,0.8169,37410
2015-01-21,0.8169,0.8233,0.8077,0.8083,46134
2015-01-22,0.8081,0.8135,0.7995,0.8024,49194
2015-01-23,0.8024,0.8051,0.7880,0.7909,52506
2015-01-26,0.7881,0.7933,0.7857,0.7923,40569
2015-01-27,0.7923,0.7974,0.7905,0.7935,52234
2015-01-28,0.7935,0.8024,0.7883,0.7886,65909
2015-01-29,0.7884,0.7906,0.7719,0.7758,46312
2015-01-30,0.7757,0.7796,0.7730,0.7757,44946
2015-02-02,0.7754,0.7829,0.7749,0.7801,68349
2015-02-03,0.7801,0.7850,0.7625,0.7791,92545
2015-02-04,0.7790,0.7846,0.7743,0.7750,72899
2015-02-05,0.7750,0.7824,0.7733,0.7796,68853
2015-02-06,0.7796,0.7875,0.7778,0.7790,63943
2015-02-09,0.7761,0.7834,0.7748,0.7799,48880
2015-02-10,0.7797,0.7841,0.7747,0.7768,66752
2015-02-11,0.7768,0.7794,0.7693,0.7716,62916
2015-02-12,0.7716,0.7778,0.7644,0.7733,73086
2015-02-13,0.7733,0.7792,0.7724,0.7760,55227
2015-02-16,0.7774,0.7794,0.7751,0.7770,60755
2015-02-17,0.7771,0.7828,0.7742,0.7816,68156
2015-02-18,0.7816,0.7833,0.7773,0.7809,63732
2015-02-19,0.7809,0.7843,0.7757,0.7791,63496
2015-02-20,0.7790,0.7848,0.7788,0.7840,63048
2015-02-23,0.7845,0.7848,0.7781,0.7801,58793
2015-02-24,0.7801,0.7837,0.7739,0.7830,62819
2015-02-25,0.7829,0.7901,0.7823,0.7886,63157
2015-02-26,0.7885,0.7913,0.7785,0.7799,65575
2015-02-27,0.7799,0.7834,0.7778,0.7806,62143
2015-03-02,0.7802,0.7807,0.7756,0.7765,54496
2015-03-03,0.7765,0.7844,0.7751,0.7815,62217
2015-03-04,0.7816,0.7860,0.7795,0.7816,60878
2015-03-05,0.7816,0.7840,0.7754,0.7781,63104
2015-03-06,0.7781,0.7845,0.7706,0.7715,59072
2015-03-09,0.7710,0.7740,0.7684,0.7704,54284
2015-03-10,0.7703,0.7707,0.7605,0.7623,73903
2015-03-11,0.7623,0.7644,0.7560,0.7589,64289
2015-03-12,0.7590,0.7731,0.7573,0.7701,66704
2015-03-13,0.7702,0.7710,0.7609,0.7633,67123
2015-03-16,0.7626,0.7679,0.7613,0.7642,59731
2015-03-17,0.7641,0.7665,0.7605,0.7621,66358
2015-03-18,0.7621,0.7846,0.7591,0.7741,67676
2015-03-19,0.7742,0.7808,0.7611,0.7647,84434
2015-03-20,0.7649,0.7802,0.7643,0.7769,64736
2015-03-23,0.7798,0.7898,0.7764,0.7875,65874
2015-03-24,0.7875,0.7938,0.7834,0.7873,82429
2015-03-25,0.7873,0.7904,0.7829,0.7846,67756
2015-03-26,0.7846,0.7884,0.7801,0.7827,74150
2015-03-27,0.7827,0.7834,0.7744,0.7746,63997
2015-03-30,0.7733,0.7747,0.7633,0.7651,63774
2015-03-31,0.7651,0.7663,0.7590,0.7605,70455
2015-04-01,0.7602,0.7663,0.7582,0.7598,54785
2015-04-02,0.7598,0.7610,0.7532,0.7590,52992
2015-04-03,0.7589,0.7693,0.7570,0.7634,34857
2015-04-06,0.7635,0.7667,0.7579,0.7589,30687
2015-04-07,0.7589,0.7710,0.7576,0.7632,59562
2015-04-08,0.7632,0.7727,0.7630,0.7683,61984
2015-04-09,0.7682,0.7738,0.7659,0.7691,57010
2015-04-10,0.7691,0.7721,0.7637,0.7679,56287
2015-04-13,0.7679,0.7679,0.7552,0.7589,58969
2015-04-14,0.7588,0.7648,0.7555,0.7624,62666
2015-04-15,0.7624,0.7700,0.7571,0.7681,63892
2015-04-16,0.7681,0.7822,0.7673,0.7799,85876
2015-04-17,0.7799,0.7842,0.7759,0.7785,77178
2015-04-20,0.7785,0.7826,0.7706,0.7724,64890
2015-04-21,0.7724,0.7753,0.7682,0.7711,84078
2015-04-22,0.7711,0.7806,0.7705,0.7752,99958
2015-04-23,0.7752,0.7790,0.7711,0.7778,107084
2015-04-24,0.7778,0.7840,0.7764,0.7819,97590
2015-04-27,0.7820,0.7872,0.7791,0.7854,91872
2015-04-28,0.7852,0.8027,0.7833,0.8022,103995
2015-04-29,0.8021,0.8075,0.7976,0.8013,120132
2015-04-30,0.8004,0.8022,0.7863,0.7903,140343
2015-05-01,0.7903,0.7918,0.7803,0.7843,100806
2015-05-04,0.7830,0.7851,0.7802,0.7839,55361
2015-05-05,0.7834,0.7955,0.7798,0.7944,22504
2015-05-06,0.7939,0.8030,0.7919,0.7966,31733
2015-05-07,0.7965,0.8004,0.7889,0.7905,16399
2015-05-08,0.7905,0.7967,0.7863,0.7932,21282
2015-05-11,0.7918,0.7932,0.7875,0.7889,51104
2015-05-12,0.7889,0.7999,0.7885,0.7975,82200
2015-05-13,0.7974,0.8124,0.7950,0.8111,79677
2015-05-14,0.8110,0.8163,0.8063,0.8078,95554
2015-05-15,0.8077,0.8088,0.7995,0.8036,73532
2015-05-18,0.8037,0.8051,0.7976,0.7988,39441
2015-05-19,0.7989,0.8010,0.7905,0.7913,95995
2015-05-20,0.7912,0.7934,0.7860,0.7873,108442
2015-05-21,0.7873,0.7912,0.7865,0.7892,98063
2015-05-22,0.7892,0.7931,0.7809,0.7829,93702
2015-05-25,0.7823,0.7839,0.7802,0.7822,70223
2015-05-26,0.7822,0.7839,0.7726,0.7733,101302
2015-05-27,0.7735,0.7768,0.7690,0.7727,94322
2015-05-28,0.7730,0.7760,0.7617,0.7647,112774
2015-05-29,0.7646,0.7673,0.7629,0.7642,93815
2015-06-01,0.7635,0.7667,0.7597,0.7604,97044
2015-06-02,0.7604,0.7790,0.7602,0.7771,170959
2015-06-03,0.7771,0.7818,0.7751,0.7785,102840
2015-06-04,0.7785,0.7786,0.7664,0.7687,47851
2015-06-05,0.7684,0.7726,0.7599,0.7614,140443
2015-06-08,0.7624,0.7712,0.7602,0.7701,118030
2015-06-09,0.7700,0.7721,0.7646,0.7689,138059
2015-06-10,0.7689,0.7785,0.7635,0.7757,156009
2015-06-11,0.7756,0.7792,0.7692,0.7753,129341
2015-06-12,0.7754,0.7758,0.7674,0.7732,119999
2015-06-15,0.7737,0.7776,0.7703,0.7763,75044
2015-06-16,0.7764,0.7780,0.7722,0.7750,94695
2015-06-17,0.7751,0.7769,0.7644,0.7748,115865
2015-06-18,0.7745,0.7848,0.7710,0.7797,126620
2015-06-19,0.7796,0.7813,0.7736,0.7770,102052
2015-06-22,0.7765,0.7796,0.7721,0.7727,93153
2015-06-23,0.7727,0.7748,0.7679,0.7735,105502
2015-06-24,0.7735,0.7770,0.7682,0.7702,106611
2015-06-25,0.7701,0.7752,0.7696,0.7736,92176
2015-06-26,0.7736,0.7739,0.7630,0.7653,93972
2015-06-29,0.7620,0.7711,0.7586,0.7678,125687
2015-06-30,0.7677,0.7724,0.7659,0.7706,124492
2015-07-01,0.7704,0.7738,0.7638,0.7643,102366
2015-07-02,0.7642,0.7657,0.7589,0.7631,116822
2015-07-03,0.7631,0.7648,0.7509,0.7520,100882
2015-07-06,0.7476,0.7532,0.7461,0.7497,116177
2015-07-07,0.7497,0.7500,0.7397,0.7450,136958
2015-07-08,0.7450,0.7459,0.7371,0.7428,124174
2015-07-09,0.7428,0.7491,0.7391,0.7445,117285
2015-07-10,0.7445,0.7496,0.7409,0.7438,107037
2015-07-13,0.7409,0.7468,0.7382,0.7405,119736
2015-07-14,0.7405,0.7478,0.7387,0.7449,114474
2015-07-15,0.7449,0.7488,0.7353,0.7377,132138
2015-07-16,0.7377,0.7436,0.7349,0.7402,119475
2015-07-17,0.7402,0.7418,0.7367,0.7378,108166
2015-07-20,0.7376,0.7397,0.7327,0.7368,119621
2015-07-21,0.7368,0.7449,0.7340,0.7417,166275
2015-07-22,0.7417,0.7438,0.7360,0.7373,234383
2015-07-23,0.7373,0.7417,0.7351,0.7355,167845
2015-07-24,0.7353,0.7362,0.7259,0.7284,121840
2015-07-27,0.7269,0.7324,0.7265,0.7267,122470
2015-07-28,0.7268,0.7344,0.7257,0.7335,133758
2015-07-29,0.7335,0.7350,0.7282,0.7294,138090
2015-07-30,0.7290,0.7322,0.7255,0.7291,129851
2015-07-31,0.7289,0.7366,0.7234,0.7298,147690
2015-08-03,0.7316,0.7316,0.7260,0.7284,135994
2015-08-04,0.7283,0.7428,0.7263,0.7375,163305
2015-08-05,0.7378,0.7395,0.7334,0.7354,144336
2015-08-06,0.7354,0.7392,0.7315,0.7345,140716
2015-08-07,0.7341,0.7419,0.7333,0.7418,121991
2015-08-10,0.7411,0.7422,0.7353,0.7410,74175
2015-08-11,0.7409,0.7439,0.7283,0.7300,116043
2015-08-12,0.7299,0.7387,0.7214,0.7367,121040
2015-08-13,0.7374,0.7409,0.7323,0.7354,95902
2015-08-14,0.7357,0.7397,0.7353,0.7373,95304
2015-08-17,0.7372,0.7389,0.7343,0.7367,108572
2015-08-18,0.7368,0.7386,0.7319,0.7337,129511
2015-08-19,0.7338,0.7375,0.7312,0.7337,154139
2015-08-20,0.7344,0.7372,0.7284,0.7334,142348
2015-08-21,0.7333,0.7360,0.7286,0.7310,154225
2015-08-24,0.7298,0.7311,0.7040,0.7144,176972
2015-08-25,0.7151,0.7249,0.7120,0.7120,151845
2015-08-26,0.7124,0.7156,0.7069,0.7118,163518
2015-08-27,0.7110,0.7181,0.7098,0.7162,144984
2015-08-28,0.7161,0.7206,0.7120,0.7169,135477
2015-08-31,0.7150,0.7162,0.7082,0.7111,109541
2015-09-01,0.7108,0.7153,0.7014,0.7017,146167
2015-09-02,0.7013,0.7049,0.6982,0.7037,141960
2015-09-03,0.7036,0.7062,0.6992,0.7015,125321
2015-09-04,0.7013,0.7021,0.6907,0.6908,121480
2015-09-07,0.6922,0.6950,0.6911,0.6920,116099
2015-09-08,0.6919,0.7039,0.6919,0.7015,105393
2015-09-09,0.7012,0.7070,0.7005,0.7016,108302
2015-09-10,0.6999,0.7099,0.6945,0.7069,145064
2015-09-11,0.7061,0.7092,0.7035,0.7090,95186
2015-09-14,0.7080,0.7151,0.7063,0.7135,87495
2015-09-15,0.7135,0.7165,0.7085,0.7140,92420
2015-09-16,0.7140,0.7199,0.7123,0.7195,91654
2015-09-17,0.7194,0.7275,0.7137,0.7172,109914
2015-09-18,0.7166,0.7280,0.7161,0.7188,109727
2015-09-21,0.7183,0.7197,0.7121,0.7129,89769
2015-09-22,0.7128,0.7158,0.7056,0.7088,85765
2015-09-23,0.7088,0.7089,0.6989,0.7002,94279
2015-09-24,0.6999,0.7042,0.6938,0.7022,112950
2015-09-25,0.7022,0.7042,0.6975,0.7025,95888
2015-09-28,0.7026,0.7036,0.6979,0.6989,83644
2015-09-29,0.6988,0.7023,0.6936,0.6983,103213
2015-09-30,0.6983,0.7038,0.6980,0.7016,100585
2015-10-01,0.7013,0.7084,0.6998,0.7029,104619
2015-10-02,0.7027,0.7067,0.7002,0.7050,96212
2015-10-05,0.7054,0.7111,0.7042,0.7080,102897
2015-10-06,0.7081,0.7175,0.7067,0.7163,106938
2015-10-07,0.7164,0.7234,0.7149,0.7208,107281
2015-10-08,0.7205,0.7271,0.7165,0.7258,101504
2015-10-09,0.7258,0.7344,0.7247,0.7332,106566
2015-10-12,0.7315,0.7382,0.7305,0.7360,89829
2015-10-13,0.7360,0.7364,0.7242,0.7242,103631
2015-10-14,0.7242,0.7317,0.7198,0.7299,111161
2015-10-15,0.7299,0.7363,0.7265,0.7329,117541
2015-10-16,0.7327,0.7337,0.7249,0.7270,101582
2015-10-19,0.7255,0.7307,0.7239,0.7248,85092
2015-10-20,0.7245,0.7298,0.7242,0.7259,80995
2015-10-21,0.7259,0.7276,0.7202,0.7206,87278
2015-10-22,0.7205,0.7239,0.7182,0.7208,97787
2015-10-23,0.7205,0.7296,0.7197,0.7216,102942
2015-10-26,0.7209,0.7269,0.7207,0.7243,93707
2015-10-27,0.7242,0.7258,0.7179,0.7200,91590
2015-10-28,0.7200,0.7206,0.7080,0.7101,109970
2015-10-29,0.7101,0.7119,0.7067,0.7079,95432
2015-10-30,0.7080,0.7148,0.7077,0.7133,99371
2015-11-02,0.7115,0.7153,0.7115,0.7145,90053
2015-11-03,0.7145,0.7219,0.7108,0.7184,107407
2015-11-04,0.7184,0.7224,0.7136,0.7147,107169
2015-11-05,0.7146,0.7169,0.7125,0.7141,109883
2015-11-06,0.7140,0.7169,0.7022,0.7041,115786
2015-11-09,0.7025,0.7070,0.7025,0.7047,111318
2015-11-10,0.7042,0.7064,0.7016,0.7031,116945
2015-11-11,0.7028,0.7078,0.7024,0.7061,105104
2015-11-12,0.7058,0.7154,0.7056,0.7125,132658
2015-11-13,0.7125,0.7159,0.7106,0.7126,105129
2015-11-16,0.7118,0.7132,0.7080,0.7095,101254
2015-11-17,0.7095,0.7140,0.7072,0.7111,114154
2015-11-18,0.7107,0.7117,0.7068,0.7111,105295
2015-11-19,0.7107,0.7214,0.7102,0.7194,123668
2015-11-20,0.7192,0.7250,0.7183,0.7236,114690
2015-11-23,0.7229,0.7232,0.7159,0.7191,123341
2015-11-24,0.7189,0.7258,0.7185,0.7254,124291
2015-11-25,0.7256,0.7282,0.7227,0.7251,123491
2015-11-26,0.7250,0.7262,0.7210,0.7225,113307
2015-11-27,0.7224,0.7239,0.7185,0.7190,98190
2015-11-30,0.7191,0.7250,0.7170,0.7226,102700
2015-12-01,0.7226,0.7336,0.7222,0.7323,128804
2015-12-02,0.7320,0.7343,0.7293,0.7309,126273
2015-12-03,0.7308,0.7362,0.7284,0.7340,144709
2015-12-04,0.7342,0.7385,0.7279,0.7336,132604
2015-12-07,0.7338,0.7342,0.7256,0.7267,112044
2015-12-08,0.7265,0.7270,0.7186,0.7216,118229
2015-12-09,0.7211,0.7245,0.7172,0.7230,123141
2015-12-10,0.7228,0.7334,0.7221,0.7280,116430
2015-12-11,0.7280,0.7281,0.7184,0.7184,95633
2015-12-14,0.7201,0.7269,0.7159,0.7241,98703
2015-12-15,0.7243,0.7283,0.7160,0.7190,99529
2015-12-16,0.7191,0.7280,0.7176,0.7231,117600
2015-12-17,0.7229,0.7249,0.7097,0.7127,106302
2015-12-18,0.7125,0.7200,0.7111,0.7168,96955
2015-12-21,0.7169,0.7195,0.7155,0.7189,73578
2015-12-22,0.7186,0.7249,0.7181,0.7234,82710
2015-12-23,0.7233,0.7247,0.7209,0.7235,79034
2015-12-24,0.7229,0.7280,0.7226,0.7267,46255
2015-12-28,0.7274,0.7282,0.7247,0.7248,48631
2015-12-29,0.7246,0.7303,0.7245,0.7294,60657
2015-12-30,0.7294,0.7303,0.7271,0.7285,74625
2015-12-31,0.7283,0.7327,0.7266,0.7290,55664
2016-01-04,0.7282,0.7301,0.7156,0.7190,103450
2016-01-05,0.7190,0.7214,0.7132,0.7160,108868
2016-01-06,0.7158,0.7171,0.7048,0.7070,125704
2016-01-07,0.7070,0.7086,0.6980,0.7010,129170
2016-01-08,0.7009,0.7076,0.6950,0.6950,132561
2016-01-11,0.6969,0.7035,0.6927,0.6993,120220
2016-01-12,0.6993,0.7021,0.6940,0.6984,128057
2016-01-13,0.6981,0.7048,0.6949,0.6954,121843
2016-01-14,0.6954,0.6996,0.6909,0.6984,140337
2016-01-15,0.6978,0.7002,0.6827,0.6858,129835
2016-01-18,0.6836,0.6927,0.6832,0.6863,123352
2016-01-19,0.6863,0.6957,0.6838,0.6905,141213
2016-01-20,0.6905,0.6924,0.6828,0.6906,158250
2016-01-21,0.6907,0.7017,0.6875,0.6997,159704
2016-01-22,0.6996,0.7046,0.6986,0.7002,132239
2016-01-25,0.7001,0.7031,0.6949,0.6954,130722
2016-01-26,0.6953,0.7021,0.6918,0.7003,133127
2016-01-27,0.7003,0.7081,0.6992,0.7025,175781
2016-01-28,0.7024,0.7128,0.7008,0.7082,154583
2016-01-29,0.7082,0.7141,0.7058,0.7083,162456
2016-02-01,0.7080,0.7121,0.7042,0.7112,134904
2016-02-02,0.7110,0.7129,0.7034,0.7037,130995
2016-02-03,0.7037,0.7189,0.7002,0.7167,147666
2016-02-04,0.7164,0.7242,0.7153,0.7199,134806
2016-02-05,0.7199,0.7219,0.7063,0.7063,114095
2016-02-08,0.7067,0.7128,0.7050,0.7085,126090
2016-02-09,0.7085,0.7096,0.6973,0.7070,131900
2016-02-10,0.7070,0.7125,0.7037,0.7094,141871
2016-02-11,0.7094,0.7153,0.6983,0.7107,156197
2016-02-12,0.7108,0.7128,0.7063,0.7098,118134
2016-02-15,0.7100,0.7171,0.7099,0.7134,104532
2016-02-16,0.7135,0.7181,0.7081,0.7109,110096
2016-02-17,0.7108,0.7187,0.7084,0.7184,114732
2016-02-18,0.7181,0.7184,0.7133,0.7156,111865
2016-02-19,0.7156,0.7161,0.7069,0.7147,98650
2016-02-22,0.7156,0.7247,0.7136,0.7227,104276
2016-02-23,0.7226,0.7259,0.7200,0.7202,116653
2016-02-24,0.7201,0.7213,0.7146,0.7194,122035
2016-02-25,0.7194,0.7243,0.7156,0.7235,124031
2016-02-26,0.7232,0.7256,0.7118,0.7122,120183
2016-02-29,0.7121,0.7167,0.7108,0.7139,125994
2016-03-01,0.7138,0.7192,0.7109,0.7173,126174
2016-03-02,0.7172,0.7300,0.7164,0.7295,148863
2016-03-03,0.7292,0.7373,0.7281,0.7351,142943
2016-03-04,0.7350,0.7443,0.7339,0.7436,138611
2016-03-07,0.7402,0.7484,0.7392,0.7466,118405
2016-03-08,0.7466,0.7472,0.7410,0.7437,116429
2016-03-09,0.7434,0.7528,0.7412,0.7484,129000
2016-03-10,0.7484,0.7511,0.7427,0.7453,148834
2016-03-11,0.7453,0.7583,0.7446,0.7560,121275
2016-03-14,0.7548,0.7593,0.7492,0.7507,115495
2016-03-15,0.7507,0.7527,0.7445,0.7459,121935
2016-03-16,0.7460,0.7578,0.7414,0.7562,123184
2016-03-17,0.7562,0.7657,0.7533,0.7636,145536
2016-03-18,0.7638,0.7680,0.7595,0.7598,90665
2016-03-21,0.7594,0.7626,0.7568,0.7580,116470
2016-03-22,0.7580,0.7642,0.7551,0.7615,118413
2016-03-23,0.7615,0.7648,0.7519,0.7535,104345
2016-03-24,0.7534,0.7537,0.7477,0.7525,94901
2016-03-25,0.7525,0.7535,0.7498,0.7504,45602
2016-03-28,0.7509,0.7558,0.7493,0.7544,68583
2016-03-29,0.7541,0.7645,0.7510,0.7625,124815
2016-03-30,0.7624,0.7708,0.7615,0.7670,149039
2016-03-31,0.7669,0.7722,0.7634,0.7657,129104
2016-04-01,0.7655,0.7700,0.7599,0.7676,119434
2016-04-04,0.7670,0.7678,0.7598,0.7602,112448
2016-04-05,0.7602,0.7630,0.7510,0.7541,134427
2016-04-06,0.7541,0.7619,0.7532,0.7597,117945
2016-04-07,0.7596,0.7637,0.7491,0.7503,132998
2016-04-08,0.7502,0.7579,0.7500,0.7540,117319
2016-04-11,0.7540,0.7630,0.7528,0.7595,121922
2016-04-12,0.7592,0.7689,0.7583,0.7681,134910
2016-04-13,0.7680,0.7715,0.7634,0.7650,121087
2016-04-14,0.7651,0.7737,0.7619,0.7693,117316
2016-04-15,0.7692,0.7734,0.7680,0.7720,110154
2016-04-18,0.7648,0.7757,0.7631,0.7747,128630
2016-04-19,0.7747,0.7826,0.7746,0.7811,111189
2016-04-20,0.7812,0.7829,0.7766,0.7792,121078
2016-04-21,0.7790,0.7834,0.7732,0.7738,120727
2016-04-22,0.7734,0.7774,0.7693,0.7707,116424
2016-04-25,0.7692,0.7729,0.7691,0.7713,88391
2016-04-26,0.7713,0.7765,0.7696,0.7747,98724
2016-04-27,0.7745,0.7765,0.7548,0.7586,119913
2016-04-28,0.7608,0.7657,0.7569,0.7623,123701
2016-04-29,0.7623,0.7668,0.7587,0.7605,107757
2016-05-02,0.7595,0.7671,0.7590,0.7665,100002
2016-05-03,0.7663,0.7719,0.7483,0.7483,139336
2016-05-04,0.7481,0.7517,0.7447,0.7453,133183
2016-05-05,0.7453,0.7513,0.7451,0.7464,110474
2016-05-06,0.7463,0.7478,0.7337,0.7364,117282
2016-05-09,0.7353,0.7385,0.7307,0.7315,99733
2016-05-10,0.7314,0.7374,0.7300,0.7362,102099
2016-05-11,0.7360,0.7402,0.7336,0.7373,103633
2016-05-12,0.7374,0.7379,0.7310,0.7323,106346
2016-05-13,0.7321,0.7323,0.7254,0.7270,104877
2016-05-16,0.7247,0.7308,0.7247,0.7288,91408
2016-05-17,0.7286,0.7366,0.7282,0.7323,106158
2016-05-18,0.7321,0.7331,0.7221,0.7228,115327
2016-05-19,0.7227,0.7242,0.7176,0.7227,107006
2016-05-20,0.7226,0.7249,0.7211,0.7221,83170
2016-05-23,0.7218,0.7259,0.7195,0.7222,86581
2016-05-24,0.7221,0.7228,0.7145,0.7182,92256
2016-05-25,0.7179,0.7219,0.7158,0.7198,92716
2016-05-26,0.7197,0.7243,0.7161,0.7225,94168
2016-05-27,0.7224,0.7235,0.7172,0.7184,85080
2016-05-30,0.7176,0.7187,0.7148,0.7181,71647
2016-05-31,0.7180,0.7267,0.7179,0.7231,106578
2016-06-01,0.7229,0.7299,0.7227,0.7257,118130
2016-06-02,0.7255,0.7269,0.7201,0.7228,105880
2016-06-03,0.7228,0.7368,0.7218,0.7365,114325
2016-06-06,0.7367,0.7380,0.7315,0.7365,103867
2016-06-07,0.7360,0.7463,0.7359,0.7458,98916
2016-06-08,0.7452,0.7481,0.7430,0.7471,106827
2016-06-09,0.7478,0.7504,0.7420,0.7429,118300
2016-06-10,0.7426,0.7437,0.7369,0.7374,115603
2016-06-13,0.7375,0.7410,0.7359,0.7385,108858
2016-06-14,0.7385,0.7404,0.7330,0.7356,117940
2016-06-15,0.7355,0.7446,0.7333,0.7405,120083
2016-06-16,0.7405,0.7440,0.7285,0.7361,138088
2016-06-17,0.7360,0.7410,0.7359,0.7372,113759
2016-06-20,0.7388,0.7481,0.7388,0.7452,98029
2016-06-21,0.7452,0.7512,0.7449,0.7449,97261
2016-06-22,0.7446,0.7526,0.7441,0.7498,93687
2016-06-23,0.7490,0.7614,0.7490,0.7611,113862
2016-06-24,0.7610,0.7644,0.7304,0.7465,180285
2016-06-27,0.7418,0.7451,0.7324,0.7326,157553
2016-06-28,0.7326,0.7415,0.7326,0.7386,127794
2016-06-29,0.7381,0.7456,0.7380,0.7449,120357
2016-06-30,0.7447,0.7472,0.7371,0.7451,141538
2016-07-01,0.7447,0.7503,0.7437,0.7497,105239
2016-07-04,0.7444,0.7544,0.7443,0.7538,86477
2016-07-05,0.7533,0.7544,0.7453,0.7462,116750
2016-07-06,0.7457,0.7529,0.7408,0.7519,140334
2016-07-07,0.7517,0.7538,0.7466,0.7476,133799
2016-07-08,0.7477,0.7573,0.7470,0.7560,114192
2016-07-11,0.7562,0.7575,0.7521,0.7531,92226
2016-07-12,0.7530,0.7658,0.7530,0.7622,125059
2016-07-13,0.7618,0.7638,0.7577,0.7607,126965
2016-07-14,0.7605,0.7653,0.7591,0.7630,131115
2016-07-15,0.7629,0.7676,0.7558,0.7563,122636
2016-07-18,0.7588,0.7606,0.7575,0.7591,103602
2016-07-19,0.7589,0.7590,0.7476,0.7503,118733
2016-07-20,0.7502,0.7517,0.7462,0.7474,96839
2016-07-21,0.7469,0.7514,0.7453,0.7493,127260
2016-07-22,0.7493,0.7508,0.7442,0.7462,101793
2016-07-25,0.7459,0.7492,0.7451,0.7469,96808
2016-07-26,0.7468,0.7540,0.7462,0.7502,100520
2016-07-27,0.7500,0.7565,0.7420,0.7490,124077
2016-07-28,0.7487,0.7549,0.7486,0.7503,102738
2016-07-29,0.7497,0.7610,0.7493,0.7598,119187
2016-08-01,0.7591,0.7615,0.7528,0.7534,91278
2016-08-02,0.7534,0.7637,0.7485,0.7606,115535
2016-08-03,0.7605,0.7614,0.7568,0.7586,100780
2016-08-04,0.7587,0.7640,0.7583,0.7626,102766
2016-08-05,0.7622,0.7664,0.7597,0.7616,95438
2016-08-08,0.7613,0.7672,0.7597,0.7650,85397
2016-08-09,0.7648,0.7686,0.7621,0.7672,87721
2016-08-10,0.7667,0.7755,0.7661,0.7699,105997
2016-08-11,0.7696,0.7752,0.7691,0.7698,98655
2016-08-12,0.7698,0.7724,0.7646,0.7648,100906
2016-08-15,0.7654,0.7691,0.7636,0.7672,80031
2016-08-16,0.7672,0.7749,0.7653,0.7693,117654
2016-08-17,0.7692,0.7708,0.7609,0.7653,116404
2016-08-18,0.7653,0.7723,0.7649,0.7685,118377
2016-08-19,0.7684,0.7690,0.7599,0.7626,108203
2016-08-22,0.7599,0.7640,0.7583,0.7625,99079
2016-08-23,0.7609,0.7654,0.7609,0.7614,102981
2016-08-24,0.7612,0.7633,0.7588,0.7612,110201
2016-08-25,0.7612,0.7639,0.7601,0.7615,87806
2016-08-26,0.7615,0.7692,0.7551,0.7554,124107
2016-08-29,0.7557,0.7581,0.7524,0.7568,101482
2016-08-30,0.7565,0.7580,0.7500,0.7508,99854
2016-08-31,0.7507,0.7533,0.7490,0.7517,103760
2016-09-01,0.7513,0.7558,0.7504,0.7550,111530
2016-09-02,0.7546,0.7615,0.7536,0.7552,115958
2016-09-05,0.7568,0.7606,0.7562,0.7580,88941
2016-09-06,0.7577,0.7687,0.7577,0.7686,109175
2016-09-07,0.7687,0.7697,0.7651,0.7671,109247
2016-09-08,0.7667,0.7732,0.7636,0.7641,119677
2016-09-09,0.7641,0.7656,0.7536,0.7536,119065
2016-09-12,0.7536,0.7566,0.7494,0.7565,126454
2016-09-13,0.7563,0.7568,0.7442,0.7461,143051
2016-09-14,0.7463,0.7495,0.7450,0.7468,126204
2016-09-15,0.7466,0.7522,0.7446,0.7514,145995
2016-09-16,0.7514,0.7526,0.7475,0.7490,123345
2016-09-19,0.7480,0.7572,0.7475,0.7533,93551
2016-09-20,0.7531,0.7564,0.7518,0.7554,104616
2016-09-21,0.7554,0.7630,0.7534,0.7622,138365
2016-09-22,0.7623,0.7674,0.7606,0.7641,117817
2016-09-23,0.7642,0.7653,0.7602,0.7602,106911
2016-09-26,0.7612,0.7649,0.7602,0.7634,96964
2016-09-27,0.7632,0.7695,0.7611,0.7665,118669
2016-09-28,0.7665,0.7693,0.7644,0.7691,120158
2016-09-29,0.7692,0.7710,0.7623,0.7634,146517
2016-09-30,0.7633,0.7671,0.7589,0.7656,125624
2016-10-03,0.7653,0.7681,0.7640,0.7671,92843
2016-10-04,0.7671,0.7690,0.7608,0.7619,130668
2016-10-05,0.7618,0.7644,0.7592,0.7620,115874
2016-10-06,0.7620,0.7622,0.7562,0.7584,112309
2016-10-07,0.7583,0.7624,0.7553,0.7584,160777
2016-10-10,0.7601,0.7628,0.7580,0.7606,99592
2016-10-11,0.7605,0.7609,0.7533,0.7538,127547
2016-10-12,0.7533,0.7592,0.7532,0.7560,125441
2016-10-13,0.7559,0.7581,0.7506,0.7567,117260
2016-10-14,0.7567,0.7647,0.7556,0.7611,129239
2016-10-17,0.7615,0.7628,0.7581,0.7628,105026
2016-10-18,0.7625,0.7689,0.7624,0.7665,106547
2016-10-19,0.7663,0.7729,0.7659,0.7723,102684
2016-10-20,0.7719,0.7734,0.7621,0.7624,111812
2016-10-21,0.7623,0.7651,0.7587,0.7605,96395
2016-10-24,0.7606,0.7640,0.7591,0.7609,85455
2016-10-25,0.7609,0.7654,0.7589,0.7646,113363
2016-10-26,0.7643,0.7709,0.7625,0.7649,107461
2016-10-27,0.7647,0.7652,0.7581,0.7587,118682
2016-10-28,0.7586,0.7607,0.7557,0.7588,134254
2016-10-31,0.7597,0.7619,0.7583,0.7606,105991
2016-11-01,0.7606,0.7689,0.7598,0.7655,123598
2016-11-02,0.7655,0.7678,0.7612,0.7657,131562
2016-11-03,0.7657,0.7687,0.7637,0.7681,132712
2016-11-04,0.7681,0.7697,0.7652,0.7671,135485
2016-11-07,0.7673,0.7729,0.7656,0.7726,118886
2016-11-08,0.7725,0.7778,0.7689,0.7761,129159
2016-11-09,0.7758,0.7771,0.7579,0.7634,260972
2016-11-10,0.7630,0.7742,0.7568,0.7611,183717
2016-11-11,0.7611,0.7629,0.7525,0.7531,200743
2016-11-14,0.7542,0.7565,0.7523,0.7551,181179
2016-11-15,0.7552,0.7581,0.7511,0.7557,174239
2016-11-16,0.7556,0.7571,0.7460,0.7478,166453
2016-11-17,0.7476,0.7501,0.7396,0.7403,167679
2016-11-18,0.7401,0.7418,0.7317,0.7317,183974
2016-11-21,0.7329,0.7381,0.7310,0.7367,167657
2016-11-22,0.7363,0.7413,0.7361,0.7401,156551
2016-11-23,0.7401,0.7445,0.7372,0.7381,152928
2016-11-24,0.7381,0.7418,0.7364,0.7406,128887
2016-11-25,0.7404,0.7468,0.7400,0.7424,148614
2016-11-28,0.7441,0.7493,0.7432,0.7482,137384
2016-11-29,0.7478,0.7497,0.7432,0.7483,140911
2016-11-30,0.7481,0.7497,0.7373,0.7383,166735
2016-12-01,0.7382,0.7421,0.7369,0.7413,131423
2016-12-02,0.7413,0.7469,0.7400,0.7449,117041
2016-12-05,0.7448,0.7497,0.7411,0.7471,135483
2016-12-06,0.7470,0.7483,0.7431,0.7460,98273
2016-12-07,0.7456,0.7483,0.7416,0.7482,89330
2016-12-08,0.7477,0.7507,0.7428,0.7462,122195
2016-12-09,0.7460,0.7495,0.7428,0.7428,100380
2016-12-12,0.7435,0.7504,0.7430,0.7495,103504
2016-12-13,0.7495,0.7523,0.7475,0.7498,110547
2016-12-14,0.7497,0.7524,0.7394,0.7404,125497
2016-12-15,0.7401,0.7430,0.7337,0.7358,164783
2016-12-16,0.7357,0.7369,0.7266,0.7284,126415
2016-12-19,0.7281,0.7312,0.7242,0.7244,110324
2016-12-20,0.7243,0.7262,0.7222,0.7258,94524
2016-12-21,0.7258,0.7279,0.7234,0.7236,85951
2016-12-22,0.7232,0.7258,0.7197,0.7215,96776
2016-12-23,0.7215,0.7227,0.7156,0.7156,72630
2016-12-26,0.7191,0.7225,0.7033,0.7188,7729
2016-12-27,0.7180,0.7197,0.7172,0.7186,63568
2016-12-28,0.7179,0.7219,0.7163,0.7176,79579
2016-12-29,0.7171,0.7223,0.7162,0.7218,101098
2016-12-30,0.7212,0.7246,0.7180,0.7180,114180
2017-01-02,0.7206,0.7218,0.7164,0.7174,40354
2017-01-03,0.7174,0.7241,0.7174,0.7216,117788
2017-01-04,0.7214,0.7286,0.7213,0.7281,136493
2017-01-05,0.7279,0.7356,0.7272,0.7334,169699
2017-01-06,0.7333,0.7355,0.7288,0.7296,142881
2017-01-09,0.7291,0.7373,0.7287,0.7353,116959
2017-01-10,0.7352,0.7384,0.7331,0.7366,132362
2017-01-11,0.7364,0.7471,0.7352,0.7441,172508
2017-01-12,0.7438,0.7518,0.7429,0.7481,154644
2017-01-13,0.7480,0.7508,0.7448,0.7481,135197
2017-01-16,0.7482,0.7505,0.7458,0.7474,103662
2017-01-17,0.7474,0.7568,0.7464,0.7564,164000
2017-01-18,0.7562,0.7566,0.7502,0.7504,128515
2017-01-19,0.7506,0.7574,0.7493,0.7560,160771
2017-01-20,0.7558,0.7588,0.7517,0.7536,162071
2017-01-23,0.7553,0.7589,0.7550,0.7582,140610
2017-01-24,0.7582,0.7609,0.7553,0.7581,121143
2017-01-25,0.7576,0.7598,0.7515,0.7570,139285
2017-01-26,0.7570,0.7584,0.7521,0.7534,134541
2017-01-27,0.7533,0.7572,0.7511,0.7544,128788
2017-01-30,0.7555,0.7566,0.7528,0.7552,114611
2017-01-31,0.7550,0.7605,0.7542,0.7582,130504
2017-02-01,0.7585,0.7596,0.7551,0.7582,123040
2017-02-02,0.7586,0.7696,0.7577,0.7656,121547
2017-02-03,0.7656,0.7695,0.7619,0.7662,118758
2017-02-06,0.7643,0.7683,0.7629,0.7658,108212
2017-02-07,0.7656,0.7681,0.7605,0.7627,115181
2017-02-08,0.7625,0.7665,0.7611,0.7643,115955
2017-02-09,0.7643,0.7664,0.7610,0.7623,106397
2017-02-10,0.7623,0.7688,0.7617,0.7666,103251
2017-02-13,0.7677,0.7680,0.7630,0.7640,95976
2017-02-14,0.7638,0.7696,0.7618,0.7661,114061
2017-02-15,0.7660,0.7719,0.7637,0.7709,106688
2017-02-16,0.7709,0.7732,0.7684,0.7692,117079
2017-02-17,0.7692,0.7712,0.7645,0.7645,99464
2017-02-20,0.7672,0.7690,0.7659,0.7686,74970
2017-02-21,0.7686,0.7690,0.7649,0.7673,88026
2017-02-22,0.7672,0.7714,0.7666,0.7702,95367
2017-02-23,0.7699,0.7740,0.7665,0.7714,99329
2017-02-24,0.7712,0.7720,0.7663,0.7663,84544
2017-02-27,0.7678,0.7707,0.7662,0.7672,88759
2017-02-28,0.7670,0.7694,0.7646,0.7656,92194
2017-03-01,0.7654,0.7699,0.7636,0.7675,120442
2017-03-02,0.7675,0.7682,0.7557,0.7571,96075
2017-03-03,0.7570,0.7598,0.7542,0.7577,104467
2017-03-06,0.7584,0.7609,0.7570,0.7579,86991
2017-03-07,0.7577,0.7632,0.7572,0.7587,93127
2017-03-08,0.7587,0.7608,0.7525,0.7526,104591
2017-03-09,0.7526,0.7534,0.7491,0.7505,107766
2017-03-10,0.7505,0.7557,0.7498,0.7540,109109
2017-03-13,0.7546,0.7592,0.7533,0.7570,93949
2017-03-14,0.7570,0.7579,0.7540,0.7559,90059
2017-03-15,0.7559,0.7719,0.7555,0.7705,111147
2017-03-16,0.7705,0.7717,0.7663,0.7681,115913
2017-03-17,0.7680,0.7717,0.7663,0.7704,84304
2017-03-20,0.7699,0.7748,0.7697,0.7729,83892
2017-03-21,0.7729,0.7749,0.7682,0.7685,100329
2017-03-22,0.7685,0.7689,0.7639,0.7674,106224
2017-03-23,0.7674,0.7676,0.7622,0.7626,104117
2017-03-24,0.7625,0.7640,0.7603,0.7621,93688
2017-03-27,0.7631,0.7648,0.7608,0.7616,87345
2017-03-28,0.7614,0.7654,0.7587,0.7634,84564
2017-03-29,0.7631,0.7675,0.7629,0.7669,87459
2017-03-30,0.7667,0.7679,0.7639,0.7639,89335
2017-03-31,0.7639,0.7662,0.7622,0.7627,93620
2017-04-03,0.7623,0.7640,0.7591,0.7603,77386
2017-04-04,0.7602,0.7615,0.7545,0.7564,85392
2017-04-05,0.7564,0.7587,0.7557,0.7568,84782
2017-04-06,0.7568,0.7576,0.7532,0.7543,85768
2017-04-07,0.7543,0.7546,0.7481,0.7481,104237
2017-04-10,0.7491,0.7508,0.7476,0.7500,80752
2017-04-11,0.7500,0.7514,0.7474,0.7497,91374
2017-04-12,0.7496,0.7528,0.7473,0.7522,97633
2017-04-13,0.7519,0.7595,0.7517,0.7567,94545
2017-04-14,0.7557,0.7582,0.7556,0.7572,49894
2017-04-17,0.7573,0.7610,0.7567,0.7588,56853
2017-04-18,0.7588,0.7596,0.7533,0.7559,88470
2017-04-19,0.7558,0.7562,0.7491,0.7496,77657
2017-04-20,0.7496,0.7547,0.7489,0.7525,79954
2017-04-21,0.7524,0.7545,0.7515,0.7527,71799
2017-04-24,0.7569,0.7584,0.7538,0.7568,76140
2017-04-25,0.7568,0.7571,0.7520,0.7533,74851
2017-04-26,0.7534,0.7553,0.7455,0.7473,93574
2017-04-27,0.7472,0.7492,0.7440,0.7464,85940
2017-04-28,0.7464,0.7490,0.7448,0.7460,78858
2017-05-01,0.7467,0.7540,0.7467,0.7524,52923
2017-05-02,0.7524,0.7556,0.7510,0.7536,65882
2017-05-03,0.7533,0.7546,0.7419,0.7422,76969
2017-05-04,0.7419,0.7430,0.7382,0.7408,84564
2017-05-05,0.7408,0.7426,0.7367,0.7411,86755
2017-05-08,0.7412,0.7424,0.7377,0.7386,80699
2017-05-09,0.7386,0.7398,0.7329,0.7343,85238
2017-05-10,0.7343,0.7394,0.7338,0.7364,84962
2017-05-11,0.7364,0.7383,0.7333,0.7378,83571
2017-05-12,0.7378,0.7421,0.7367,0.7378,78513
2017-05-15,0.7390,0.7445,0.7384,0.7411,77406
2017-05-16,0.7410,0.7438,0.7395,0.7425,86236
2017-05-17,0.7425,0.7443,0.7388,0.7430,98027
2017-05-18,0.7430,0.7467,0.7408,0.7417,119987
2017-05-19,0.7417,0.7469,0.7406,0.7455,82587
2017-05-22,0.7450,0.7488,0.7433,0.7474,75969
2017-05-23,0.7474,0.7517,0.7466,0.7475,81371
2017-05-24,0.7475,0.7507,0.7442,0.7502,85507
2017-05-25,0.7501,0.7516,0.7450,0.7452,85879
2017-05-26,0.7452,0.7461,0.7421,0.7436,84898
2017-05-29,0.7438,0.7450,0.7427,0.7438,50376
2017-05-30,0.7437,0.7469,0.7416,0.7464,77892
2017-05-31,0.7464,0.7476,0.7424,0.7429,82936
2017-06-01,0.7429,0.7454,0.7372,0.7372,84494
2017-06-02,0.7372,0.7446,0.7366,0.7436,74488
2017-06-05,0.7424,0.7498,0.7422,0.7485,52148
2017-06-06,0.7482,0.7522,0.7457,0.7505,68418
2017-06-07,0.7504,0.7566,0.7499,0.7550,67427
2017-06-08,0.7547,0.7554,0.7524,0.7545,60863
2017-06-09,0.7542,0.7545,0.7519,0.7527,61282
2017-06-12,0.7529,0.7547,0.7521,0.7541,45314
2017-06-13,0.7537,0.7564,0.7524,0.7536,49749
2017-06-14,0.7536,0.7635,0.7532,0.7588,81570
2017-06-15,0.7586,0.7631,0.7568,0.7579,74458
2017-06-16,0.7575,0.7629,0.7570,0.7613,62370
2017-06-19,0.7614,0.7629,0.7585,0.7597,52603
2017-06-20,0.7593,0.7623,0.7570,0.7579,57069
2017-06-21,0.7578,0.7585,0.7543,0.7552,58424
2017-06-22,0.7552,0.7562,0.7535,0.7540,54304
2017-06-23,0.7537,0.7582,0.7537,0.7560,48398
2017-06-26,0.7562,0.7599,0.7562,0.7584,51814
2017-06-27,0.7578,0.7624,0.7577,0.7582,62181
2017-06-28,0.7579,0.7644,0.7573,0.7637,75333
2017-06-29,0.7636,0.7686,0.7635,0.7682,64996
2017-06-30,0.7678,0.7712,0.7667,0.7685,73133
2017-07-03,0.7679,0.7695,0.7644,0.7656,57165
2017-07-04,0.7654,0.7682,0.7591,0.7604,58030
2017-07-05,0.7598,0.7632,0.7571,0.7603,55636
2017-07-06,0.7599,0.7614,0.7577,0.7583,55559
2017-07-07,0.7582,0.7623,0.7572,0.7598,59639
2017-07-10,0.7599,0.7614,0.7586,0.7606,45352
2017-07-11,0.7605,0.7642,0.7593,0.7635,57805
2017-07-12,0.7635,0.7685,0.7634,0.7677,65749
2017-07-13,0.7673,0.7739,0.7673,0.7731,60732
2017-07-14,0.7727,0.7833,0.7726,0.7825,62738
2017-07-17,0.7823,0.7838,0.7792,0.7796,72777
2017-07-18,0.7797,0.7943,0.7786,0.7918,94892
2017-07-19,0.7915,0.7959,0.7909,0.7953,72368
2017-07-20,0.7946,0.7989,0.7897,0.7957,85386
2017-07-21,0.7953,0.7959,0.7874,0.7913,76531
2017-07-24,0.7906,0.7967,0.7903,0.7923,67238
2017-07-25,0.7923,0.7970,0.7902,0.7936,65980
2017-07-26,0.7938,0.8013,0.7878,0.7999,96005
2017-07-27,0.8003,0.8065,0.7956,0.7965,97795
2017-07-28,0.7964,0.8007,0.7936,0.7984,92568
2017-07-31,0.7981,0.8002,0.7956,0.8000,75550
2017-08-01,0.8001,0.8042,0.7960,0.7967,82289
2017-08-02,0.7967,0.7993,0.7941,0.7965,71664
2017-08-03,0.7964,0.7968,0.7914,0.7947,82891
2017-08-04,0.7947,0.7979,0.7891,0.7922,83444
2017-08-07,0.7915,0.7948,0.7899,0.7912,60936
2017-08-08,0.7908,0.7942,0.7887,0.7909,69890
2017-08-09,0.7910,0.7914,0.7855,0.7887,80167
2017-08-10,0.7887,0.7910,0.7866,0.7873,71026
2017-08-11,0.7871,0.7909,0.7839,0.7891,77791
2017-08-14,0.7890,0.7919,0.7844,0.7851,62204
2017-08-15,0.7850,0.7876,0.7807,0.7820,59136
2017-08-16,0.7821,0.7934,0.7816,0.7931,64870
2017-08-17,0.7924,0.7962,0.7880,0.7882,76543
2017-08-18,0.7883,0.7944,0.7869,0.7922,76674
2017-08-21,0.7926,0.7950,0.7910,0.7939,45697
2017-08-22,0.7936,0.7950,0.7897,0.7911,48962
2017-08-23,0.7909,0.7918,0.7882,0.7903,61249
2017-08-24,0.7900,0.7915,0.7866,0.7901,65679
2017-08-25,0.7900,0.7954,0.7885,0.7931,74256
2017-08-28,0.7930,0.7973,0.7925,0.7964,51645
2017-08-29,0.7966,0.7983,0.7905,0.7953,87655
2017-08-30,0.7940,0.7995,0.7890,0.7900,73088
2017-08-31,0.7898,0.7950,0.7871,0.7946,80683
2017-09-01,0.7944,0.7994,0.7921,0.7967,83053
2017-09-04,0.7947,0.7972,0.7940,0.7942,62807
2017-09-05,0.7942,0.8028,0.7942,0.7995,90351
2017-09-06,0.7995,0.8020,0.7963,0.8000,84425
2017-09-07,0.8000,0.8048,0.7974,0.8046,85346
2017-09-08,0.8046,0.8125,0.8042,0.8048,94043
2017-09-11,0.8054,0.8058,0.8018,0.8027,66620
2017-09-12,0.8026,0.8049,0.7998,0.8013,86521
2017-09-13,0.8013,0.8044,0.7971,0.7984,77564
2017-09-14,0.7984,0.8016,0.7956,0.8003,90630
2017-09-15,0.8003,0.8035,0.7986,0.7999,84904
2017-09-18,0.7995,0.8035,0.7940,0.7956,70537
2017-09-19,0.7956,0.8020,0.7951,0.8009,82659
2017-09-20,0.8009,0.8102,0.7985,0.8031,102025
2017-09-21,0.8031,0.8036,0.7917,0.7925,97250
2017-09-22,0.7925,0.7986,0.7908,0.7958,84790
2017-09-25,0.7951,0.7974,0.7926,0.7936,83913
2017-09-26,0.7936,0.7949,0.7859,0.7885,96692
2017-09-27,0.7885,0.7889,0.7836,0.7848,106536
2017-09-28,0.7848,0.7860,0.7800,0.7854,87742
2017-09-29,0.7854,0.7857,0.7816,0.7831,68952
2017-10-02,0.7833,0.7847,0.7795,0.7825,64806
2017-10-03,0.7825,0.7839,0.7785,0.7834,70623
2017-10-04,0.7834,0.7875,0.7830,0.7864,69376
2017-10-05,0.7861,0.7865,0.7787,0.7794,67119
2017-10-06,0.7794,0.7798,0.7733,0.7762,80449
2017-10-09,0.7769,0.7782,0.7747,0.7751,38103
2017-10-10,0.7751,0.7797,0.7749,0.7777,58559
2017-10-11,0.7777,0.7809,0.7771,0.7788,61132
2017-10-12,0.7788,0.7836,0.7783,0.7819,64862
2017-10-13,0.7819,0.7897,0.7814,0.7882,63227
2017-10-16,0.7883,0.7890,0.7843,0.7850,56131
2017-10-17,0.7850,0.7861,0.7818,0.7845,60676
2017-10-18,0.7845,0.7858,0.7819,0.7846,55015
2017-10-19,0.7846,0.7884,0.7841,0.7876,73051
2017-10-20,0.7876,0.7882,0.7808,0.7811,68397
2017-10-23,0.7819,0.7834,0.7796,0.7806,52530
2017-10-24,0.7806,0.7825,0.7770,0.7775,65321
2017-10-25,0.7775,0.7784,0.7690,0.7703,76387
2017-10-26,0.7703,0.7719,0.7655,0.7656,72213
2017-10-27,0.7656,0.7678,0.7625,0.7676,72872
2017-10-30,0.7674,0.7691,0.7656,0.7688,47077
2017-10-31,0.7688,0.7699,0.7640,0.7656,49487
2017-11-01,0.7656,0.7696,0.7648,0.7675,65655
2017-11-02,0.7675,0.7726,0.7672,0.7714,70258
2017-11-03,0.7714,0.7716,0.7639,0.7649,61577
2017-11-06,0.7648,0.7692,0.7638,0.7689,50134
2017-11-07,0.7689,0.7701,0.7627,0.7642,59539
2017-11-08,0.7642,0.7685,0.7636,0.7674,53537
2017-11-09,0.7674,0.7694,0.7649,0.7678,58497
2017-11-10,0.7678,0.7695,0.7653,0.7653,54042
2017-11-13,0.7649,0.7665,0.7617,0.7621,43114
2017-11-14,0.7621,0.7650,0.7609,0.7628,55055
2017-11-15,0.7628,0.7632,0.7573,0.7588,64433
2017-11-16,0.7588,0.7609,0.7569,0.7587,51037
2017-11-17,0.7587,0.7608,0.7536,0.7565,53422
2017-11-20,0.7565,0.7574,0.7544,0.7550,49734
2017-11-21,0.7550,0.7590,0.7532,0.7577,49304
2017-11-22,0.7577,0.7623,0.7555,0.7612,48457
2017-11-23,0.7612,0.7639,0.7604,0.7623,45154
2017-11-24,0.7623,0.7632,0.7607,0.7614,48627
2017-11-27,0.7615,0.7645,0.7593,0.7602,46706
2017-11-28,0.7602,0.7620,0.7588,0.7593,46478
2017-11-29,0.7593,0.7608,0.7552,0.7563,55335
2017-11-30,0.7564,0.7594,0.7557,0.7564,58505
2017-12-01,0.7564,0.7639,0.7551,0.7609,81145
2017-12-04,0.7592,0.7614,0.7579,0.7597,63584
2017-12-05,0.7595,0.7654,0.7595,0.7607,67632
2017-12-06,0.7607,0.7635,0.7559,0.7561,60730
2017-12-07,0.7561,0.7570,0.7505,0.7511,58933
2017-12-08,0.7511,0.7534,0.7501,0.7508,59137
2017-12-11,0.7508,0.7546,0.7503,0.7526,53003
2017-12-12,0.7526,0.7580,0.7519,0.7555,51635
2017-12-13,0.7555,0.7640,0.7552,0.7636,71116
2017-12-14,0.7636,0.7680,0.7627,0.7664,77308
2017-12-15,0.7664,0.7694,0.7635,0.7646,63833
2017-12-18,0.7644,0.7678,0.7641,0.7659,68467
2017-12-19,0.7659,0.7684,0.7646,0.7662,65910
2017-12-20,0.7662,0.7680,0.7651,0.7665,66804
2017-12-21,0.7665,0.7707,0.7653,0.7699,61022
2017-12-22,0.7700,0.7721,0.7699,0.7714,59387
2017-12-26,0.7719,0.7730,0.7712,0.7727,17649
2017-12-27,0.7726,0.7779,0.7724,0.7767,54071
2017-12-28,0.7767,0.7809,0.7764,0.7788,51496
2017-12-29,0.7788,0.7825,0.7788,0.7806,55240
2018-01-02,0.7798,0.7845,0.7794,0.7825,53072
2018-01-03,0.7825,0.7845,0.7805,0.7834,78067
2018-01-04,0.7834,0.7866,0.7814,0.7861,77129
2018-01-05,0.7861,0.7875,0.7835,0.7863,78913
2018-01-08,0.7863,0.7873,0.7827,0.7840,57840
2018-01-09,0.7840,0.7864,0.7807,0.7823,78067
2018-01-10,0.7823,0.7867,0.7808,0.7841,112778
2018-01-11,0.7841,0.7894,0.7837,0.7891,104705
2018-01-12,0.7891,0.7924,0.7848,0.7916,116656
2018-01-15,0.7900,0.7979,0.7900,0.7963,100033
2018-01-16,0.7963,0.7975,0.7937,0.7956,100015
2018-01-17,0.7956,0.8023,0.7940,0.7968,134827
2018-01-18,0.7968,0.8007,0.7942,0.7998,115513
2018-01-19,0.7997,0.8039,0.7978,0.7985,107619
2018-01-22,0.7985,0.8027,0.7979,0.8015,75502
2018-01-23,0.8015,0.8030,0.7956,0.7997,97093
2018-01-24,0.7997,0.8083,0.7993,0.8062,113396
2018-01-25,0.8061,0.8118,0.8011,0.8019,189543
2018-01-26,0.8019,0.8136,0.8005,0.8110,153591
2018-01-29,0.8098,0.8118,0.8074,0.8092,123887
2018-01-30,0.8092,0.8113,0.8042,0.8080,113480
2018-01-31,0.8079,0.8117,0.8035,0.8054,152409
2018-02-01,0.8054,0.8067,0.7987,0.8038,138352
2018-02-02,0.8038,0.8044,0.7918,0.7921,159273
2018-02-05,0.7912,0.7954,0.7875,0.7877,170120
2018-02-06,0.7875,0.7910,0.7835,0.7904,227230
2018-02-07,0.7904,0.7908,0.7816,0.7821,127471
2018-02-08,0.7822,0.7843,0.7776,0.7779,180175
2018-02-09,0.7779,0.7830,0.7759,0.7815,184951
2018-02-12,0.7813,0.7863,0.7804,0.7859,101591
2018-02-13,0.7859,0.7876,0.7828,0.7859,99192
2018-02-14,0.7859,0.7934,0.7773,0.7925,156634
2018-02-15,0.7925,0.7966,0.7892,0.7942,132042
2018-02-16,0.7942,0.7988,0.7892,0.7904,116184
2018-02-19,0.7906,0.7935,0.7898,0.7911,74279
2018-02-20,0.7912,0.7933,0.7874,0.7882,113114
2018-02-21,0.7881,0.7901,0.7802,0.7803,134755
2018-02-22,0.7803,0.7860,0.7790,0.7845,94404
2018-02-23,0.7845,0.7847,0.7804,0.7841,79834
2018-02-26,0.7839,0.7893,0.7826,0.7852,72751
2018-02-27,0.7852,0.7868,0.7783,0.7787,94437
2018-02-28,0.7788,0.7819,0.7760,0.7760,86264
2018-03-01,0.7761,0.7769,0.7712,0.7753,131747
2018-03-02,0.7753,0.7773,0.7737,0.7763,105707
2018-03-05,0.7761,0.7770,0.7725,0.7763,81604
2018-03-06,0.7763,0.7842,0.7756,0.7826,98692
2018-03-07,0.7827,0.7830,0.7771,0.7822,106082
2018-03-08,0.7823,0.7838,0.7772,0.7786,93244
2018-03-09,0.7786,0.7854,0.7776,0.7847,84939
2018-03-12,0.7850,0.7880,0.7847,0.7873,58283
2018-03-13,0.7873,0.7897,0.7846,0.7855,90801
2018-03-14,0.7855,0.7916,0.7851,0.7875,86968
2018-03-15,0.7875,0.7885,0.7794,0.7799,84060
2018-03-16,0.7799,0.7804,0.7710,0.7713,76044
2018-03-19,0.7714,0.7726,0.7687,0.7714,78686
2018-03-20,0.7714,0.7721,0.7679,0.7683,70661
2018-03-21,0.7683,0.7780,0.7672,0.7763,104531
2018-03-22,0.7763,0.7784,0.7687,0.7695,128233
2018-03-23,0.7695,0.7744,0.7687,0.7696,170105
2018-03-26,0.7702,0.7750,0.7695,0.7745,121362
2018-03-27,0.7745,0.7758,0.7675,0.7677,118380
2018-03-28,0.7677,0.7702,0.7653,0.7661,167559
2018-03-29,0.7659,0.7689,0.7643,0.7678,121058
2018-03-30,0.7678,0.7706,0.7672,0.7686,154059
2018-04-02,0.7684,0.7695,0.7650,0.7660,76410
2018-04-03,0.7660,0.7707,0.7647,0.7683,117830
2018-04-04,0.7684,0.7721,0.7663,0.7714,94714
2018-04-05,0.7713,0.7726,0.7674,0.7681,46847
2018-04-06,0.7682,0.7699,0.7657,0.7673,60342
2018-04-09,0.7677,0.7711,0.7652,0.7694,42208
2018-04-10,0.7694,0.7768,0.7693,0.7759,52748
2018-04-11,0.7759,0.7773,0.7739,0.7750,42644
2018-04-12,0.7745,0.7771,0.7738,0.7752,42176
2018-04-13,0.7752,0.7810,0.7752,0.7763,39095
2018-04-16,0.7767,0.7783,0.7752,0.7778,31270
2018-04-17,0.7778,0.7791,0.7760,0.7762,34928
2018-04-18,0.7765,0.7797,0.7744,0.7782,35728
2018-04-19,0.7783,0.7813,0.7719,0.7728,48404
2018-04-20,0.7728,0.7732,0.7655,0.7671,43346
2018-04-23,0.7668,0.7683,0.7599,0.7604,40872
2018-04-24,0.7604,0.7621,0.7577,0.7603,52701
2018-04-25,0.7602,0.7606,0.7552,0.7564,49528
2018-04-26,0.7563,0.7589,0.7547,0.7553,67724
2018-04-27,0.7552,0.7584,0.7532,0.7582,52974
2018-04-30,0.7574,0.7582,0.7525,0.7528,51718
2018-05-01,0.7528,0.7546,0.7472,0.7488,53689
2018-05-02,0.7488,0.7537,0.7475,0.7492,83500
2018-05-03,0.7492,0.7543,0.7485,0.7531,80416
2018-05-04,0.7531,0.7560,0.7492,0.7539,63665
2018-05-07,0.7541,0.7543,0.7493,0.7512,47884
2018-05-08,0.7510,0.7528,0.7434,0.7451,72722
2018-05-09,0.7451,0.7472,0.7412,0.7455,65084
2018-05-10,0.7455,0.7540,0.7449,0.7529,84193
2018-05-11,0.7528,0.7567,0.7522,0.7541,61441
2018-05-14,0.7540,0.7565,0.7522,0.7523,48836
2018-05-15,0.7521,0.7538,0.7448,0.7468,71206
2018-05-16,0.7467,0.7523,0.7447,0.7515,71021
2018-05-17,0.7513,0.7547,0.7498,0.7508,67570
2018-05-18,0.7507,0.7528,0.7488,0.7510,56813
2018-05-21,0.7519,0.7586,0.7503,0.7579,53196
2018-05-22,0.7580,0.7605,0.7566,0.7573,58528
2018-05-23,0.7574,0.7582,0.7522,0.7556,84445
2018-05-24,0.7556,0.7582,0.7542,0.7573,76974
2018-05-25,0.7573,0.7590,0.7542,0.7548,59049
2018-05-28,0.7558,0.7581,0.7539,0.7543,52798
2018-05-29,0.7543,0.7553,0.7498,0.7504,73214
2018-05-30,0.7503,0.7584,0.7476,0.7570,74144
2018-05-31,0.7568,0.7593,0.7552,0.7567,71210
2018-06-01,0.7567,0.7573,0.7514,0.7568,62348
2018-06-04,0.7561,0.7666,0.7558,0.7643,56311
2018-06-05,0.7642,0.7656,0.7594,0.7616,59250
2018-06-06,0.7614,0.7677,0.7612,0.7667,55424
2018-06-07,0.7668,0.7673,0.7612,0.7619,54841
2018-06-08,0.7621,0.7627,0.7560,0.7597,47600
2018-06-11,0.7588,0.7621,0.7588,0.7606,31162
2018-06-12,0.7604,0.7623,0.7565,0.7573,47136
2018-06-13,0.7573,0.7609,0.7529,0.7575,59201
2018-06-14,0.7575,0.7582,0.7472,0.7474,61774
2018-06-15,0.7475,0.7480,0.7439,0.7441,54787
2018-06-18,0.7439,0.7454,0.7413,0.7421,34769
2018-06-19,0.7421,0.7427,0.7347,0.7376,65333
2018-06-20,0.7373,0.7409,0.7367,0.7367,55111
2018-06-21,0.7367,0.7393,0.7345,0.7372,75101
2018-06-22,0.7372,0.7443,0.7371,0.7440,62760
2018-06-25,0.7438,0.7442,0.7396,0.7413,56491
2018-06-26,0.7410,0.7423,0.7380,0.7390,62121
2018-06-27,0.7390,0.7407,0.7323,0.7337,70770
2018-06-28,0.7338,0.7362,0.7330,0.7347,64673
2018-06-29,0.7349,0.7409,0.7335,0.7407,71338
2018-07-02,0.7398,0.7405,0.7310,0.7335,48636
2018-07-03,0.7335,0.7404,0.7314,0.7385,57719
2018-07-04,0.7381,0.7424,0.7374,0.7379,61571
2018-07-05,0.7381,0.7408,0.7361,0.7386,56033
2018-07-06,0.7385,0.7444,0.7376,0.7429,50600
2018-07-09,0.7430,0.7484,0.7428,0.7465,39680
2018-07-10,0.7465,0.7484,0.7430,0.7456,43097
2018-07-11,0.7455,0.7456,0.7364,0.7366,71793
2018-07-12,0.7365,0.7419,0.7359,0.7406,50666
2018-07-13,0.7406,0.7423,0.7368,0.7423,50797
2018-07-16,0.7418,0.7442,0.7409,0.7416,43848
2018-07-17,0.7416,0.7438,0.7376,0.7385,53982
2018-07-18,0.7385,0.7407,0.7343,0.7397,46464
2018-07-19,0.7397,0.7441,0.7322,0.7352,77711
2018-07-20,0.7347,0.7431,0.7318,0.7418,81543
2018-07-23,0.7418,0.7437,0.7371,0.7378,56949
2018-07-24,0.7377,0.7433,0.7359,0.7419,58466
2018-07-25,0.7419,0.7464,0.7391,0.7453,68340
2018-07-26,0.7452,0.7462,0.7371,0.7376,62813
2018-07-27,0.7375,0.7414,0.7369,0.7399,51211
2018-07-30,0.7399,0.7412,0.7385,0.7402,35943
2018-07-31,0.7404,0.7440,0.7402,0.7428,53726
2018-08-01,0.7423,0.7428,0.7389,0.7403,47580
2018-08-02,0.7402,0.7411,0.7354,0.7357,42220
2018-08-03,0.7357,0.7411,0.7347,0.7396,53025
2018-08-06,0.7390,0.7405,0.7373,0.7386,32368
2018-08-07,0.7386,0.7439,0.7381,0.7421,38817
2018-08-08,0.7419,0.7439,0.7382,0.7428,38554
2018-08-09,0.7425,0.7452,0.7371,0.7371,44843
2018-08-10,0.7371,0.7379,0.7279,0.7295,73167
2018-08-13,0.7274,0.7299,0.7256,0.7266,62012
2018-08-14,0.7265,0.7283,0.7223,0.7239,55188
2018-08-15,0.7239,0.7247,0.7201,0.7238,62792
2018-08-16,0.7236,0.7286,0.7213,0.7257,66935
2018-08-17,0.7256,0.7319,0.7252,0.7315,57370
2018-08-20,0.7314,0.7343,0.7295,0.7337,46767
2018-08-21,0.7336,0.7381,0.7332,0.7364,55024
2018-08-22,0.7363,0.7369,0.7333,0.7344,55315
2018-08-23,0.7347,0.7355,0.7240,0.7244,52606
2018-08-24,0.7244,0.7344,0.7237,0.7325,56726
2018-08-27,0.7322,0.7356,0.7307,0.7348,45255
2018-08-28,0.7348,0.7362,0.7320,0.7335,51517
2018-08-29,0.7334,0.7348,0.7274,0.7310,61892
2018-08-30,0.7308,0.7314,0.7249,0.7261,53875
2018-08-31,0.7259,0.7267,0.7175,0.7189,61909
2018-09-03,0.7188,0.7223,0.7165,0.7213,39157
2018-09-04,0.7211,0.7235,0.7157,0.7174,53915
2018-09-05,0.7175,0.7217,0.7144,0.7190,56624
2018-09-06,0.7189,0.7210,0.7165,0.7197,57545
2018-09-07,0.7197,0.7201,0.7098,0.7101,63359
2018-09-10,0.7102,0.7131,0.7098,0.7112,39785
2018-09-11,0.7112,0.7128,0.7084,0.7116,51228
2018-09-12,0.7120,0.7182,0.7093,0.7166,53258
2018-09-13,0.7166,0.7228,0.7164,0.7190,51368
2018-09-14,0.7192,0.7216,0.7150,0.7150,49786
2018-09-17,0.7152,0.7196,0.7141,0.7178,38154
2018-09-18,0.7178,0.7223,0.7143,0.7218,62204
2018-09-19,0.7210,0.7274,0.7205,0.7261,54191
2018-09-20,0.7257,0.7292,0.7253,0.7291,49451
2018-09-21,0.7290,0.7303,0.7262,0.7287,48889
2018-09-24,0.7263,0.7281,0.7250,0.7252,41075
2018-09-25,0.7251,0.7262,0.7235,0.7249,46500
2018-09-26,0.7248,0.7314,0.7240,0.7256,54308
2018-09-27,0.7256,0.7268,0.7205,0.7206,56686
2018-09-28,0.7206,0.7241,0.7201,0.7214,45651
2018-10-01,0.7224,0.7231,0.7206,0.7221,44462
2018-10-02,0.7221,0.7237,0.7161,0.7184,56233
2018-10-03,0.7185,0.7196,0.7101,0.7101,55809
2018-10-04,0.7100,0.7111,0.7065,0.7074,64925
2018-10-05,0.7070,0.7086,0.7042,0.7050,68819
2018-10-08,0.7053,0.7080,0.7040,0.7076,54251
2018-10-09,0.7076,0.7105,0.7053,0.7102,64757
2018-10-10,0.7101,0.7130,0.7043,0.7049,61897
2018-10-11,0.7049,0.7128,0.7045,0.7123,97336
2018-10-12,0.7121,0.7139,0.7101,0.7112,67137
2018-10-15,0.7110,0.7148,0.7098,0.7130,60214
2018-10-16,0.7129,0.7150,0.7111,0.7141,53933
2018-10-17,0.7140,0.7159,0.7106,0.7108,56458
2018-10-18,0.7109,0.7150,0.7097,0.7098,68698
2018-10-19,0.7097,0.7149,0.7088,0.7118,66552
2018-10-22,0.7113,0.7125,0.7075,0.7080,55170
2018-10-23,0.7080,0.7090,0.7055,0.7084,68902
2018-10-24,0.7084,0.7105,0.7059,0.7059,72183
2018-10-25,0.7057,0.7099,0.7056,0.7080,72590
2018-10-26,0.7080,0.7103,0.7020,0.7086,84297
2018-10-29,0.7090,0.7108,0.7050,0.7060,72099
2018-10-30,0.7060,0.7121,0.7056,0.7103,70627
2018-10-31,0.7103,0.7106,0.7067,0.7075,61051
2018-11-01,0.7075,0.7212,0.7073,0.7199,64427
2018-11-02,0.7199,0.7258,0.7182,0.7197,76064
2018-11-05,0.7190,0.7217,0.7182,0.7209,55999
2018-11-06,0.7209,0.7246,0.7204,0.7244,61829
2018-11-07,0.7243,0.7299,0.7212,0.7274,77856
2018-11-08,0.7274,0.7302,0.7246,0.7256,72859
2018-11-09,0.7253,0.7270,0.7218,0.7227,75497
2018-11-12,0.7218,0.7237,0.7171,0.7172,61403
2018-11-13,0.7172,0.7223,0.7163,0.7217,81231
2018-11-14,0.7218,0.7253,0.7187,0.7228,86936
2018-11-15,0.7232,0.7297,0.7228,0.7276,88111
2018-11-16,0.7276,0.7337,0.7249,0.7329,68043
2018-11-19,0.7313,0.7325,0.7277,0.7292,53153
2018-11-20,0.7292,0.7300,0.7211,0.7213,68517
2018-11-21,0.7213,0.7276,0.7202,0.7262,59259
2018-11-22,0.7263,0.7267,0.7233,0.7253,43347
2018-11-23,0.7251,0.7256,0.7218,0.7226,47561
2018-11-26,0.7227,0.7276,0.7212,0.7219,47981
2018-11-27,0.7220,0.7268,0.7198,0.7224,61011
2018-11-28,0.7225,0.7327,0.7220,0.7304,56603
2018-11-29,0.7305,0.7344,0.7294,0.7318,64700
2018-11-30,0.7318,0.7325,0.7284,0.7313,55997
2018-12-03,0.7377,0.7393,0.7346,0.7357,50654
2018-12-04,0.7357,0.7393,0.7325,0.7337,62507
2018-12-05,0.7338,0.7355,0.7259,0.7268,42852
2018-12-06,0.7267,0.7274,0.7191,0.7234,75700
2018-12-07,0.7233,0.7241,0.7197,0.7197,62977
2018-12-10,0.7183,0.7226,0.7177,0.7190,63944
2018-12-11,0.7188,0.7224,0.7181,0.7204,60470
2018-12-12,0.7201,0.7237,0.7195,0.7219,59760
2018-12-13,0.7219,0.7246,0.7211,0.7226,54356
2018-12-14,0.7226,0.7228,0.7150,0.7176,56176
2018-12-17,0.7171,0.7186,0.7168,0.7175,52781
2018-12-18,0.7176,0.7203,0.7164,0.7180,62039
2018-12-19,0.7183,0.7200,0.7086,0.7107,69739
2018-12-20,0.7106,0.7148,0.7085,0.7107,77597
2018-12-21,0.7109,0.7122,0.7033,0.7034,64812
2018-12-24,0.7031,0.7068,0.7031,0.7046,47811
2018-12-26,0.7042,0.7070,0.7041,0.7065,25865
2018-12-27,0.7067,0.7077,0.7016,0.7030,73254
2018-12-28,0.7028,0.7068,0.7025,0.7037,56908
2018-12-31,0.7041,0.7070,0.7032,0.7043,41117
2019-01-02,0.7011,0.7044,0.6981,0.6984,54964
2019-01-03,0.6983,0.7018,0.6713,0.7005,88062
2019-01-04,0.7005,0.7124,0.6993,0.7117,63230
2019-01-07,0.7113,0.7149,0.7108,0.7147,48705
2019-01-08,0.7147,0.7149,0.7116,0.7139,55050
2019-01-09,0.7138,0.7194,0.7134,0.7169,66590
2019-01-10,0.7169,0.7197,0.7146,0.7184,66787
2019-01-11,0.7184,0.7234,0.7182,0.7213,56983
2019-01-14,0.7209,0.7217,0.7175,0.7194,43565
2019-01-15,0.7195,0.7225,0.7179,0.7200,51715
2019-01-16,0.7201,0.7211,0.7161,0.7167,41741
2019-01-17,0.7167,0.7221,0.7146,0.7192,48550
2019-01-18,0.7191,0.7214,0.7159,0.7159,43290
2019-01-21,0.7164,0.7181,0.7139,0.7157,42972
2019-01-22,0.7157,0.7159,0.7115,0.7122,40463
2019-01-23,0.7119,0.7143,0.7117,0.7141,41150
2019-01-24,0.7140,0.7166,0.7080,0.7093,55655
2019-01-25,0.7090,0.7184,0.7075,0.7176,52320
2019-01-28,0.7175,0.7203,0.7160,0.7164,37114
2019-01-29,0.7165,0.7175,0.7137,0.7154,44648
2019-01-30,0.7155,0.7272,0.7148,0.7247,62219
2019-01-31,0.7247,0.7295,0.7241,0.7273,60204
2019-02-01,0.7274,0.7284,0.7236,0.7245,52830
2019-02-04,0.7245,0.7253,0.7210,0.7224,41349
2019-02-05,0.7225,0.7264,0.7193,0.7233,45888
2019-02-06,0.7234,0.7245,0.7103,0.7104,55456
2019-02-07,0.7106,0.7117,0.7088,0.7100,48151
2019-02-08,0.7096,0.7103,0.7060,0.7088,45496
2019-02-11,0.7085,0.7107,0.7056,0.7060,39750
2019-02-12,0.7061,0.7102,0.7053,0.7094,50869
2019-02-13,0.7094,0.7135,0.7085,0.7087,52717
2019-02-14,0.7088,0.7131,0.7071,0.7104,59402
2019-02-15,0.7104,0.7148,0.7078,0.7136,51965
2019-02-18,0.7132,0.7160,0.7124,0.7128,40856
2019-02-19,0.7129,0.7173,0.7103,0.7163,49862
2019-02-20,0.7163,0.7182,0.7140,0.7162,56526
2019-02-21,0.7163,0.7206,0.7069,0.7088,75895
2019-02-22,0.7088,0.7149,0.7082,0.7127,62514
2019-02-25,0.7134,0.7184,0.7130,0.7165,49923
2019-02-26,0.7167,0.7194,0.7141,0.7183,49459
2019-02-27,0.7187,0.7198,0.7126,0.7138,56037
2019-02-28,0.7140,0.7166,0.7089,0.7092,58100
2019-03-01,0.7092,0.7121,0.7069,0.7077,44296
2019-03-04,0.7102,0.7107,0.7074,0.7090,49955
2019-03-05,0.7091,0.7096,0.7058,0.7082,46180
2019-03-06,0.7083,0.7091,0.7020,0.7031,51218
2019-03-07,0.7031,0.7051,0.7004,0.7013,43105
2019-03-08,0.7015,0.7051,0.7002,0.7042,47147
2019-03-11,0.7035,0.7076,0.7026,0.7068,35840
2019-03-12,0.7068,0.7091,0.7056,0.7079,42195
2019-03-13,0.7079,0.7097,0.7048,0.7091,41044
2019-03-14,0.7091,0.7097,0.7040,0.7065,43702
2019-03-15,0.7065,0.7096,0.7061,0.7084,34719
2019-03-18,0.7083,0.7119,0.7077,0.7099,32126
2019-03-19,0.7099,0.7110,0.7084,0.7086,38564
2019-03-20,0.7086,0.7149,0.7056,0.7126,50561
2019-03-21,0.7126,0.7167,0.7089,0.7111,59718
2019-03-22,0.7111,0.7116,0.7075,0.7079,58154
2019-03-25,0.7079,0.7116,0.7065,0.7110,45066
2019-03-26,0.7110,0.7147,0.7107,0.7134,43434
2019-03-27,0.7134,0.7141,0.7068,0.7086,53457
2019-03-28,0.7086,0.7105,0.7062,0.7076,49012
2019-03-29,0.7076,0.7104,0.7074,0.7094,41587
2019-04-01,0.7116,0.7131,0.7103,0.7110,40871
2019-04-02,0.7112,0.7129,0.7052,0.7069,42123
2019-04-03,0.7070,0.7129,0.7054,0.7111,40835
2019-04-04,0.7111,0.7127,0.7097,0.7110,34292
2019-04-05,0.7112,0.7131,0.7091,0.7103,33606
2019-04-08,0.7103,0.7130,0.7087,0.7125,30106
2019-04-09,0.7125,0.7151,0.7118,0.7120,33038
2019-04-10,0.7125,0.7174,0.7108,0.7168,42179
2019-04-11,0.7170,0.7170,0.7116,0.7120,38428
2019-04-12,0.7121,0.7191,0.7115,0.7171,40750
2019-04-15,0.7175,0.7181,0.7163,0.7171,34262
2019-04-16,0.7171,0.7178,0.7139,0.7173,39036
2019-04-17,0.7174,0.7205,0.7152,0.7178,39307
2019-04-18,0.7177,0.7198,0.7136,0.7149,38482
2019-04-19,0.7148,0.7158,0.7141,0.7149,17989
2019-04-22,0.7146,0.7154,0.7127,0.7132,17694
2019-04-23,0.7135,0.7139,0.7080,0.7100,29835
2019-04-24,0.7101,0.7101,0.7004,0.7014,43917
2019-04-25,0.7013,0.7022,0.6987,0.7014,34701
2019-04-26,0.7015,0.7060,0.7005,0.7035,38194
2019-04-29,0.7034,0.7060,0.7034,0.7055,22434
2019-04-30,0.7055,0.7068,0.7030,0.7048,35704
2019-05-01,0.7049,0.7060,0.7006,0.7013,32698
2019-05-02,0.7014,0.7028,0.6994,0.6999,33636
2019-05-03,0.6998,0.7024,0.6984,0.7023,34845
2019-05-06,0.6966,0.7002,0.6962,0.6989,42977
2019-05-07,0.6993,0.7047,0.6976,0.7011,48247
2019-05-08,0.7010,0.7026,0.6985,0.6987,49603
2019-05-09,0.6987,0.6997,0.6964,0.6988,50877
2019-05-10,0.6986,0.7018,0.6977,0.6997,63353
2019-05-13,0.6990,0.7001,0.6940,0.6943,46663
2019-05-14,0.6943,0.6959,0.6934,0.6943,37872
2019-05-15,0.6942,0.6947,0.6914,0.6926,42747
2019-05-16,0.6928,0.6932,0.6885,0.6890,38250
2019-05-17,0.6890,0.6896,0.6864,0.6865,40455
2019-05-20,0.6906,0.6933,0.6889,0.6906,34534
2019-05-21,0.6907,0.6928,0.6865,0.6882,43209
2019-05-22,0.6882,0.6896,0.6870,0.6879,33516
2019-05-23,0.6879,0.6900,0.6864,0.6899,41251
2019-05-24,0.6899,0.6934,0.6880,0.6926,35756
2019-05-27,0.6931,0.6938,0.6912,0.6916,29032
2019-05-28,0.6916,0.6935,0.6914,0.6922,39774
2019-05-29,0.6922,0.6931,0.6903,0.6916,45389
2019-05-30,0.6916,0.6936,0.6898,0.6910,38886
2019-05-31,0.6910,0.6943,0.6900,0.6933,59481
2019-06-03,0.6933,0.6982,0.6926,0.6975,59331
2019-06-04,0.6975,0.7003,0.6955,0.6989,60098
2019-06-05,0.6990,0.7007,0.6962,0.6968,59571
2019-06-06,0.6967,0.6994,0.6962,0.6976,69993
2019-06-07,0.6975,0.7021,0.6963,0.6999,69561
2019-06-10,0.7004,0.7006,0.6956,0.6959,57646
2019-06-11,0.6959,0.6966,0.6946,0.6960,55488
2019-06-12,0.6960,0.6963,0.6925,0.6928,60024
2019-06-13,0.6927,0.6938,0.6901,0.6913,44746
2019-06-14,0.6914,0.6917,0.6861,0.6869,49458
2019-06-17,0.6873,0.6884,0.6848,0.6852,36412
2019-06-18,0.6852,0.6881,0.6831,0.6876,49805
2019-06-19,0.6875,0.6908,0.6854,0.6879,53509
2019-06-20,0.6879,0.6935,0.6876,0.6922,67903
2019-06-21,0.6921,0.6937,0.6903,0.6925,60427
2019-06-24,0.6929,0.6968,0.6928,0.6961,50721
2019-06-25,0.6962,0.6977,0.6941,0.6959,78659
2019-06-26,0.6960,0.6994,0.6950,0.6983,60376
2019-06-27,0.6985,0.7008,0.6982,0.7008,45416
2019-06-28,0.7008,0.7022,0.6997,0.7019,44773
2019-07-01,0.7020,0.7033,0.6955,0.6964,44605
2019-07-02,0.6964,0.7000,0.6955,0.6992,39026
2019-07-03,0.6993,0.7038,0.6985,0.7028,35975
2019-07-04,0.7028,0.7047,0.7015,0.7020,20846
2019-07-05,0.7020,0.7028,0.6957,0.6976,35585
2019-07-08,0.6972,0.6994,0.6967,0.6971,14459
2019-07-09,0.6971,0.6975,0.6921,0.6926,28890
2019-07-10,0.6926,0.6969,0.6910,0.6958,38508
2019-07-11,0.6956,0.6988,0.6952,0.6973,37609
2019-07-12,0.6974,0.7024,0.6971,0.7017,34680
2019-07-15,0.7012,0.7040,0.7012,0.7038,26445
2019-07-16,0.7038,0.7044,0.7010,0.7011,37829
2019-07-17,0.7011,0.7025,0.6996,0.7009,29305
2019-07-18,0.7008,0.7076,0.7005,0.7075,43412
2019-07-19,0.7075,0.7082,0.7037,0.7042,44112
2019-07-22,0.7041,0.7057,0.7031,0.7035,28838
2019-07-23,0.7035,0.7035,0.6996,0.7004,28679
2019-07-24,0.7004,0.7008,0.6972,0.6976,28908
2019-07-25,0.6976,0.6984,0.6942,0.6950,42319
2019-07-26,0.6950,0.6955,0.6903,0.6907,26950
2019-07-29,0.6905,0.6916,0.6895,0.6901,16986
2019-07-30,0.6901,0.6908,0.6868,0.6872,23742
2019-07-31,0.6871,0.6899,0.6831,0.6843,47262
2019-08-01,0.6843,0.6868,0.6795,0.6800,53198
2019-08-02,0.6800,0.6818,0.6763,0.6796,62041
2019-08-05,0.6791,0.6804,0.6748,0.6755,55434
2019-08-06,0.6754,0.6801,0.6749,0.6759,54220
2019-08-07,0.6759,0.6783,0.6677,0.6755,66032
2019-08-08,0.6755,0.6822,0.6746,0.6802,47614
2019-08-09,0.6800,0.6818,0.6777,0.6783,42758
2019-08-12,0.6780,0.6795,0.6745,0.6749,46774
2019-08-13,0.6749,0.6818,0.6745,0.6798,69353
2019-08-14,0.6797,0.6808,0.6735,0.6746,73360
2019-08-15,0.6746,0.6790,0.6745,0.6774,83255
2019-08-16,0.6773,0.6795,0.6770,0.6776,59404
2019-08-19,0.6776,0.6789,0.6762,0.6763,39495
2019-08-20,0.6763,0.6795,0.6754,0.6776,59223
2019-08-21,0.6776,0.6799,0.6773,0.6780,46006
2019-08-22,0.6780,0.6787,0.6751,0.6755,51706
2019-08-23,0.6755,0.6778,0.6736,0.6747,76225
2019-08-26,0.6735,0.6788,0.6689,0.6774,113339
2019-08-27,0.6774,0.6780,0.6746,0.6751,72406
2019-08-28,0.6751,0.6762,0.6732,0.6733,72492
2019-08-29,0.6732,0.6753,0.6717,0.6726,71079
2019-08-30,0.6726,0.6740,0.6706,0.6735,68445
2019-09-02,0.6723,0.6734,0.6710,0.6715,40791
2019-09-03,0.6714,0.6763,0.6687,0.6757,66593
2019-09-04,0.6757,0.6801,0.6754,0.6796,61164
2019-09-05,0.6796,0.6830,0.6793,0.6813,63555
2019-09-06,0.6813,0.6861,0.6807,0.6848,56387
2019-09-09,0.6839,0.6876,0.6837,0.6861,41621
2019-09-10,0.6861,0.6870,0.6849,0.6860,31456
2019-09-11,0.6859,0.6884,0.6848,0.6861,30821
2019-09-12,0.6861,0.6894,0.6860,0.6866,48818
2019-09-13,0.6866,0.6890,0.6859,0.6875,32953
2019-09-16,0.6874,0.6884,0.6854,0.6864,40313
2019-09-17,0.6864,0.6870,0.6830,0.6865,38109
2019-09-18,0.6865,0.6869,0.6812,0.6826,35904
2019-09-19,0.6826,0.6831,0.6780,0.6791,34703
2019-09-20,0.6791,0.6809,0.6760,0.6763,31751
2019-09-23,0.6768,0.6781,0.6764,0.6773,31517
2019-09-24,0.6773,0.6806,0.6765,0.6800,32488
2019-09-25,0.6800,0.6804,0.6739,0.6750,36658
2019-09-26,0.6751,0.6781,0.6746,0.6748,35627
2019-09-27,0.6747,0.6779,0.6743,0.6764,33017
2019-09-30,0.6760,0.6770,0.6741,0.6749,31096
2019-10-01,0.6749,0.6775,0.6671,0.6703,46730
2019-10-02,0.6703,0.6718,0.6671,0.6704,38984
2019-10-03,0.6704,0.6753,0.6702,0.6740,41063
2019-10-04,0.6740,0.6774,0.6738,0.6764,38963
2019-10-07,0.6754,0.6765,0.6729,0.6730,31220
2019-10-08,0.6730,0.6757,0.6723,0.6727,34898
2019-10-09,0.6727,0.6750,0.6722,0.6722,29504
2019-10-10,0.6722,0.6774,0.6710,0.6760,41381
2019-10-11,0.6760,0.6810,0.6753,0.6790,38213
2019-10-14,0.6787,0.6801,0.6751,0.6773,29657
2019-10-15,0.6774,0.6789,0.6743,0.6751,35657
2019-10-16,0.6751,0.6765,0.6723,0.6756,33297
2019-10-17,0.6755,0.6833,0.6751,0.6821,36257
2019-10-18,0.6821,0.6856,0.6821,0.6854,25595
2019-10-21,0.6844,0.6880,0.6840,0.6867,28415
2019-10-22,0.6867,0.6883,0.6850,0.6853,29774
2019-10-23,0.6853,0.6862,0.6834,0.6850,28037
2019-10-24,0.6851,0.6857,0.6811,0.6818,29903
2019-10-25,0.6818,0.6836,0.6809,0.6820,22344
2019-10-28,0.6822,0.6845,0.6811,0.6838,21485
2019-10-29,0.6838,0.6872,0.6835,0.6862,25314
2019-10-30,0.6862,0.6905,0.6848,0.6900,35765
2019-10-31,0.6900,0.6929,0.6883,0.6891,40686
2019-11-01,0.6891,0.6921,0.6884,0.6912,29088
2019-11-04,0.6913,0.6925,0.6877,0.6882,23897
2019-11-05,0.6882,0.6928,0.6876,0.6892,38103
2019-11-06,0.6893,0.6907,0.6869,0.6883,26675
2019-11-07,0.6882,0.6913,0.6862,0.6896,34183
2019-11-08,0.6896,0.6906,0.6847,0.6857,26128
2019-11-11,0.6855,0.6865,0.6847,0.6849,21228
2019-11-12,0.6849,0.6857,0.6831,0.6839,27736
2019-11-13,0.6839,0.6857,0.6821,0.6837,27629
2019-11-14,0.6837,0.6841,0.6769,0.6784,27709
2019-11-15,0.6784,0.6821,0.6780,0.6818,20876
2019-11-18,0.6812,0.6822,0.6799,0.6808,19043
2019-11-19,0.6810,0.6834,0.6785,0.6826,20584
2019-11-20,0.6826,0.6831,0.6790,0.6802,23521
2019-11-21,0.6802,0.6814,0.6783,0.6785,28331
2019-11-22,0.6784,0.6803,0.6780,0.6784,22340
2019-11-25,0.6788,0.6799,0.6768,0.6776,19658
2019-11-26,0.6779,0.6795,0.6768,0.6787,25025
2019-11-27,0.6787,0.6791,0.6772,0.6774,21593
2019-11-28,0.6774,0.6778,0.6759,0.6767,18599
2019-11-29,0.6768,0.6779,0.6754,0.6755,18734
2019-12-02,0.6767,0.6826,0.6762,0.6818,21814
2019-12-03,0.6818,0.6862,0.6815,0.6846,25666
2019-12-04,0.6846,0.6855,0.6813,0.6847,27313
2019-12-05,0.6845,0.6855,0.6821,0.6831,20281
2019-12-06,0.6832,0.6857,0.6823,0.6841,20618
2019-12-09,0.6831,0.6838,0.6820,0.6822,15026
2019-12-10,0.6822,0.6837,0.6800,0.6808,20757
2019-12-11,0.6808,0.6889,0.6804,0.6875,25010
2019-12-12,0.6875,0.6913,0.6867,0.6907,31211
2019-12-13,0.6907,0.6938,0.6864,0.6875,43092
2019-12-16,0.6882,0.6897,0.6868,0.6884,22117
2019-12-17,0.6884,0.6885,0.6838,0.6850,25433
2019-12-18,0.6850,0.6864,0.6838,0.6852,19800
2019-12-19,0.6852,0.6888,0.6848,0.6885,23162
2019-12-20,0.6885,0.6906,0.6883,0.6900,19265
2019-12-23,0.6897,0.6929,0.6890,0.6921,22367
2019-12-24,0.6921,0.6930,0.6912,0.6923,19583
2019-12-26,0.6926,0.6950,0.6921,0.6944,8293
2019-12-27,0.6944,0.6987,0.6941,0.6984,25839
2019-12-30,0.6976,0.7004,0.6965,0.6994,28532
2019-12-31,0.6993,0.7032,0.6990,0.7016,24334
2020-01-02,0.7006,0.7008,0.6978,0.6989,20238
2020-01-03,0.6990,0.6993,0.6930,0.6944,32351
2020-01-06,0.6941,0.6957,0.6925,0.6938,27757
2020-01-07,0.6938,0.6942,0.6859,0.6868,31420
2020-01-08,0.6868,0.6885,0.6849,0.6864,43888
2020-01-09,0.6864,0.6880,0.6850,0.6858,21914
2020-01-10,0.6858,0.6911,0.6850,0.6898,26992
2020-01-13,0.6896,0.6919,0.6893,0.6903,22809
2020-01-14,0.6903,0.6909,0.6885,0.6900,26136
2020-01-15,0.6900,0.6916,0.6877,0.6900,23695
2020-01-16,0.6900,0.6933,0.6888,0.6897,24711
2020-01-17,0.6897,0.6911,0.6870,0.6871,22020
2020-01-20,0.6873,0.6888,0.6855,0.6872,16085
2020-01-21,0.6872,0.6880,0.6842,0.6844,27717
2020-01-22,0.6844,0.6856,0.6827,0.6844,25382
2020-01-23,0.6844,0.6878,0.6829,0.6846,31925
2020-01-24,0.6846,0.6857,0.6817,0.6825,25673
2020-01-27,0.6810,0.6818,0.6752,0.6760,31682
2020-01-28,0.6760,0.6764,0.6737,0.6761,24857
2020-01-29,0.6761,0.6777,0.6735,0.6753,26737
2020-01-30,0.6752,0.6755,0.6700,0.6720,33660
2020-01-31,0.6720,0.6729,0.6683,0.6686,32669
2020-02-03,0.6683,0.6707,0.6683,0.6690,33598
2020-02-04,0.6691,0.6741,0.6678,0.6738,30942
2020-02-05,0.6737,0.6774,0.6723,0.6746,31710
2020-02-06,0.6746,0.6764,0.6727,0.6728,25106
2020-02-07,0.6728,0.6736,0.6662,0.6676,29929
2020-02-10,0.6667,0.6707,0.6666,0.6686,31513
2020-02-11,0.6686,0.6736,0.6680,0.6714,27178
2020-02-12,0.6714,0.6750,0.6711,0.6737,27070
2020-02-13,0.6734,0.6745,0.6707,0.6718,31201
2020-02-14,0.6719,0.6731,0.6709,0.6713,20144
2020-02-17,0.6721,0.6733,0.6711,0.6713,16080
2020-02-18,0.6713,0.6715,0.6673,0.6683,23428
2020-02-19,0.6684,0.6707,0.6665,0.6674,21731
2020-02-20,0.6674,0.6694,0.6610,0.6614,35151
2020-02-21,0.6613,0.6639,0.6585,0.6626,32809
2020-02-24,0.6586,0.6620,0.6585,0.6602,40463
2020-02-25,0.6602,0.6622,0.6586,0.6602,40687
2020-02-26,0.6602,0.6606,0.6542,0.6543,46637
2020-02-27,0.6542,0.6592,0.6542,0.6566,51241
2020-02-28,0.6566,0.6585,0.6434,0.6505,81342
2020-03-02,0.6470,0.6568,0.6470,0.6537,57250
2020-03-03,0.6537,0.6645,0.6510,0.6583,56435
2020-03-04,0.6582,0.6628,0.6577,0.6626,37077
2020-03-05,0.6626,0.6636,0.6584,0.6613,32927
2020-03-06,0.6608,0.6657,0.6585,0.6643,45852
2020-03-09,0.6595,0.6684,0.6311,0.6586,102158
2020-03-10,0.6586,0.6612,0.6462,0.6489,91480
2020-03-11,0.6489,0.6539,0.6481,0.6487,76980
2020-03-12,0.6488,0.6492,0.6212,0.6301,121354
2020-03-13,0.6301,0.6325,0.6122,0.6177,103468
2020-03-16,0.6241,0.6279,0.6079,0.6103,107924
2020-03-17,0.6102,0.6149,0.5959,0.6012,96058
2020-03-18,0.6012,0.6029,0.5701,0.5785,109096
2020-03-19,0.5785,0.5964,0.5507,0.5730,150746
2020-03-20,0.5735,0.5985,0.5664,0.5801,134236
2020-03-23,0.5802,0.5845,0.5700,0.5821,173497
2020-03-24,0.5821,0.5980,0.5810,0.5967,134584
2020-03-25,0.5968,0.6073,0.5930,0.5957,105758
2020-03-26,0.5957,0.6087,0.5870,0.6039,100759
2020-03-27,0.6040,0.6200,0.6022,0.6166,109887
2020-03-30,0.6150,0.6184,0.6111,0.6166,111485
2020-03-31,0.6163,0.6214,0.6079,0.6131,136280
2020-04-01,0.6132,0.6185,0.6039,0.6069,95715
2020-04-02,0.6069,0.6119,0.6007,0.6056,98170
2020-04-03,0.6056,0.6075,0.5980,0.5994,84636
2020-04-06,0.6010,0.6106,0.5984,0.6086,71535
2020-04-07,0.6086,0.6208,0.6075,0.6168,62026
2020-04-08,0.6168,0.6244,0.6115,0.6228,56672
2020-04-09,0.6228,0.6363,0.6195,0.6337,55836
2020-04-10,0.6336,0.6368,0.6312,0.6346,18319
2020-04-13,0.6347,0.6409,0.6326,0.6380,32793
2020-04-14,0.6380,0.6444,0.6372,0.6441,45784
2020-04-15,0.6441,0.6443,0.6284,0.6316,49633
2020-04-16,0.6316,0.6334,0.6263,0.6326,59315
2020-04-17,0.6326,0.6385,0.6314,0.6362,56217
2020-04-20,0.6357,0.6397,0.6333,0.6335,47718
2020-04-21,0.6335,0.6347,0.6253,0.6279,54861
2020-04-22,0.6278,0.6352,0.6275,0.6321,46024
2020-04-23,0.6321,0.6406,0.6283,0.6369,51921
2020-04-24,0.6369,0.6396,0.6337,0.6396,39833
2020-04-27,0.6380,0.6472,0.6380,0.6463,34744
2020-04-28,0.6464,0.6514,0.6434,0.6489,39680
2020-04-29,0.6488,0.6558,0.6485,0.6555,39791
2020-04-30,0.6555,0.6570,0.6490,0.6508,50582
2020-05-01,0.6508,0.6511,0.6409,0.6420,38187
2020-05-04,0.6411,0.6434,0.6372,0.6421,41521
2020-05-05,0.6421,0.6476,0.6416,0.6427,41391
2020-05-06,0.6429,0.6453,0.6393,0.6394,40523
2020-05-07,0.6394,0.6506,0.6378,0.6493,41635
2020-05-08,0.6493,0.6548,0.6492,0.6529,34229
2020-05-11,0.6530,0.6561,0.6456,0.6488,39056
2020-05-12,0.6488,0.6536,0.6432,0.6469,44380
2020-05-13,0.6469,0.6524,0.6438,0.6452,58143
2020-05-14,0.6451,0.6469,0.6403,0.6459,50461
2020-05-15,0.6459,0.6473,0.6402,0.6415,42269
2020-05-18,0.6416,0.6527,0.6410,0.6524,36858
2020-05-19,0.6522,0.6585,0.6510,0.6535,42195
2020-05-20,0.6535,0.6616,0.6525,0.6596,38925
2020-05-21,0.6595,0.6598,0.6549,0.6564,43434
2020-05-22,0.6564,0.6572,0.6505,0.6536,40269
2020-05-25,0.6530,0.6550,0.6520,0.6542,24459
2020-05-26,0.6542,0.6675,0.6538,0.6649,38970
2020-05-27,0.6649,0.6680,0.6567,0.6618,56399
2020-05-28,0.6618,0.6667,0.6588,0.6634,52421
2020-05-29,0.6634,0.6683,0.6612,0.6667,60178
2020-06-01,0.6659,0.6803,0.6648,0.6797,52365
2020-06-02,0.6796,0.6898,0.6775,0.6895,53994
2020-06-03,0.6895,0.6983,0.6856,0.6919,66771
2020-06-04,0.6919,0.6987,0.6882,0.6942,64388
2020-06-05,0.6942,0.7013,0.6931,0.6965,61678
2020-06-08,0.6963,0.7029,0.6962,0.7020,44839
2020-06-09,0.7020,0.7042,0.6898,0.6960,56656
2020-06-10,0.6960,0.7064,0.6932,0.6997,64160
2020-06-11,0.6997,0.7014,0.6839,0.6854,81056
2020-06-12,0.6854,0.6911,0.6799,0.6870,90008
2020-06-15,0.6837,0.6925,0.6776,0.6918,83336
2020-06-16,0.6918,0.6976,0.6833,0.6888,79544
2020-06-17,0.6888,0.6922,0.6852,0.6883,64002
2020-06-18,0.6883,0.6902,0.6835,0.6852,60164
2020-06-19,0.6852,0.6911,0.6829,0.6834,53788
2020-06-22,0.6810,0.6922,0.6810,0.6907,44275
2020-06-23,0.6901,0.6974,0.6858,0.6929,56729
2020-06-24,0.6928,0.6962,0.6862,0.6867,56875
2020-06-25,0.6866,0.6892,0.6847,0.6886,53201
2020-06-26,0.6886,0.6895,0.6840,0.6860,42345
2020-06-29,0.6854,0.6891,0.6841,0.6863,42252
2020-06-30,0.6865,0.6912,0.6832,0.6902,46827
2020-07-01,0.6903,0.6943,0.6877,0.6914,45747
2020-07-02,0.6914,0.6952,0.6901,0.6922,52331
2020-07-03,0.6926,0.6947,0.6914,0.6940,37452
2020-07-06,0.6928,0.6987,0.6926,0.6973,40505
2020-07-07,0.6971,0.6997,0.6922,0.6946,48870
2020-07-08,0.6946,0.6986,0.6927,0.6980,47669
2020-07-09,0.6980,0.7001,0.6950,0.6964,51209
2020-07-10,0.6964,0.6969,0.6923,0.6947,43149
2020-07-13,0.6948,0.6993,0.6939,0.6939,48743
2020-07-14,0.6939,0.6977,0.6921,0.6975,59425
2020-07-15,0.6975,0.7037,0.6967,0.7007,46801
2020-07-16,0.7006,0.7014,0.6963,0.6969,47786
2020-07-17,0.6969,0.7005,0.6966,0.6996,34516
2020-07-20,0.6985,0.7017,0.6973,0.7016,35040
2020-07-21,0.7014,0.7147,0.7010,0.7127,44760
2020-07-22,0.7127,0.7182,0.7111,0.7139,50154
2020-07-23,0.7140,0.7161,0.7090,0.7097,46926
2020-07-24,0.7094,0.7125,0.7063,0.7106,44231
2020-07-27,0.7084,0.7150,0.7084,0.7147,43519
2020-07-28,0.7146,0.7176,0.7113,0.7158,45355
2020-07-29,0.7158,0.7196,0.7149,0.7187,43473
2020-07-30,0.7186,0.7197,0.7120,0.7194,50423
2020-07-31,0.7193,0.7227,0.7133,0.7141,58801
2020-08-03,0.7128,0.7149,0.7076,0.7123,39499
2020-08-04,0.7123,0.7167,0.7106,0.7159,46798
2020-08-05,0.7158,0.7241,0.7154,0.7191,43767
2020-08-06,0.7190,0.7239,0.7174,0.7235,50409
2020-08-07,0.7234,0.7243,0.7144,0.7160,51831
2020-08-10,0.7159,0.7184,0.7140,0.7148,34553
2020-08-11,0.7147,0.7189,0.7135,0.7142,47556
2020-08-12,0.7139,0.7176,0.7109,0.7161,49153
2020-08-13,0.7158,0.7188,0.7136,0.7148,42171
2020-08-14,0.7148,0.7175,0.7132,0.7172,33164
2020-08-17,0.7163,0.7227,0.7163,0.7213,31142
2020-08-18,0.7213,0.7264,0.7209,0.7242,45722
2020-08-19,0.7242,0.7275,0.7179,0.7180,47411
2020-08-20,0.7180,0.7202,0.7135,0.7191,49316
2020-08-21,0.7190,0.7216,0.7139,0.7160,47008
2020-08-24,0.7151,0.7204,0.7145,0.7162,36920
2020-08-25,0.7161,0.7198,0.7150,0.7194,36533
2020-08-26,0.7194,0.7239,0.7187,0.7232,38149
2020-08-27,0.7231,0.7290,0.7217,0.7258,56143
2020-08-28,0.7258,0.7366,0.7254,0.7365,53195
2020-08-31,0.7359,0.7403,0.7340,0.7375,45838
2020-09-01,0.7373,0.7413,0.7359,0.7371,61200
2020-09-02,0.7371,0.7381,0.7301,0.7337,53213
2020-09-03,0.7337,0.7339,0.7265,0.7272,57870
2020-09-04,0.7272,0.7299,0.7222,0.7285,57969
2020-09-07,0.7286,0.7298,0.7270,0.7275,32282
2020-09-08,0.7276,0.7309,0.7210,0.7213,51756
2020-09-09,0.7212,0.7288,0.7192,0.7282,47089
2020-09-10,0.7280,0.7324,0.7247,0.7257,52263
2020-09-11,0.7257,0.7306,0.7252,0.7281,42551
2020-09-14,0.7275,0.7303,0.7264,0.7288,31896
2020-09-15,0.7287,0.7342,0.7267,0.7301,31495
2020-09-16,0.7301,0.7345,0.7278,0.7305,42428
2020-09-17,0.7304,0.7315,0.7254,0.7311,57008
2020-09-18,0.7313,0.7334,0.7282,0.7288,42441
2020-09-21,0.7296,0.7324,0.7199,0.7223,49870
2020-09-22,0.7226,0.7235,0.7154,0.7169,48546
2020-09-23,0.7168,0.7177,0.7068,0.7070,54785
2020-09-24,0.7070,0.7082,0.7016,0.7043,61683
2020-09-25,0.7043,0.7087,0.7006,0.7030,48923
2020-09-28,0.7029,0.7074,0.7026,0.7070,42041
2020-09-29,0.7070,0.7138,0.7068,0.7131,43921
2020-09-30,0.7131,0.7175,0.7100,0.7160,54245
2020-10-01,0.7161,0.7209,0.7155,0.7183,54760
2020-10-02,0.7181,0.7188,0.7130,0.7163,64382
2020-10-05,0.7165,0.7193,0.7156,0.7179,37602
2020-10-06,0.7179,0.7208,0.7100,0.7101,50326
2020-10-07,0.7100,0.7151,0.7095,0.7135,43665
2020-10-08,0.7137,0.7170,0.7123,0.7167,36743
2020-10-09,0.7168,0.7243,0.7157,0.7241,36182
2020-10-12,0.7226,0.7235,0.7203,0.7207,33869
2020-10-13,0.7207,0.7214,0.7150,0.7159,55879
2020-10-14,0.7158,0.7191,0.7152,0.7161,53234
2020-10-15,0.7159,0.7168,0.7056,0.7093,64705
2020-10-16,0.7093,0.7097,0.7070,0.7077,51280
2020-10-19,0.7076,0.7115,0.7058,0.7063,47098
2020-10-20,0.7063,0.7072,0.7021,0.7047,48089
2020-10-21,0.7047,0.7137,0.7032,0.7115,55443
2020-10-22,0.7116,0.7125,0.7085,0.7117,51155
2020-10-23,0.7116,0.7158,0.7101,0.7137,45250
2020-10-26,0.7140,0.7146,0.7103,0.7118,55143
2020-10-27,0.7118,0.7147,0.7114,0.7123,49118
2020-10-28,0.7123,0.7157,0.7038,0.7046,61955
2020-10-29,0.7045,0.7076,0.7002,0.7030,66812
2020-10-30,0.7030,0.7072,0.7011,0.7028,69463
2020-11-02,0.7021,0.7057,0.6991,0.7053,57571
2020-11-03,0.7054,0.7174,0.7028,0.7161,38906
2020-11-04,0.7161,0.7221,0.7048,0.7176,83977
2020-11-05,0.7175,0.7289,0.7145,0.7281,74621
2020-11-06,0.7283,0.7287,0.7239,0.7259,69812
2020-11-09,0.7275,0.7340,0.7267,0.7281,83955
2020-11-10,0.7280,0.7294,0.7252,0.7282,77392
2020-11-11,0.7284,0.7318,0.7260,0.7280,50496
2020-11-12,0.7280,0.7294,0.7223,0.7229,50189
2020-11-13,0.7229,0.7273,0.7221,0.7269,37509
2020-11-16,0.7261,0.7326,0.7261,0.7318,46398
2020-11-17,0.7317,0.7340,0.7289,0.7298,40781
2020-11-18,0.7297,0.7331,0.7272,0.7305,46488
2020-11-19,0.7305,0.7306,0.7254,0.7282,48170
2020-11-20,0.7282,0.7324,0.7266,0.7305,44993
2020-11-23,0.7300,0.7337,0.7265,0.7286,40795
2020-11-24,0.7285,0.7367,0.7283,0.7360,41968
2020-11-25,0.7360,0.7373,0.7325,0.7364,41122
2020-11-26,0.7363,0.7374,0.7352,0.7356,23853
2020-11-27,0.7356,0.7399,0.7352,0.7384,33179
2020-11-30,0.7382,0.7407,0.7339,0.7340,44528
2020-12-01,0.7341,0.7373,0.7338,0.7371,51958
2020-12-02,0.7371,0.7420,0.7351,0.7415,66193
2020-12-03,0.7416,0.7449,0.7398,0.7441,54433
2020-12-04,0.7441,0.7444,0.7410,0.7427,59618
2020-12-07,0.7429,0.7453,0.7372,0.7419,57240
2020-12-08,0.7419,0.7435,0.7399,0.7409,55350
2020-12-09,0.7408,0.7485,0.7405,0.7442,59328
2020-12-10,0.7441,0.7540,0.7425,0.7534,66677
2020-12-11,0.7534,0.7572,0.7520,0.7535,59809
2020-12-14,0.7549,0.7578,0.7524,0.7532,49404
2020-12-15,0.7532,0.7572,0.7507,0.7557,51330
2020-12-16,0.7557,0.7579,0.7539,0.7575,54043
2020-12-17,0.7574,0.7639,0.7567,0.7625,45380
2020-12-18,0.7624,0.7628,0.7582,0.7621,45736
2020-12-21,0.7585,0.7606,0.7462,0.7583,90061
2020-12-22,0.7584,0.7591,0.7517,0.7520,69478
2020-12-23,0.7521,0.7591,0.7517,0.7573,66586
2020-12-24,0.7573,0.7606,0.7568,0.7593,43817
2020-12-28,0.7600,0.7622,0.7557,0.7576,47044
2020-12-29,0.7575,0.7625,0.7574,0.7602,45132
2020-12-30,0.7603,0.7686,0.7602,0.7684,47706
2020-12-31,0.7685,0.7742,0.7672,0.7708,43835
2021-01-04,0.7699,0.7741,0.7642,0.7662,74936
2021-01-05,0.7662,0.7777,0.7659,0.7757,84479
2021-01-06,0.7756,0.7820,0.7733,0.7800,117973
2021-01-07,0.7799,0.7817,0.7725,0.7766,84673
2021-01-08,0.7766,0.7799,0.7728,0.7765,103415
2021-01-11,0.7751,0.7761,0.7666,0.7695,83678
2021-01-12,0.7695,0.7777,0.7687,0.7770,73782
2021-01-13,0.7770,0.7781,0.7721,0.7731,65806
2021-01-14,0.7732,0.7805,0.7729,0.7777,71495
2021-01-15,0.7777,0.7789,0.7681,0.7703,80445
2021-01-18,0.7707,0.7710,0.7659,0.7678,65779
2021-01-19,0.7680,0.7725,0.7671,0.7693,67890
2021-01-20,0.7694,0.7761,0.7690,0.7744,70245
2021-01-21,0.7743,0.7782,0.7740,0.7763,68967
2021-01-22,0.7763,0.7770,0.7702,0.7715,67008
2021-01-25,0.7715,0.7747,0.7683,0.7712,74423
2021-01-26,0.7712,0.7754,0.7669,0.7745,55204
2021-01-27,0.7742,0.7764,0.7644,0.7663,96149
2021-01-28,0.7662,0.7698,0.7592,0.7676,103672
2021-01-29,0.7679,0.7704,0.7631,0.7641,104810
2021-02-01,0.7621,0.7663,0.7606,0.7618,89214
2021-02-02,0.7618,0.7661,0.7564,0.7606,73547
2021-02-03,0.7606,0.7626,0.7601,0.7617,65546
2021-02-04,0.7617,0.7648,0.7588,0.7599,66973
2021-02-05,0.7598,0.7679,0.7583,0.7677,69895
2021-02-08,0.7666,0.7714,0.7651,0.7704,58711
2021-02-09,0.7699,0.7740,0.7699,0.7738,58322
2021-02-10,0.7738,0.7756,0.7717,0.7721,62172
2021-02-11,0.7721,0.7771,0.7712,0.7749,61800
2021-02-12,0.7751,0.7764,0.7718,0.7761,56419
2021-02-15,0.7761,0.7789,0.7758,0.7779,42381
2021-02-16,0.7780,0.7805,0.7745,0.7754,81036
2021-02-17,0.7758,0.7772,0.7724,0.7748,88231
2021-02-18,0.7748,0.7790,0.7731,0.7765,88188
2021-02-19,0.7767,0.7877,0.7757,0.7868,89675
2021-02-22,0.7869,0.7929,0.7855,0.7913,91041
2021-02-23,0.7913,0.7935,0.7880,0.7910,93001
2021-02-24,0.7909,0.7973,0.7895,0.7966,109074
2021-02-25,0.7966,0.8007,0.7859,0.7871,136342
2021-02-26,0.7870,0.7883,0.7692,0.7703,170770
2021-03-01,0.7709,0.7786,0.7707,0.7769,115309
2021-03-02,0.7771,0.7838,0.7735,0.7819,104989
2021-03-03,0.7816,0.7838,0.7771,0.7773,89854
2021-03-04,0.7773,0.7815,0.7708,0.7721,122410
2021-03-05,0.7721,0.7728,0.7622,0.7682,125571
2021-03-08,0.7690,0.7722,0.7636,0.7647,135188
2021-03-09,0.7647,0.7726,0.7621,0.7715,112510
2021-03-10,0.7715,0.7745,0.7669,0.7734,103908
2021-03-11,0.7733,0.7793,0.7723,0.7787,88629
2021-03-12,0.7787,0.7801,0.7725,0.7758,95149
2021-03-15,0.7755,0.7775,0.7706,0.7752,79546
2021-03-16,0.7752,0.7757,0.7711,0.7742,71673
2021-03-17,0.7742,0.7810,0.7699,0.7796,80625
2021-03-18,0.7796,0.7849,0.7749,0.7756,102868
2021-03-19,0.7757,0.7772,0.7717,0.7746,94983
2021-03-22,0.7716,0.7756,0.7705,0.7744,71170
2021-03-23,0.7744,0.7747,0.7617,0.7631,79871
2021-03-24,0.7631,0.7634,0.7578,0.7582,77669
2021-03-25,0.7583,0.7614,0.7563,0.7580,84949
2021-03-26,0.7581,0.7641,0.7580,0.7641,61276
2021-03-29,0.7631,0.7656,0.7615,0.7630,67903
2021-03-30,0.7630,0.7664,0.7585,0.7595,65416
2021-03-31,0.7596,0.7636,0.7581,0.7594,62626
2021-04-01,0.7593,0.7620,0.7532,0.7616,70257
2021-04-02,0.7615,0.7638,0.7592,0.7610,25573
2021-04-05,0.7601,0.7660,0.7598,0.7649,39131
2021-04-06,0.7651,0.7668,0.7606,0.7662,57350
2021-04-07,0.7662,0.7677,0.7601,0.7612,65874
2021-04-08,0.7612,0.7660,0.7603,0.7652,55637
2021-04-09,0.7652,0.7661,0.7588,0.7619,58987
2021-04-12,0.7611,0.7635,0.7595,0.7622,56983
2021-04-13,0.7621,0.7648,0.7584,0.7639,64164
2021-04-14,0.7640,0.7738,0.7634,0.7723,50860
2021-04-15,0.7723,0.7761,0.7706,0.7750,48211
2021-04-16,0.7750,0.7759,0.7724,0.7733,39951
2021-04-19,0.7727,0.7784,0.7706,0.7756,44349
2021-04-20,0.7756,0.7816,0.7709,0.7723,48546
2021-04-21,0.7723,0.7762,0.7699,0.7750,43679
2021-04-22,0.7750,0.7764,0.7690,0.7703,50994
2021-04-23,0.7705,0.7760,0.7697,0.7749,41018
2021-04-26,0.7739,0.7815,0.7739,0.7797,39523
2021-04-27,0.7797,0.7804,0.7762,0.7762,37823
2021-04-28,0.7762,0.7801,0.7725,0.7788,46347
2021-04-29,0.7788,0.7818,0.7750,0.7765,44533
2021-04-30,0.7764,0.7784,0.7696,0.7712,46681
2021-05-03,0.7719,0.7767,0.7706,0.7758,36614
2021-05-04,0.7758,0.7763,0.7675,0.7707,51450
2021-05-05,0.7707,0.7754,0.7699,0.7746,42808
2021-05-06,0.7746,0.7787,0.7701,0.7781,49158
2021-05-07,0.7782,0.7862,0.7761,0.7843,50088
2021-05-10,0.7857,0.7891,0.7827,0.7829,45419
2021-05-11,0.7828,0.7857,0.7820,0.7840,59596
2021-05-12,0.7840,0.7844,0.7719,0.7723,65337
2021-05-13,0.7724,0.7746,0.7688,0.7727,63683
2021-05-14,0.7727,0.7787,0.7714,0.7782,49558
2021-05-17,0.7765,0.7783,0.7730,0.7764,46419
2021-05-18,0.7764,0.7813,0.7751,0.7790,43886
2021-05-19,0.7790,0.7803,0.7711,0.7726,71847
2021-05-20,0.7725,0.7782,0.7716,0.7772,51070
2021-05-21,0.7773,0.7783,0.7719,0.7730,47150
2021-05-24,0.7724,0.7758,0.7706,0.7750,41294
2021-05-25,0.7750,0.7776,0.7733,0.7749,47294
2021-05-26,0.7749,0.7796,0.7731,0.7740,46857
2021-05-27,0.7740,0.7757,0.7723,0.7742,47960
2021-05-28,0.7742,0.7747,0.7677,0.7708,46348
2021-05-31,0.7704,0.7741,0.7700,0.7731,30316
2021-06-01,0.7731,0.7769,0.7728,0.7750,43058
2021-06-02,0.7750,0.7773,0.7715,0.7751,40870
2021-06-03,0.7751,0.7754,0.7647,0.7655,46508
2021-06-04,0.7656,0.7745,0.7644,0.7743,42927
2021-06-07,0.7727,0.7765,0.7721,0.7754,31990
2021-06-08,0.7754,0.7763,0.7731,0.7738,36131
2021-06-09,0.7737,0.7762,0.7724,0.7729,32401
2021-06-10,0.7728,0.7763,0.7716,0.7750,48295
2021-06-11,0.7750,0.7775,0.7688,0.7702,36775
2021-06-14,0.7704,0.7726,0.7694,0.7710,33324
2021-06-15,0.7709,0.7717,0.7674,0.7686,38894
2021-06-16,0.7686,0.7715,0.7607,0.7608,53627
2021-06-17,0.7606,0.7645,0.7540,0.7550,70098
2021-06-18,0.7546,0.7561,0.7479,0.7479,55717
2021-06-21,0.7481,0.7546,0.7477,0.7540,65660
2021-06-22,0.7540,0.7564,0.7494,0.7553,50738
2021-06-23,0.7553,0.7599,0.7531,0.7575,53757
2021-06-24,0.7573,0.7592,0.7565,0.7581,46903
2021-06-25,0.7581,0.7617,0.7580,0.7593,44832
2021-06-28,0.7571,0.7602,0.7554,0.7566,41156
2021-06-29,0.7565,0.7571,0.7507,0.7510,43668
2021-06-30,0.7510,0.7527,0.7492,0.7497,46481
2021-07-01,0.7496,0.7508,0.7460,0.7469,46493
2021-07-02,0.7468,0.7533,0.7444,0.7526,46551
2021-07-05,0.7517,0.7537,0.7509,0.7528,34904
2021-07-06,0.7525,0.7599,0.7481,0.7493,54508
2021-07-07,0.7493,0.7533,0.7463,0.7482,50601
2021-07-08,0.7482,0.7490,0.7417,0.7430,76676
2021-07-09,0.7427,0.7494,0.7409,0.7490,62533
2021-07-12,0.7473,0.7496,0.7448,0.7478,42798
2021-07-13,0.7478,0.7503,0.7426,0.7445,43528
2021-07-14,0.7444,0.7486,0.7431,0.7479,49973
2021-07-15,0.7479,0.7487,0.7410,0.7422,47411
2021-07-16,0.7422,0.7443,0.7392,0.7395,45028
2021-07-19,0.7400,0.7415,0.7322,0.7343,68949
2021-07-20,0.7341,0.7357,0.7299,0.7329,53116
2021-07-21,0.7329,0.7362,0.7289,0.7357,43976
2021-07-22,0.7356,0.7397,0.7342,0.7377,46649
2021-07-23,0.7375,0.7400,0.7357,0.7362,34884
2021-07-26,0.7358,0.7390,0.7330,0.7380,46758
2021-07-27,0.7379,0.7388,0.7337,0.7357,55722
2021-07-28,0.7358,0.7381,0.7317,0.7375,60518
2021-07-29,0.7373,0.7413,0.7359,0.7396,44032
2021-07-30,0.7395,0.7404,0.7331,0.7347,48704
2021-08-02,0.7330,0.7382,0.7329,0.7363,41686
2021-08-03,0.7361,0.7408,0.7357,0.7395,46008
2021-08-04,0.7393,0.7427,0.7370,0.7377,39356
2021-08-05,0.7377,0.7416,0.7374,0.7401,36322
2021-08-06,0.7400,0.7406,0.7346,0.7353,38058
2021-08-09,0.7349,0.7364,0.7328,0.7328,36454
2021-08-10,0.7329,0.7356,0.7316,0.7348,33389
2021-08-11,0.7347,0.7389,0.7323,0.7374,35633
2021-08-12,0.7371,0.7376,0.7332,0.7336,29384
2021-08-13,0.7336,0.7381,0.7329,0.7369,24994
2021-08-16,0.7361,0.7373,0.7319,0.7337,30827
2021-08-17,0.7334,0.7341,0.7242,0.7253,45030
2021-08-18,0.7250,0.7269,0.7228,0.7233,42036
2021-08-19,0.7233,0.7244,0.7142,0.7146,58866
2021-08-20,0.7146,0.7156,0.7106,0.7140,44244
2021-08-23,0.7119,0.7218,0.7119,0.7211,37012
2021-08-24,0.7211,0.7271,0.7200,0.7257,35067
2021-08-25,0.7256,0.7280,0.7237,0.7276,37969
2021-08-26,0.7274,0.7279,0.7234,0.7236,46165
2021-08-27,0.7235,0.7317,0.7222,0.7310,43978
2021-08-30,0.7303,0.7318,0.7284,0.7296,29850
2021-08-31,0.7294,0.7341,0.7288,0.7316,49509
2021-09-01,0.7314,0.7384,0.7308,0.7366,42233
2021-09-02,0.7366,0.7409,0.7356,0.7400,38089
2021-09-03,0.7398,0.7478,0.7393,0.7449,46391
2021-09-06,0.7448,0.7456,0.7426,0.7439,43505
2021-09-07,0.7437,0.7469,0.7375,0.7388,45808
2021-09-08,0.7383,0.7404,0.7345,0.7364,65472
2021-09-09,0.7362,0.7394,0.7347,0.7367,65729
2021-09-10,0.7363,0.7410,0.7348,0.7352,50819
2021-09-13,0.7348,0.7376,0.7336,0.7369,56088
2021-09-14,0.7366,0.7373,0.7313,0.7320,60496
2021-09-15,0.7317,0.7339,0.7301,0.7331,58057
2021-09-16,0.7329,0.7347,0.7274,0.7292,52282
2021-09-17,0.7291,0.7321,0.7262,0.7264,54896
2021-09-20,0.7261,0.7268,0.7220,0.7252,76140
2021-09-21,0.7249,0.7283,0.7222,0.7231,67333
2021-09-22,0.7228,0.7296,0.7220,0.7244,79415
2021-09-23,0.7244,0.7315,0.7222,0.7294,67911
2021-09-24,0.7291,0.7317,0.7236,0.7261,52376
2021-09-27,0.7249,0.7294,0.7247,0.7288,57537
2021-09-28,0.7285,0.7311,0.7225,0.7239,71969
2021-09-29,0.7237,0.7264,0.7170,0.7175,69742
2021-09-30,0.7174,0.7257,0.7171,0.7226,66817
2021-10-01,0.7225,0.7277,0.7192,0.7261,67919
2021-10-04,0.7250,0.7304,0.7250,0.7287,62158
2021-10-05,0.7285,0.7301,0.7249,0.7291,49294
2021-10-06,0.7289,0.7292,0.7225,0.7272,66273
2021-10-07,0.7269,0.7324,0.7267,0.7312,47024
2021-10-08,0.7308,0.7338,0.7288,0.7308,56313
2021-10-11,0.7308,0.7372,0.7292,0.7346,42732
2021-10-12,0.7345,0.7384,0.7332,0.7350,46072
2021-10-13,0.7348,0.7382,0.7323,0.7378,46091
2021-10-14,0.7376,0.7427,0.7369,0.7415,33810
2021-10-15,0.7414,0.7440,0.7403,0.7419,39196
2021-10-18,0.7413,0.7437,0.7379,0.7412,39036
2021-10-19,0.7407,0.7485,0.7407,0.7474,38115
2021-10-20,0.7471,0.7523,0.7465,0.7516,34487
2021-10-21,0.7509,0.7546,0.7458,0.7466,40953
2021-10-22,0.7464,0.7512,0.7453,0.7467,47727
2021-10-25,0.7464,0.7505,0.7460,0.7491,34584
2021-10-26,0.7486,0.7525,0.7483,0.7502,34310
2021-10-27,0.7496,0.7535,0.7487,0.7517,44859
2021-10-28,0.7516,0.7556,0.7480,0.7544,50926
2021-10-29,0.7541,0.7555,0.7500,0.7520,48311
2021-11-01,0.7511,0.7536,0.7486,0.7522,33996
2021-11-02,0.7521,0.7532,0.7420,0.7431,39478
2021-11-03,0.7429,0.7459,0.7412,0.7450,51436
2021-11-04,0.7449,0.7471,0.7383,0.7400,41107
2021-11-05,0.7400,0.7412,0.7360,0.7402,43886
2021-11-08,0.7391,0.7431,0.7384,0.7423,28794
2021-11-09,0.7420,0.7432,0.7361,0.7378,41281
2021-11-10,0.7376,0.7394,0.7324,0.7326,52637
2021-11-11,0.7324,0.7341,0.7287,0.7293,39928
2021-11-12,0.7291,0.7335,0.7276,0.7330,32833
2021-11-15,0.7323,0.7371,0.7323,0.7346,31821
2021-11-16,0.7343,0.7368,0.7292,0.7302,39639
2021-11-17,0.7300,0.7305,0.7258,0.7267,38726
2021-11-18,0.7265,0.7293,0.7249,0.7276,33753
2021-11-19,0.7274,0.7291,0.7227,0.7235,42192
2021-11-22,0.7234,0.7273,0.7221,0.7224,41521
2021-11-23,0.7223,0.7236,0.7207,0.7226,46692
2021-11-24,0.7225,0.7227,0.7184,0.7195,47556
2021-11-25,0.7192,0.7209,0.7180,0.7188,36308
2021-11-26,0.7187,0.7189,0.7112,0.7121,77242
2021-11-29,0.7133,0.7160,0.7114,0.7142,48596
2021-11-30,0.7142,0.7170,0.7063,0.7127,78840
2021-12-01,0.7124,0.7173,0.7095,0.7104,64502
2021-12-02,0.7100,0.7120,0.7085,0.7093,60766
2021-12-03,0.7092,0.7096,0.6993,0.7000,65459
2021-12-06,0.6997,0.7054,0.6996,0.7050,41782
2021-12-07,0.7047,0.7123,0.7039,0.7118,39704
2021-12-08,0.7117,0.7184,0.7114,0.7171,46745
2021-12-09,0.7168,0.7187,0.7135,0.7147,31661
2021-12-10,0.7146,0.7183,0.7132,0.7171,33530
2021-12-13,0.7167,0.7176,0.7110,0.7131,31198
2021-12-14,0.7129,0.7136,0.7090,0.7104,32053
2021-12-15,0.7102,0.7177,0.7092,0.7171,51428
2021-12-16,0.7169,0.7224,0.7145,0.7183,49965
2021-12-17,0.7181,0.7183,0.7122,0.7126,44030
2021-12-20,0.7127,0.7132,0.7083,0.7111,45889
2021-12-21,0.7109,0.7156,0.7098,0.7154,30831
2021-12-22,0.7152,0.7220,0.7121,0.7213,29379
2021-12-23,0.7211,0.7251,0.7196,0.7244,25084
2021-12-24,0.7242,0.7244,0.7218,0.7223,32714
2021-12-27,0.7221,0.7245,0.7206,0.7240,17365
2021-12-28,0.7237,0.7264,0.7219,0.7229,18755
2021-12-29,0.7226,0.7272,0.7213,0.7249,24961
2021-12-30,0.7245,0.7276,0.7239,0.7249,21231
2021-12-31,0.7251,0.7278,0.7242,0.7266,22228
2022-01-03,0.7258,0.7277,0.7184,0.7190,28387
2022-01-04,0.7189,0.7249,0.7184,0.7240,27676
2022-01-05,0.7237,0.7272,0.7215,0.7221,35138
2022-01-06,0.7218,0.7222,0.7146,0.7162,38823
2022-01-07,0.7159,0.7188,0.7129,0.7181,33368
2022-01-10,0.7166,0.7202,0.7149,0.7174,35075
2022-01-11,0.7163,0.7213,0.7155,0.7209,36386
2022-01-12,0.7209,0.7292,0.7201,0.7283,37108
2022-01-13,0.7282,0.7314,0.7273,0.7281,37016
2022-01-14,0.7279,0.7294,0.7198,0.7216,45945
2022-01-17,0.7211,0.7229,0.7196,0.7209,29278
2022-01-18,0.7206,0.7228,0.7170,0.7183,49397
2022-01-19,0.7183,0.7238,0.7177,0.7210,46043
2022-01-20,0.7209,0.7276,0.7207,0.7226,45339
2022-01-21,0.7222,0.7228,0.7171,0.7175,65059
2022-01-24,0.7171,0.7188,0.7091,0.7144,72489
2022-01-25,0.7144,0.7175,0.7121,0.7151,86274
2022-01-26,0.7152,0.7181,0.7096,0.7115,88074
2022-01-27,0.7114,0.7121,0.7024,0.7034,101108
2022-01-28,0.7034,0.7046,0.6968,0.6996,95590
2022-01-31,0.6989,0.7077,0.6986,0.7067,66073
2022-02-01,0.7064,0.7130,0.7033,0.7128,71736
2022-02-02,0.7127,0.7159,0.7118,0.7136,60641
2022-02-03,0.7133,0.7168,0.7109,0.7140,74308
2022-02-04,0.7135,0.7151,0.7052,0.7077,61674
2022-02-07,0.7073,0.7130,0.7065,0.7126,42999
2022-02-08,0.7124,0.7147,0.7106,0.7145,38570
2022-02-09,0.7144,0.7195,0.7142,0.7178,30965
2022-02-10,0.7176,0.7249,0.7147,0.7166,63524
2022-02-11,0.7165,0.7185,0.7108,0.7136,80668
2022-02-14,0.7127,0.7150,0.7086,0.7126,78174
2022-02-15,0.7124,0.7156,0.7102,0.7151,55800
2022-02-16,0.7151,0.7205,0.7143,0.7194,49910
2022-02-17,0.7192,0.7217,0.7149,0.7186,79171
2022-02-18,0.7184,0.7228,0.7165,0.7177,65454
2022-02-21,0.7168,0.7222,0.7166,0.7189,57862
2022-02-22,0.7187,0.7233,0.7171,0.7219,87132
2022-02-23,0.7216,0.7284,0.7215,0.7234,59772
2022-02-24,0.7231,0.7232,0.7095,0.7162,153965
2022-02-25,0.7162,0.7238,0.7140,0.7232,102273
2022-02-28,0.7179,0.7265,0.7167,0.7262,101994
2022-03-01,0.7260,0.7289,0.7238,0.7252,80277
2022-03-02,0.7250,0.7307,0.7243,0.7296,88127
2022-03-03,0.7295,0.7348,0.7276,0.7329,73470
2022-03-04,0.7326,0.7381,0.7300,0.7374,93501
