time,open,high,low,close,volume
2012-11-16,1.2040,1.2047,1.2036,1.2046,45063
2012-11-19,1.2046,1.2055,1.2035,1.2037,45325
2012-11-20,1.2037,1.2053,1.2034,1.2046,44851
2012-11-21,1.2046,1.2051,1.2036,1.2040,43896
2012-11-22,1.2040,1.2048,1.2040,1.2046,36694
2012-11-23,1.2045,1.2053,1.2036,1.2039,44700
2012-11-26,1.2041,1.2046,1.2031,1.2037,39969
2012-11-27,1.2037,1.2052,1.2034,1.2038,48421
2012-11-28,1.2038,1.2041,1.2028,1.2033,44597
2012-11-29,1.2032,1.2043,1.2031,1.2037,26743
2012-11-30,1.2037,1.2058,1.2036,1.2049,41783
2012-12-03,1.2051,1.2095,1.2048,1.2083,49771
2012-12-04,1.2082,1.2144,1.2078,1.2133,55894
2012-12-05,1.2132,1.2168,1.2102,1.2105,35228
2012-12-06,1.2105,1.2128,1.2083,1.2091,57882
2012-12-07,1.2091,1.2100,1.2074,1.2076,50088
2012-12-10,1.2079,1.2080,1.2061,1.2079,44006
2012-12-11,1.2079,1.2129,1.2074,1.2119,48342
2012-12-12,1.2119,1.2128,1.2100,1.2109,52121
2012-12-13,1.2109,1.2127,1.2074,1.2077,52649
2012-12-14,1.2078,1.2091,1.2067,1.2075,48869
2012-12-17,1.2084,1.2095,1.2073,1.2078,49568
2012-12-18,1.2078,1.2088,1.2064,1.2077,45053
2012-12-19,1.2078,1.2100,1.2072,1.2074,54616
2012-12-20,1.2074,1.2084,1.2069,1.2071,55834
2012-12-21,1.2071,1.2082,1.2063,1.2074,57868
2012-12-24,1.2074,1.2085,1.2068,1.2072,34863
2012-12-26,1.2072,1.2080,1.2070,1.2073,37272
2012-12-27,1.2073,1.2093,1.2073,1.2088,54842
2012-12-28,1.2088,1.2090,1.2068,1.2073,51938
2012-12-31,1.2072,1.2077,1.2063,1.2071,40693
2013-01-01,1.2078,1.2082,1.2078,1.2080,821
2013-01-02,1.2080,1.2106,1.2069,1.2101,80974
2013-01-03,1.2101,1.2105,1.2082,1.2088,63091
2013-01-04,1.2088,1.2094,1.2082,1.2082,61377
2013-01-07,1.2087,1.2095,1.2081,1.2083,54630
2013-01-08,1.2082,1.2092,1.2082,1.2087,51629
2013-01-09,1.2087,1.2092,1.2084,1.2085,48393
2013-01-10,1.2085,1.2133,1.2084,1.2126,54757
2013-01-11,1.2126,1.2198,1.2124,1.2185,63830
2013-01-14,1.2214,1.2340,1.2203,1.2335,67621
2013-01-15,1.2335,1.2412,1.2305,1.2399,87650
2013-01-16,1.2399,1.2402,1.2332,1.2373,79025
2013-01-17,1.2372,1.2489,1.2368,1.2474,86223
2013-01-18,1.2474,1.2567,1.2391,1.2439,91288
2013-01-21,1.2442,1.2451,1.2392,1.2413,75759
2013-01-22,1.2413,1.2462,1.2339,1.2374,87659
2013-01-23,1.2373,1.2405,1.2325,1.2378,80721
2013-01-24,1.2377,1.2444,1.2359,1.2423,82933
2013-01-25,1.2423,1.2493,1.2381,1.2466,88402
2013-01-28,1.2481,1.2514,1.2451,1.2458,79201
2013-01-29,1.2458,1.2468,1.2399,1.2432,80422
2013-01-30,1.2432,1.2461,1.2342,1.2362,87923
2013-01-31,1.2362,1.2382,1.2329,1.2364,87008
2013-02-01,1.2364,1.2414,1.2305,1.2387,96423
2013-02-04,1.2397,1.2401,1.2258,1.2273,92145
2013-02-05,1.2273,1.2343,1.2256,1.2332,97933
2013-02-06,1.2332,1.2368,1.2283,1.2300,92598
2013-02-07,1.2300,1.2331,1.2276,1.2302,94126
2013-02-08,1.2302,1.2311,1.2253,1.2253,83788
2013-02-11,1.2266,1.2342,1.2258,1.2337,80966
2013-02-12,1.2337,1.2355,1.2285,1.2335,82683
2013-02-13,1.2335,1.2386,1.2325,1.2334,83029
2013-02-14,1.2334,1.2347,1.2279,1.2309,86566
2013-02-15,1.2309,1.2334,1.2283,1.2312,81515
2013-02-18,1.2315,1.2345,1.2310,1.2325,74360
2013-02-19,1.2325,1.2358,1.2316,1.2352,75041
2013-02-20,1.2352,1.2358,1.2309,1.2317,82998
2013-02-21,1.2317,1.2327,1.2269,1.2273,88377
2013-02-22,1.2274,1.2306,1.2255,1.2258,78538
2013-02-25,1.2280,1.2325,1.2152,1.2176,99584
2013-02-26,1.2175,1.2196,1.2119,1.2176,105863
2013-02-27,1.2176,1.2227,1.2158,1.2212,101056
2013-02-28,1.2212,1.2241,1.2187,1.2236,90419
2013-03-01,1.2236,1.2290,1.2228,1.2269,92455
2013-03-04,1.2262,1.2276,1.2237,1.2252,12124
2013-03-05,1.2252,1.2287,1.2250,1.2279,13184
2013-03-06,1.2279,1.2320,1.2276,1.2307,20744
2013-03-07,1.2307,1.2361,1.2306,1.2352,36743
2013-03-08,1.2352,1.2390,1.2351,1.2361,29729
2013-03-11,1.2371,1.2381,1.2345,1.2350,29444
2013-03-12,1.2349,1.2367,1.2321,1.2341,35961
2013-03-13,1.2341,1.2349,1.2304,1.2343,36403
2013-03-14,1.2343,1.2369,1.2309,1.2316,42507
2013-03-15,1.2316,1.2335,1.2257,1.2272,40032
2013-03-18,1.2189,1.2287,1.2168,1.2255,48100
2013-03-19,1.2255,1.2267,1.2177,1.2189,46648
2013-03-20,1.2189,1.2234,1.2186,1.2223,42840
2013-03-21,1.2224,1.2237,1.2194,1.2208,46661
2013-03-22,1.2208,1.2237,1.2200,1.2213,42529
2013-03-25,1.2208,1.2254,1.2182,1.2193,48141
2013-03-26,1.2193,1.2218,1.2189,1.2193,38167
2013-03-27,1.2193,1.2197,1.2169,1.2187,38135
2013-03-28,1.2187,1.2201,1.2156,1.2167,39617
2013-03-29,1.2167,1.2173,1.2157,1.2165,21515
2013-04-01,1.2167,1.2178,1.2159,1.2161,19413
2013-04-02,1.2161,1.2178,1.2136,1.2163,34782
2013-04-03,1.2163,1.2183,1.2131,1.2142,34107
2013-04-04,1.2142,1.2171,1.2132,1.2154,42829
2013-04-05,1.2154,1.2171,1.2135,1.2140,39282
2013-04-08,1.2138,1.2172,1.2129,1.2169,34018
2013-04-09,1.2169,1.2212,1.2166,1.2200,39295
2013-04-10,1.2200,1.2202,1.2176,1.2187,33390
2013-04-11,1.2187,1.2204,1.2180,1.2200,33825
2013-04-12,1.2200,1.2201,1.2151,1.2154,36441
2013-04-15,1.2155,1.2172,1.2136,1.2142,44929
2013-04-16,1.2142,1.2170,1.2138,1.2155,43471
2013-04-17,1.2155,1.2165,1.2138,1.2157,43806
2013-04-18,1.2157,1.2174,1.2150,1.2170,38004
2013-04-19,1.2171,1.2191,1.2163,1.2184,35219
2013-04-22,1.2186,1.2207,1.2179,1.2202,27968
2013-04-23,1.2202,1.2292,1.2190,1.2289,37975
2013-04-24,1.2289,1.2343,1.2262,1.2326,36507
2013-04-25,1.2326,1.2349,1.2282,1.2292,34172
2013-04-26,1.2292,1.2311,1.2249,1.2276,36609
2013-04-29,1.2285,1.2307,1.2263,1.2271,33967
2013-04-30,1.2271,1.2277,1.2228,1.2239,34632
2013-05-01,1.2239,1.2263,1.2220,1.2223,28964
2013-05-02,1.2223,1.2259,1.2196,1.2214,34876
2013-05-03,1.2214,1.2275,1.2208,1.2266,32567
2013-05-06,1.2268,1.2290,1.2255,1.2267,22326
2013-05-07,1.2267,1.2337,1.2255,1.2299,30824
2013-05-08,1.2298,1.2348,1.2295,1.2304,32632
2013-05-09,1.2304,1.2408,1.2282,1.2369,35461
2013-05-10,1.2369,1.2460,1.2361,1.2430,45445
2013-05-13,1.2437,1.2445,1.2395,1.2424,37902
2013-05-14,1.2425,1.2502,1.2386,1.2492,37765
2013-05-15,1.2491,1.2525,1.2423,1.2441,38165
2013-05-16,1.2441,1.2483,1.2383,1.2426,36093
2013-05-17,1.2426,1.2493,1.2415,1.2479,32438
2013-05-20,1.2455,1.2476,1.2435,1.2453,37104
2013-05-21,1.2453,1.2529,1.2451,1.2522,41849
2013-05-22,1.2522,1.2649,1.2514,1.2585,54048
2013-05-23,1.2585,1.2596,1.2420,1.2529,66621
2013-05-24,1.2530,1.2547,1.2407,1.2426,52522
2013-05-27,1.2439,1.2473,1.2409,1.2448,30107
2013-05-28,1.2448,1.2572,1.2446,1.2551,52057
2013-05-29,1.2551,1.2572,1.2436,1.2448,61507
2013-05-30,1.2448,1.2492,1.2420,1.2435,57090
2013-05-31,1.2435,1.2461,1.2379,1.2403,57052
2013-06-03,1.2437,1.2486,1.2331,1.2381,54684
2013-06-04,1.2381,1.2429,1.2377,1.2390,51986
2013-06-05,1.2390,1.2412,1.2309,1.2332,56727
2013-06-06,1.2333,1.2386,1.2271,1.2305,67552
2013-06-07,1.2305,1.2379,1.2270,1.2367,70857
2013-06-10,1.2359,1.2418,1.2353,1.2374,52703
2013-06-11,1.2374,1.2386,1.2244,1.2308,61765
2013-06-12,1.2308,1.2333,1.2254,1.2277,54497
2013-06-13,1.2278,1.2332,1.2222,1.2329,67410
2013-06-14,1.2331,1.2338,1.2277,1.2289,45659
2013-06-17,1.2305,1.2363,1.2301,1.2329,35219
2013-06-18,1.2330,1.2357,1.2292,1.2322,40235
2013-06-19,1.2322,1.2364,1.2310,1.2338,42883
2013-06-20,1.2338,1.2349,1.2242,1.2261,65636
2013-06-21,1.2262,1.2286,1.2242,1.2256,42309
2013-06-24,1.2266,1.2279,1.2218,1.2244,48904
2013-06-25,1.2244,1.2296,1.2235,1.2270,46932
2013-06-26,1.2271,1.2283,1.2240,1.2265,43257
2013-06-27,1.2267,1.2337,1.2258,1.2321,52470
2013-06-28,1.2321,1.2354,1.2283,1.2285,55588
2013-07-01,1.2295,1.2376,1.2287,1.2345,37779
2013-07-02,1.2345,1.2382,1.2327,1.2338,39242
2013-07-03,1.2338,1.2348,1.2280,1.2314,44916
2013-07-04,1.2315,1.2374,1.2306,1.2347,39326
2013-07-05,1.2347,1.2378,1.2333,1.2360,45369
2013-07-08,1.2380,1.2414,1.2372,1.2400,35541
2013-07-09,1.2400,1.2466,1.2397,1.2439,42786
2013-07-10,1.2439,1.2455,1.2406,1.2417,50549
2013-07-11,1.2417,1.2456,1.2365,1.2396,74351
2013-07-12,1.2396,1.2409,1.2347,1.2362,39962
2013-07-15,1.2359,1.2404,1.2354,1.2388,36937
2013-07-16,1.2388,1.2403,1.2355,1.2363,44871
2013-07-17,1.2363,1.2376,1.2326,1.2350,41883
2013-07-18,1.2351,1.2390,1.2343,1.2379,34297
2013-07-19,1.2379,1.2385,1.2352,1.2363,31120
2013-07-22,1.2366,1.2377,1.2321,1.2342,30796
2013-07-23,1.2342,1.2394,1.2341,1.2361,31088
2013-07-24,1.2361,1.2403,1.2356,1.2370,34095
2013-07-25,1.2370,1.2385,1.2340,1.2347,34492
2013-07-26,1.2347,1.2348,1.2313,1.2322,29977
2013-07-29,1.2332,1.2351,1.2322,1.2346,26695
2013-07-30,1.2348,1.2353,1.2322,1.2330,27898
2013-07-31,1.2330,1.2344,1.2305,1.2318,41594
2013-08-01,1.2319,1.2377,1.2310,1.2372,39049
2013-08-02,1.2372,1.2397,1.2325,1.2340,36537
2013-08-05,1.2338,1.2358,1.2289,1.2301,33216
2013-08-06,1.2301,1.2328,1.2267,1.2320,32742
2013-08-07,1.2320,1.2327,1.2284,1.2288,39151
2013-08-08,1.2288,1.2318,1.2281,1.2309,36597
2013-08-09,1.2310,1.2318,1.2294,1.2300,28453
2013-08-12,1.2300,1.2329,1.2296,1.2314,29472
2013-08-13,1.2314,1.2382,1.2312,1.2372,36456
2013-08-14,1.2373,1.2426,1.2366,1.2396,34848
2013-08-15,1.2396,1.2434,1.2337,1.2360,42899
2013-08-16,1.2360,1.2383,1.2330,1.2347,35308
2013-08-19,1.2350,1.2370,1.2314,1.2325,26260
2013-08-20,1.2324,1.2339,1.2285,1.2306,35629
2013-08-21,1.2306,1.2332,1.2300,1.2316,36907
2013-08-22,1.2316,1.2358,1.2314,1.2330,35646
2013-08-23,1.2332,1.2362,1.2319,1.2328,35149
2013-08-26,1.2323,1.2356,1.2323,1.2336,24064
2013-08-27,1.2336,1.2340,1.2281,1.2285,35478
2013-08-28,1.2285,1.2300,1.2277,1.2299,34739
2013-08-29,1.2298,1.2328,1.2295,1.2326,35804
2013-08-30,1.2327,1.2329,1.2281,1.2291,30500
2013-09-02,1.2305,1.2333,1.2301,1.2326,25147
2013-09-03,1.2326,1.2342,1.2313,1.2334,30849
2013-09-04,1.2334,1.2368,1.2330,1.2353,27364
2013-09-05,1.2353,1.2399,1.2352,1.2397,32571
2013-09-06,1.2397,1.2401,1.2326,1.2358,30069
2013-09-09,1.2359,1.2368,1.2335,1.2355,25300
2013-09-10,1.2356,1.2403,1.2355,1.2403,27462
2013-09-11,1.2402,1.2414,1.2370,1.2386,26736
2013-09-12,1.2387,1.2391,1.2352,1.2374,25790
2013-09-13,1.2373,1.2390,1.2358,1.2358,25537
2013-09-16,1.2357,1.2380,1.2347,1.2366,27945
2013-09-17,1.2366,1.2384,1.2355,1.2367,23885
2013-09-18,1.2367,1.2375,1.2328,1.2335,33355
2013-09-19,1.2336,1.2351,1.2310,1.2321,36167
2013-09-20,1.2321,1.2331,1.2303,1.2312,28030
2013-09-23,1.2312,1.2335,1.2276,1.2291,26868
2013-09-24,1.2291,1.2304,1.2285,1.2298,27463
2013-09-25,1.2299,1.2310,1.2287,1.2298,26828
2013-09-26,1.2298,1.2310,1.2274,1.2276,26837
2013-09-27,1.2276,1.2279,1.2236,1.2246,28299
2013-09-30,1.2228,1.2246,1.2215,1.2238,30717
2013-10-01,1.2238,1.2268,1.2217,1.2250,33652
2013-10-02,1.2251,1.2268,1.2223,1.2257,31738
2013-10-03,1.2256,1.2279,1.2232,1.2248,32645
2013-10-04,1.2248,1.2300,1.2236,1.2296,29410
2013-10-07,1.2296,1.2296,1.2253,1.2263,28396
2013-10-08,1.2264,1.2294,1.2259,1.2270,26191
2013-10-09,1.2270,1.2320,1.2262,1.2307,31620
2013-10-10,1.2307,1.2329,1.2302,1.2323,24470
2013-10-11,1.2324,1.2353,1.2311,1.2347,24257
2013-10-14,1.2332,1.2359,1.2322,1.2345,20697
2013-10-15,1.2346,1.2375,1.2335,1.2341,29297
2013-10-16,1.2341,1.2367,1.2337,1.2361,29871
2013-10-17,1.2361,1.2363,1.2311,1.2339,32042
2013-10-18,1.2339,1.2352,1.2336,1.2340,23552
2013-10-21,1.2340,1.2357,1.2323,1.2339,21949
2013-10-22,1.2339,1.2364,1.2312,1.2332,24130
2013-10-23,1.2331,1.2335,1.2282,1.2292,29930
2013-10-24,1.2292,1.2318,1.2285,1.2314,28060
2013-10-25,1.2315,1.2349,1.2299,1.2317,27333
2013-10-28,1.2323,1.2350,1.2318,1.2348,23823
2013-10-29,1.2348,1.2371,1.2337,1.2355,31916
2013-10-30,1.2355,1.2370,1.2332,1.2355,30567
2013-10-31,1.2355,1.2359,1.2300,1.2324,35242
2013-11-01,1.2324,1.2326,1.2297,1.2302,32686
2013-11-04,1.2306,1.2325,1.2292,1.2296,22076
2013-11-05,1.2296,1.2316,1.2287,1.2307,28818
2013-11-06,1.2307,1.2329,1.2305,1.2325,24001
2013-11-07,1.2325,1.2337,1.2283,1.2288,37526
2013-11-08,1.2288,1.2322,1.2288,1.2312,33309
2013-11-11,1.2318,1.2333,1.2315,1.2328,22227
2013-11-12,1.2328,1.2338,1.2313,1.2326,31719
2013-11-13,1.2327,1.2330,1.2313,1.2322,30880
2013-11-14,1.2322,1.2338,1.2319,1.2335,31236
2013-11-15,1.2335,1.2351,1.2328,1.2345,24967
2013-11-18,1.2343,1.2345,1.2316,1.2326,26881
2013-11-19,1.2326,1.2338,1.2320,1.2332,28999
2013-11-20,1.2332,1.2340,1.2306,1.2312,34759
2013-11-21,1.2313,1.2324,1.2306,1.2311,31379
2013-11-22,1.2311,1.2322,1.2286,1.2290,28031
2013-11-25,1.2288,1.2329,1.2285,1.2324,23216
2013-11-26,1.2324,1.2329,1.2298,1.2306,25022
2013-11-27,1.2306,1.2332,1.2301,1.2323,28455
2013-11-28,1.2324,1.2328,1.2309,1.2320,21365
2013-11-29,1.2321,1.2332,1.2293,1.2313,29379
2013-12-02,1.2312,1.2324,1.2295,1.2305,29497
2013-12-03,1.2305,1.2312,1.2278,1.2291,30772
2013-12-04,1.2291,1.2298,1.2257,1.2265,35270
2013-12-05,1.2266,1.2281,1.2250,1.2254,34757
2013-12-06,1.2254,1.2261,1.2215,1.2220,30481
2013-12-09,1.2225,1.2244,1.2223,1.2230,23939
2013-12-10,1.2230,1.2239,1.2207,1.2210,27538
2013-12-11,1.2210,1.2227,1.2205,1.2220,27406
2013-12-12,1.2219,1.2247,1.2200,1.2228,32109
2013-12-13,1.2227,1.2240,1.2211,1.2215,27793
2013-12-16,1.2217,1.2232,1.2202,1.2209,25607
2013-12-17,1.2209,1.2216,1.2167,1.2184,25254
2013-12-18,1.2184,1.2245,1.2180,1.2241,35975
2013-12-19,1.2241,1.2274,1.2227,1.2264,31733
2013-12-20,1.2264,1.2270,1.2233,1.2248,29593
2013-12-23,1.2249,1.2263,1.2233,1.2239,22242
2013-12-24,1.2238,1.2259,1.2237,1.2256,16455
2013-12-26,1.2263,1.2274,1.2259,1.2272,14327
2013-12-27,1.2272,1.2278,1.2225,1.2252,26604
2013-12-30,1.2255,1.2270,1.2241,1.2251,21552
2013-12-31,1.2251,1.2277,1.2245,1.2252,17624
2014-01-01,1.2264,1.2278,1.2264,1.2273,1057
2014-01-02,1.2272,1.2320,1.2267,1.2291,49374
2014-01-03,1.2291,1.2312,1.2281,1.2296,26518
2014-01-06,1.2301,1.2332,1.2297,1.2319,29592
2014-01-07,1.2319,1.2381,1.2317,1.2379,27634
2014-01-08,1.2379,1.2394,1.2358,1.2371,31447
2014-01-09,1.2371,1.2387,1.2336,1.2340,31859
2014-01-10,1.2340,1.2348,1.2323,1.2334,28119
2014-01-13,1.2330,1.2343,1.2289,1.2291,27978
2014-01-14,1.2292,1.2348,1.2290,1.2344,27132
2014-01-15,1.2344,1.2370,1.2340,1.2364,27738
2014-01-16,1.2364,1.2375,1.2315,1.2317,27989
2014-01-17,1.2317,1.2336,1.2317,1.2320,25698
2014-01-20,1.2326,1.2342,1.2324,1.2339,20955
2014-01-21,1.2339,1.2376,1.2325,1.2345,26139
2014-01-22,1.2344,1.2353,1.2332,1.2348,24238
2014-01-23,1.2348,1.2361,1.2275,1.2289,33612
2014-01-24,1.2288,1.2300,1.2225,1.2225,32662
2014-01-27,1.2235,1.2273,1.2225,1.2254,28305
2014-01-28,1.2254,1.2291,1.2251,1.2288,26697
2014-01-29,1.2288,1.2297,1.2213,1.2219,31698
2014-01-30,1.2219,1.2254,1.2218,1.2235,30497
2014-01-31,1.2234,1.2246,1.2211,1.2216,32963
2014-02-03,1.2223,1.2242,1.2184,1.2193,30906
2014-02-04,1.2193,1.2232,1.2185,1.2216,27871
2014-02-05,1.2216,1.2234,1.2205,1.2232,33613
2014-02-06,1.2232,1.2245,1.2211,1.2243,36556
2014-02-07,1.2243,1.2250,1.2218,1.2244,32021
2014-02-10,1.2241,1.2250,1.2225,1.2236,20310
2014-02-11,1.2236,1.2257,1.2227,1.2250,24006
2014-02-12,1.2250,1.2260,1.2234,1.2241,25761
2014-02-13,1.2241,1.2246,1.2207,1.2220,26980
2014-02-14,1.2220,1.2228,1.2206,1.2218,23742
2014-02-17,1.2219,1.2227,1.2210,1.2217,19357
2014-02-18,1.2217,1.2238,1.2211,1.2217,26579
2014-02-19,1.2217,1.2226,1.2190,1.2204,25357
2014-02-20,1.2204,1.2210,1.2187,1.2204,27901
2014-02-21,1.2204,1.2211,1.2189,1.2197,22829
2014-02-24,1.2190,1.2218,1.2185,1.2207,24085
2014-02-25,1.2207,1.2211,1.2187,1.2190,24848
2014-02-26,1.2190,1.2204,1.2185,1.2187,26202
2014-02-27,1.2187,1.2188,1.2157,1.2178,29264
2014-02-28,1.2178,1.2182,1.2133,1.2141,32268
2014-03-03,1.2107,1.2139,1.2104,1.2131,27469
2014-03-04,1.2131,1.2196,1.2127,1.2195,24455
2014-03-05,1.2195,1.2200,1.2176,1.2185,25040
2014-03-06,1.2185,1.2215,1.2180,1.2196,29039
2014-03-07,1.2197,1.2214,1.2167,1.2180,36206
2014-03-10,1.2182,1.2192,1.2168,1.2180,34499
2014-03-11,1.2180,1.2192,1.2162,1.2164,38763
2014-03-12,1.2164,1.2168,1.2149,1.2152,43128
2014-03-13,1.2152,1.2167,1.2124,1.2130,60309
2014-03-14,1.2130,1.2145,1.2122,1.2135,45795
2014-03-17,1.2135,1.2164,1.2127,1.2162,38856
2014-03-18,1.2162,1.2178,1.2149,1.2164,42479
2014-03-19,1.2165,1.2202,1.2162,1.2183,50144
2014-03-20,1.2183,1.2203,1.2162,1.2175,53990
2014-03-21,1.2175,1.2186,1.2165,1.2177,37420
2014-03-24,1.2172,1.2202,1.2167,1.2188,45501
2014-03-25,1.2188,1.2217,1.2181,1.2205,57125
2014-03-26,1.2205,1.2235,1.2193,1.2200,50362
2014-03-27,1.2200,1.2206,1.2176,1.2185,50083
2014-03-28,1.2185,1.2201,1.2178,1.2194,41472
2014-03-31,1.2197,1.2205,1.2171,1.2179,44040
2014-04-01,1.2179,1.2189,1.2174,1.2187,35345
2014-04-02,1.2187,1.2209,1.2183,1.2206,33292
2014-04-03,1.2206,1.2233,1.2193,1.2224,47377
2014-04-04,1.2224,1.2250,1.2216,1.2223,48569
2014-04-07,1.2221,1.2224,1.2195,1.2200,27725
2014-04-08,1.2200,1.2203,1.2181,1.2190,41256
2014-04-09,1.2189,1.2196,1.2170,1.2186,45271
2014-04-10,1.2187,1.2190,1.2163,1.2168,31961
2014-04-11,1.2168,1.2178,1.2150,1.2161,28257
2014-04-14,1.2151,1.2160,1.2141,1.2158,27919
2014-04-15,1.2158,1.2166,1.2149,1.2159,27148
2014-04-16,1.2159,1.2203,1.2158,1.2182,24920
2014-04-17,1.2182,1.2205,1.2169,1.2194,24136
2014-04-18,1.2195,1.2204,1.2193,1.2200,10249
2014-04-21,1.2201,1.2208,1.2193,1.2208,11935
2014-04-22,1.2208,1.2220,1.2204,1.2217,20935
2014-04-23,1.2217,1.2225,1.2192,1.2204,24605
2014-04-24,1.2204,1.2215,1.2185,1.2195,24239
2014-04-25,1.2195,1.2200,1.2185,1.2195,19102
2014-04-28,1.2188,1.2197,1.2172,1.2192,25219
2014-04-29,1.2193,1.2213,1.2192,1.2204,26465
2014-04-30,1.2204,1.2210,1.2191,1.2204,31456
2014-05-01,1.2204,1.2209,1.2188,1.2193,18179
2014-05-02,1.2193,1.2214,1.2175,1.2178,35522
2014-05-05,1.2174,1.2183,1.2170,1.2179,15824
2014-05-06,1.2179,1.2187,1.2163,1.2176,26927
2014-05-07,1.2176,1.2192,1.2165,1.2189,32509
2014-05-08,1.2189,1.2191,1.2172,1.2181,38179
2014-05-09,1.2182,1.2199,1.2179,1.2193,28301
2014-05-12,1.2198,1.2218,1.2198,1.2214,20028
2014-05-13,1.2214,1.2214,1.2192,1.2197,31826
2014-05-14,1.2197,1.2203,1.2190,1.2202,21673
2014-05-15,1.2202,1.2230,1.2196,1.2214,28435
2014-05-16,1.2214,1.2224,1.2205,1.2223,28771
2014-05-19,1.2220,1.2235,1.2215,1.2231,29299
2014-05-20,1.2231,1.2237,1.2211,1.2220,31101
2014-05-21,1.2220,1.2227,1.2206,1.2225,33794
2014-05-22,1.2225,1.2226,1.2207,1.2212,27127
2014-05-23,1.2212,1.2216,1.2205,1.2206,26113
2014-05-26,1.2207,1.2214,1.2205,1.2208,14443
2014-05-27,1.2208,1.2228,1.2208,1.2225,20698
2014-05-28,1.2225,1.2234,1.2208,1.2210,22014
2014-05-29,1.2210,1.2214,1.2200,1.2211,19774
2014-05-30,1.2211,1.2216,1.2193,1.2204,20559
2014-06-02,1.2205,1.2225,1.2202,1.2218,24418
2014-06-03,1.2218,1.2226,1.2211,1.2215,25580
2014-06-04,1.2214,1.2223,1.2194,1.2200,26878
2014-06-05,1.2200,1.2207,1.2172,1.2179,37988
2014-06-06,1.2179,1.2195,1.2166,1.2189,29294
2014-06-09,1.2188,1.2200,1.2188,1.2193,21910
2014-06-10,1.2193,1.2197,1.2180,1.2180,24487
2014-06-11,1.2180,1.2188,1.2170,1.2176,27000
2014-06-12,1.2176,1.2184,1.2170,1.2172,27453
2014-06-13,1.2172,1.2188,1.2165,1.2186,25566
2014-06-16,1.2185,1.2187,1.2173,1.2177,22607
2014-06-17,1.2177,1.2191,1.2176,1.2183,22026
2014-06-18,1.2183,1.2189,1.2175,1.2178,26491
2014-06-19,1.2178,1.2186,1.2152,1.2166,29110
2014-06-20,1.2167,1.2177,1.2161,1.2168,22342
2014-06-23,1.2171,1.2177,1.2162,1.2164,22345
2014-06-24,1.2164,1.2174,1.2158,1.2162,24788
2014-06-25,1.2162,1.2169,1.2159,1.2168,21826
2014-06-26,1.2168,1.2171,1.2156,1.2163,22944
2014-06-27,1.2163,1.2165,1.2150,1.2155,22176
2014-06-30,1.2156,1.2161,1.2138,1.2141,25206
2014-07-01,1.2141,1.2147,1.2132,1.2139,30329
2014-07-02,1.2139,1.2143,1.2134,1.2140,29078
2014-07-03,1.2140,1.2165,1.2138,1.2157,33540
2014-07-04,1.2157,1.2163,1.2152,1.2153,24743
2014-07-07,1.2158,1.2165,1.2151,1.2155,28736
2014-07-08,1.2155,1.2157,1.2147,1.2154,29331
2014-07-09,1.2154,1.2159,1.2151,1.2154,31272
2014-07-10,1.2154,1.2156,1.2137,1.2144,32550
2014-07-11,1.2144,1.2146,1.2136,1.2136,34816
2014-07-14,1.2137,1.2148,1.2136,1.2147,37295
2014-07-15,1.2147,1.2156,1.2140,1.2153,35953
2014-07-16,1.2153,1.2157,1.2140,1.2149,19836
2014-07-17,1.2149,1.2150,1.2136,1.2139,19689
2014-07-18,1.2139,1.2151,1.2135,1.2144,19413
2014-07-21,1.2145,1.2155,1.2134,1.2144,19761
2014-07-22,1.2145,1.2153,1.2142,1.2151,22614
2014-07-23,1.2151,1.2154,1.2144,1.2147,19754
2014-07-24,1.2147,1.2155,1.2143,1.2151,21784
2014-07-25,1.2151,1.2157,1.2141,1.2144,21103
2014-07-28,1.2150,1.2155,1.2145,1.2148,18472
2014-07-29,1.2148,1.2163,1.2147,1.2160,22360
2014-07-30,1.2160,1.2177,1.2159,1.2171,30799
2014-07-31,1.2171,1.2174,1.2160,1.2166,26557
2014-08-01,1.2166,1.2170,1.2149,1.2156,27713
2014-08-04,1.2161,1.2170,1.2159,1.2169,24315
2014-08-05,1.2169,1.2177,1.2159,1.2160,32776
2014-08-06,1.2160,1.2162,1.2140,1.2146,40163
2014-08-07,1.2146,1.2154,1.2139,1.2144,33637
2014-08-08,1.2144,1.2144,1.2120,1.2139,38169
2014-08-11,1.2140,1.2144,1.2129,1.2133,25149
2014-08-12,1.2133,1.2142,1.2129,1.2131,26992
2014-08-13,1.2131,1.2140,1.2127,1.2128,29110
2014-08-14,1.2128,1.2131,1.2110,1.2115,27765
2014-08-15,1.2116,1.2120,1.2086,1.2092,33902
2014-08-18,1.2097,1.2114,1.2092,1.2113,24312
2014-08-19,1.2113,1.2115,1.2099,1.2110,30123
2014-08-20,1.2110,1.2114,1.2102,1.2111,34968
2014-08-21,1.2111,1.2115,1.2103,1.2104,31736
2014-08-22,1.2104,1.2107,1.2089,1.2096,31718
2014-08-25,1.2102,1.2103,1.2071,1.2077,24937
2014-08-26,1.2077,1.2092,1.2073,1.2081,31875
2014-08-27,1.2081,1.2085,1.2059,1.2069,38309
2014-08-28,1.2069,1.2071,1.2050,1.2064,38267
2014-08-29,1.2064,1.2067,1.2055,1.2061,32859
2014-09-01,1.2062,1.2075,1.2061,1.2072,20208
2014-09-02,1.2072,1.2081,1.2066,1.2071,35332
2014-09-03,1.2071,1.2090,1.2064,1.2067,36110
2014-09-04,1.2067,1.2076,1.2045,1.2063,52842
2014-09-05,1.2063,1.2070,1.2053,1.2059,46999
2014-09-08,1.2060,1.2072,1.2055,1.2064,47452
2014-09-09,1.2064,1.2071,1.2057,1.2069,48118
2014-09-10,1.2069,1.2118,1.2067,1.2099,42124
2014-09-11,1.2099,1.2105,1.2088,1.2092,30704
2014-09-12,1.2092,1.2104,1.2083,1.2095,45022
2014-09-15,1.2101,1.2113,1.2094,1.2104,40017
2014-09-16,1.2104,1.2107,1.2081,1.2085,41557
2014-09-17,1.2085,1.2117,1.2082,1.2105,48079
2014-09-18,1.2104,1.2114,1.2064,1.2066,52207
2014-09-19,1.2066,1.2076,1.2064,1.2067,51427
2014-09-22,1.2072,1.2079,1.2064,1.2076,70154
2014-09-23,1.2076,1.2081,1.2066,1.2075,41942
2014-09-24,1.2074,1.2086,1.2070,1.2085,45184
2014-09-25,1.2085,1.2089,1.2067,1.2073,52767
2014-09-26,1.2073,1.2076,1.2066,1.2066,43708
2014-09-29,1.2068,1.2074,1.2062,1.2070,45974
2014-09-30,1.2070,1.2073,1.2053,1.2063,54553
2014-10-01,1.2063,1.2081,1.2053,1.2070,52872
2014-10-02,1.2070,1.2091,1.2067,1.2084,59767
2014-10-03,1.2085,1.2111,1.2084,1.2106,49039
2014-10-06,1.2110,1.2138,1.2107,1.2127,42420
2014-10-07,1.2127,1.2140,1.2104,1.2119,58765
2014-10-08,1.2119,1.2135,1.2114,1.2122,60656
2014-10-09,1.2122,1.2128,1.2089,1.2110,67538
2014-10-10,1.2110,1.2117,1.2081,1.2083,55208
2014-10-13,1.2083,1.2092,1.2074,1.2088,51483
2014-10-14,1.2088,1.2092,1.2070,1.2073,53007
2014-10-15,1.2074,1.2080,1.2061,1.2072,72836
2014-10-16,1.2072,1.2078,1.2057,1.2073,67753
2014-10-17,1.2073,1.2078,1.2068,1.2073,38256
2014-10-20,1.2076,1.2078,1.2059,1.2068,40168
2014-10-21,1.2068,1.2073,1.2062,1.2067,49753
2014-10-22,1.2067,1.2071,1.2058,1.2061,48361
2014-10-23,1.2062,1.2069,1.2055,1.2066,43821
2014-10-24,1.2066,1.2067,1.2056,1.2058,37154
2014-10-27,1.2062,1.2067,1.2052,1.2057,44018
2014-10-28,1.2057,1.2066,1.2055,1.2060,45618
2014-10-29,1.2060,1.2063,1.2054,1.2063,48608
2014-10-30,1.2063,1.2064,1.2054,1.2058,61065
2014-10-31,1.2058,1.2069,1.2053,1.2054,70197
2014-11-03,1.2061,1.2062,1.2052,1.2056,62732
2014-11-04,1.2056,1.2061,1.2041,1.2043,58823
2014-11-05,1.2043,1.2046,1.2033,1.2036,66654
2014-11-06,1.2036,1.2057,1.2031,1.2042,64817
2014-11-07,1.2042,1.2046,1.2029,1.2032,58805
2014-11-10,1.2029,1.2036,1.2021,1.2027,45868
2014-11-11,1.2027,1.2034,1.2021,1.2032,47373
2014-11-12,1.2032,1.2038,1.2017,1.2021,58923
2014-11-13,1.2021,1.2024,1.2016,1.2021,44993
2014-11-14,1.2021,1.2023,1.2011,1.2011,36087
2014-11-17,1.2015,1.2017,1.2010,1.2012,35290
2014-11-18,1.2012,1.2016,1.2009,1.2012,30630
2014-11-19,1.2012,1.2026,1.2008,1.2013,25288
2014-11-20,1.2013,1.2024,1.2010,1.2020,31165
2014-11-21,1.2020,1.2032,1.2014,1.2014,33692
2014-11-24,1.2021,1.2031,1.2019,1.2024,32756
2014-11-25,1.2024,1.2033,1.2023,1.2025,28983
2014-11-26,1.2025,1.2029,1.2016,1.2021,29678
2014-11-27,1.2021,1.2025,1.2018,1.2018,19061
2014-11-28,1.2018,1.2025,1.2011,1.2025,22999
2014-12-01,1.2036,1.2039,1.2021,1.2028,32642
2014-12-02,1.2028,1.2046,1.2027,1.2036,26702
2014-12-03,1.2036,1.2041,1.2026,1.2033,26115
2014-12-04,1.2033,1.2040,1.2019,1.2021,27723
2014-12-05,1.2022,1.2029,1.2017,1.2022,23928
2014-12-08,1.1994,1.2030,1.1994,1.2021,30905
2014-12-09,1.2019,1.2024,1.2014,1.2017,41496
2014-12-10,1.2017,1.2035,1.2015,1.2028,34525
2014-12-11,1.2028,1.2038,1.2010,1.2010,33833
2014-12-12,1.2005,1.2014,1.2004,1.2009,28595
2014-12-15,1.2006,1.2014,1.2006,1.2008,29247
2014-12-16,1.2004,1.2012,1.2003,1.2007,32467
2014-12-17,1.2005,1.2010,1.2000,1.2007,29989
2014-12-18,1.2004,1.2096,1.1989,1.2037,37879
2014-12-19,1.2036,1.2048,1.2020,1.2020,32641
2014-12-22,1.2028,1.2038,1.2025,1.2028,105441
2014-12-23,1.2028,1.2035,1.2021,1.2023,93241
2014-12-24,1.2023,1.2027,1.2022,1.2024,69522
2014-12-26,1.2016,1.2028,1.2015,1.2027,51062
2014-12-29,1.2025,1.2035,1.2024,1.2029,36757
2014-12-30,1.2025,1.2031,1.2022,1.2022,22115
2014-12-31,1.2018,1.2031,1.2018,1.2025,16732
2015-01-19,0.9945,1.0210,0.9887,1.0204,63146
2015-01-20,1.0201,1.0221,1.0062,1.0107,38826
2015-01-21,1.0107,1.0131,0.9844,0.9976,43569
2015-01-22,0.9980,1.0031,0.9836,0.9896,50635
2015-01-23,0.9894,0.9909,0.9771,0.9824,54300
2015-01-26,0.9815,1.0165,0.9781,1.0146,51721
2015-01-27,1.0145,1.0380,1.0076,1.0271,66172
2015-01-28,1.0265,1.0313,1.0176,1.0210,62707
2015-01-29,1.0211,1.0461,1.0199,1.0447,46094
2015-01-30,1.0446,1.0519,1.0351,1.0391,46339
2015-02-02,1.0480,1.0582,1.0397,1.0516,79438
2015-02-03,1.0516,1.0615,1.0456,1.0603,88467
2015-02-04,1.0600,1.0622,1.0475,1.0503,70768
2015-02-05,1.0503,1.0636,1.0465,1.0564,97832
2015-02-06,1.0563,1.0590,1.0452,1.0473,97198
2015-02-09,1.0462,1.0526,1.0408,1.0454,78325
2015-02-10,1.0454,1.0490,1.0428,1.0483,80782
2015-02-11,1.0483,1.0526,1.0435,1.0516,68501
2015-02-12,1.0516,1.0632,1.0482,1.0609,82714
2015-02-13,1.0609,1.0633,1.0569,1.0618,63527
2015-02-16,1.0613,1.0640,1.0545,1.0575,75563
2015-02-17,1.0575,1.0692,1.0552,1.0689,42481
2015-02-18,1.0689,1.0737,1.0625,1.0735,81156
2015-02-19,1.0735,1.0798,1.0727,1.0791,82512
2015-02-20,1.0790,1.0807,1.0662,1.0669,109037
2015-02-23,1.0715,1.0788,1.0679,1.0762,175022
2015-02-24,1.0762,1.0784,1.0720,1.0776,169226
2015-02-25,1.0776,1.0796,1.0751,1.0773,144965
2015-02-26,1.0772,1.0793,1.0659,1.0664,153192
2015-02-27,1.0664,1.0689,1.0606,1.0674,183933
2015-03-02,1.0662,1.0743,1.0644,1.0712,130831
2015-03-03,1.0713,1.0757,1.0694,1.0739,140368
2015-03-04,1.0740,1.0748,1.0624,1.0668,164982
2015-03-05,1.0668,1.0746,1.0646,1.0741,160195
2015-03-06,1.0741,1.0751,1.0633,1.0685,131362
2015-03-09,1.0686,1.0714,1.0665,1.0694,46471
2015-03-10,1.0694,1.0726,1.0656,1.0671,76760
2015-03-11,1.0672,1.0690,1.0615,1.0637,68303
2015-03-12,1.0639,1.0676,1.0615,1.0652,71480
2015-03-13,1.0652,1.0667,1.0514,1.0541,64871
2015-03-16,1.0537,1.0672,1.0533,1.0651,70049
2015-03-17,1.0652,1.0673,1.0617,1.0659,56502
2015-03-18,1.0658,1.0669,1.0558,1.0634,68199
2015-03-19,1.0639,1.0691,1.0524,1.0550,88258
2015-03-20,1.0550,1.0582,1.0519,1.0543,53813
2015-03-23,1.0586,1.0602,1.0542,1.0572,60340
2015-03-25,1.0467,1.0546,1.0466,1.0531,40087
2015-03-26,1.0531,1.0542,1.0464,1.0475,47497
2015-03-27,1.0474,1.0506,1.0431,1.0469,61810
2015-03-30,1.0469,1.0487,1.0432,1.0473,56181
2015-03-31,1.0474,1.0484,1.0420,1.0432,46634
2015-04-01,1.0438,1.0458,1.0394,1.0407,52858
2015-04-02,1.0405,1.0449,1.0388,1.0437,33394
2015-04-03,1.0437,1.0464,1.0415,1.0430,24566
2015-04-06,1.0434,1.0494,1.0434,1.0467,27261
2015-04-07,1.0469,1.0478,1.0425,1.0445,46705
2015-04-08,1.0445,1.0468,1.0407,1.0418,50216
2015-04-09,1.0416,1.0449,1.0404,1.0419,49796
2015-04-10,1.0416,1.0427,1.0367,1.0380,38138
2015-04-13,1.0380,1.0401,1.0320,1.0331,46504
2015-04-14,1.0327,1.0381,1.0296,1.0355,54024
2015-04-15,1.0354,1.0366,1.0294,1.0307,61259
2015-04-16,1.0307,1.0344,1.0275,1.0287,84971
2015-04-17,1.0287,1.0326,1.0263,1.0285,72522
2015-04-20,1.0285,1.0302,1.0234,1.0266,49508
2015-04-21,1.0266,1.0274,1.0235,1.0251,63414
2015-04-22,1.0251,1.0427,1.0238,1.0417,76071
2015-04-23,1.0417,1.0417,1.0312,1.0333,88457
2015-04-24,1.0333,1.0380,1.0317,1.0364,71237
2015-04-27,1.0366,1.0415,1.0348,1.0398,65488
2015-04-28,1.0399,1.0497,1.0379,1.0494,84367
2015-04-29,1.0481,1.0508,1.0426,1.0452,102261
2015-04-30,1.0453,1.0524,1.0430,1.0465,118008
2015-05-01,1.0459,1.0503,1.0442,1.0443,77602
2015-05-04,1.0446,1.0480,1.0403,1.0405,46127
2015-05-05,1.0401,1.0425,1.0346,1.0363,17597
2015-05-06,1.0361,1.0398,1.0357,1.0385,54011
2015-05-07,1.0390,1.0402,1.0305,1.0384,15196
2015-05-08,1.0383,1.0448,1.0331,1.0444,20128
2015-05-11,1.0428,1.0435,1.0387,1.0420,39625
2015-05-12,1.0420,1.0436,1.0384,1.0417,81465
2015-05-13,1.0417,1.0439,1.0403,1.0409,69137
2015-05-14,1.0407,1.0430,1.0383,1.0407,86494
2015-05-15,1.0408,1.0506,1.0400,1.0480,72117
2015-05-18,1.0484,1.0501,1.0453,1.0481,41871
2015-05-19,1.0481,1.0488,1.0404,1.0446,88629
2015-05-20,1.0447,1.0451,1.0390,1.0397,97128
2015-05-21,1.0394,1.0417,1.0385,1.0410,89103
2015-05-22,1.0410,1.0450,1.0383,1.0393,90428
2015-05-25,1.0381,1.0384,1.0340,1.0371,52613
2015-05-26,1.0369,1.0380,1.0323,1.0365,88221
2015-05-27,1.0365,1.0373,1.0316,1.0352,86868
2015-05-28,1.0351,1.0363,1.0305,1.0330,94789
2015-05-29,1.0326,1.0364,1.0280,1.0332,87944
2015-06-01,1.0330,1.0350,1.0295,1.0336,95782
2015-06-02,1.0335,1.0431,1.0312,1.0405,119951
2015-06-03,1.0399,1.0540,1.0398,1.0527,77921
2015-06-04,1.0527,1.0573,1.0481,1.0489,33688
2015-06-05,1.0490,1.0535,1.0440,1.0440,145852
2015-06-08,1.0449,1.0509,1.0440,1.0470,116292
2015-06-09,1.0472,1.0512,1.0441,1.0497,129394
2015-06-10,1.0496,1.0553,1.0473,1.0547,135683
2015-06-11,1.0543,1.0554,1.0495,1.0505,106161
2015-06-12,1.0501,1.0509,1.0425,1.0455,36758
2015-06-15,1.0426,1.0542,1.0417,1.0485,77108
2015-06-16,1.0486,1.0507,1.0454,1.0482,87354
2015-06-17,1.0481,1.0485,1.0403,1.0451,119886
2015-06-18,1.0450,1.0534,1.0438,1.0468,131759
2015-06-19,1.0468,1.0490,1.0402,1.0420,96645
2015-06-22,1.0425,1.0480,1.0410,1.0450,103566
2015-06-23,1.0448,1.0474,1.0425,1.0426,114290
2015-06-24,1.0430,1.0473,1.0423,1.0461,107245
2015-06-25,1.0461,1.0546,1.0453,1.0489,102784
2015-06-26,1.0493,1.0496,1.0410,1.0427,99293
2015-06-29,1.0326,1.0440,1.0313,1.0391,152922
2015-06-30,1.0390,1.0452,1.0371,1.0415,127740
2015-07-01,1.0423,1.0492,1.0403,1.0479,117249
2015-07-02,1.0481,1.0524,1.0448,1.0457,107084
2015-07-03,1.0456,1.0472,1.0427,1.0433,78834
2015-07-06,1.0363,1.0456,1.0351,1.0415,144436
2015-07-07,1.0415,1.0436,1.0365,1.0417,132767
2015-07-08,1.0420,1.0517,1.0392,1.0466,133285
2015-07-09,1.0466,1.0506,1.0429,1.0455,124553
2015-07-10,1.0455,1.0524,1.0424,1.0468,138855
2015-07-13,1.0450,1.0511,1.0442,1.0450,126431
2015-07-14,1.0450,1.0464,1.0399,1.0401,120651
2015-07-15,1.0400,1.0452,1.0395,1.0418,99850
2015-07-16,1.0417,1.0437,1.0397,1.0412,108464
2015-07-17,1.0414,1.0440,1.0406,1.0414,90560
2015-07-20,1.0416,1.0456,1.0409,1.0439,94729
2015-07-21,1.0439,1.0493,1.0425,1.0481,139368
2015-07-22,1.0477,1.0492,1.0458,1.0488,141094
2015-07-23,1.0485,1.0552,1.0469,1.0541,120879
2015-07-24,1.0528,1.0580,1.0506,1.0559,91704
2015-07-27,1.0557,1.0690,1.0556,1.0672,116398
2015-07-28,1.0651,1.0675,1.0631,1.0643,108795
2015-07-29,1.0640,1.0656,1.0608,1.0626,116231
2015-07-30,1.0621,1.0667,1.0575,1.0592,115717
2015-07-31,1.0593,1.0651,1.0530,1.0609,132067
2015-08-03,1.0603,1.0622,1.0590,1.0613,124212
2015-08-04,1.0610,1.0671,1.0595,1.0642,137349
2015-08-05,1.0639,1.0681,1.0621,1.0673,134517
2015-08-06,1.0669,1.0722,1.0665,1.0711,111527
2015-08-07,1.0705,1.0788,1.0699,1.0781,108118
2015-08-10,1.0757,1.0840,1.0755,1.0836,93860
2015-08-11,1.0829,1.0920,1.0772,1.0910,122927
2015-08-12,1.0903,1.0961,1.0840,1.0882,133548
2015-08-13,1.0877,1.0892,1.0826,1.0882,109835
2015-08-14,1.0877,1.0891,1.0835,1.0843,103107
2015-08-17,1.0849,1.0855,1.0813,1.0839,110848
2015-08-18,1.0837,1.0848,1.0759,1.0774,100404
2015-08-19,1.0765,1.0801,1.0712,1.0730,115239
2015-08-20,1.0726,1.0793,1.0711,1.0773,129398
2015-08-21,1.0761,1.0803,1.0754,1.0780,145807
2015-08-24,1.0762,1.0878,1.0760,1.0803,205783
2015-08-25,1.0793,1.0880,1.0770,1.0814,190931
2015-08-26,1.0802,1.0857,1.0760,1.0801,184564
2015-08-27,1.0788,1.0870,1.0755,1.0864,155912
2015-08-28,1.0855,1.0869,1.0732,1.0753,143248
2015-08-31,1.0736,1.0854,1.0736,1.0843,114288
2015-09-01,1.0838,1.0871,1.0814,1.0847,150560
2015-09-02,1.0842,1.0901,1.0830,1.0880,135914
2015-09-03,1.0878,1.0902,1.0819,1.0825,125934
2015-09-04,1.0826,1.0873,1.0798,1.0830,121777
2015-09-07,1.0831,1.0899,1.0827,1.0889,104521
2015-09-08,1.0885,1.0983,1.0869,1.0967,106132
2015-09-09,1.0955,1.0973,1.0877,1.0931,122055
2015-09-10,1.0925,1.0982,1.0897,1.0975,130656
2015-09-11,1.0958,1.1049,1.0951,1.0980,113756
2015-09-14,1.0980,1.1011,1.0938,1.0957,94411
2015-09-15,1.0956,1.0998,1.0942,1.0974,97042
2015-09-16,1.0979,1.0993,1.0915,1.0953,98255
2015-09-17,1.0949,1.0994,1.0946,1.0969,122073
2015-09-18,1.0976,1.0982,1.0899,1.0933,126809
2015-09-21,1.0926,1.0958,1.0843,1.0868,109553
2015-09-22,1.0861,1.0888,1.0822,1.0847,97603
2015-09-23,1.0847,1.0959,1.0839,1.0959,103840
2015-09-24,1.0948,1.0966,1.0914,1.0950,115232
2015-09-25,1.0945,1.0982,1.0890,1.0956,121838
2015-09-28,1.0947,1.0969,1.0910,1.0941,112188
2015-09-29,1.0941,1.0955,1.0895,1.0930,113019
2015-09-30,1.0931,1.0944,1.0877,1.0877,121793
2015-10-01,1.0868,1.0942,1.0868,1.0938,115028
2015-10-02,1.0917,1.0941,1.0884,1.0885,123255
2015-10-05,1.0886,1.0944,1.0886,1.0909,117687
2015-10-06,1.0907,1.0939,1.0896,1.0896,99185
2015-10-07,1.0897,1.0948,1.0865,1.0939,106889
2015-10-08,1.0938,1.0947,1.0891,1.0894,100486
2015-10-09,1.0889,1.0930,1.0879,1.0918,105638
2015-10-12,1.0908,1.0944,1.0908,1.0925,80250
2015-10-13,1.0931,1.0949,1.0889,1.0894,94050
2015-10-14,1.0899,1.0917,1.0877,1.0891,98565
2015-10-15,1.0884,1.0908,1.0808,1.0818,103276
2015-10-16,1.0810,1.0852,1.0782,1.0820,84452
2015-10-19,1.0821,1.0851,1.0810,1.0823,87048
2015-10-20,1.0821,1.0852,1.0796,1.0839,77250
2015-10-21,1.0837,1.0893,1.0836,1.0879,87703
2015-10-22,1.0875,1.0899,1.0802,1.0808,112794
2015-10-23,1.0807,1.0827,1.0758,1.0766,115959
2015-10-26,1.0774,1.0877,1.0772,1.0861,97796
2015-10-27,1.0861,1.0898,1.0848,1.0891,87499
2015-10-28,1.0891,1.0908,1.0826,1.0860,104157
2015-10-29,1.0862,1.0877,1.0836,1.0865,103610
2015-10-30,1.0865,1.0917,1.0850,1.0866,107181
2015-11-02,1.0851,1.0893,1.0850,1.0871,90014
2015-11-03,1.0858,1.0876,1.0845,1.0856,88882
2015-11-04,1.0859,1.0868,1.0780,1.0791,102718
2015-11-05,1.0779,1.0843,1.0770,1.0817,106527
2015-11-06,1.0825,1.0839,1.0734,1.0793,99644
2015-11-09,1.0772,1.0818,1.0766,1.0786,116520
2015-11-10,1.0778,1.0798,1.0761,1.0791,116994
2015-11-11,1.0788,1.0805,1.0768,1.0792,110199
2015-11-12,1.0775,1.0826,1.0754,1.0798,138616
2015-11-13,1.0801,1.0835,1.0780,1.0828,131550
2015-11-16,1.0799,1.0816,1.0783,1.0788,116276
2015-11-17,1.0782,1.0819,1.0773,1.0796,118116
2015-11-18,1.0788,1.0871,1.0785,1.0870,117519
2015-11-19,1.0857,1.0899,1.0857,1.0870,128538
2015-11-20,1.0868,1.0880,1.0833,1.0840,122325
2015-11-23,1.0842,1.0855,1.0813,1.0826,125376
2015-11-24,1.0829,1.0852,1.0811,1.0819,123173
2015-11-25,1.0815,1.0860,1.0810,1.0854,135148
2015-11-26,1.0829,1.0878,1.0829,1.0859,86307
2015-11-27,1.0858,1.0926,1.0851,1.0901,109368
2015-11-30,1.0901,1.0917,1.0845,1.0868,109941
2015-12-01,1.0866,1.0934,1.0851,1.0908,116589
2015-12-02,1.0911,1.0915,1.0807,1.0808,120260
2015-12-03,1.0812,1.0939,1.0793,1.0864,174855
2015-12-04,1.0864,1.0915,1.0825,1.0837,171600
2015-12-07,1.0841,1.0876,1.0814,1.0836,122015
2015-12-08,1.0835,1.0857,1.0800,1.0808,124439
2015-12-09,1.0809,1.0854,1.0795,1.0835,139148
2015-12-10,1.0833,1.0847,1.0794,1.0805,119716
2015-12-11,1.0807,1.0840,1.0794,1.0803,111942
2015-12-14,1.0796,1.0842,1.0766,1.0831,122281
2015-12-15,1.0813,1.0844,1.0802,1.0835,114167
2015-12-16,1.0832,1.0838,1.0759,1.0800,127917
2015-12-17,1.0774,1.0823,1.0762,1.0772,116022
2015-12-18,1.0771,1.0796,1.0755,1.0772,105182
2015-12-21,1.0770,1.0840,1.0756,1.0828,90916
2015-12-22,1.0824,1.0846,1.0814,1.0816,82038
2015-12-23,1.0792,1.0825,1.0787,1.0808,74723
2015-12-24,1.0801,1.0821,1.0788,1.0815,42084
2015-12-28,1.0795,1.0854,1.0795,1.0834,59719
2015-12-29,1.0823,1.0856,1.0823,1.0845,63646
2015-12-30,1.0844,1.0850,1.0777,1.0806,62836
2015-12-31,1.0805,1.0879,1.0792,1.0860,55157
2016-01-04,1.0870,1.0900,1.0835,1.0853,119424
2016-01-05,1.0833,1.0878,1.0833,1.0838,101652
2016-01-06,1.0837,1.0869,1.0826,1.0854,120071
2016-01-07,1.0853,1.0884,1.0841,1.0844,139805
2016-01-08,1.0839,1.0884,1.0839,1.0863,133888
2016-01-11,1.0850,1.0882,1.0836,1.0872,121560
2016-01-12,1.0863,1.0881,1.0842,1.0878,116717
2016-01-13,1.0876,1.0954,1.0864,1.0937,125798
2016-01-14,1.0935,1.0981,1.0913,1.0913,145268
2016-01-15,1.0913,1.0961,1.0898,1.0926,153806
2016-01-18,1.0931,1.0962,1.0921,1.0949,113889
2016-01-19,1.0943,1.0964,1.0911,1.0936,131490
2016-01-20,1.0932,1.0978,1.0907,1.0931,151476
2016-01-21,1.0938,1.0973,1.0917,1.0949,166078
2016-01-22,1.0949,1.0986,1.0922,1.0946,130380
2016-01-25,1.0961,1.1006,1.0956,1.0984,127925
2016-01-26,1.0984,1.1059,1.0983,1.1050,113948
2016-01-27,1.1050,1.1075,1.1029,1.1055,141601
2016-01-28,1.1053,1.1106,1.1044,1.1089,133022
2016-01-29,1.1089,1.1164,1.1057,1.1079,166870
2016-02-01,1.1056,1.1116,1.1050,1.1102,123937
2016-02-02,1.1096,1.1159,1.1091,1.1111,130650
2016-02-03,1.1113,1.1160,1.1097,1.1146,163647
2016-02-04,1.1145,1.1199,1.1114,1.1126,189796
2016-02-05,1.1125,1.1134,1.1033,1.1050,152759
2016-02-08,1.1057,1.1095,1.1018,1.1045,160015
2016-02-09,1.1039,1.1056,1.0957,1.0984,186876
2016-02-10,1.0978,1.0999,1.0951,1.0983,188694
2016-02-11,1.0989,1.1042,1.0949,1.1008,203250
2016-02-12,1.1007,1.1021,1.0964,1.0982,157593
2016-02-15,1.0971,1.1031,1.0966,1.1004,128434
2016-02-16,1.0997,1.1032,1.0996,1.1011,138446
2016-02-17,1.1016,1.1060,1.0999,1.1040,139489
2016-02-18,1.1041,1.1054,1.1019,1.1019,142236
2016-02-19,1.1019,1.1048,1.0998,1.1011,136479
2016-02-22,1.0996,1.1022,1.0984,1.1021,144876
2016-02-23,1.1009,1.1027,1.0915,1.0921,141196
2016-02-24,1.0922,1.0942,1.0864,1.0886,156651
2016-02-25,1.0887,1.0947,1.0882,1.0908,152346
2016-02-26,1.0911,1.0941,1.0883,1.0886,148521
2016-02-29,1.0885,1.0930,1.0809,1.0849,135911
2016-03-01,1.0848,1.0878,1.0822,1.0832,136552
2016-03-02,1.0830,1.0858,1.0820,1.0830,144091
2016-03-03,1.0824,1.0873,1.0816,1.0863,132378
2016-03-04,1.0861,1.0946,1.0851,1.0924,144324
2016-03-07,1.0905,1.0974,1.0904,1.0959,115956
2016-03-08,1.0944,1.0969,1.0916,1.0960,114818
2016-03-09,1.0960,1.0999,1.0943,1.0969,112708
2016-03-10,1.0964,1.1022,1.0891,1.1010,137868
2016-03-11,1.1006,1.1016,1.0934,1.0948,125586
2016-03-14,1.0953,1.0991,1.0945,1.0960,114290
2016-03-15,1.0960,1.0971,1.0943,1.0960,108226
2016-03-16,1.0960,1.0982,1.0939,1.0965,119859
2016-03-17,1.0965,1.0995,1.0921,1.0942,141196
2016-03-18,1.0942,1.0947,1.0904,1.0913,111175
2016-03-21,1.0925,1.0943,1.0893,1.0907,97658
2016-03-22,1.0907,1.0916,1.0874,1.0911,106657
2016-03-23,1.0911,1.0924,1.0874,1.0903,90603
2016-03-24,1.0903,1.0909,1.0874,1.0904,87481
2016-03-25,1.0905,1.0924,1.0888,1.0901,45327
2016-03-28,1.0912,1.0922,1.0892,1.0902,51399
2016-03-29,1.0889,1.0929,1.0884,1.0909,107822
2016-03-30,1.0898,1.0942,1.0891,1.0940,121979
2016-03-31,1.0938,1.0953,1.0905,1.0944,108861
2016-04-01,1.0936,1.0950,1.0903,1.0907,110527
2016-04-04,1.0897,1.0932,1.0897,1.0918,94280
2016-04-05,1.0918,1.0925,1.0877,1.0882,108582
2016-04-06,1.0876,1.0912,1.0876,1.0892,108018
2016-04-07,1.0893,1.0906,1.0843,1.0876,121969
2016-04-08,1.0872,1.0894,1.0859,1.0860,105246
2016-04-11,1.0854,1.0898,1.0849,1.0887,99116
2016-04-12,1.0872,1.0892,1.0872,1.0874,106745
2016-04-13,1.0871,1.0911,1.0868,1.0897,111613
2016-04-14,1.0899,1.0903,1.0866,1.0891,104960
2016-04-15,1.0889,1.0927,1.0880,1.0916,86166
2016-04-18,1.0908,1.0923,1.0894,1.0907,88651
2016-04-19,1.0905,1.0929,1.0902,1.0922,87209
2016-04-20,1.0921,1.0989,1.0917,1.0979,98725
2016-04-21,1.0979,1.1006,1.0962,1.1005,109864
2016-04-22,1.1004,1.1016,1.0973,1.0973,101976
2016-04-25,1.0979,1.0993,1.0963,1.0984,84107
2016-04-26,1.0984,1.1003,1.0977,1.0997,85947
2016-04-27,1.0997,1.1009,1.0989,1.0992,95456
2016-04-28,1.0991,1.1005,1.0964,1.0971,113493
2016-04-29,1.0971,1.0994,1.0954,1.0983,111873
2016-05-02,1.0972,1.1009,1.0971,1.1004,95888
2016-05-03,1.1001,1.1016,1.0959,1.0973,121606
2016-05-04,1.0970,1.1003,1.0967,1.0999,115805
2016-05-05,1.0999,1.1049,1.0992,1.1036,104643
2016-05-06,1.1031,1.1093,1.1031,1.1082,109135
2016-05-09,1.1078,1.1087,1.1036,1.1053,87816
2016-05-10,1.1050,1.1103,1.1049,1.1097,90108
2016-05-11,1.1093,1.1108,1.1080,1.1092,83338
2016-05-12,1.1092,1.1098,1.1026,1.1040,91421
2016-05-13,1.1020,1.1050,1.0980,1.0980,96612
2016-05-16,1.1017,1.1072,1.1001,1.1066,75201
2016-05-17,1.1066,1.1095,1.1056,1.1090,95879
2016-05-18,1.1072,1.1096,1.1064,1.1077,110945
2016-05-19,1.1065,1.1099,1.1060,1.1096,105441
2016-05-20,1.1075,1.1128,1.1075,1.1092,79362
2016-05-23,1.1088,1.1122,1.1088,1.1101,85101
2016-05-24,1.1093,1.1113,1.1059,1.1063,97896
2016-05-25,1.1017,1.1069,1.1017,1.1056,93027
2016-05-26,1.1042,1.1086,1.1042,1.1072,97197
2016-05-27,1.1068,1.1079,1.1040,1.1053,91198
2016-05-30,1.1050,1.1071,1.1040,1.1049,63608
2016-05-31,1.1042,1.1074,1.1029,1.1060,114610
2016-06-01,1.1060,1.1069,1.1023,1.1053,118029
2016-06-02,1.1052,1.1067,1.1031,1.1044,109699
2016-06-03,1.1024,1.1105,1.1024,1.1088,120048
2016-06-06,1.1082,1.1098,1.1017,1.1018,112330
2016-06-07,1.1017,1.1032,1.0958,1.0959,97424
2016-06-08,1.0961,1.0985,1.0925,1.0929,97636
2016-06-09,1.0924,1.0937,1.0885,1.0911,99964
2016-06-10,1.0911,1.0916,1.0844,1.0848,104630
2016-06-13,1.0849,1.0922,1.0839,1.0888,114667
2016-06-14,1.0840,1.0888,1.0789,1.0793,112874
2016-06-15,1.0793,1.0861,1.0780,1.0824,112909
2016-06-16,1.0821,1.0864,1.0776,1.0829,145355
2016-06-17,1.0825,1.0874,1.0775,1.0780,115331
2016-06-20,1.0866,1.0908,1.0836,1.0876,117921
2016-06-21,1.0879,1.0903,1.0797,1.0818,104796
2016-06-22,1.0815,1.0850,1.0801,1.0808,104106
2016-06-23,1.0804,1.0920,1.0803,1.0884,123464
2016-06-24,1.0884,1.1012,1.0620,1.0793,209759
2016-06-27,1.0653,1.0804,1.0651,1.0783,186617
2016-06-28,1.0782,1.0873,1.0769,1.0862,132463
2016-06-29,1.0859,1.0898,1.0835,1.0897,125830
2016-06-30,1.0895,1.0898,1.0798,1.0838,144824
2016-07-01,1.0833,1.0857,1.0818,1.0833,113204
2016-07-04,1.0827,1.0852,1.0810,1.0822,74897
2016-07-05,1.0819,1.0849,1.0804,1.0817,108046
2016-07-06,1.0816,1.0840,1.0793,1.0818,133338
2016-07-07,1.0815,1.0836,1.0804,1.0821,109720
2016-07-08,1.0821,1.0873,1.0820,1.0841,104292
2016-07-11,1.0845,1.0874,1.0841,1.0867,113584
2016-07-12,1.0856,1.0944,1.0856,1.0939,122414
2016-07-13,1.0934,1.0943,1.0898,1.0926,115994
2016-07-14,1.0921,1.0941,1.0880,1.0905,129803
2016-07-15,1.0903,1.0916,1.0823,1.0823,123673
2016-07-18,1.0847,1.0894,1.0838,1.0879,101998
2016-07-19,1.0878,1.0890,1.0837,1.0860,99872
2016-07-20,1.0855,1.0891,1.0843,1.0872,100079
2016-07-21,1.0860,1.0903,1.0813,1.0866,120714
2016-07-22,1.0868,1.0875,1.0828,1.0830,106606
2016-07-25,1.0827,1.0846,1.0817,1.0838,91387
2016-07-26,1.0838,1.0907,1.0830,1.0903,94070
2016-07-27,1.0889,1.0936,1.0889,1.0902,111141
2016-07-28,1.0894,1.0933,1.0858,1.0864,106315
2016-07-29,1.0850,1.0865,1.0789,1.0833,123413
2016-08-01,1.0823,1.0836,1.0794,1.0807,84564
2016-08-02,1.0800,1.0834,1.0790,1.0813,96428
2016-08-03,1.0819,1.0858,1.0813,1.0847,92468
2016-08-04,1.0848,1.0851,1.0826,1.0838,98161
2016-08-05,1.0826,1.0877,1.0826,1.0870,84583
2016-08-08,1.0853,1.0903,1.0847,1.0893,72682
2016-08-09,1.0887,1.0919,1.0886,1.0905,75740
2016-08-10,1.0905,1.0924,1.0890,1.0893,74789
2016-08-11,1.0892,1.0898,1.0853,1.0862,71575
2016-08-12,1.0856,1.0898,1.0854,1.0879,73896
2016-08-15,1.0870,1.0902,1.0865,1.0878,65537
2016-08-16,1.0877,1.0889,1.0836,1.0844,98028
2016-08-17,1.0845,1.0864,1.0816,1.0855,89852
2016-08-18,1.0861,1.0870,1.0830,1.0835,98280
2016-08-19,1.0831,1.0874,1.0826,1.0870,91235
2016-08-22,1.0867,1.0894,1.0828,1.0891,88679
2016-08-23,1.0892,1.0906,1.0876,1.0886,83092
2016-08-24,1.0887,1.0898,1.0868,1.0890,86986
2016-08-25,1.0888,1.0920,1.0882,1.0915,75622
2016-08-26,1.0917,1.0958,1.0898,1.0943,108658
2016-08-29,1.0940,1.0954,1.0925,1.0945,78230
2016-08-30,1.0943,1.0964,1.0932,1.0962,85764
2016-08-31,1.0951,1.0977,1.0936,1.0975,90676
2016-09-01,1.0970,1.1000,1.0956,1.0973,95120
2016-09-02,1.0961,1.0981,1.0888,1.0888,93425
2016-09-05,1.0933,1.0939,1.0921,1.0921,66647
2016-09-06,1.0913,1.0945,1.0907,1.0912,91242
2016-09-07,1.0910,1.0918,1.0887,1.0897,94495
2016-09-08,1.0888,1.0954,1.0888,1.0951,103876
2016-09-09,1.0949,1.0975,1.0908,1.0908,96317
2016-09-12,1.0943,1.0973,1.0915,1.0920,102447
2016-09-13,1.0915,1.0968,1.0911,1.0951,103265
2016-09-14,1.0951,1.0984,1.0937,1.0949,95923
2016-09-15,1.0938,1.0962,1.0920,1.0925,107644
2016-09-16,1.0915,1.0956,1.0915,1.0930,93366
2016-09-19,1.0916,1.0959,1.0910,1.0950,78375
2016-09-20,1.0947,1.0959,1.0916,1.0917,88775
2016-09-21,1.0920,1.0923,1.0874,1.0893,124848
2016-09-22,1.0890,1.0908,1.0854,1.0854,101018
2016-09-23,1.0853,1.0913,1.0838,1.0838,94444
2016-09-26,1.0880,1.0911,1.0876,1.0904,85660
2016-09-27,1.0900,1.0911,1.0869,1.0884,101384
2016-09-28,1.0884,1.0900,1.0874,1.0887,96150
2016-09-29,1.0888,1.0908,1.0831,1.0837,99426
2016-09-30,1.0833,1.0918,1.0810,1.0916,114406
2016-10-03,1.0893,1.0927,1.0890,1.0910,75420
2016-10-04,1.0910,1.0974,1.0906,1.0966,103108
2016-10-05,1.0963,1.0975,1.0913,1.0914,94360
2016-10-06,1.0914,1.0949,1.0907,1.0935,97995
2016-10-07,1.0935,1.0957,1.0909,1.0930,135071
2016-10-10,1.0919,1.0972,1.0919,1.0943,80002
2016-10-11,1.0938,1.0958,1.0921,1.0929,111004
2016-10-12,1.0925,1.0930,1.0892,1.0898,109866
2016-10-13,1.0898,1.0910,1.0869,1.0900,93088
2016-10-14,1.0900,1.0907,1.0827,1.0827,102826
2016-10-17,1.0857,1.0885,1.0856,1.0876,78782
2016-10-18,1.0875,1.0894,1.0865,1.0867,85474
2016-10-19,1.0864,1.0880,1.0845,1.0853,84230
2016-10-20,1.0849,1.0872,1.0832,1.0847,91038
2016-10-21,1.0846,1.0853,1.0806,1.0811,86889
2016-10-24,1.0820,1.0829,1.0797,1.0811,81273
2016-10-25,1.0804,1.0863,1.0804,1.0826,95724
2016-10-26,1.0822,1.0843,1.0819,1.0834,92855
2016-10-27,1.0835,1.0848,1.0821,1.0821,95915
2016-10-28,1.0824,1.0863,1.0819,1.0838,112793
2016-10-31,1.0846,1.0863,1.0817,1.0855,90949
2016-11-01,1.0855,1.0857,1.0761,1.0780,105090
2016-11-02,1.0780,1.0805,1.0753,1.0797,112260
2016-11-03,1.0798,1.0823,1.0772,1.0817,117948
2016-11-04,1.0817,1.0825,1.0764,1.0781,102183
2016-11-07,1.0789,1.0826,1.0754,1.0754,98551
2016-11-08,1.0752,1.0787,1.0751,1.0781,95171
2016-11-09,1.0776,1.0831,1.0737,1.0737,267708
2016-11-10,1.0736,1.0778,1.0735,1.0745,141054
2016-11-11,1.0745,1.0760,1.0679,1.0679,146343
2016-11-14,1.0712,1.0748,1.0687,1.0715,159999
2016-11-15,1.0705,1.0758,1.0704,1.0740,154796
2016-11-16,1.0739,1.0755,1.0704,1.0708,140171
2016-11-17,1.0708,1.0741,1.0694,1.0698,146573
2016-11-18,1.0695,1.0720,1.0685,1.0693,157198
2016-11-21,1.0698,1.0740,1.0691,1.0717,156558
2016-11-22,1.0718,1.0748,1.0696,1.0741,144574
2016-11-23,1.0738,1.0752,1.0711,1.0721,123371
2016-11-24,1.0723,1.0744,1.0715,1.0726,129952
2016-11-25,1.0725,1.0755,1.0703,1.0728,162228
2016-11-28,1.0734,1.0769,1.0730,1.0749,145486
2016-11-29,1.0746,1.0776,1.0726,1.0774,136057
2016-11-30,1.0770,1.0816,1.0763,1.0771,149909
2016-12-01,1.0774,1.0783,1.0748,1.0768,160101
2016-12-02,1.0769,1.0790,1.0733,1.0773,143321
2016-12-05,1.0730,1.0852,1.0695,1.0832,173911
2016-12-06,1.0830,1.0848,1.0808,1.0821,125106
2016-12-07,1.0821,1.0848,1.0815,1.0831,97961
2016-12-08,1.0827,1.0897,1.0776,1.0785,151806
2016-12-09,1.0784,1.0797,1.0697,1.0697,129789
2016-12-12,1.0715,1.0789,1.0692,1.0774,115998
2016-12-13,1.0774,1.0787,1.0734,1.0749,129929
2016-12-14,1.0753,1.0776,1.0729,1.0748,167740
2016-12-15,1.0739,1.0766,1.0718,1.0724,234310
2016-12-16,1.0717,1.0756,1.0686,1.0686,176785
2016-12-19,1.0716,1.0734,1.0679,1.0686,178075
2016-12-20,1.0686,1.0694,1.0676,1.0685,182196
2016-12-21,1.0687,1.0706,1.0672,1.0701,135929
2016-12-22,1.0697,1.0730,1.0681,1.0697,151047
2016-12-23,1.0704,1.0740,1.0678,1.0678,110561
2016-12-26,1.0727,1.0736,1.0706,1.0729,39365
2016-12-27,1.0729,1.0761,1.0719,1.0748,134806
2016-12-28,1.0741,1.0760,1.0697,1.0700,144571
2016-12-29,1.0703,1.0739,1.0694,1.0731,184967
2016-12-30,1.0724,1.0760,1.0683,1.0683,271046
2017-01-02,1.0700,1.0733,1.0673,1.0685,87267
2017-01-03,1.0688,1.0718,1.0676,1.0688,190614
2017-01-04,1.0683,1.0732,1.0668,1.0699,214527
2017-01-05,1.0704,1.0737,1.0691,1.0708,236701
2017-01-06,1.0703,1.0734,1.0695,1.0695,200388
2017-01-09,1.0710,1.0736,1.0704,1.0732,137565
2017-01-10,1.0725,1.0747,1.0720,1.0730,157717
2017-01-11,1.0727,1.0737,1.0704,1.0730,185813
2017-01-12,1.0726,1.0747,1.0709,1.0727,185497
2017-01-13,1.0725,1.0740,1.0709,1.0717,147718
2017-01-16,1.0708,1.0737,1.0700,1.0716,115328
2017-01-17,1.0712,1.0734,1.0700,1.0728,174229
2017-01-18,1.0725,1.0732,1.0693,1.0705,152617
2017-01-19,1.0704,1.0737,1.0699,1.0727,193168
2017-01-20,1.0724,1.0740,1.0712,1.0713,184384
2017-01-23,1.0714,1.0738,1.0704,1.0722,176791
2017-01-24,1.0722,1.0750,1.0714,1.0740,176394
2017-01-25,1.0731,1.0745,1.0728,1.0738,175913
2017-01-26,1.0733,1.0744,1.0669,1.0677,168151
2017-01-27,1.0671,1.0696,1.0671,1.0684,147702
2017-01-30,1.0686,1.0698,1.0636,1.0643,157091
2017-01-31,1.0636,1.0685,1.0634,1.0676,178403
2017-02-01,1.0676,1.0697,1.0668,1.0690,153822
2017-02-02,1.0692,1.0699,1.0673,1.0678,171362
2017-02-03,1.0678,1.0707,1.0661,1.0661,158307
2017-02-06,1.0692,1.0703,1.0648,1.0650,148586
2017-02-07,1.0650,1.0669,1.0638,1.0655,149804
2017-02-08,1.0652,1.0660,1.0631,1.0640,145436
2017-02-09,1.0641,1.0682,1.0634,1.0670,136705
2017-02-10,1.0669,1.0685,1.0629,1.0629,141060
2017-02-13,1.0658,1.0680,1.0653,1.0657,119250
2017-02-14,1.0661,1.0674,1.0640,1.0641,137988
2017-02-15,1.0637,1.0665,1.0637,1.0655,143729
2017-02-16,1.0649,1.0663,1.0639,1.0639,140871
2017-02-17,1.0646,1.0651,1.0634,1.0639,123191
2017-02-20,1.0635,1.0664,1.0628,1.0641,97838
2017-02-21,1.0638,1.0647,1.0631,1.0634,126106
2017-02-22,1.0633,1.0676,1.0633,1.0667,139712
2017-02-23,1.0666,1.0673,1.0646,1.0647,121130
2017-02-24,1.0643,1.0659,1.0599,1.0599,118891
2017-02-27,1.0637,1.0687,1.0637,1.0682,113218
2017-02-28,1.0678,1.0686,1.0637,1.0637,126884
2017-03-01,1.0635,1.0661,1.0630,1.0637,146316
2017-03-02,1.0637,1.0655,1.0633,1.0646,121243
2017-03-03,1.0642,1.0714,1.0628,1.0661,133951
2017-03-06,1.0688,1.0721,1.0681,1.0705,117517
2017-03-07,1.0704,1.0746,1.0695,1.0705,109214
2017-03-08,1.0705,1.0712,1.0687,1.0696,117730
2017-03-09,1.0693,1.0749,1.0687,1.0703,147019
2017-03-10,1.0702,1.0798,1.0692,1.0761,139462
2017-03-13,1.0789,1.0824,1.0726,1.0731,126568
2017-03-14,1.0730,1.0744,1.0709,1.0712,114421
2017-03-15,1.0712,1.0748,1.0702,1.0741,134583
2017-03-16,1.0741,1.0745,1.0683,1.0729,148245
2017-03-17,1.0729,1.0742,1.0694,1.0718,116202
2017-03-20,1.0710,1.0745,1.0708,1.0722,100253
2017-03-21,1.0721,1.0761,1.0715,1.0741,128114
2017-03-22,1.0741,1.0745,1.0686,1.0702,136291
2017-03-23,1.0702,1.0721,1.0694,1.0708,125322
2017-03-24,1.0708,1.0721,1.0696,1.0704,113947
2017-03-27,1.0710,1.0720,1.0690,1.0707,121808
2017-03-28,1.0703,1.0734,1.0684,1.0730,110897
2017-03-29,1.0727,1.0735,1.0701,1.0726,117707
2017-03-30,1.0727,1.0729,1.0685,1.0686,119994
2017-03-31,1.0685,1.0709,1.0682,1.0682,118497
2017-04-03,1.0681,1.0694,1.0673,1.0685,99075
2017-04-04,1.0685,1.0694,1.0669,1.0691,98174
2017-04-05,1.0689,1.0725,1.0681,1.0713,106724
2017-04-06,1.0710,1.0719,1.0694,1.0695,107984
2017-04-07,1.0692,1.0706,1.0677,1.0681,128747
2017-04-10,1.0675,1.0690,1.0675,1.0681,89798
2017-04-11,1.0680,1.0699,1.0667,1.0682,94992
2017-04-12,1.0678,1.0699,1.0665,1.0692,102558
2017-04-13,1.0693,1.0700,1.0668,1.0673,100615
2017-04-14,1.0672,1.0679,1.0645,1.0667,61102
2017-04-17,1.0665,1.0692,1.0650,1.0688,69491
2017-04-18,1.0680,1.0693,1.0675,1.0687,113439
2017-04-19,1.0687,1.0698,1.0676,1.0690,93387
2017-04-20,1.0689,1.0719,1.0673,1.0701,95864
2017-04-21,1.0701,1.0710,1.0665,1.0665,92453
2017-04-24,1.0803,1.0836,1.0779,1.0820,127687
2017-04-25,1.0819,1.0869,1.0813,1.0856,101346
2017-04-26,1.0856,1.0869,1.0816,1.0829,116300
2017-04-27,1.0830,1.0849,1.0800,1.0804,110850
2017-04-28,1.0802,1.0844,1.0798,1.0827,101315
2017-05-01,1.0830,1.0862,1.0822,1.0858,64910
2017-05-02,1.0853,1.0872,1.0813,1.0839,90865
2017-05-03,1.0832,1.0840,1.0791,1.0827,93835
2017-05-04,1.0824,1.0854,1.0818,1.0833,111206
2017-05-05,1.0833,1.0864,1.0824,1.0833,104381
2017-05-08,1.0880,1.0918,1.0849,1.0907,119359
2017-05-09,1.0907,1.0978,1.0899,1.0952,110720
2017-05-10,1.0953,1.0973,1.0937,1.0963,102475
2017-05-11,1.0963,1.0974,1.0930,1.0944,101422
2017-05-12,1.0944,1.0986,1.0920,1.0926,95016
2017-05-15,1.0930,1.0953,1.0924,1.0937,93763
2017-05-16,1.0937,1.0959,1.0887,1.0925,103742
2017-05-17,1.0923,1.0929,1.0890,1.0920,127662
2017-05-18,1.0920,1.0927,1.0865,1.0876,154244
2017-05-19,1.0876,1.0928,1.0873,1.0899,113020
2017-05-22,1.0901,1.0948,1.0881,1.0938,102881
2017-05-23,1.0937,1.0943,1.0904,1.0911,117281
2017-05-24,1.0910,1.0937,1.0902,1.0917,107631
2017-05-25,1.0917,1.0929,1.0889,1.0901,87710
2017-05-26,1.0899,1.0910,1.0865,1.0865,91433
2017-05-29,1.0876,1.0913,1.0876,1.0909,59492
2017-05-30,1.0909,1.0916,1.0880,1.0900,95961
2017-05-31,1.0901,1.0911,1.0868,1.0878,99103
2017-06-01,1.0878,1.0902,1.0874,1.0892,89044
2017-06-02,1.0882,1.0900,1.0845,1.0845,82746
2017-06-05,1.0859,1.0870,1.0845,1.0862,54173
2017-06-06,1.0849,1.0864,1.0842,1.0847,72976
2017-06-07,1.0842,1.0866,1.0837,1.0858,78198
2017-06-08,1.0859,1.0875,1.0844,1.0846,79783
2017-06-09,1.0843,1.0871,1.0828,1.0843,84784
2017-06-12,1.0843,1.0865,1.0843,1.0853,64280
2017-06-13,1.0848,1.0861,1.0838,1.0859,59556
2017-06-14,1.0848,1.0908,1.0844,1.0893,98709
2017-06-15,1.0884,1.0899,1.0865,1.0869,85614
2017-06-16,1.0862,1.0904,1.0862,1.0880,65089
2017-06-19,1.0899,1.0908,1.0864,1.0875,60729
2017-06-20,1.0873,1.0880,1.0850,1.0854,71979
2017-06-21,1.0854,1.0864,1.0843,1.0859,61208
2017-06-22,1.0857,1.0872,1.0834,1.0834,58545
2017-06-23,1.0834,1.0859,1.0831,1.0842,52795
2017-06-26,1.0839,1.0887,1.0837,1.0870,63648
2017-06-27,1.0863,1.0895,1.0863,1.0889,86107
2017-06-28,1.0885,1.0925,1.0881,1.0917,107598
2017-06-29,1.0915,1.0946,1.0896,1.0934,94469
2017-06-30,1.0923,1.0953,1.0920,1.0943,91502
2017-07-03,1.0935,1.0957,1.0918,1.0948,71955
2017-07-04,1.0945,1.0957,1.0933,1.0953,60039
2017-07-05,1.0932,1.0964,1.0909,1.0942,77952
2017-07-06,1.0937,1.0991,1.0933,1.0971,82773
2017-07-07,1.0950,1.0999,1.0950,1.0971,82815
2017-07-10,1.0979,1.1019,1.0973,1.1006,63549
2017-07-11,1.0997,1.1060,1.0997,1.1051,80065
2017-07-12,1.1040,1.1056,1.0998,1.1015,103681
2017-07-13,1.1015,1.1038,1.0984,1.1022,99070
2017-07-14,1.0997,1.1073,1.0997,1.1044,94799
2017-07-17,1.1042,1.1055,1.1004,1.1046,88043
2017-07-18,1.1033,1.1070,1.1016,1.1034,123024
2017-07-19,1.1031,1.1035,1.0987,1.1003,77951
2017-07-20,1.0996,1.1075,1.0992,1.1065,115362
2017-07-21,1.1063,1.1088,1.1022,1.1024,87657
2017-07-24,1.1020,1.1048,1.1007,1.1017,90827
2017-07-25,1.1010,1.1092,1.1008,1.1092,102777
2017-07-26,1.1086,1.1174,1.1079,1.1154,123926
2017-07-27,1.1151,1.1275,1.1148,1.1272,131706
2017-07-28,1.1262,1.1406,1.1261,1.1376,139524
2017-07-31,1.1374,1.1454,1.1335,1.1448,119599
2017-08-01,1.1441,1.1449,1.1386,1.1396,105692
2017-08-02,1.1386,1.1523,1.1386,1.1513,103917
2017-08-03,1.1507,1.1518,1.1459,1.1495,97555
2017-08-04,1.1491,1.1537,1.1412,1.1450,94957
2017-08-07,1.1448,1.1502,1.1437,1.1480,80302
2017-08-08,1.1452,1.1501,1.1438,1.1448,86789
2017-08-09,1.1444,1.1452,1.1260,1.1328,118707
2017-08-10,1.1325,1.1347,1.1300,1.1331,105896
2017-08-11,1.1330,1.1385,1.1272,1.1353,101034
2017-08-14,1.1373,1.1460,1.1360,1.1454,82929
2017-08-15,1.1426,1.1477,1.1391,1.1412,95169
2017-08-16,1.1409,1.1442,1.1357,1.1363,104424
2017-08-17,1.1363,1.1375,1.1281,1.1288,119312
2017-08-18,1.1285,1.1360,1.1258,1.1345,112153
2017-08-21,1.1336,1.1378,1.1320,1.1363,84718
2017-08-22,1.1354,1.1389,1.1342,1.1387,86272
2017-08-23,1.1380,1.1423,1.1375,1.1401,95488
2017-08-24,1.1391,1.1409,1.1355,1.1393,104342
2017-08-25,1.1390,1.1409,1.1357,1.1373,123855
2017-08-28,1.1400,1.1444,1.1366,1.1440,98954
2017-08-29,1.1440,1.1451,1.1360,1.1441,160811
2017-08-30,1.1441,1.1469,1.1400,1.1453,131709
2017-08-31,1.1448,1.1471,1.1409,1.1412,134798
2017-09-01,1.1405,1.1457,1.1395,1.1443,123094
2017-09-04,1.1391,1.1427,1.1372,1.1395,98450
2017-09-05,1.1395,1.1420,1.1367,1.1382,132685
2017-09-06,1.1365,1.1421,1.1365,1.1405,121085
2017-09-07,1.1394,1.1481,1.1371,1.1430,154399
2017-09-08,1.1423,1.1434,1.1356,1.1357,158779
2017-09-11,1.1375,1.1434,1.1370,1.1431,117013
2017-09-12,1.1397,1.1500,1.1395,1.1485,129519
2017-09-13,1.1485,1.1512,1.1454,1.1455,110744
2017-09-14,1.1455,1.1529,1.1439,1.1469,130276
2017-09-15,1.1469,1.1500,1.1450,1.1462,125603
2017-09-18,1.1456,1.1500,1.1450,1.1486,95432
2017-09-19,1.1486,1.1564,1.1483,1.1545,106216
2017-09-20,1.1545,1.1558,1.1512,1.1534,127334
2017-09-21,1.1534,1.1605,1.1517,1.1588,135815
2017-09-22,1.1587,1.1623,1.1560,1.1577,112805
2017-09-25,1.1549,1.1590,1.1412,1.1445,110180
2017-09-26,1.1445,1.1488,1.1408,1.1422,123912
2017-09-27,1.1422,1.1460,1.1412,1.1413,125980
2017-09-28,1.1413,1.1474,1.1408,1.1431,109399
2017-09-29,1.1431,1.1468,1.1427,1.1432,92008
2017-10-02,1.1423,1.1451,1.1388,1.1436,90290
2017-10-03,1.1436,1.1464,1.1428,1.1432,84639
2017-10-04,1.1432,1.1482,1.1424,1.1465,79163
2017-10-05,1.1465,1.1495,1.1452,1.1454,74609
2017-10-06,1.1454,1.1499,1.1449,1.1470,89218
2017-10-09,1.1470,1.1518,1.1466,1.1502,50673
2017-10-10,1.1502,1.1525,1.1464,1.1513,82340
2017-10-11,1.1513,1.1546,1.1499,1.1543,83779
2017-10-12,1.1543,1.1566,1.1531,1.1538,97753
2017-10-13,1.1538,1.1553,1.1512,1.1515,86389
2017-10-16,1.1515,1.1525,1.1488,1.1502,74268
2017-10-17,1.1502,1.1527,1.1485,1.1510,80203
2017-10-18,1.1510,1.1579,1.1507,1.1569,80384
2017-10-19,1.1569,1.1585,1.1524,1.1568,109302
2017-10-20,1.1568,1.1629,1.1551,1.1591,105115
2017-10-23,1.1589,1.1603,1.1570,1.1573,82234
2017-10-24,1.1573,1.1660,1.1565,1.1655,87907
2017-10-25,1.1655,1.1705,1.1640,1.1690,122257
2017-10-26,1.1690,1.1711,1.1615,1.1622,129906
2017-10-27,1.1622,1.1649,1.1560,1.1574,135821
2017-10-30,1.1558,1.1619,1.1558,1.1584,101911
2017-10-31,1.1584,1.1633,1.1582,1.1617,102822
2017-11-01,1.1618,1.1664,1.1609,1.1656,112714
2017-11-02,1.1656,1.1664,1.1627,1.1649,118937
2017-11-03,1.1649,1.1652,1.1611,1.1612,98930
2017-11-06,1.1610,1.1640,1.1577,1.1580,93632
2017-11-07,1.1580,1.1598,1.1542,1.1580,105576
2017-11-08,1.1580,1.1600,1.1574,1.1594,86644
2017-11-09,1.1592,1.1620,1.1556,1.1568,120191
2017-11-10,1.1568,1.1620,1.1529,1.1614,87619
2017-11-13,1.1588,1.1630,1.1584,1.1622,70550
2017-11-14,1.1622,1.1676,1.1620,1.1671,84805
2017-11-15,1.1671,1.1689,1.1648,1.1650,106049
2017-11-16,1.1650,1.1704,1.1642,1.1700,95292
2017-11-17,1.1699,1.1723,1.1650,1.1651,98584
2017-11-20,1.1656,1.1682,1.1590,1.1656,111884
2017-11-21,1.1655,1.1670,1.1618,1.1637,83656
2017-11-22,1.1636,1.1645,1.1585,1.1606,89926
2017-11-23,1.1606,1.1641,1.1585,1.1630,131451
2017-11-24,1.1630,1.1698,1.1625,1.1680,109811
2017-11-27,1.1674,1.1723,1.1673,1.1673,87785
2017-11-28,1.1673,1.1699,1.1645,1.1645,105110
2017-11-29,1.1645,1.1681,1.1644,1.1663,107242
2017-11-30,1.1662,1.1716,1.1649,1.1706,120228
2017-12-01,1.1704,1.1737,1.1598,1.1602,146759
2017-12-04,1.1636,1.1693,1.1626,1.1688,115442
2017-12-05,1.1688,1.1703,1.1660,1.1671,100825
2017-12-06,1.1671,1.1701,1.1658,1.1675,100548
2017-12-07,1.1675,1.1717,1.1660,1.1705,93931
2017-12-08,1.1705,1.1719,1.1676,1.1693,100208
2017-12-11,1.1692,1.1696,1.1669,1.1669,86127
2017-12-12,1.1669,1.1685,1.1625,1.1642,95282
2017-12-13,1.1642,1.1656,1.1613,1.1653,101203
2017-12-14,1.1653,1.1704,1.1637,1.1646,123964
2017-12-15,1.1646,1.1687,1.1630,1.1640,108999
2017-12-18,1.1634,1.1668,1.1610,1.1611,116298
2017-12-19,1.1611,1.1677,1.1607,1.1658,113966
2017-12-20,1.1658,1.1720,1.1653,1.1713,101522
2017-12-21,1.1713,1.1750,1.1689,1.1733,105508
2017-12-22,1.1732,1.1744,1.1696,1.1732,96945
2017-12-26,1.1744,1.1755,1.1729,1.1729,42151
2017-12-27,1.1729,1.1777,1.1720,1.1722,96573
2017-12-28,1.1722,1.1738,1.1681,1.1687,210040
2017-12-29,1.1687,1.1722,1.1671,1.1690,97670
2018-01-02,1.1699,1.1728,1.1685,1.1713,87568
2018-01-03,1.1713,1.1762,1.1700,1.1738,112594
2018-01-04,1.1738,1.1775,1.1731,1.1745,96549
2018-01-05,1.1745,1.1778,1.1721,1.1726,95595
2018-01-08,1.1728,1.1746,1.1683,1.1689,83552
2018-01-09,1.1687,1.1739,1.1684,1.1725,97749
2018-01-10,1.1725,1.1747,1.1685,1.1689,134629
2018-01-11,1.1689,1.1757,1.1686,1.1740,135343
2018-01-12,1.1740,1.1810,1.1735,1.1805,171907
2018-01-15,1.1803,1.1833,1.1783,1.1805,166948
2018-01-16,1.1805,1.1828,1.1760,1.1762,156496
2018-01-17,1.1762,1.1802,1.1753,1.1758,200563
2018-01-18,1.1758,1.1775,1.1728,1.1730,152003
2018-01-19,1.1730,1.1782,1.1711,1.1777,150706
2018-01-22,1.1790,1.1798,1.1751,1.1788,113679
2018-01-23,1.1788,1.1796,1.1767,1.1775,129930
2018-01-24,1.1772,1.1788,1.1685,1.1705,168489
2018-01-25,1.1705,1.1737,1.1626,1.1663,262137
2018-01-26,1.1661,1.1691,1.1587,1.1605,185127
2018-01-29,1.1594,1.1637,1.1541,1.1606,153003
2018-01-30,1.1606,1.1614,1.1568,1.1587,174703
2018-01-31,1.1587,1.1637,1.1553,1.1553,210640
2018-02-01,1.1553,1.1607,1.1547,1.1582,168983
2018-02-02,1.1582,1.1623,1.1562,1.1603,173461
2018-02-05,1.1596,1.1639,1.1508,1.1517,187462
2018-02-06,1.1514,1.1628,1.1512,1.1583,266141
2018-02-07,1.1583,1.1619,1.1558,1.1567,161825
2018-02-08,1.1576,1.1594,1.1445,1.1465,220404
2018-02-09,1.1465,1.1528,1.1449,1.1510,190623
2018-02-12,1.1510,1.1550,1.1476,1.1541,131138
2018-02-13,1.1538,1.1562,1.1507,1.1547,132465
2018-02-14,1.1547,1.1585,1.1498,1.1568,175096
2018-02-15,1.1568,1.1574,1.1519,1.1528,154717
2018-02-16,1.1528,1.1546,1.1502,1.1511,144235
2018-02-19,1.1506,1.1536,1.1503,1.1524,121854
2018-02-20,1.1521,1.1558,1.1518,1.1546,130797
2018-02-21,1.1546,1.1560,1.1530,1.1530,145901
2018-02-22,1.1530,1.1544,1.1498,1.1500,129261
2018-02-23,1.1500,1.1523,1.1490,1.1512,106821
2018-02-26,1.1501,1.1555,1.1495,1.1551,102507
2018-02-27,1.1551,1.1563,1.1483,1.1483,121847
2018-02-28,1.1482,1.1534,1.1482,1.1515,123291
2018-03-01,1.1516,1.1560,1.1511,1.1550,150620
2018-03-02,1.1550,1.1560,1.1496,1.1551,152873
2018-03-05,1.1545,1.1600,1.1510,1.1591,157959
2018-03-06,1.1591,1.1673,1.1588,1.1664,128326
2018-03-07,1.1663,1.1712,1.1631,1.1707,144392
2018-03-08,1.1708,1.1741,1.1682,1.1707,151914
2018-03-09,1.1704,1.1726,1.1676,1.1707,147848
2018-03-12,1.1710,1.1715,1.1673,1.1686,91559
2018-03-13,1.1686,1.1708,1.1678,1.1692,140372
2018-03-14,1.1692,1.1712,1.1682,1.1684,138643
2018-03-15,1.1684,1.1712,1.1677,1.1702,141891
2018-03-16,1.1702,1.1713,1.1688,1.1700,124974
2018-03-19,1.1702,1.1744,1.1693,1.1733,134671
2018-03-20,1.1733,1.1749,1.1695,1.1706,107338
2018-03-21,1.1706,1.1729,1.1688,1.1708,137282
2018-03-22,1.1708,1.1724,1.1651,1.1676,140419
2018-03-23,1.1676,1.1715,1.1654,1.1701,130162
2018-03-26,1.1689,1.1774,1.1686,1.1764,107442
2018-03-27,1.1764,1.1774,1.1737,1.1740,121330
2018-03-28,1.1740,1.1803,1.1735,1.1772,124909
2018-03-29,1.1772,1.1796,1.1754,1.1762,128142
2018-03-30,1.1762,1.1768,1.1732,1.1751,55867
2018-04-02,1.1740,1.1763,1.1733,1.1744,74709
2018-04-03,1.1740,1.1774,1.1737,1.1761,102773
2018-04-04,1.1765,1.1804,1.1753,1.1796,66275
2018-04-05,1.1795,1.1805,1.1772,1.1793,54974
2018-04-06,1.1791,1.1804,1.1769,1.1778,78469
2018-04-09,1.1766,1.1798,1.1761,1.1780,58150
2018-04-10,1.1776,1.1826,1.1767,1.1821,65252
2018-04-11,1.1821,1.1880,1.1815,1.1842,60714
2018-04-12,1.1845,1.1889,1.1838,1.1858,60726
2018-04-13,1.1859,1.1879,1.1850,1.1865,49542
2018-04-16,1.1849,1.1885,1.1849,1.1882,46175
2018-04-17,1.1880,1.1954,1.1874,1.1950,50254
2018-04-18,1.1949,1.1992,1.1945,1.1985,55032
2018-04-19,1.1983,1.2001,1.1956,1.1990,66098
2018-04-20,1.1990,1.2005,1.1950,1.1980,58745
2018-04-23,1.1964,1.1983,1.1926,1.1941,60308
2018-04-24,1.1941,1.1990,1.1925,1.1973,64815
2018-04-25,1.1973,1.1997,1.1955,1.1956,59955
2018-04-26,1.1955,1.1990,1.1951,1.1970,87829
2018-04-27,1.1967,1.1984,1.1952,1.1983,70052
2018-04-30,1.1974,1.1987,1.1956,1.1966,65481
2018-05-01,1.1966,1.1973,1.1935,1.1950,57486
2018-05-02,1.1950,1.1963,1.1935,1.1940,88765
2018-05-03,1.1940,1.1969,1.1935,1.1958,93043
2018-05-04,1.1958,1.1975,1.1936,1.1961,75736
2018-05-07,1.1957,1.1979,1.1947,1.1954,56736
2018-05-08,1.1954,1.1960,1.1866,1.1885,78716
2018-05-09,1.1885,1.1922,1.1866,1.1913,71454
2018-05-10,1.1913,1.1957,1.1898,1.1948,75815
2018-05-11,1.1948,1.1958,1.1925,1.1943,55957
2018-05-14,1.1936,1.1980,1.1930,1.1931,45084
2018-05-15,1.1930,1.1941,1.1848,1.1851,62036
2018-05-16,1.1848,1.1859,1.1771,1.1820,69532
2018-05-17,1.1820,1.1840,1.1802,1.1807,74114
2018-05-18,1.1807,1.1817,1.1729,1.1741,57080
2018-05-21,1.1736,1.1762,1.1707,1.1757,50200
2018-05-22,1.1753,1.1771,1.1684,1.1690,62398
2018-05-23,1.1691,1.1696,1.1581,1.1644,93563
2018-05-24,1.1644,1.1652,1.1588,1.1616,77652
2018-05-25,1.1609,1.1642,1.1523,1.1533,71127
2018-05-28,1.1578,1.1628,1.1545,1.1547,72009
2018-05-29,1.1548,1.1554,1.1367,1.1438,115730
2018-05-30,1.1430,1.1567,1.1410,1.1536,106524
2018-05-31,1.1536,1.1571,1.1463,1.1522,95107
2018-06-01,1.1522,1.1574,1.1501,1.1517,80876
2018-06-04,1.1510,1.1564,1.1509,1.1552,56384
2018-06-05,1.1555,1.1563,1.1506,1.1536,62807
2018-06-06,1.1533,1.1640,1.1528,1.1608,62236
2018-06-07,1.1609,1.1635,1.1558,1.1565,68163
2018-06-08,1.1563,1.1618,1.1537,1.1589,61564
2018-06-11,1.1589,1.1657,1.1589,1.1610,44915
2018-06-12,1.1610,1.1625,1.1581,1.1591,56803
2018-06-13,1.1589,1.1624,1.1586,1.1617,63128
2018-06-14,1.1614,1.1648,1.1529,1.1530,95394
2018-06-15,1.1530,1.1586,1.1524,1.1576,89052
2018-06-18,1.1554,1.1572,1.1533,1.1564,47812
2018-06-19,1.1556,1.1570,1.1487,1.1513,83800
2018-06-20,1.1513,1.1552,1.1495,1.1531,63143
2018-06-21,1.1534,1.1541,1.1479,1.1508,88103
2018-06-22,1.1508,1.1551,1.1494,1.1514,101288
2018-06-25,1.1513,1.1557,1.1489,1.1549,72722
2018-06-26,1.1550,1.1565,1.1524,1.1528,82624
2018-06-27,1.1528,1.1555,1.1509,1.1515,86615
2018-06-28,1.1517,1.1565,1.1504,1.1536,117144
2018-06-29,1.1536,1.1600,1.1523,1.1570,109734
2018-07-02,1.1561,1.1569,1.1535,1.1562,63411
2018-07-03,1.1562,1.1585,1.1550,1.1565,62981
2018-07-04,1.1563,1.1584,1.1548,1.1562,109081
2018-07-05,1.1562,1.1619,1.1562,1.1583,77513
2018-07-06,1.1604,1.1639,1.1583,1.1623,83846
2018-07-09,1.1614,1.1656,1.1605,1.1650,67438
2018-07-10,1.1645,1.1659,1.1631,1.1646,67106
2018-07-11,1.1647,1.1658,1.1619,1.1629,93235
2018-07-12,1.1624,1.1708,1.1619,1.1696,68814
2018-07-13,1.1696,1.1708,1.1658,1.1704,68283
2018-07-16,1.1701,1.1714,1.1670,1.1671,71683
2018-07-17,1.1671,1.1681,1.1640,1.1662,78059
2018-07-18,1.1662,1.1669,1.1602,1.1626,68534
2018-07-19,1.1624,1.1639,1.1613,1.1631,98373
2018-07-20,1.1631,1.1654,1.1611,1.1634,126704
2018-07-23,1.1627,1.1641,1.1602,1.1602,62160
2018-07-24,1.1604,1.1631,1.1595,1.1611,73849
2018-07-25,1.1611,1.1633,1.1594,1.1631,73104
2018-07-26,1.1632,1.1637,1.1573,1.1573,72800
2018-07-27,1.1573,1.1605,1.1566,1.1595,61037
2018-07-30,1.1584,1.1604,1.1566,1.1568,47913
2018-07-31,1.1569,1.1598,1.1560,1.1577,72553
2018-08-01,1.1576,1.1603,1.1564,1.1565,62880
2018-08-02,1.1566,1.1570,1.1529,1.1531,55765
2018-08-03,1.1531,1.1541,1.1497,1.1503,65548
2018-08-06,1.1493,1.1528,1.1492,1.1515,45955
2018-08-07,1.1511,1.1547,1.1508,1.1545,45620
2018-08-08,1.1544,1.1557,1.1527,1.1531,46023
2018-08-09,1.1531,1.1536,1.1450,1.1453,58665
2018-08-10,1.1453,1.1460,1.1339,1.1356,104330
2018-08-13,1.1291,1.1360,1.1286,1.1329,87531
2018-08-14,1.1329,1.1354,1.1265,1.1277,71825
2018-08-15,1.1277,1.1305,1.1243,1.1271,83160
2018-08-16,1.1272,1.1347,1.1258,1.1338,81313
2018-08-17,1.1337,1.1394,1.1326,1.1386,70640
2018-08-20,1.1371,1.1386,1.1353,1.1380,59516
2018-08-21,1.1380,1.1418,1.1358,1.1394,73905
2018-08-22,1.1395,1.1409,1.1374,1.1399,64227
2018-08-23,1.1399,1.1407,1.1364,1.1377,64056
2018-08-24,1.1377,1.1429,1.1366,1.1421,68678
2018-08-27,1.1423,1.1449,1.1410,1.1437,57456
2018-08-28,1.1439,1.1453,1.1416,1.1416,62116
2018-08-29,1.1415,1.1423,1.1343,1.1361,70466
2018-08-30,1.1359,1.1368,1.1302,1.1309,64990
2018-08-31,1.1306,1.1311,1.1239,1.1239,83818
2018-09-03,1.1242,1.1271,1.1231,1.1257,45310
2018-09-04,1.1257,1.1290,1.1241,1.1284,71420
2018-09-05,1.1283,1.1320,1.1252,1.1300,74252
2018-09-06,1.1298,1.1311,1.1217,1.1217,73464
2018-09-07,1.1217,1.1244,1.1182,1.1194,74402
2018-09-10,1.1186,1.1315,1.1184,1.1300,56742
2018-09-11,1.1299,1.1343,1.1263,1.1283,56044
2018-09-12,1.1281,1.1311,1.1268,1.1283,62423
2018-09-13,1.1284,1.1315,1.1261,1.1284,58507
2018-09-14,1.1284,1.1303,1.1240,1.1241,53479
2018-09-17,1.1241,1.1259,1.1230,1.1243,44577
2018-09-18,1.1243,1.1262,1.1222,1.1251,62610
2018-09-19,1.1252,1.1326,1.1235,1.1287,54391
2018-09-20,1.1287,1.1321,1.1272,1.1290,67189
2018-09-21,1.1290,1.1308,1.1221,1.1257,66094
2018-09-24,1.1256,1.1336,1.1251,1.1322,50584
2018-09-25,1.1331,1.1381,1.1322,1.1353,53704
2018-09-26,1.1351,1.1384,1.1331,1.1336,60941
2018-09-27,1.1336,1.1414,1.1311,1.1374,72270
2018-09-28,1.1373,1.1398,1.1280,1.1390,66289
2018-10-01,1.1369,1.1428,1.1364,1.1388,60636
2018-10-02,1.1388,1.1396,1.1312,1.1360,68044
2018-10-03,1.1359,1.1421,1.1357,1.1387,80992
2018-10-04,1.1387,1.1435,1.1365,1.1417,82461
2018-10-05,1.1416,1.1449,1.1410,1.1429,77200
2018-10-08,1.1425,1.1441,1.1381,1.1400,56233
2018-10-09,1.1400,1.1415,1.1368,1.1394,70571
2018-10-10,1.1395,1.1443,1.1389,1.1404,71368
2018-10-11,1.1405,1.1488,1.1391,1.1470,105704
2018-10-12,1.1471,1.1492,1.1448,1.1463,70976
2018-10-15,1.1431,1.1463,1.1414,1.1428,67791
2018-10-16,1.1428,1.1478,1.1421,1.1464,64129
2018-10-17,1.1460,1.1482,1.1437,1.1445,69928
2018-10-18,1.1438,1.1466,1.1398,1.1401,74770
2018-10-19,1.1399,1.1491,1.1391,1.1469,76432
2018-10-22,1.1443,1.1500,1.1416,1.1418,64925
2018-10-23,1.1418,1.1429,1.1396,1.1411,73431
2018-10-24,1.1409,1.1418,1.1354,1.1366,79836
2018-10-25,1.1364,1.1415,1.1354,1.1364,77829
2018-10-26,1.1364,1.1385,1.1342,1.1366,86053
2018-10-29,1.1364,1.1408,1.1363,1.1393,70552
2018-10-30,1.1393,1.1418,1.1370,1.1402,68922
2018-10-31,1.1402,1.1414,1.1379,1.1399,70842
2018-11-01,1.1399,1.1448,1.1399,1.1426,70918
2018-11-02,1.1426,1.1454,1.1405,1.1426,67365
2018-11-05,1.1423,1.1462,1.1418,1.1457,57510
2018-11-06,1.1453,1.1469,1.1445,1.1454,50981
2018-11-07,1.1453,1.1469,1.1437,1.1452,86990
2018-11-08,1.1446,1.1469,1.1428,1.1429,65259
2018-11-09,1.1432,1.1438,1.1382,1.1389,59983
2018-11-12,1.1374,1.1399,1.1334,1.1339,63678
2018-11-13,1.1339,1.1387,1.1334,1.1366,72174
2018-11-14,1.1370,1.1423,1.1358,1.1374,81359
2018-11-15,1.1376,1.1420,1.1344,1.1400,79817
2018-11-16,1.1406,1.1433,1.1384,1.1408,62676
2018-11-19,1.1405,1.1417,1.1370,1.1379,52762
2018-11-20,1.1380,1.1381,1.1305,1.1309,53099
2018-11-21,1.1311,1.1346,1.1303,1.1320,48138
2018-11-22,1.1321,1.1357,1.1317,1.1337,42939
2018-11-23,1.1336,1.1354,1.1295,1.1299,44417
2018-11-26,1.1302,1.1341,1.1299,1.1309,44550
2018-11-27,1.1309,1.1324,1.1275,1.1276,55395
2018-11-28,1.1276,1.1316,1.1260,1.1297,64982
2018-11-29,1.1298,1.1348,1.1289,1.1344,60018
2018-11-30,1.1343,1.1356,1.1295,1.1299,54628
2018-12-03,1.1332,1.1345,1.1304,1.1328,47322
2018-12-04,1.1330,1.1348,1.1305,1.1313,65649
2018-12-05,1.1312,1.1331,1.1306,1.1317,44235
2018-12-06,1.1316,1.1319,1.1280,1.1295,71107
2018-12-07,1.1296,1.1309,1.1280,1.1281,64845
2018-12-10,1.1280,1.1307,1.1235,1.1245,59882
2018-12-11,1.1244,1.1258,1.1224,1.1239,61695
2018-12-12,1.1241,1.1297,1.1233,1.1293,66833
2018-12-13,1.1293,1.1301,1.1265,1.1289,64499
2018-12-14,1.1289,1.1294,1.1241,1.1282,61805
2018-12-17,1.1261,1.1291,1.1247,1.1266,76984
2018-12-18,1.1267,1.1297,1.1260,1.1276,59019
2018-12-19,1.1280,1.1344,1.1270,1.1314,71897
2018-12-20,1.1314,1.1349,1.1296,1.1306,79900
2018-12-21,1.1306,1.1323,1.1290,1.1311,81375
2018-12-24,1.1312,1.1344,1.1268,1.1270,49794
2018-12-26,1.1252,1.1308,1.1244,1.1302,31191
2018-12-27,1.1302,1.1311,1.1240,1.1290,87287
2018-12-28,1.1290,1.1298,1.1214,1.1256,79873
2018-12-31,1.1240,1.1286,1.1237,1.1260,55166
2019-01-02,1.1258,1.1270,1.1216,1.1230,62426
2019-01-03,1.1228,1.1277,1.1171,1.1240,98793
2019-01-04,1.1240,1.1269,1.1232,1.1240,68645
2019-01-07,1.1230,1.1259,1.1223,1.1239,49876
2019-01-08,1.1239,1.1245,1.1219,1.1226,48678
2019-01-09,1.1226,1.1265,1.1209,1.1246,109107
2019-01-10,1.1246,1.1324,1.1237,1.1319,102528
2019-01-11,1.1319,1.1339,1.1272,1.1277,60191
2019-01-14,1.1271,1.1287,1.1245,1.1248,48053
2019-01-15,1.1247,1.1289,1.1243,1.1272,69046
2019-01-16,1.1270,1.1296,1.1259,1.1282,50934
2019-01-17,1.1282,1.1331,1.1274,1.1321,57033
2019-01-18,1.1321,1.1337,1.1300,1.1312,49694
2019-01-21,1.1297,1.1346,1.1281,1.1337,35370
2019-01-22,1.1337,1.1343,1.1316,1.1328,52851
2019-01-23,1.1327,1.1346,1.1316,1.1323,54001
2019-01-24,1.1320,1.1330,1.1259,1.1262,80645
2019-01-25,1.1262,1.1336,1.1258,1.1327,71492
2019-01-28,1.1323,1.1345,1.1309,1.1333,54575
2019-01-29,1.1332,1.1378,1.1329,1.1369,71997
2019-01-30,1.1371,1.1428,1.1365,1.1410,75553
2019-01-31,1.1411,1.1428,1.1371,1.1379,78183
2019-02-01,1.1382,1.1412,1.1375,1.1398,70973
2019-02-04,1.1398,1.1422,1.1394,1.1409,56035
2019-02-05,1.1410,1.1443,1.1401,1.1403,58844
2019-02-06,1.1403,1.1406,1.1385,1.1388,55295
2019-02-07,1.1389,1.1394,1.1345,1.1364,51821
2019-02-08,1.1363,1.1369,1.1321,1.1322,42121
2019-02-11,1.1320,1.1421,1.1305,1.1319,41922
2019-02-12,1.1320,1.1406,1.1317,1.1399,45146
2019-02-13,1.1398,1.1405,1.1361,1.1362,46554
2019-02-14,1.1364,1.1381,1.1348,1.1349,60136
2019-02-15,1.1352,1.1358,1.1331,1.1348,52178
2019-02-18,1.1338,1.1365,1.1335,1.1356,30200
2019-02-19,1.1357,1.1373,1.1332,1.1350,49691
2019-02-20,1.1353,1.1366,1.1335,1.1345,50058
2019-02-21,1.1348,1.1368,1.1339,1.1345,58529
2019-02-22,1.1347,1.1354,1.1329,1.1336,44595
2019-02-25,1.1324,1.1368,1.1324,1.1362,43823
2019-02-26,1.1361,1.1390,1.1350,1.1384,51198
2019-02-27,1.1389,1.1393,1.1351,1.1383,51443
2019-02-28,1.1384,1.1387,1.1329,1.1345,66756
2019-03-01,1.1345,1.1370,1.1335,1.1351,55133
2019-03-04,1.1356,1.1365,1.1315,1.1326,44291
2019-03-05,1.1327,1.1358,1.1312,1.1352,44957
2019-03-06,1.1357,1.1369,1.1345,1.1361,41456
2019-03-07,1.1361,1.1367,1.1313,1.1318,66571
2019-03-08,1.1319,1.1333,1.1307,1.1321,62733
2019-03-11,1.1319,1.1371,1.1315,1.1364,52296
2019-03-12,1.1364,1.1384,1.1346,1.1374,74878
2019-03-13,1.1374,1.1380,1.1354,1.1369,60487
2019-03-14,1.1369,1.1375,1.1342,1.1346,62907
2019-03-15,1.1346,1.1372,1.1342,1.1345,44082
2019-03-18,1.1346,1.1365,1.1338,1.1349,35714
2019-03-19,1.1349,1.1358,1.1338,1.1342,36278
2019-03-20,1.1342,1.1350,1.1317,1.1321,57321
2019-03-21,1.1321,1.1333,1.1265,1.1281,60250
2019-03-22,1.1281,1.1297,1.1211,1.1222,75662
2019-03-25,1.1225,1.1256,1.1220,1.1226,47429
2019-03-26,1.1226,1.1246,1.1199,1.1204,48835
2019-03-27,1.1204,1.1219,1.1172,1.1184,64032
2019-03-28,1.1184,1.1213,1.1164,1.1167,61014
2019-03-29,1.1166,1.1200,1.1160,1.1160,55693
2019-04-01,1.1170,1.1203,1.1166,1.1197,57172
2019-04-02,1.1201,1.1202,1.1168,1.1180,53075
2019-04-03,1.1182,1.1216,1.1169,1.1210,46324
2019-04-04,1.1211,1.1224,1.1186,1.1218,46401
2019-04-05,1.1220,1.1239,1.1203,1.1216,40397
2019-04-08,1.1211,1.1256,1.1206,1.1247,35349
2019-04-09,1.1247,1.1279,1.1244,1.1258,47648
2019-04-10,1.1260,1.1304,1.1254,1.1300,53121
2019-04-11,1.1302,1.1314,1.1288,1.1289,43316
2019-04-12,1.1291,1.1331,1.1281,1.1326,45695
2019-04-15,1.1323,1.1353,1.1321,1.1348,34375
2019-04-16,1.1350,1.1377,1.1341,1.1365,49639
2019-04-17,1.1366,1.1422,1.1361,1.1414,45428
2019-04-18,1.1419,1.1419,1.1365,1.1402,49340
2019-04-19,1.1404,1.1410,1.1390,1.1397,56648
2019-04-22,1.1394,1.1439,1.1392,1.1429,16732
2019-04-23,1.1433,1.1476,1.1408,1.1449,45277
2019-04-24,1.1449,1.1453,1.1379,1.1380,57961
2019-04-25,1.1381,1.1388,1.1355,1.1357,49644
2019-04-26,1.1357,1.1385,1.1349,1.1359,50025
2019-04-29,1.1357,1.1408,1.1357,1.1403,32248
2019-04-30,1.1404,1.1444,1.1388,1.1429,52306
2019-05-01,1.1429,1.1439,1.1390,1.1394,48798
2019-05-02,1.1394,1.1427,1.1377,1.1387,44299
2019-05-03,1.1388,1.1396,1.1371,1.1384,45804
2019-05-06,1.1350,1.1407,1.1346,1.1395,43836
2019-05-07,1.1395,1.1439,1.1382,1.1407,49398
2019-05-08,1.1407,1.1429,1.1382,1.1417,59733
2019-05-09,1.1417,1.1427,1.1370,1.1380,63248
2019-05-10,1.1382,1.1409,1.1359,1.1364,55469
2019-05-13,1.1359,1.1368,1.1291,1.1292,52707
2019-05-14,1.1293,1.1329,1.1287,1.1299,44075
2019-05-15,1.1299,1.1313,1.1263,1.1297,48558
2019-05-16,1.1298,1.1317,1.1280,1.1283,44494
2019-05-17,1.1283,1.1298,1.1269,1.1278,53723
2019-05-20,1.1275,1.1292,1.1256,1.1259,38365
2019-05-21,1.1259,1.1291,1.1255,1.1282,46013
2019-05-22,1.1282,1.1291,1.1245,1.1257,42457
2019-05-23,1.1257,1.1259,1.1205,1.1216,62592
2019-05-24,1.1216,1.1233,1.1195,1.1222,49257
2019-05-27,1.1227,1.1263,1.1217,1.1234,28018
2019-05-28,1.1234,1.1278,1.1224,1.1244,54925
2019-05-29,1.1245,1.1251,1.1207,1.1221,54602
2019-05-30,1.1223,1.1248,1.1209,1.1215,42216
2019-05-31,1.1215,1.1221,1.1170,1.1176,68923
2019-06-03,1.1176,1.1204,1.1119,1.1156,77117
2019-06-04,1.1155,1.1190,1.1148,1.1160,74323
2019-06-05,1.1162,1.1196,1.1136,1.1160,76879
2019-06-06,1.1160,1.1197,1.1151,1.1177,72284
2019-06-07,1.1178,1.1206,1.1167,1.1192,67661
2019-06-10,1.1194,1.1209,1.1185,1.1195,54151
2019-06-11,1.1195,1.1243,1.1182,1.1238,61991
2019-06-12,1.1238,1.1263,1.1224,1.1235,64857
2019-06-13,1.1235,1.1249,1.1199,1.1206,59449
2019-06-14,1.1206,1.1227,1.1192,1.1192,66831
2019-06-17,1.1188,1.1221,1.1188,1.1208,42928
2019-06-18,1.1207,1.1213,1.1172,1.1196,78975
2019-06-19,1.1194,1.1211,1.1154,1.1160,66185
2019-06-20,1.1159,1.1163,1.1056,1.1083,88013
2019-06-21,1.1083,1.1126,1.1065,1.1098,79521
2019-06-24,1.1088,1.1130,1.1064,1.1076,61418
2019-06-25,1.1078,1.1124,1.1061,1.1088,80455
2019-06-26,1.1088,1.1123,1.1076,1.1116,79917
2019-06-27,1.1116,1.1144,1.1097,1.1102,64612
2019-06-28,1.1101,1.1123,1.1082,1.1099,62747
2019-07-01,1.1099,1.1161,1.1099,1.1145,70386
2019-07-02,1.1145,1.1171,1.1124,1.1130,62150
2019-07-03,1.1129,1.1136,1.1107,1.1125,56568
2019-07-04,1.1125,1.1138,1.1110,1.1115,29923
2019-07-05,1.1115,1.1147,1.1105,1.1130,59028
2019-07-08,1.1129,1.1153,1.1112,1.1144,19852
2019-07-09,1.1144,1.1158,1.1123,1.1135,35667
2019-07-10,1.1134,1.1145,1.1120,1.1131,43204
2019-07-11,1.1131,1.1147,1.1105,1.1141,40231
2019-07-12,1.1141,1.1154,1.1071,1.1089,44213
2019-07-15,1.1082,1.1103,1.1065,1.1082,34171
2019-07-16,1.1082,1.1094,1.1056,1.1072,36254
2019-07-17,1.1072,1.1110,1.1070,1.1082,27977
2019-07-18,1.1082,1.1089,1.1060,1.1066,40940
2019-07-19,1.1067,1.1083,1.1012,1.1013,36936
2019-07-22,1.1020,1.1035,1.0999,1.1005,29539
2019-07-23,1.1005,1.1019,1.0971,1.0985,34019
2019-07-24,1.0985,1.1005,1.0969,1.0969,32274
2019-07-25,1.0969,1.1055,1.0962,1.1043,45907
2019-07-26,1.1042,1.1063,1.1038,1.1052,35195
2019-07-29,1.1038,1.1059,1.1025,1.1050,28018
2019-07-30,1.1049,1.1055,1.1029,1.1046,43356
2019-07-31,1.1046,1.1062,1.1003,1.1009,53835
2019-08-01,1.1009,1.1019,1.0969,1.0976,75611
2019-08-02,1.0976,1.0976,1.0906,1.0909,79852
2019-08-05,1.0926,1.0930,1.0863,1.0904,86237
2019-08-06,1.0904,1.0953,1.0894,1.0933,83128
2019-08-07,1.0933,1.0958,1.0893,1.0921,98279
2019-08-08,1.0921,1.0955,1.0897,1.0897,68097
2019-08-09,1.0897,1.0930,1.0888,1.0892,54624
2019-08-12,1.0888,1.0902,1.0867,1.0868,58438
2019-08-13,1.0868,1.0922,1.0841,1.0909,79760
2019-08-14,1.0909,1.0914,1.0838,1.0840,89537
2019-08-15,1.0840,1.0874,1.0835,1.0844,100667
2019-08-16,1.0843,1.0877,1.0837,1.0851,67180
2019-08-19,1.0833,1.0898,1.0831,1.0874,43118
2019-08-20,1.0874,1.0881,1.0844,1.0853,117653
2019-08-21,1.0853,1.0895,1.0849,1.0889,62460
2019-08-22,1.0889,1.0919,1.0875,1.0898,49846
2019-08-23,1.0898,1.0928,1.0854,1.0858,88990
2019-08-26,1.0848,1.0902,1.0838,1.0865,156479
2019-08-27,1.0867,1.0916,1.0858,1.0881,98646
2019-08-28,1.0880,1.0902,1.0864,1.0873,175297
2019-08-29,1.0872,1.0913,1.0860,1.0907,115703
2019-08-30,1.0907,1.0923,1.0867,1.0875,81313
2019-09-02,1.0871,1.0893,1.0857,1.0865,63953
2019-09-03,1.0864,1.0867,1.0818,1.0829,149304
2019-09-04,1.0831,1.0859,1.0811,1.0821,118002
2019-09-05,1.0821,1.0913,1.0816,1.0879,110075
2019-09-06,1.0879,1.0931,1.0874,1.0887,90051
2019-09-09,1.0888,1.0962,1.0884,1.0959,60318
2019-09-10,1.0958,1.0968,1.0916,1.0954,66431
2019-09-11,1.0953,1.0971,1.0910,1.0931,79778
2019-09-12,1.0930,1.0969,1.0851,1.0956,117178
2019-09-13,1.0956,1.0974,1.0927,1.0962,89839
2019-09-16,1.0959,1.0959,1.0912,1.0921,138667
2019-09-17,1.0923,1.0997,1.0908,1.0995,88753
2019-09-18,1.0995,1.1018,1.0984,1.1000,104536
2019-09-19,1.0998,1.1017,1.0956,1.0960,151002
2019-09-20,1.0960,1.0969,1.0912,1.0920,129124
2019-09-23,1.0922,1.0929,1.0856,1.0881,143233
2019-09-24,1.0881,1.0897,1.0844,1.0859,104303
2019-09-25,1.0859,1.0866,1.0832,1.0853,173033
2019-09-26,1.0853,1.0875,1.0844,1.0850,128826
2019-09-27,1.0850,1.0865,1.0832,1.0841,115049
2019-09-30,1.0837,1.0887,1.0835,1.0874,75635
2019-10-01,1.0874,1.0921,1.0851,1.0856,104388
2019-10-02,1.0856,1.0954,1.0852,1.0924,156988
2019-10-03,1.0924,1.0979,1.0918,1.0951,115382
2019-10-04,1.0951,1.0977,1.0909,1.0925,101610
2019-10-07,1.0909,1.0938,1.0897,1.0912,129096
2019-10-08,1.0912,1.0927,1.0872,1.0878,162054
2019-10-09,1.0878,1.0931,1.0871,1.0926,95150
2019-10-10,1.0924,1.0977,1.0898,1.0970,108445
2019-10-11,1.0969,1.1039,1.0965,1.0998,89236
2019-10-14,1.0996,1.1010,1.0971,1.0994,75357
2019-10-15,1.0991,1.1027,1.0972,1.1017,110687
2019-10-16,1.1017,1.1032,1.0991,1.1013,82963
2019-10-17,1.1013,1.1059,1.0975,1.0986,99352
2019-10-18,1.0986,1.1008,1.0975,1.0990,91577
2019-10-21,1.0979,1.1008,1.0978,1.0987,90554
2019-10-22,1.0986,1.1023,1.0983,1.1006,65396
2019-10-23,1.1006,1.1031,1.0993,1.1020,73919
2019-10-24,1.1016,1.1041,1.1006,1.1017,75684
2019-10-25,1.1017,1.1031,1.1005,1.1018,65389
2019-10-28,1.1015,1.1058,1.1015,1.1041,47256
2019-10-29,1.1041,1.1049,1.1021,1.1043,55183
2019-10-30,1.1043,1.1050,1.1013,1.1032,122626
2019-10-31,1.1033,1.1035,1.0992,1.1000,101045
2019-11-01,1.1000,1.1026,1.0998,1.1004,86598
2019-11-04,1.0998,1.1035,1.0990,1.0991,77289
2019-11-05,1.0991,1.1029,1.0979,1.0992,95806
2019-11-06,1.0991,1.1016,1.0978,1.0985,45898
2019-11-07,1.0984,1.1012,1.0974,1.0993,69041
2019-11-08,1.0993,1.1005,1.0975,1.0988,49860
2019-11-11,1.0988,1.0995,1.0957,1.0958,36583
2019-11-12,1.0958,1.0980,1.0927,1.0932,47071
2019-11-13,1.0932,1.0937,1.0878,1.0895,48941
2019-11-14,1.0895,1.0903,1.0863,1.0887,49080
2019-11-15,1.0887,1.0946,1.0886,1.0935,34774
2019-11-18,1.0919,1.0962,1.0919,1.0955,46680
2019-11-19,1.0954,1.0986,1.0940,1.0971,41568
2019-11-20,1.0971,1.1001,1.0952,1.0971,52439
2019-11-21,1.0970,1.1003,1.0956,1.0981,57969
2019-11-22,1.0980,1.1010,1.0973,1.0986,52402
2019-11-25,1.0986,1.1000,1.0967,1.0972,45821
2019-11-26,1.0971,1.1000,1.0967,1.0986,36480
2019-11-27,1.0986,1.1000,1.0979,1.0988,40885
2019-11-28,1.0988,1.1003,1.0985,1.0992,36379
2019-11-29,1.0989,1.1023,1.0987,1.1012,43829
2019-12-02,1.1017,1.1027,1.0981,1.0981,44050
2019-12-03,1.0981,1.0993,1.0927,1.0935,46969
2019-12-04,1.0935,1.0969,1.0921,1.0949,58231
2019-12-05,1.0949,1.0982,1.0941,1.0958,39816
2019-12-06,1.0957,1.0980,1.0943,1.0949,38046
2019-12-09,1.0938,1.0967,1.0927,1.0928,33723
2019-12-10,1.0928,1.0937,1.0912,1.0919,37175
2019-12-11,1.0919,1.0945,1.0910,1.0940,43154
2019-12-12,1.0937,1.0976,1.0923,1.0955,56854
2019-12-13,1.0955,1.1032,1.0933,1.0941,79887
2019-12-16,1.0941,1.0968,1.0936,1.0946,35069
2019-12-17,1.0946,1.0968,1.0924,1.0926,44488
2019-12-18,1.0927,1.0941,1.0894,1.0895,47897
2019-12-19,1.0895,1.0926,1.0867,1.0880,48754
2019-12-20,1.0880,1.0907,1.0869,1.0882,40394
2019-12-23,1.0885,1.0897,1.0860,1.0885,34956
2019-12-24,1.0885,1.0898,1.0862,1.0863,33130
2019-12-26,1.0880,1.0897,1.0871,1.0889,22527
2019-12-27,1.0885,1.0905,1.0870,1.0893,53556
2019-12-30,1.0891,1.0903,1.0849,1.0856,45215
2019-12-31,1.0856,1.0883,1.0840,1.0856,43847
2020-01-02,1.0863,1.0878,1.0837,1.0850,39267
2020-01-03,1.0847,1.0858,1.0824,1.0847,50207
2020-01-06,1.0830,1.0859,1.0830,1.0836,45314
2020-01-07,1.0836,1.0860,1.0808,1.0819,55090
2020-01-08,1.0818,1.0828,1.0782,1.0814,84176
2020-01-09,1.0813,1.0833,1.0794,1.0806,48497
2020-01-10,1.0806,1.0829,1.0801,1.0818,36377
2020-01-13,1.0805,1.0833,1.0797,1.0806,35081
2020-01-14,1.0806,1.0820,1.0759,1.0761,45823
2020-01-15,1.0761,1.0776,1.0742,1.0748,50316
2020-01-16,1.0748,1.0759,1.0732,1.0743,45545
2020-01-17,1.0743,1.0757,1.0731,1.0731,38966
2020-01-20,1.0732,1.0749,1.0730,1.0740,24379
2020-01-21,1.0740,1.0751,1.0731,1.0735,40461
2020-01-22,1.0735,1.0788,1.0730,1.0735,42170
2020-01-23,1.0735,1.0747,1.0702,1.0709,49432
2020-01-24,1.0709,1.0723,1.0700,1.0706,39062
2020-01-27,1.0702,1.0716,1.0676,1.0679,44037
2020-01-28,1.0679,1.0726,1.0664,1.0724,38268
2020-01-29,1.0723,1.0737,1.0710,1.0714,40372
2020-01-30,1.0715,1.0722,1.0681,1.0693,49537
2020-01-31,1.0692,1.0706,1.0676,1.0687,51268
2020-02-03,1.0676,1.0693,1.0663,1.0683,53625
2020-02-04,1.0683,1.0717,1.0673,1.0703,52848
2020-02-05,1.0703,1.0728,1.0690,1.0706,48612
2020-02-06,1.0706,1.0724,1.0695,1.0701,43697
2020-02-07,1.0702,1.0710,1.0679,1.0697,48118
2020-02-10,1.0695,1.0713,1.0660,1.0662,43482
2020-02-11,1.0661,1.0679,1.0648,1.0651,48818
2020-02-12,1.0650,1.0662,1.0630,1.0634,42124
2020-02-13,1.0634,1.0638,1.0609,1.0615,47014
2020-02-14,1.0615,1.0650,1.0607,1.0636,38440
2020-02-17,1.0630,1.0650,1.0624,1.0627,28491
2020-02-18,1.0627,1.0629,1.0609,1.0609,41459
2020-02-19,1.0608,1.0635,1.0605,1.0630,47801
2020-02-20,1.0627,1.0634,1.0606,1.0613,57617
2020-02-21,1.0613,1.0624,1.0606,1.0611,49670
2020-02-24,1.0607,1.0626,1.0590,1.0622,69739
2020-02-25,1.0622,1.0635,1.0593,1.0617,86455
2020-02-26,1.0617,1.0636,1.0599,1.0626,87092
2020-02-27,1.0626,1.0671,1.0616,1.0643,99285
2020-02-28,1.0643,1.0659,1.0585,1.0647,135837
2020-03-02,1.0622,1.0706,1.0622,1.0675,90472
2020-03-03,1.0674,1.0709,1.0630,1.0681,92321
2020-03-04,1.0681,1.0703,1.0620,1.0648,64455
2020-03-05,1.0647,1.0676,1.0616,1.0627,66901
2020-03-06,1.0627,1.0627,1.0575,1.0584,107338
2020-03-09,1.0578,1.0638,1.0541,1.0579,179418
2020-03-10,1.0579,1.0646,1.0575,1.0594,190128
2020-03-11,1.0593,1.0609,1.0555,1.0570,103353
2020-03-12,1.0570,1.0592,1.0539,1.0546,126493
2020-03-13,1.0556,1.0619,1.0549,1.0560,155862
2020-03-16,1.0571,1.0590,1.0536,1.0562,193329
2020-03-17,1.0571,1.0605,1.0542,1.0575,129576
2020-03-18,1.0576,1.0585,1.0531,1.0548,136716
2020-03-19,1.0548,1.0601,1.0508,1.0521,151993
2020-03-20,1.0522,1.0557,1.0522,1.0544,165188
2020-03-23,1.0533,1.0600,1.0523,1.0548,157407
2020-03-24,1.0548,1.0600,1.0547,1.0580,121602
2020-03-25,1.0579,1.0637,1.0577,1.0600,116272
2020-03-26,1.0605,1.0654,1.0603,1.0617,116774
2020-03-27,1.0617,1.0636,1.0564,1.0592,92249
2020-03-30,1.0598,1.0603,1.0551,1.0585,68844
2020-03-31,1.0585,1.0622,1.0562,1.0599,81233
2020-04-01,1.0594,1.0605,1.0557,1.0583,58016
2020-04-02,1.0583,1.0593,1.0546,1.0567,56075
2020-04-03,1.0567,1.0577,1.0543,1.0555,51872
2020-04-06,1.0553,1.0581,1.0548,1.0560,50238
2020-04-07,1.0560,1.0594,1.0548,1.0561,53092
2020-04-08,1.0561,1.0567,1.0548,1.0549,45328
2020-04-09,1.0549,1.0582,1.0547,1.0561,51000
2020-04-10,1.0561,1.0572,1.0549,1.0555,45691
2020-04-13,1.0561,1.0567,1.0550,1.0554,36255
2020-04-14,1.0554,1.0559,1.0533,1.0545,41018
2020-04-15,1.0545,1.0551,1.0522,1.0522,33913
2020-04-16,1.0523,1.0527,1.0508,1.0514,28300
2020-04-17,1.0514,1.0528,1.0510,1.0515,40055
2020-04-20,1.0516,1.0523,1.0512,1.0513,30238
2020-04-21,1.0513,1.0531,1.0504,1.0524,36959
2020-04-22,1.0524,1.0531,1.0513,1.0514,35930
2020-04-23,1.0514,1.0530,1.0505,1.0517,37623
2020-04-24,1.0517,1.0537,1.0511,1.0531,32028
2020-04-27,1.0523,1.0579,1.0521,1.0562,32881
2020-04-28,1.0561,1.0611,1.0545,1.0548,34458
2020-04-29,1.0543,1.0608,1.0540,1.0587,36286
2020-04-30,1.0583,1.0599,1.0546,1.0573,48425
2020-05-01,1.0572,1.0583,1.0551,1.0553,31124
2020-05-04,1.0554,1.0561,1.0522,1.0523,36350
2020-05-05,1.0522,1.0556,1.0517,1.0539,38398
2020-05-06,1.0539,1.0545,1.0521,1.0522,37084
2020-05-07,1.0522,1.0543,1.0519,1.0539,40074
2020-05-08,1.0539,1.0546,1.0522,1.0522,31914
2020-05-11,1.0526,1.0532,1.0514,1.0514,31011
2020-05-12,1.0513,1.0523,1.0511,1.0515,34352
2020-05-13,1.0514,1.0532,1.0511,1.0515,37606
2020-05-14,1.0514,1.0520,1.0504,1.0513,32384
2020-05-15,1.0509,1.0527,1.0509,1.0515,34979
2020-05-18,1.0505,1.0661,1.0505,1.0592,34161
2020-05-19,1.0595,1.0656,1.0590,1.0609,46410
2020-05-20,1.0609,1.0618,1.0577,1.0593,32050
2020-05-21,1.0592,1.0651,1.0585,1.0624,34926
2020-05-22,1.0624,1.0632,1.0581,1.0587,32789
2020-05-25,1.0581,1.0599,1.0576,1.0584,22628
2020-05-26,1.0583,1.0633,1.0579,1.0601,52072
2020-05-27,1.0599,1.0698,1.0589,1.0656,48559
2020-05-28,1.0653,1.0698,1.0651,1.0677,39329
2020-05-29,1.0676,1.0726,1.0661,1.0675,44137
2020-06-01,1.0670,1.0709,1.0669,1.0699,39672
2020-06-02,1.0699,1.0764,1.0685,1.0748,48400
2020-06-03,1.0748,1.0819,1.0743,1.0796,50785
2020-06-04,1.0795,1.0861,1.0744,1.0831,57973
2020-06-05,1.0832,1.0915,1.0820,1.0860,57257
2020-06-08,1.0853,1.0890,1.0801,1.0814,54775
2020-06-09,1.0813,1.0828,1.0746,1.0780,49416
2020-06-10,1.0776,1.0790,1.0725,1.0732,57818
2020-06-11,1.0739,1.0747,1.0656,1.0668,65089
2020-06-12,1.0666,1.0727,1.0648,1.0719,64107
2020-06-15,1.0709,1.0747,1.0673,1.0745,66055
2020-06-16,1.0744,1.0769,1.0684,1.0714,61727
2020-06-17,1.0712,1.0723,1.0659,1.0664,59403
2020-06-18,1.0664,1.0690,1.0653,1.0660,48660
2020-06-19,1.0660,1.0678,1.0636,1.0644,42786
2020-06-22,1.0636,1.0674,1.0631,1.0669,38004
2020-06-23,1.0670,1.0711,1.0660,1.0684,45539
2020-06-24,1.0682,1.0692,1.0660,1.0664,43301
2020-06-25,1.0664,1.0676,1.0635,1.0639,43608
2020-06-26,1.0638,1.0644,1.0628,1.0637,32060
2020-06-29,1.0629,1.0696,1.0627,1.0692,37820
2020-06-30,1.0692,1.0699,1.0631,1.0641,40027
2020-07-01,1.0641,1.0661,1.0612,1.0641,38884
2020-07-02,1.0640,1.0661,1.0617,1.0623,40720
2020-07-03,1.0623,1.0638,1.0617,1.0623,41037
2020-07-06,1.0621,1.0656,1.0620,1.0654,40288
2020-07-07,1.0651,1.0666,1.0621,1.0623,40194
2020-07-08,1.0623,1.0641,1.0615,1.0630,39624
2020-07-09,1.0628,1.0647,1.0607,1.0608,46158
2020-07-10,1.0606,1.0640,1.0601,1.0634,37246
2020-07-13,1.0633,1.0703,1.0628,1.0680,36042
2020-07-14,1.0680,1.0716,1.0650,1.0715,42882
2020-07-15,1.0715,1.0787,1.0701,1.0776,41101
2020-07-16,1.0776,1.0797,1.0747,1.0763,37048
2020-07-17,1.0760,1.0769,1.0725,1.0727,30366
2020-07-20,1.0725,1.0776,1.0720,1.0747,39413
2020-07-21,1.0745,1.0759,1.0722,1.0755,43313
2020-07-22,1.0755,1.0795,1.0742,1.0755,59489
2020-07-23,1.0755,1.0762,1.0715,1.0731,39637
2020-07-24,1.0731,1.0749,1.0712,1.0731,41396
2020-07-27,1.0713,1.0838,1.0699,1.0810,49113
2020-07-28,1.0809,1.0827,1.0743,1.0754,66437
2020-07-29,1.0753,1.0782,1.0746,1.0760,48169
2020-07-30,1.0756,1.0773,1.0734,1.0768,53489
2020-07-31,1.0768,1.0797,1.0746,1.0757,65550
2020-08-03,1.0754,1.0838,1.0750,1.0794,55364
2020-08-04,1.0794,1.0811,1.0739,1.0778,58710
2020-08-05,1.0776,1.0793,1.0762,1.0776,56893
2020-08-06,1.0773,1.0821,1.0752,1.0805,59106
2020-08-07,1.0805,1.0813,1.0753,1.0754,56212
2020-08-10,1.0749,1.0792,1.0745,1.0746,38677
2020-08-11,1.0747,1.0791,1.0735,1.0762,55604
2020-08-12,1.0761,1.0787,1.0738,1.0747,57381
2020-08-13,1.0747,1.0790,1.0733,1.0746,48520
2020-08-14,1.0746,1.0772,1.0741,1.0765,30283
2020-08-17,1.0757,1.0784,1.0745,1.0761,47539
2020-08-18,1.0761,1.0790,1.0746,1.0781,45354
2020-08-19,1.0780,1.0849,1.0770,1.0831,57476
2020-08-20,1.0831,1.0841,1.0761,1.0764,53962
2020-08-21,1.0764,1.0778,1.0736,1.0756,45545
2020-08-24,1.0751,1.0775,1.0744,1.0748,41469
2020-08-25,1.0748,1.0768,1.0732,1.0742,42551
2020-08-26,1.0741,1.0759,1.0732,1.0744,49635
2020-08-27,1.0744,1.0761,1.0721,1.0746,59422
2020-08-28,1.0745,1.0768,1.0733,1.0763,53097
2020-08-31,1.0757,1.0790,1.0746,1.0787,44991
2020-09-01,1.0787,1.0877,1.0776,1.0831,60641
2020-09-02,1.0830,1.0851,1.0775,1.0795,50820
2020-09-03,1.0790,1.0801,1.0759,1.0778,47029
2020-09-04,1.0778,1.0825,1.0766,1.0813,44402
2020-09-07,1.0814,1.0834,1.0799,1.0821,34690
2020-09-08,1.0821,1.0846,1.0797,1.0808,49071
2020-09-09,1.0809,1.0817,1.0768,1.0768,107396
2020-09-10,1.0768,1.0787,1.0750,1.0758,48377
2020-09-11,1.0755,1.0788,1.0753,1.0766,38304
2020-09-14,1.0762,1.0778,1.0757,1.0776,31332
2020-09-15,1.0776,1.0786,1.0753,1.0757,32869
2020-09-16,1.0756,1.0766,1.0738,1.0745,38834
2020-09-17,1.0745,1.0763,1.0727,1.0760,42543
2020-09-18,1.0760,1.0795,1.0752,1.0791,32092
2020-09-21,1.0776,1.0799,1.0740,1.0764,41447
2020-09-22,1.0764,1.0775,1.0745,1.0768,40189
2020-09-23,1.0768,1.0784,1.0752,1.0771,39339
2020-09-24,1.0771,1.0818,1.0755,1.0813,37111
2020-09-25,1.0813,1.0821,1.0791,1.0803,33325
2020-09-28,1.0801,1.0830,1.0774,1.0783,29439
2020-09-29,1.0783,1.0817,1.0779,1.0794,31864
2020-09-30,1.0794,1.0816,1.0762,1.0793,42558
2020-10-01,1.0793,1.0805,1.0766,1.0794,46705
2020-10-02,1.0795,1.0796,1.0768,1.0785,47483
2020-10-05,1.0776,1.0793,1.0735,1.0784,36113
2020-10-06,1.0784,1.0789,1.0765,1.0767,37791
2020-10-07,1.0767,1.0796,1.0765,1.0789,34371
2020-10-08,1.0789,1.0800,1.0780,1.0782,31552
2020-10-09,1.0781,1.0789,1.0754,1.0758,32269
2020-10-12,1.0757,1.0774,1.0734,1.0734,29781
2020-10-13,1.0734,1.0747,1.0725,1.0745,32110
2020-10-14,1.0745,1.0749,1.0725,1.0730,32202
2020-10-15,1.0730,1.0733,1.0688,1.0706,34627
2020-10-16,1.0705,1.0730,1.0697,1.0719,45210
2020-10-19,1.0716,1.0728,1.0703,1.0704,32300
2020-10-20,1.0704,1.0734,1.0703,1.0721,31678
2020-10-21,1.0721,1.0740,1.0710,1.0737,37541
2020-10-22,1.0736,1.0748,1.0720,1.0721,32306
2020-10-23,1.0719,1.0729,1.0701,1.0722,32108
2020-10-26,1.0721,1.0725,1.0707,1.0720,31720
2020-10-27,1.0720,1.0748,1.0709,1.0715,29519
2020-10-28,1.0715,1.0719,1.0676,1.0691,40249
2020-10-29,1.0692,1.0702,1.0677,1.0688,39975
2020-10-30,1.0688,1.0702,1.0671,1.0676,39703
2020-11-02,1.0668,1.0705,1.0661,1.0694,32794
2020-11-03,1.0696,1.0718,1.0681,1.0688,30787
2020-11-04,1.0688,1.0713,1.0659,1.0690,62874
2020-11-05,1.0677,1.0727,1.0666,1.0693,56116
2020-11-06,1.0696,1.0701,1.0676,1.0690,49213
2020-11-09,1.0669,1.0808,1.0669,1.0779,69216
2020-11-10,1.0779,1.0822,1.0776,1.0812,55978
2020-11-11,1.0812,1.0824,1.0782,1.0798,37276
2020-11-12,1.0797,1.0808,1.0781,1.0802,38334
2020-11-13,1.0802,1.0816,1.0788,1.0798,33014
2020-11-16,1.0801,1.0827,1.0788,1.0813,39904
2020-11-17,1.0813,1.0821,1.0802,1.0811,35247
2020-11-18,1.0811,1.0824,1.0790,1.0799,36709
2020-11-19,1.0800,1.0819,1.0790,1.0812,40835
2020-11-20,1.0811,1.0823,1.0795,1.0802,36607
2020-11-23,1.0798,1.0818,1.0794,1.0810,41248
2020-11-24,1.0810,1.0850,1.0798,1.0834,41738
2020-11-25,1.0831,1.0871,1.0819,1.0821,46437
2020-11-26,1.0821,1.0832,1.0792,1.0794,31236
2020-11-27,1.0796,1.0827,1.0791,1.0818,33915
2020-11-30,1.0809,1.0859,1.0803,1.0837,43715
2020-12-01,1.0837,1.0865,1.0812,1.0855,44954
2020-12-02,1.0855,1.0872,1.0813,1.0837,43388
2020-12-03,1.0837,1.0841,1.0817,1.0818,39476
2020-12-04,1.0825,1.0849,1.0798,1.0808,42039
2020-12-07,1.0794,1.0813,1.0781,1.0782,37612
2020-12-08,1.0781,1.0799,1.0757,1.0757,35269
2020-12-09,1.0758,1.0784,1.0742,1.0745,32765
2020-12-10,1.0745,1.0770,1.0735,1.0756,41267
2020-12-11,1.0756,1.0790,1.0749,1.0774,33350
2020-12-14,1.0783,1.0792,1.0763,1.0770,32182
2020-12-15,1.0770,1.0786,1.0759,1.0761,39036
2020-12-16,1.0762,1.0807,1.0755,1.0797,38641
2020-12-17,1.0793,1.0858,1.0790,1.0847,33458
2020-12-18,1.0847,1.0859,1.0817,1.0821,29882
2020-12-21,1.0814,1.0847,1.0798,1.0839,50646
2020-12-22,1.0838,1.0845,1.0815,1.0816,34329
2020-12-23,1.0816,1.0858,1.0810,1.0821,35445
2020-12-24,1.0821,1.0864,1.0817,1.0857,20238
2020-12-28,1.0821,1.0892,1.0820,1.0854,33031
2020-12-29,1.0854,1.0876,1.0822,1.0827,36223
2020-12-30,1.0825,1.0863,1.0820,1.0838,39520
2020-12-31,1.0837,1.0846,1.0798,1.0814,31322
2021-01-04,1.0801,1.0831,1.0789,1.0790,43765
2021-01-05,1.0793,1.0819,1.0786,1.0799,36686
2021-01-06,1.0799,1.0838,1.0792,1.0827,55996
2021-01-07,1.0830,1.0868,1.0820,1.0857,46288
2021-01-08,1.0858,1.0863,1.0817,1.0819,49436
2021-01-11,1.0821,1.0841,1.0813,1.0817,39972
2021-01-12,1.0816,1.0831,1.0805,1.0817,38293
2021-01-13,1.0817,1.0824,1.0784,1.0789,36691
2021-01-14,1.0787,1.0815,1.0776,1.0795,43758
2021-01-15,1.0790,1.0796,1.0750,1.0764,37183
2021-01-18,1.0754,1.0771,1.0739,1.0755,30580
2021-01-19,1.0758,1.0781,1.0747,1.0775,33583
2021-01-20,1.0775,1.0792,1.0765,1.0766,37279
2021-01-21,1.0767,1.0786,1.0756,1.0766,36125
2021-01-22,1.0765,1.0784,1.0760,1.0773,34648
2021-01-25,1.0767,1.0788,1.0767,1.0783,38197
2021-01-26,1.0778,1.0800,1.0770,1.0782,37716
2021-01-27,1.0781,1.0785,1.0750,1.0758,51738
2021-01-28,1.0757,1.0789,1.0752,1.0769,51188
2021-01-29,1.0769,1.0812,1.0760,1.0811,51924
2021-02-01,1.0786,1.0827,1.0786,1.0819,45479
2021-02-02,1.0814,1.0833,1.0799,1.0804,42107
2021-02-03,1.0804,1.0819,1.0796,1.0819,31935
2021-02-04,1.0818,1.0823,1.0810,1.0817,36723
2021-02-05,1.0814,1.0835,1.0807,1.0832,39562
2021-02-08,1.0821,1.0846,1.0820,1.0828,33401
2021-02-09,1.0828,1.0833,1.0804,1.0811,35580
2021-02-10,1.0810,1.0819,1.0785,1.0785,33567
2021-02-11,1.0785,1.0808,1.0780,1.0794,26493
2021-02-12,1.0794,1.0811,1.0784,1.0810,26332
2021-02-15,1.0798,1.0820,1.0789,1.0795,19225
2021-02-16,1.0795,1.0808,1.0788,1.0800,32565
2021-02-17,1.0797,1.0825,1.0794,1.0812,38475
2021-02-18,1.0811,1.0837,1.0810,1.0827,29954
2021-02-19,1.0827,1.0871,1.0826,1.0864,24920
2021-02-22,1.0859,1.0916,1.0853,1.0886,26878
2021-02-23,1.0888,1.0998,1.0885,1.0993,30205
2021-02-24,1.0974,1.1056,1.0965,1.1025,46921
2021-02-25,1.1027,1.1098,1.1014,1.1014,54159
2021-02-26,1.1014,1.1025,1.0956,1.0969,87458
2021-03-01,1.0966,1.1031,1.0958,1.1021,55928
2021-03-02,1.1021,1.1058,1.1003,1.1056,55132
2021-03-03,1.1056,1.1099,1.1048,1.1094,52842
2021-03-04,1.1093,1.1152,1.1076,1.1119,55190
2021-03-05,1.1118,1.1124,1.1055,1.1093,68535
2021-03-08,1.1064,1.1101,1.1064,1.1086,51744
2021-03-09,1.1086,1.1119,1.1034,1.1038,50359
2021-03-10,1.1038,1.1093,1.1030,1.1089,48450
2021-03-11,1.1089,1.1102,1.1051,1.1077,43770
2021-03-12,1.1077,1.1113,1.1063,1.1104,39721
2021-03-15,1.1099,1.1108,1.1058,1.1061,38268
2021-03-16,1.1060,1.1077,1.1002,1.1010,37241
2021-03-17,1.1007,1.1061,1.1004,1.1048,38661
2021-03-18,1.1049,1.1084,1.1030,1.1051,46696
2021-03-19,1.1051,1.1079,1.1040,1.1061,40150
2021-03-22,1.1047,1.1064,1.1008,1.1013,35640
2021-03-23,1.1012,1.1080,1.1012,1.1062,41921
2021-03-24,1.1062,1.1077,1.1048,1.1051,37394
2021-03-25,1.1051,1.1074,1.1043,1.1055,38132
2021-03-26,1.1057,1.1094,1.1056,1.1070,29537
2021-03-29,1.1065,1.1078,1.1037,1.1045,30920
2021-03-30,1.1045,1.1069,1.1035,1.1038,30882
2021-03-31,1.1038,1.1091,1.1033,1.1069,38050
2021-04-01,1.1068,1.1118,1.1062,1.1091,38838
2021-04-02,1.1089,1.1097,1.1069,1.1080,18191
2021-04-05,1.1079,1.1094,1.1050,1.1059,26624
2021-04-06,1.1057,1.1088,1.1044,1.1052,34152
2021-04-07,1.1052,1.1062,1.1023,1.1030,34992
2021-04-08,1.1030,1.1041,1.1006,1.1008,26841
2021-04-09,1.1008,1.1019,1.0993,1.1002,32169
2021-04-12,1.0994,1.1015,1.0975,1.0983,26874
2021-04-13,1.0982,1.1013,1.0976,1.0998,31022
2021-04-14,1.0998,1.1060,1.0992,1.1047,30467
2021-04-15,1.1046,1.1063,1.1030,1.1035,32699
2021-04-16,1.1033,1.1045,1.1001,1.1021,27551
2021-04-19,1.1004,1.1030,1.0993,1.1008,30953
2021-04-20,1.1003,1.1048,1.0997,1.1020,28697
2021-04-21,1.1018,1.1043,1.1008,1.1033,24576
2021-04-22,1.1033,1.1047,1.1014,1.1015,31386
2021-04-23,1.1023,1.1053,1.1014,1.1052,29277
2021-04-26,1.1040,1.1071,1.1039,1.1047,25352
2021-04-27,1.1042,1.1063,1.1024,1.1043,25906
2021-04-28,1.1043,1.1075,1.1021,1.1028,37070
2021-04-29,1.1028,1.1042,1.1012,1.1015,31170
2021-04-30,1.1015,1.1022,1.0973,1.0975,34232
2021-05-03,1.0970,1.1018,1.0966,1.0985,26042
2021-05-04,1.0985,1.1011,1.0967,1.0971,38027
2021-05-05,1.0971,1.0989,1.0953,1.0957,30741
2021-05-06,1.0956,1.0972,1.0942,1.0948,35712
2021-05-07,1.0944,1.0977,1.0935,1.0952,41752
2021-05-10,1.0948,1.0963,1.0929,1.0929,40759
2021-05-11,1.0930,1.0988,1.0927,1.0973,38103
2021-05-12,1.0974,1.0984,1.0956,1.0970,43352
2021-05-13,1.0970,1.0986,1.0937,1.0943,43759
2021-05-14,1.0945,1.0961,1.0932,1.0949,34508
2021-05-17,1.0939,1.0978,1.0935,1.0974,34423
2021-05-18,1.0974,1.0982,1.0952,1.0968,31610
2021-05-19,1.0968,1.1028,1.0961,1.1000,39932
2021-05-20,1.0997,1.1021,1.0969,1.0969,29384
2021-05-21,1.0969,1.0977,1.0933,1.0934,36385
2021-05-24,1.0938,1.0965,1.0928,1.0953,35943
2021-05-25,1.0952,1.0985,1.0948,1.0963,40804
2021-05-26,1.0965,1.0973,1.0939,1.0942,37149
2021-05-27,1.0942,1.0977,1.0934,1.0938,40554
2021-05-28,1.0938,1.0976,1.0931,1.0972,39440
2021-05-31,1.0966,1.0999,1.0956,1.0985,26848
2021-06-01,1.0985,1.1002,1.0955,1.0955,30941
2021-06-02,1.0953,1.0982,1.0953,1.0961,34051
2021-06-03,1.0960,1.0979,1.0956,1.0956,36871
2021-06-04,1.0959,1.0966,1.0934,1.0938,33057
2021-06-07,1.0934,1.0949,1.0912,1.0942,24742
2021-06-08,1.0942,1.0944,1.0910,1.0916,31346
2021-06-09,1.0916,1.0927,1.0905,1.0905,27119
2021-06-10,1.0905,1.0926,1.0890,1.0891,39322
2021-06-11,1.0891,1.0902,1.0872,1.0873,31440
2021-06-14,1.0874,1.0909,1.0870,1.0900,26456
2021-06-15,1.0898,1.0909,1.0887,1.0891,28109
2021-06-16,1.0891,1.0912,1.0883,1.0896,37437
2021-06-17,1.0896,1.0932,1.0890,1.0928,54366
2021-06-18,1.0928,1.0954,1.0913,1.0951,40633
2021-06-21,1.0934,1.0964,1.0933,1.0934,46266
2021-06-22,1.0934,1.0968,1.0933,1.0963,37099
2021-06-23,1.0957,1.0968,1.0949,1.0952,36847
2021-06-24,1.0952,1.0976,1.0947,1.0952,39499
2021-06-25,1.0952,1.0964,1.0942,1.0943,28314
2021-06-28,1.0941,1.0970,1.0941,1.0961,29057
2021-06-29,1.0962,1.0972,1.0952,1.0954,32705
2021-06-30,1.0958,1.0982,1.0951,1.0967,34567
2021-07-01,1.0967,1.0987,1.0959,1.0967,38685
2021-07-02,1.0967,1.0972,1.0921,1.0922,37510
2021-07-05,1.0919,1.0946,1.0919,1.0939,30803
2021-07-06,1.0936,1.0945,1.0922,1.0931,40417
2021-07-07,1.0930,1.0934,1.0910,1.0910,43597
2021-07-08,1.0909,1.0920,1.0825,1.0835,50131
2021-07-09,1.0832,1.0868,1.0823,1.0853,32469
2021-07-12,1.0855,1.0862,1.0845,1.0851,26447
2021-07-13,1.0849,1.0862,1.0818,1.0819,29960
2021-07-14,1.0819,1.0851,1.0813,1.0820,36355
2021-07-15,1.0831,1.0848,1.0804,1.0838,33507
2021-07-16,1.0838,1.0865,1.0828,1.0854,27448
2021-07-19,1.0849,1.0863,1.0826,1.0830,40316
2021-07-20,1.0829,1.0858,1.0821,1.0853,36592
2021-07-21,1.0852,1.0858,1.0820,1.0820,27278
2021-07-22,1.0820,1.0841,1.0813,1.0815,35132
2021-07-23,1.0812,1.0841,1.0811,1.0824,24327
2021-07-26,1.0819,1.0832,1.0806,1.0807,29947
2021-07-27,1.0808,1.0821,1.0797,1.0805,35187
2021-07-28,1.0803,1.0816,1.0777,1.0780,33425
2021-07-29,1.0779,1.0794,1.0765,1.0768,29311
2021-07-30,1.0768,1.0780,1.0742,1.0745,32331
2021-08-02,1.0741,1.0767,1.0737,1.0740,24954
2021-08-03,1.0744,1.0754,1.0721,1.0721,27067
2021-08-04,1.0721,1.0741,1.0720,1.0729,25980
2021-08-05,1.0728,1.0741,1.0721,1.0727,22501
2021-08-06,1.0726,1.0764,1.0717,1.0762,29320
2021-08-09,1.0753,1.0805,1.0745,1.0793,27476
2021-08-10,1.0793,1.0818,1.0787,1.0812,26311
2021-08-11,1.0811,1.0826,1.0806,1.0821,25561
2021-08-12,1.0820,1.0840,1.0812,1.0831,19735
2021-08-13,1.0831,1.0840,1.0795,1.0796,18718
2021-08-16,1.0795,1.0815,1.0736,1.0744,22452
2021-08-17,1.0742,1.0752,1.0700,1.0708,28346
2021-08-18,1.0704,1.0758,1.0702,1.0737,23861
2021-08-19,1.0735,1.0746,1.0696,1.0726,37120
2021-08-20,1.0727,1.0733,1.0700,1.0727,20267
2021-08-23,1.0719,1.0757,1.0715,1.0717,25137
2021-08-24,1.0715,1.0734,1.0700,1.0726,20096
2021-08-25,1.0723,1.0756,1.0719,1.0755,22149
2021-08-26,1.0755,1.0805,1.0733,1.0786,25939
2021-08-27,1.0783,1.0797,1.0741,1.0746,29670
2021-08-30,1.0747,1.0826,1.0740,1.0814,20583
2021-08-31,1.0812,1.0832,1.0782,1.0806,31056
2021-09-01,1.0806,1.0850,1.0801,1.0829,28132
2021-09-02,1.0829,1.0864,1.0829,1.0857,24475
2021-09-03,1.0856,1.0873,1.0848,1.0855,31685
2021-09-06,1.0843,1.0880,1.0838,1.0862,28266
2021-09-07,1.0858,1.0890,1.0845,1.0886,28934
2021-09-08,1.0885,1.0901,1.0864,1.0892,29979
2021-09-09,1.0894,1.0897,1.0834,1.0838,30263
2021-09-10,1.0839,1.0862,1.0832,1.0843,27000
2021-09-13,1.0844,1.0896,1.0838,1.0888,27785
2021-09-14,1.0884,1.0904,1.0854,1.0862,33672
2021-09-15,1.0858,1.0871,1.0839,1.0865,30744
2021-09-16,1.0863,1.0918,1.0851,1.0912,36760
2021-09-17,1.0910,1.0938,1.0899,1.0931,32881
2021-09-20,1.0910,1.0935,1.0875,1.0876,32509
2021-09-21,1.0874,1.0885,1.0815,1.0828,36066
2021-09-22,1.0828,1.0845,1.0813,1.0821,40681
2021-09-23,1.0821,1.0860,1.0813,1.0851,43772
2021-09-24,1.0851,1.0865,1.0821,1.0834,38301
2021-09-27,1.0815,1.0865,1.0815,1.0826,41072
2021-09-28,1.0819,1.0860,1.0817,1.0854,41492
2021-09-29,1.0853,1.0862,1.0821,1.0836,47037
2021-09-30,1.0837,1.0848,1.0783,1.0787,44410
2021-10-01,1.0782,1.0808,1.0772,1.0786,45386
2021-10-04,1.0786,1.0802,1.0733,1.0744,35989
2021-10-05,1.0743,1.0768,1.0737,1.0762,30759
2021-10-06,1.0759,1.0772,1.0708,1.0715,36352
2021-10-07,1.0713,1.0735,1.0702,1.0724,27401
2021-10-08,1.0721,1.0752,1.0712,1.0730,36901
2021-10-11,1.0720,1.0747,1.0709,1.0716,28566
2021-10-12,1.0715,1.0741,1.0709,1.0730,29347
2021-10-13,1.0730,1.0739,1.0709,1.0712,34253
2021-10-14,1.0710,1.0719,1.0680,1.0708,28763
2021-10-15,1.0704,1.0739,1.0691,1.0705,32210
2021-10-18,1.0705,1.0736,1.0703,1.0723,35294
2021-10-19,1.0721,1.0740,1.0710,1.0737,33935
2021-10-20,1.0736,1.0766,1.0705,1.0708,30211
2021-10-21,1.0704,1.0718,1.0671,1.0673,30782
2021-10-22,1.0671,1.0682,1.0658,1.0666,29493
2021-10-25,1.0657,1.0692,1.0657,1.0679,30801
2021-10-26,1.0678,1.0703,1.0654,1.0667,26062
2021-10-27,1.0667,1.0676,1.0636,1.0652,34980
2021-10-28,1.0651,1.0671,1.0632,1.0654,42095
2021-10-29,1.0653,1.0656,1.0569,1.0580,41349
2021-11-01,1.0578,1.0604,1.0545,1.0551,35356
2021-11-02,1.0548,1.0604,1.0547,1.0591,30188
2021-11-03,1.0587,1.0594,1.0552,1.0588,38076
2021-11-04,1.0585,1.0590,1.0531,1.0543,34936
2021-11-05,1.0543,1.0576,1.0534,1.0550,35468
2021-11-08,1.0536,1.0598,1.0536,1.0585,31158
2021-11-09,1.0579,1.0597,1.0553,1.0561,32700
2021-11-10,1.0558,1.0571,1.0537,1.0540,46139
2021-11-11,1.0537,1.0575,1.0535,1.0547,30876
2021-11-12,1.0545,1.0571,1.0536,1.0540,28332
2021-11-15,1.0534,1.0543,1.0511,1.0516,31343
2021-11-16,1.0515,1.0550,1.0504,1.0527,41485
2021-11-17,1.0524,1.0544,1.0503,1.0505,37631
2021-11-18,1.0508,1.0526,1.0497,1.0525,34593
2021-11-19,1.0523,1.0529,1.0447,1.0480,50295
2021-11-22,1.0474,1.0485,1.0448,1.0478,43949
2021-11-23,1.0483,1.0513,1.0438,1.0498,43306
2021-11-24,1.0494,1.0504,1.0456,1.0461,42052
2021-11-25,1.0457,1.0494,1.0453,1.0489,37059
2021-11-26,1.0487,1.0489,1.0428,1.0462,70000
2021-11-29,1.0422,1.0451,1.0415,1.0422,43236
2021-11-30,1.0422,1.0443,1.0390,1.0413,63358
2021-12-01,1.0413,1.0434,1.0405,1.0411,44334
2021-12-02,1.0419,1.0436,1.0399,1.0402,41575
2021-12-03,1.0399,1.0408,1.0376,1.0380,41937
2021-12-06,1.0375,1.0450,1.0367,1.0444,31597
2021-12-07,1.0444,1.0447,1.0402,1.0421,33568
2021-12-08,1.0420,1.0455,1.0409,1.0440,34040
2021-12-09,1.0439,1.0454,1.0420,1.0431,33025
2021-12-10,1.0429,1.0447,1.0409,1.0419,35601
2021-12-13,1.0406,1.0430,1.0402,1.0412,26992
2021-12-14,1.0412,1.0417,1.0389,1.0398,31589
2021-12-15,1.0397,1.0442,1.0391,1.0435,39062
2021-12-16,1.0435,1.0467,1.0409,1.0416,43451
2021-12-17,1.0413,1.0419,1.0384,1.0385,34667
2021-12-20,1.0384,1.0413,1.0379,1.0385,30971
2021-12-21,1.0389,1.0427,1.0379,1.0421,31111
2021-12-22,1.0420,1.0434,1.0412,1.0417,28892
2021-12-23,1.0417,1.0432,1.0392,1.0401,27733
2021-12-24,1.0393,1.0411,1.0385,1.0403,58199
2021-12-27,1.0387,1.0411,1.0387,1.0392,19992
2021-12-28,1.0392,1.0394,1.0369,1.0376,22786
2021-12-29,1.0376,1.0383,1.0362,1.0376,31595
2021-12-30,1.0376,1.0384,1.0343,1.0343,30629
2021-12-31,1.0348,1.0379,1.0326,1.0377,28613
2022-01-03,1.0365,1.0392,1.0349,1.0383,29399
2022-01-04,1.0379,1.0383,1.0335,1.0339,32989
2022-01-05,1.0339,1.0390,1.0333,1.0374,31155
2022-01-06,1.0370,1.0411,1.0366,1.0402,36336
2022-01-07,1.0400,1.0451,1.0396,1.0431,28045
2022-01-10,1.0429,1.0504,1.0425,1.0499,32249
2022-01-11,1.0497,1.0512,1.0485,1.0495,30169
2022-01-12,1.0492,1.0506,1.0437,1.0458,34809
2022-01-13,1.0459,1.0487,1.0424,1.0434,36459
2022-01-14,1.0433,1.0448,1.0418,1.0431,34837
2022-01-17,1.0417,1.0445,1.0417,1.0425,22847
2022-01-18,1.0423,1.0439,1.0381,1.0385,37138
2022-01-19,1.0390,1.0403,1.0375,1.0392,31224
2022-01-20,1.0392,1.0395,1.0372,1.0374,32299
2022-01-21,1.0373,1.0380,1.0335,1.0344,35625
2022-01-24,1.0331,1.0359,1.0300,1.0347,38066
2022-01-25,1.0347,1.0385,1.0322,1.0378,42290
2022-01-26,1.0376,1.0399,1.0328,1.0386,47016
2022-01-27,1.0384,1.0397,1.0368,1.0376,58515
2022-01-28,1.0373,1.0391,1.0359,1.0378,50216
2022-01-31,1.0372,1.0441,1.0372,1.0412,49552
2022-02-01,1.0412,1.0413,1.0363,1.0379,45570
2022-02-02,1.0379,1.0406,1.0373,1.0384,42301
2022-02-03,1.0380,1.0542,1.0374,1.0525,60710
2022-02-04,1.0518,1.0602,1.0515,1.0597,49444
2022-02-07,1.0589,1.0605,1.0550,1.0567,33233
2022-02-08,1.0564,1.0571,1.0529,1.0553,31702
2022-02-09,1.0558,1.0567,1.0543,1.0556,26533
2022-02-10,1.0552,1.0612,1.0551,1.0573,44576
2022-02-11,1.0558,1.0575,1.0482,1.0489,45173
2022-02-14,1.0479,1.0514,1.0437,1.0455,47234
2022-02-15,1.0449,1.0530,1.0440,1.0512,39448
2022-02-16,1.0508,1.0549,1.0483,1.0490,36406
2022-02-17,1.0487,1.0495,1.0447,1.0454,55682
2022-02-18,1.0454,1.0482,1.0426,1.0431,42718
2022-02-21,1.0424,1.0466,1.0355,1.0361,38729
2022-02-22,1.0356,1.0461,1.0338,1.0437,55067
2022-02-23,1.0426,1.0460,1.0376,1.0380,35139
2022-02-24,1.0378,1.0382,1.0279,1.0357,109605
2022-02-25,1.0357,1.0448,1.0332,1.0430,68404
2022-02-28,1.0304,1.0380,1.0275,1.0286,93811
2022-03-01,1.0285,1.0298,1.0199,1.0219,72234
2022-03-02,1.0218,1.0263,1.0159,1.0230,77201
2022-03-03,1.0228,1.0237,1.0150,1.0151,60165
2022-03-04,1.0152,1.0158,1.0018,1.0024,86358
