time,open,high,low,close,volume
2012-12-04,0.8112,0.8138,0.8099,0.8131,79146
2012-12-05,0.8131,0.8147,0.8111,0.8120,53962
2012-12-06,0.8120,0.8124,0.8065,0.8076,80436
2012-12-07,0.8076,0.8080,0.8045,0.8057,77079
2012-12-10,0.8044,0.8058,0.8034,0.8048,71251
2012-12-11,0.8048,0.8077,0.8042,0.8071,73854
2012-12-12,0.8071,0.8100,0.8060,0.8098,77032
2012-12-13,0.8098,0.8119,0.8088,0.8114,77208
2012-12-14,0.8114,0.8144,0.8096,0.8136,77812
2012-12-17,0.8147,0.8148,0.8111,0.8122,77062
2012-12-18,0.8123,0.8145,0.8116,0.8138,74433
2012-12-19,0.8138,0.8168,0.8116,0.8121,83216
2012-12-20,0.8122,0.8161,0.8122,0.8136,80456
2012-12-21,0.8136,0.8154,0.8114,0.8151,85958
2012-12-24,0.8154,0.8184,0.8147,0.8174,52276
2012-12-26,0.8176,0.8208,0.8173,0.8194,48518
2012-12-27,0.8194,0.8224,0.8184,0.8217,78117
2012-12-28,0.8218,0.8225,0.8166,0.8174,72641
2012-12-31,0.8174,0.8185,0.8103,0.8124,60351
2013-01-01,0.8119,0.8129,0.8115,0.8122,859
2013-01-02,0.8122,0.8151,0.8104,0.8113,98721
2013-01-03,0.8114,0.8120,0.8085,0.8103,89024
2013-01-04,0.8103,0.8142,0.8096,0.8130,89482
2013-01-07,0.8134,0.8149,0.8104,0.8137,90890
2013-01-08,0.8137,0.8161,0.8135,0.8144,90134
2013-01-09,0.8144,0.8162,0.8133,0.8149,89855
2013-01-10,0.8150,0.8212,0.8143,0.8206,96693
2013-01-11,0.8206,0.8286,0.8203,0.8270,93637
2013-01-14,0.8285,0.8325,0.8279,0.8321,94213
2013-01-15,0.8321,0.8324,0.8265,0.8278,102576
2013-01-16,0.8278,0.8318,0.8264,0.8305,97238
2013-01-17,0.8305,0.8365,0.8298,0.8359,99574
2013-01-18,0.8359,0.8396,0.8354,0.8391,94455
2013-01-21,0.8396,0.8420,0.8377,0.8407,78552
2013-01-22,0.8407,0.8440,0.8363,0.8409,95620
2013-01-23,0.8409,0.8420,0.8378,0.8406,90239
2013-01-24,0.8406,0.8480,0.8390,0.8471,91844
2013-01-25,0.8471,0.8536,0.8461,0.8517,97375
2013-01-28,0.8531,0.8586,0.8526,0.8568,93369
2013-01-29,0.8568,0.8569,0.8527,0.8557,92990
2013-01-30,0.8557,0.8606,0.8556,0.8589,93529
2013-01-31,0.8589,0.8591,0.8552,0.8566,93443
2013-02-01,0.8565,0.8716,0.8564,0.8690,102228
2013-02-04,0.8690,0.8692,0.8567,0.8572,94112
2013-02-05,0.8572,0.8687,0.8552,0.8671,100587
2013-02-06,0.8672,0.8680,0.8615,0.8629,98138
2013-02-07,0.8629,0.8661,0.8515,0.8522,101692
2013-02-08,0.8522,0.8532,0.8446,0.8452,92931
2013-02-11,0.8466,0.8573,0.8456,0.8563,88917
2013-02-12,0.8562,0.8630,0.8540,0.8579,94288
2013-02-13,0.8579,0.8683,0.8570,0.8654,91570
2013-02-14,0.8655,0.8666,0.8585,0.8619,95496
2013-02-15,0.8619,0.8632,0.8573,0.8606,92435
2013-02-18,0.8612,0.8648,0.8602,0.8630,78133
2013-02-19,0.8630,0.8685,0.8600,0.8678,84933
2013-02-20,0.8678,0.8764,0.8675,0.8719,96561
2013-02-21,0.8719,0.8758,0.8629,0.8648,103170
2013-02-22,0.8648,0.8699,0.8604,0.8697,90499
2013-02-25,0.8731,0.8815,0.8601,0.8610,116911
2013-02-26,0.8610,0.8647,0.8575,0.8634,115036
2013-02-27,0.8634,0.8679,0.8622,0.8662,112607
2013-02-28,0.8662,0.8676,0.8600,0.8613,102321
2013-03-01,0.8613,0.8684,0.8608,0.8656,100078
2013-03-04,0.8657,0.8664,0.8613,0.8616,13252
2013-03-05,0.8617,0.8635,0.8589,0.8623,14721
2013-03-06,0.8622,0.8668,0.8618,0.8659,25401
2013-03-07,0.8659,0.8732,0.8636,0.8728,43814
2013-03-08,0.8729,0.8742,0.8676,0.8709,33436
2013-03-11,0.8712,0.8748,0.8703,0.8741,30684
2013-03-12,0.8741,0.8793,0.8718,0.8744,40184
2013-03-13,0.8744,0.8745,0.8663,0.8683,41045
2013-03-14,0.8683,0.8684,0.8611,0.8626,43244
2013-03-15,0.8626,0.8659,0.8602,0.8649,41221
2013-03-18,0.8541,0.8591,0.8531,0.8574,48878
2013-03-19,0.8574,0.8586,0.8505,0.8519,52073
2013-03-20,0.8519,0.8601,0.8519,0.8569,52668
2013-03-21,0.8569,0.8573,0.8489,0.8500,51787
2013-03-22,0.8500,0.8545,0.8484,0.8526,45003
2013-03-25,0.8514,0.8561,0.8458,0.8473,51927
2013-03-26,0.8473,0.8498,0.8459,0.8482,41880
2013-03-27,0.8482,0.8485,0.8436,0.8446,46109
2013-03-28,0.8446,0.8476,0.8415,0.8435,44897
2013-03-29,0.8435,0.8443,0.8424,0.8427,30174
2013-04-01,0.8429,0.8445,0.8410,0.8433,25542
2013-04-02,0.8433,0.8494,0.8425,0.8488,40653
2013-04-03,0.8488,0.8494,0.8468,0.8486,39998
2013-04-04,0.8486,0.8521,0.8435,0.8491,50792
2013-04-05,0.8490,0.8515,0.8468,0.8471,48136
2013-04-08,0.8474,0.8532,0.8463,0.8527,43771
2013-04-09,0.8527,0.8559,0.8507,0.8538,49763
2013-04-10,0.8538,0.8560,0.8518,0.8524,41896
2013-04-11,0.8524,0.8535,0.8504,0.8518,44244
2013-04-12,0.8518,0.8548,0.8489,0.8543,43962
2013-04-15,0.8540,0.8549,0.8514,0.8530,52479
2013-04-16,0.8530,0.8597,0.8522,0.8576,55413
2013-04-17,0.8576,0.8636,0.8533,0.8550,55682
2013-04-18,0.8550,0.8573,0.8529,0.8539,51356
2013-04-19,0.8539,0.8582,0.8503,0.8567,43801
2013-04-22,0.8579,0.8589,0.8540,0.8542,59790
2013-04-23,0.8543,0.8568,0.8510,0.8532,48831
2013-04-24,0.8532,0.8538,0.8497,0.8524,44517
2013-04-25,0.8523,0.8532,0.8409,0.8428,51434
2013-04-26,0.8428,0.8447,0.8397,0.8417,47839
2013-04-29,0.8433,0.8457,0.8404,0.8449,42305
2013-04-30,0.8449,0.8485,0.8425,0.8474,44555
2013-05-01,0.8474,0.8497,0.8460,0.8474,37776
2013-05-02,0.8474,0.8482,0.8404,0.8409,44814
2013-05-03,0.8409,0.8449,0.8406,0.8418,40386
2013-05-06,0.8424,0.8437,0.8400,0.8411,29115
2013-05-07,0.8412,0.8466,0.8409,0.8447,37139
2013-05-08,0.8447,0.8488,0.8442,0.8467,40843
2013-05-09,0.8467,0.8473,0.8430,0.8444,45609
2013-05-10,0.8444,0.8460,0.8430,0.8453,49670
2013-05-13,0.8450,0.8493,0.8431,0.8483,47128
2013-05-14,0.8483,0.8516,0.8474,0.8497,51138
2013-05-15,0.8497,0.8500,0.8436,0.8459,53786
2013-05-16,0.8459,0.8464,0.8421,0.8435,52516
2013-05-17,0.8435,0.8462,0.8430,0.8461,47430
2013-05-20,0.8454,0.8470,0.8440,0.8442,41217
2013-05-21,0.8442,0.8520,0.8440,0.8517,46593
2013-05-22,0.8517,0.8589,0.8516,0.8544,59846
2013-05-23,0.8544,0.8570,0.8532,0.8559,73372
2013-05-24,0.8559,0.8597,0.8535,0.8547,62507
2013-05-27,0.8549,0.8572,0.8535,0.8559,34002
2013-05-28,0.8559,0.8562,0.8542,0.8548,65696
2013-05-29,0.8548,0.8595,0.8540,0.8553,70234
2013-05-30,0.8553,0.8598,0.8545,0.8562,70819
2013-05-31,0.8562,0.8578,0.8528,0.8548,70885
2013-06-03,0.8547,0.8553,0.8502,0.8532,63582
2013-06-04,0.8533,0.8559,0.8522,0.8542,62271
2013-06-05,0.8541,0.8548,0.8491,0.8498,69382
2013-06-06,0.8497,0.8520,0.8477,0.8489,76990
2013-06-07,0.8489,0.8527,0.8480,0.8492,80533
2013-06-10,0.8493,0.8518,0.8485,0.8512,66926
2013-06-11,0.8512,0.8551,0.8501,0.8508,77805
2013-06-12,0.8508,0.8513,0.8469,0.8504,69185
2013-06-13,0.8504,0.8541,0.8476,0.8506,76536
2013-06-14,0.8507,0.8534,0.8489,0.8494,59960
2013-06-17,0.8495,0.8507,0.8476,0.8501,49866
2013-06-18,0.8501,0.8584,0.8499,0.8564,57715
2013-06-19,0.8564,0.8590,0.8543,0.8584,60550
2013-06-20,0.8584,0.8590,0.8517,0.8529,82789
2013-06-21,0.8529,0.8552,0.8505,0.8507,68718
2013-06-24,0.8512,0.8542,0.8482,0.8501,70840
2013-06-25,0.8501,0.8512,0.8471,0.8481,64146
2013-06-26,0.8481,0.8499,0.8469,0.8493,63762
2013-06-27,0.8495,0.8560,0.8490,0.8543,62461
2013-06-28,0.8543,0.8590,0.8540,0.8549,64219
2013-07-01,0.8557,0.8591,0.8547,0.8582,49584
2013-07-02,0.8582,0.8594,0.8555,0.8566,52936
2013-07-03,0.8566,0.8575,0.8482,0.8511,57521
2013-07-04,0.8512,0.8633,0.8510,0.8565,52562
2013-07-05,0.8565,0.8629,0.8564,0.8613,59812
2013-07-08,0.8616,0.8627,0.8604,0.8608,48220
2013-07-09,0.8608,0.8669,0.8586,0.8601,57548
2013-07-10,0.8601,0.8657,0.8575,0.8645,61563
2013-07-11,0.8644,0.8694,0.8611,0.8623,83362
2013-07-12,0.8623,0.8654,0.8613,0.8646,52332
2013-07-15,0.8646,0.8664,0.8631,0.8652,47493
2013-07-16,0.8652,0.8707,0.8642,0.8683,57683
2013-07-17,0.8683,0.8711,0.8615,0.8625,59578
2013-07-18,0.8625,0.8646,0.8600,0.8609,52629
2013-07-19,0.8609,0.8629,0.8590,0.8602,45608
2013-07-22,0.8605,0.8612,0.8582,0.8585,44751
2013-07-23,0.8585,0.8608,0.8582,0.8601,46600
2013-07-24,0.8601,0.8629,0.8587,0.8616,48266
2013-07-25,0.8616,0.8644,0.8588,0.8630,54725
2013-07-26,0.8630,0.8638,0.8606,0.8629,46215
2013-07-29,0.8631,0.8647,0.8621,0.8644,43902
2013-07-30,0.8644,0.8706,0.8642,0.8703,46144
2013-07-31,0.8703,0.8765,0.8701,0.8748,61107
2013-08-01,0.8749,0.8769,0.8681,0.8737,58391
2013-08-02,0.8737,0.8745,0.8677,0.8681,51000
2013-08-05,0.8689,0.8696,0.8631,0.8635,46665
2013-08-06,0.8635,0.8672,0.8619,0.8668,47748
2013-08-07,0.8668,0.8731,0.8578,0.8609,59726
2013-08-08,0.8609,0.8623,0.8593,0.8611,50220
2013-08-09,0.8612,0.8618,0.8596,0.8605,39629
2013-08-12,0.8600,0.8609,0.8580,0.8600,38089
2013-08-13,0.8601,0.8610,0.8535,0.8583,48193
2013-08-14,0.8584,0.8599,0.8528,0.8550,45967
2013-08-15,0.8550,0.8568,0.8505,0.8533,59724
2013-08-16,0.8533,0.8554,0.8523,0.8525,43605
2013-08-19,0.8530,0.8538,0.8512,0.8521,41576
2013-08-20,0.8521,0.8573,0.8518,0.8566,46570
2013-08-21,0.8566,0.8577,0.8509,0.8531,47979
2013-08-22,0.8531,0.8578,0.8529,0.8569,47621
2013-08-23,0.8569,0.8603,0.8542,0.8593,43354
2013-08-26,0.8590,0.8596,0.8577,0.8582,29571
2013-08-27,0.8582,0.8624,0.8581,0.8614,45056
2013-08-28,0.8614,0.8652,0.8572,0.8591,46899
2013-08-29,0.8591,0.8593,0.8529,0.8539,45706
2013-08-30,0.8539,0.8553,0.8519,0.8521,41360
2013-09-02,0.8512,0.8520,0.8472,0.8486,34606
2013-09-03,0.8486,0.8488,0.8446,0.8462,40575
2013-09-04,0.8462,0.8464,0.8426,0.8451,38026
2013-09-05,0.8450,0.8465,0.8408,0.8414,39561
2013-09-06,0.8414,0.8435,0.8392,0.8428,37179
2013-09-09,0.8427,0.8450,0.8410,0.8445,32628
2013-09-10,0.8445,0.8453,0.8423,0.8431,33604
2013-09-11,0.8432,0.8439,0.8383,0.8412,36249
2013-09-12,0.8412,0.8425,0.8393,0.8413,37535
2013-09-13,0.8413,0.8417,0.8356,0.8371,33694
2013-09-16,0.8384,0.8391,0.8371,0.8387,34651
2013-09-17,0.8387,0.8411,0.8379,0.8396,32767
2013-09-18,0.8396,0.8399,0.8352,0.8371,42035
2013-09-19,0.8371,0.8442,0.8371,0.8439,45971
2013-09-20,0.8439,0.8460,0.8421,0.8445,37469
2013-09-23,0.8458,0.8459,0.8403,0.8410,34340
2013-09-24,0.8410,0.8448,0.8410,0.8418,35604
2013-09-25,0.8418,0.8446,0.8398,0.8410,33890
2013-09-26,0.8410,0.8429,0.8394,0.8408,33546
2013-09-27,0.8408,0.8419,0.8362,0.8378,34841
2013-09-30,0.8353,0.8388,0.8341,0.8354,38896
2013-10-01,0.8354,0.8367,0.8333,0.8352,40787
2013-10-02,0.8352,0.8381,0.8334,0.8367,40568
2013-10-03,0.8367,0.8439,0.8366,0.8429,41150
2013-10-04,0.8430,0.8475,0.8422,0.8466,39243
2013-10-07,0.8463,0.8465,0.8429,0.8438,32884
2013-10-08,0.8438,0.8469,0.8425,0.8438,32603
2013-10-09,0.8439,0.8486,0.8429,0.8476,38787
2013-10-10,0.8476,0.8492,0.8464,0.8468,32816
2013-10-11,0.8467,0.8509,0.8461,0.8480,30122
2013-10-14,0.8488,0.8495,0.8479,0.8484,26416
2013-10-15,0.8485,0.8495,0.8445,0.8454,37027
2013-10-16,0.8454,0.8489,0.8430,0.8482,38504
2013-10-17,0.8482,0.8496,0.8449,0.8459,43855
2013-10-18,0.8459,0.8469,0.8441,0.8463,31191
2013-10-21,0.8459,0.8473,0.8450,0.8471,28301
2013-10-22,0.8471,0.8499,0.8468,0.8488,32111
2013-10-23,0.8488,0.8531,0.8484,0.8521,37744
2013-10-24,0.8522,0.8555,0.8507,0.8517,39480
2013-10-25,0.8518,0.8542,0.8504,0.8537,37730
2013-10-28,0.8537,0.8547,0.8519,0.8541,32842
2013-10-29,0.8541,0.8585,0.8540,0.8564,43329
2013-10-30,0.8565,0.8578,0.8557,0.8561,39635
2013-10-31,0.8561,0.8567,0.8461,0.8469,45833
2013-11-01,0.8469,0.8476,0.8445,0.8466,41123
2013-11-04,0.8470,0.8477,0.8452,0.8463,28175
2013-11-05,0.8463,0.8464,0.8392,0.8395,39936
2013-11-06,0.8395,0.8416,0.8378,0.8404,34929
2013-11-07,0.8404,0.8411,0.8300,0.8333,48298
2013-11-08,0.8333,0.8362,0.8323,0.8340,43376
2013-11-11,0.8344,0.8396,0.8339,0.8386,33343
2013-11-12,0.8386,0.8452,0.8377,0.8451,45981
2013-11-13,0.8451,0.8463,0.8376,0.8403,47442
2013-11-14,0.8403,0.8415,0.8361,0.8378,45207
2013-11-15,0.8378,0.8386,0.8358,0.8371,36667
2013-11-18,0.8369,0.8400,0.8361,0.8382,37428
2013-11-19,0.8382,0.8404,0.8378,0.8397,40786
2013-11-20,0.8397,0.8415,0.8325,0.8345,47712
2013-11-21,0.8345,0.8357,0.8320,0.8321,47019
2013-11-22,0.8321,0.8361,0.8316,0.8353,38232
2013-11-25,0.8347,0.8374,0.8341,0.8365,32220
2013-11-26,0.8365,0.8391,0.8361,0.8368,33496
2013-11-27,0.8368,0.8387,0.8330,0.8336,39131
2013-11-28,0.8336,0.8352,0.8313,0.8325,34857
2013-11-29,0.8325,0.8345,0.8297,0.8300,41505
2013-12-02,0.8297,0.8297,0.8252,0.8279,42814
2013-12-03,0.8278,0.8295,0.8258,0.8293,40671
2013-12-04,0.8293,0.8320,0.8273,0.8296,48082
2013-12-05,0.8296,0.8379,0.8292,0.8366,48591
2013-12-06,0.8366,0.8389,0.8347,0.8381,39289
2013-12-09,0.8386,0.8395,0.8360,0.8363,34298
2013-12-10,0.8363,0.8391,0.8350,0.8365,37000
2013-12-11,0.8365,0.8431,0.8363,0.8418,37461
2013-12-12,0.8418,0.8431,0.8391,0.8412,40585
2013-12-13,0.8412,0.8440,0.8407,0.8427,34805
2013-12-16,0.8423,0.8455,0.8415,0.8441,35437
2013-12-17,0.8441,0.8466,0.8431,0.8462,35000
2013-12-18,0.8462,0.8463,0.8343,0.8347,45434
2013-12-19,0.8347,0.8367,0.8334,0.8344,40036
2013-12-20,0.8345,0.8378,0.8330,0.8363,39473
2013-12-23,0.8373,0.8388,0.8355,0.8377,29412
2013-12-24,0.8377,0.8381,0.8344,0.8355,21246
2013-12-26,0.8354,0.8366,0.8329,0.8340,17318
2013-12-27,0.8340,0.8392,0.8336,0.8338,38162
2013-12-30,0.8345,0.8372,0.8329,0.8363,32865
2013-12-31,0.8363,0.8373,0.8309,0.8321,26257
2014-01-01,0.8298,0.8305,0.8297,0.8300,2519
2014-01-02,0.8300,0.8319,0.8270,0.8310,55563
2014-01-03,0.8310,0.8316,0.8273,0.8274,39172
2014-01-06,0.8285,0.8331,0.8279,0.8305,41605
2014-01-07,0.8305,0.8320,0.8292,0.8300,36966
2014-01-08,0.8300,0.8316,0.8242,0.8254,40884
2014-01-09,0.8255,0.8277,0.8230,0.8256,38371
2014-01-10,0.8256,0.8306,0.8256,0.8288,38128
2014-01-13,0.8288,0.8348,0.8284,0.8342,38252
2014-01-14,0.8342,0.8342,0.8307,0.8318,38392
2014-01-15,0.8318,0.8330,0.8286,0.8311,40592
2014-01-16,0.8311,0.8341,0.8308,0.8327,39652
2014-01-17,0.8327,0.8339,0.8234,0.8243,37376
2014-01-20,0.8243,0.8263,0.8233,0.8251,29515
2014-01-21,0.8251,0.8255,0.8214,0.8229,36517
2014-01-22,0.8229,0.8236,0.8168,0.8175,36994
2014-01-23,0.8175,0.8247,0.8172,0.8229,43836
2014-01-24,0.8229,0.8300,0.8209,0.8295,44687
2014-01-27,0.8302,0.8306,0.8237,0.8246,39816
2014-01-28,0.8246,0.8251,0.8222,0.8240,37819
2014-01-29,0.8240,0.8258,0.8220,0.8250,43861
2014-01-30,0.8251,0.8268,0.8215,0.8219,41608
2014-01-31,0.8219,0.8242,0.8188,0.8199,42442
2014-02-03,0.8207,0.8301,0.8202,0.8292,43230
2014-02-04,0.8292,0.8326,0.8266,0.8278,40425
2014-02-05,0.8277,0.8333,0.8266,0.8298,50959
2014-02-06,0.8298,0.8350,0.8280,0.8327,50857
2014-02-07,0.8327,0.8328,0.8288,0.8307,49658
2014-02-10,0.8301,0.8326,0.8295,0.8316,32874
2014-02-11,0.8316,0.8337,0.8286,0.8290,38660
2014-02-12,0.8289,0.8299,0.8181,0.8184,42218
2014-02-13,0.8184,0.8226,0.8180,0.8212,42003
2014-02-14,0.8212,0.8227,0.8174,0.8175,37068
2014-02-17,0.8175,0.8209,0.8157,0.8199,32648
2014-02-18,0.8199,0.8249,0.8190,0.8249,40016
2014-02-19,0.8249,0.8261,0.8221,0.8233,37548
2014-02-20,0.8233,0.8253,0.8215,0.8238,40130
2014-02-21,0.8238,0.8268,0.8216,0.8268,36768
2014-02-24,0.8260,0.8286,0.8240,0.8245,37129
2014-02-25,0.8245,0.8256,0.8225,0.8241,37365
2014-02-26,0.8241,0.8251,0.8208,0.8210,37136
2014-02-27,0.8210,0.8223,0.8198,0.8214,38907
2014-02-28,0.8214,0.8267,0.8191,0.8243,43580
2014-03-03,0.8232,0.8250,0.8223,0.8243,36465
2014-03-04,0.8243,0.8260,0.8227,0.8247,33248
2014-03-05,0.8247,0.8247,0.8204,0.8214,35890
2014-03-06,0.8214,0.8287,0.8206,0.8280,41054
2014-03-07,0.8280,0.8301,0.8274,0.8299,47439
2014-03-10,0.8297,0.8350,0.8292,0.8336,53676
2014-03-11,0.8336,0.8347,0.8321,0.8337,53245
2014-03-12,0.8337,0.8374,0.8325,0.8363,61324
2014-03-13,0.8363,0.8378,0.8330,0.8342,81024
2014-03-14,0.8342,0.8380,0.8335,0.8356,72865
2014-03-17,0.8359,0.8377,0.8341,0.8370,50362
2014-03-18,0.8370,0.8400,0.8361,0.8394,63713
2014-03-19,0.8394,0.8396,0.8355,0.8359,75011
2014-03-20,0.8359,0.8368,0.8328,0.8347,66770
2014-03-21,0.8347,0.8371,0.8343,0.8364,51103
2014-03-24,0.8365,0.8391,0.8344,0.8388,60026
2014-03-25,0.8388,0.8393,0.8334,0.8362,71154
2014-03-26,0.8361,0.8363,0.8310,0.8314,65546
2014-03-27,0.8314,0.8322,0.8263,0.8275,71326
2014-03-28,0.8275,0.8282,0.8246,0.8264,58903
2014-03-31,0.8262,0.8297,0.8249,0.8265,70951
2014-04-01,0.8265,0.8307,0.8262,0.8293,55489
2014-04-02,0.8293,0.8309,0.8271,0.8280,52466
2014-04-03,0.8280,0.8314,0.8261,0.8266,67004
2014-04-04,0.8266,0.8277,0.8250,0.8264,61116
2014-04-07,0.8266,0.8285,0.8261,0.8273,38416
2014-04-08,0.8273,0.8275,0.8233,0.8236,58293
2014-04-09,0.8236,0.8256,0.8231,0.8250,60991
2014-04-10,0.8250,0.8279,0.8240,0.8274,43617
2014-04-11,0.8274,0.8310,0.8273,0.8298,39060
2014-04-14,0.8278,0.8284,0.8252,0.8262,39542
2014-04-15,0.8261,0.8283,0.8245,0.8256,40971
2014-04-16,0.8257,0.8268,0.8220,0.8225,43168
2014-04-17,0.8225,0.8247,0.8215,0.8225,36435
2014-04-18,0.8225,0.8238,0.8219,0.8221,17302
2014-04-21,0.8223,0.8230,0.8209,0.8214,18611
2014-04-22,0.8214,0.8216,0.8198,0.8205,34984
2014-04-23,0.8205,0.8246,0.8201,0.8234,39796
2014-04-24,0.8234,0.8244,0.8220,0.8232,36987
2014-04-25,0.8232,0.8241,0.8222,0.8232,31166
2014-04-28,0.8234,0.8243,0.8217,0.8240,39286
2014-04-29,0.8240,0.8259,0.8201,0.8208,41107
2014-04-30,0.8208,0.8234,0.8196,0.8216,47195
2014-05-01,0.8215,0.8228,0.8203,0.8210,31435
2014-05-02,0.8210,0.8225,0.8200,0.8219,47071
2014-05-05,0.8220,0.8233,0.8214,0.8225,23530
2014-05-06,0.8225,0.8226,0.8194,0.8204,42594
2014-05-07,0.8204,0.8214,0.8193,0.8204,48829
2014-05-08,0.8204,0.8248,0.8168,0.8173,58591
2014-05-09,0.8173,0.8183,0.8161,0.8162,43466
2014-05-12,0.8165,0.8168,0.8143,0.8156,33337
2014-05-13,0.8156,0.8173,0.8135,0.8143,46991
2014-05-14,0.8143,0.8183,0.8126,0.8179,41681
2014-05-15,0.8179,0.8183,0.8144,0.8165,37706
2014-05-16,0.8165,0.8171,0.8139,0.8143,39539
2014-05-19,0.8142,0.8158,0.8140,0.8152,44763
2014-05-20,0.8152,0.8156,0.8119,0.8135,44649
2014-05-21,0.8135,0.8144,0.8085,0.8098,52569
2014-05-22,0.8098,0.8112,0.8086,0.8095,41163
2014-05-23,0.8095,0.8104,0.8082,0.8095,41443
2014-05-26,0.8093,0.8105,0.8085,0.8101,20711
2014-05-27,0.8101,0.8117,0.8086,0.8110,28593
2014-05-28,0.8110,0.8143,0.8105,0.8133,29669
2014-05-29,0.8133,0.8152,0.8128,0.8136,27921
2014-05-30,0.8136,0.8139,0.8120,0.8136,29401
2014-06-02,0.8133,0.8143,0.8115,0.8119,35316
2014-06-03,0.8119,0.8148,0.8106,0.8135,37245
2014-06-04,0.8135,0.8149,0.8120,0.8125,37303
2014-06-05,0.8125,0.8140,0.8064,0.8125,48019
2014-06-06,0.8125,0.8129,0.8101,0.8117,38174
2014-06-09,0.8118,0.8122,0.8088,0.8089,30643
2014-06-10,0.8089,0.8094,0.8064,0.8084,37161
2014-06-11,0.8084,0.8086,0.8052,0.8060,36671
2014-06-12,0.8060,0.8064,0.8000,0.8004,40317
2014-06-13,0.8004,0.8007,0.7972,0.7979,38189
2014-06-16,0.7975,0.7994,0.7959,0.7993,34267
2014-06-17,0.7993,0.8008,0.7981,0.7985,35748
2014-06-18,0.7985,0.8016,0.7969,0.7996,41014
2014-06-19,0.7996,0.8025,0.7983,0.7985,41500
2014-06-20,0.7985,0.7996,0.7969,0.7992,34165
2014-06-23,0.7987,0.7997,0.7977,0.7989,32378
2014-06-24,0.7988,0.8024,0.7984,0.8009,36874
2014-06-25,0.8009,0.8034,0.8008,0.8026,33326
2014-06-26,0.8026,0.8031,0.7982,0.7994,35799
2014-06-27,0.7994,0.8018,0.7992,0.8007,31425
2014-06-30,0.8010,0.8027,0.7997,0.8002,37988
2014-07-01,0.8002,0.8006,0.7971,0.7975,41709
2014-07-02,0.7975,0.7979,0.7949,0.7955,39914
2014-07-03,0.7955,0.7972,0.7930,0.7934,47553
2014-07-04,0.7934,0.7935,0.7919,0.7922,35998
2014-07-07,0.7919,0.7947,0.7915,0.7942,40861
2014-07-08,0.7942,0.7960,0.7926,0.7945,41859
2014-07-09,0.7945,0.7963,0.7943,0.7950,43802
2014-07-10,0.7950,0.7968,0.7934,0.7942,44825
2014-07-11,0.7942,0.7959,0.7936,0.7944,43748
2014-07-14,0.7946,0.7980,0.7943,0.7972,50982
2014-07-15,0.7972,0.7981,0.7911,0.7914,57378
2014-07-16,0.7914,0.7918,0.7890,0.7891,28757
2014-07-17,0.7891,0.7914,0.7888,0.7909,29576
2014-07-18,0.7909,0.7933,0.7903,0.7916,30492
2014-07-21,0.7918,0.7928,0.7912,0.7919,28662
2014-07-22,0.7919,0.7922,0.7888,0.7891,42716
2014-07-23,0.7891,0.7910,0.7874,0.7899,45057
2014-07-24,0.7899,0.7939,0.7888,0.7924,44539
2014-07-25,0.7924,0.7933,0.7903,0.7908,41261
2014-07-28,0.7910,0.7917,0.7904,0.7913,31851
2014-07-29,0.7913,0.7926,0.7907,0.7913,39681
2014-07-30,0.7913,0.7921,0.7905,0.7919,43044
2014-07-31,0.7920,0.7942,0.7914,0.7928,35665
2014-08-01,0.7928,0.7985,0.7925,0.7982,41443
2014-08-04,0.7980,0.7984,0.7958,0.7960,31086
2014-08-05,0.7960,0.7964,0.7918,0.7920,39189
2014-08-06,0.7920,0.7945,0.7916,0.7941,44772
2014-08-07,0.7941,0.7956,0.7924,0.7937,45121
2014-08-08,0.7937,0.7997,0.7936,0.7995,48416
2014-08-11,0.7992,0.7993,0.7970,0.7973,30416
2014-08-12,0.7973,0.7980,0.7944,0.7951,32940
2014-08-13,0.7952,0.8019,0.7919,0.8007,45453
2014-08-14,0.8007,0.8036,0.8000,0.8009,39283
2014-08-15,0.8009,0.8032,0.8004,0.8023,38540
2014-08-18,0.8011,0.8012,0.7983,0.7988,26546
2014-08-19,0.7988,0.8027,0.7982,0.8014,38441
2014-08-20,0.8014,0.8016,0.7969,0.7989,44937
2014-08-21,0.7989,0.8011,0.7986,0.8011,36041
2014-08-22,0.8011,0.8016,0.7978,0.7993,38493
2014-08-25,0.7972,0.7978,0.7952,0.7960,34207
2014-08-26,0.7960,0.7967,0.7955,0.7960,41074
2014-08-27,0.7960,0.7964,0.7938,0.7960,43562
2014-08-28,0.7960,0.7966,0.7937,0.7947,55501
2014-08-29,0.7947,0.7958,0.7909,0.7911,61403
2014-09-01,0.7914,0.7917,0.7891,0.7903,30105
2014-09-02,0.7903,0.7975,0.7902,0.7974,46097
2014-09-03,0.7974,0.7996,0.7965,0.7988,46829
2014-09-04,0.7988,0.7993,0.7903,0.7928,61728
2014-09-05,0.7928,0.7957,0.7921,0.7932,50253
2014-09-08,0.8001,0.8037,0.7978,0.8015,59087
2014-09-09,0.8016,0.8037,0.7978,0.8035,63291
2014-09-10,0.8035,0.8066,0.7953,0.7971,62609
2014-09-11,0.7971,0.7978,0.7940,0.7941,58347
2014-09-12,0.7941,0.7982,0.7941,0.7965,58916
2014-09-15,0.7970,0.7984,0.7945,0.7974,50614
2014-09-16,0.7975,0.8009,0.7957,0.7964,63389
2014-09-17,0.7964,0.7970,0.7891,0.7900,71387
2014-09-18,0.7900,0.7915,0.7847,0.7857,75193
2014-09-19,0.7857,0.7879,0.7810,0.7875,92234
2014-09-22,0.7873,0.7874,0.7844,0.7852,117146
2014-09-23,0.7852,0.7890,0.7837,0.7839,57081
2014-09-24,0.7839,0.7851,0.7812,0.7822,54311
2014-09-25,0.7821,0.7830,0.7785,0.7814,66406
2014-09-26,0.7814,0.7823,0.7800,0.7803,54564
2014-09-29,0.7808,0.7829,0.7800,0.7812,56989
2014-09-30,0.7812,0.7818,0.7766,0.7790,68813
2014-10-01,0.7790,0.7800,0.7767,0.7797,65856
2014-10-02,0.7797,0.7858,0.7790,0.7845,77597
2014-10-03,0.7845,0.7861,0.7821,0.7835,59889
2014-10-06,0.7835,0.7874,0.7829,0.7868,51282
2014-10-07,0.7869,0.7874,0.7837,0.7867,73842
2014-10-08,0.7867,0.7900,0.7859,0.7878,77088
2014-10-09,0.7878,0.7895,0.7855,0.7872,78071
2014-10-10,0.7872,0.7895,0.7850,0.7854,66038
2014-10-13,0.7858,0.7934,0.7853,0.7926,61918
2014-10-14,0.7926,0.7961,0.7906,0.7958,72648
2014-10-15,0.7958,0.8046,0.7936,0.8009,108222
2014-10-16,0.8009,0.8028,0.7947,0.7965,96973
2014-10-17,0.7965,0.7981,0.7924,0.7928,64650
2014-10-20,0.7924,0.7930,0.7903,0.7917,58466
2014-10-21,0.7917,0.7941,0.7877,0.7886,70685
2014-10-22,0.7886,0.7925,0.7872,0.7881,69026
2014-10-23,0.7881,0.7916,0.7870,0.7888,66231
2014-10-24,0.7888,0.7900,0.7870,0.7873,64104
2014-10-27,0.7875,0.7893,0.7861,0.7878,62285
2014-10-28,0.7879,0.7900,0.7872,0.7892,62475
2014-10-29,0.7893,0.7911,0.7886,0.7891,65310
2014-10-30,0.7891,0.7904,0.7860,0.7880,75014
2014-10-31,0.7880,0.7883,0.7823,0.7826,82758
2014-11-03,0.7829,0.7835,0.7798,0.7817,74999
2014-11-04,0.7817,0.7853,0.7812,0.7842,63557
2014-11-05,0.7842,0.7863,0.7808,0.7815,78115
2014-11-06,0.7815,0.7863,0.7798,0.7816,86854
2014-11-07,0.7816,0.7857,0.7812,0.7846,71731
2014-11-10,0.7847,0.7862,0.7828,0.7840,57253
2014-11-11,0.7840,0.7847,0.7821,0.7836,68962
2014-11-12,0.7836,0.7889,0.7801,0.7882,87981
2014-11-13,0.7882,0.7946,0.7880,0.7942,69351
2014-11-14,0.7942,0.8000,0.7934,0.7989,81896
2014-11-17,0.7990,0.8002,0.7955,0.7962,73466
2014-11-18,0.7962,0.8022,0.7957,0.8021,60830
2014-11-19,0.8021,0.8038,0.7988,0.8000,58747
2014-11-20,0.7999,0.8027,0.7973,0.7991,62089
2014-11-21,0.7991,0.8002,0.7906,0.7912,59027
2014-11-24,0.7903,0.7934,0.7902,0.7919,54152
2014-11-25,0.7918,0.7943,0.7917,0.7938,53783
2014-11-26,0.7939,0.7949,0.7897,0.7917,60074
2014-11-27,0.7917,0.7942,0.7906,0.7921,49869
2014-11-28,0.7921,0.7970,0.7913,0.7955,62185
2014-12-01,0.7962,0.7976,0.7922,0.7926,60522
2014-12-02,0.7926,0.7940,0.7910,0.7915,50551
2014-12-03,0.7917,0.7920,0.7832,0.7846,49274
2014-12-04,0.7847,0.7922,0.7839,0.7895,55339
2014-12-05,0.7895,0.7922,0.7850,0.7883,54332
2014-12-08,0.7881,0.7901,0.7844,0.7867,63671
2014-12-09,0.7863,0.7930,0.7862,0.7896,70307
2014-12-10,0.7895,0.7923,0.7885,0.7920,68703
2014-12-11,0.7920,0.7954,0.7878,0.7881,69711
2014-12-12,0.7884,0.7940,0.7874,0.7924,64171
2014-12-15,0.7923,0.7972,0.7907,0.7949,67196
2014-12-16,0.7952,0.8006,0.7935,0.7936,74573
2014-12-17,0.7935,0.7954,0.7909,0.7922,72615
2014-12-18,0.7919,0.7926,0.7836,0.7839,65313
2014-12-19,0.7835,0.7858,0.7809,0.7809,62788
2014-12-22,0.7819,0.7859,0.7819,0.7841,167294
2014-12-23,0.7842,0.7868,0.7837,0.7841,164969
2014-12-24,0.7841,0.7866,0.7836,0.7838,135132
2014-12-26,0.7846,0.7847,0.7820,0.7823,98472
2014-12-29,0.7824,0.7853,0.7821,0.7831,74386
2014-12-30,0.7828,0.7844,0.7808,0.7808,52277
2014-12-31,0.7808,0.7817,0.7760,0.7765,42238
2015-01-02,0.7754,0.7832,0.7744,0.7828,60455
2015-01-05,0.7809,0.7849,0.7800,0.7823,84913
2015-01-06,0.7823,0.7874,0.7819,0.7844,78881
2015-01-07,0.7844,0.7853,0.7814,0.7833,82024
2015-01-08,0.7833,0.7855,0.7804,0.7811,74042
2015-01-09,0.7811,0.7823,0.7784,0.7809,80231
2015-01-12,0.7805,0.7830,0.7785,0.7797,72852
2015-01-13,0.7797,0.7829,0.7756,0.7762,79935
2015-01-14,0.7763,0.7781,0.7732,0.7736,83694
2015-01-15,0.7736,0.7746,0.7627,0.7658,108821
2015-01-16,0.7657,0.7672,0.7595,0.7631,108252
2015-01-19,0.7634,0.7683,0.7629,0.7677,49264
2015-01-20,0.7678,0.7692,0.7612,0.7622,35607
2015-01-21,0.7621,0.7712,0.7617,0.7665,42824
2015-01-22,0.7665,0.7676,0.7553,0.7569,49652
2015-01-23,0.7569,0.7582,0.7428,0.7472,52702
2015-01-26,0.7435,0.7505,0.7404,0.7450,43501
2015-01-27,0.7451,0.7511,0.7435,0.7487,55738
2015-01-28,0.7488,0.7496,0.7445,0.7452,55962
2015-01-29,0.7453,0.7527,0.7441,0.7511,41673
2015-01-30,0.7509,0.7536,0.7480,0.7492,43703
2015-02-02,0.7490,0.7564,0.7490,0.7540,71115
2015-02-03,0.7540,0.7592,0.7525,0.7567,75107
2015-02-04,0.7567,0.7574,0.7457,0.7469,71311
2015-02-05,0.7470,0.7510,0.7449,0.7485,78241
2015-02-06,0.7485,0.7490,0.7417,0.7422,66434
2015-02-09,0.7417,0.7459,0.7412,0.7440,67597
2015-02-10,0.7440,0.7445,0.7408,0.7419,69571
2015-02-11,0.7419,0.7447,0.7385,0.7436,64855
2015-02-12,0.7436,0.7455,0.7371,0.7411,74886
2015-02-13,0.7411,0.7433,0.7388,0.7389,62809
2015-02-16,0.7387,0.7427,0.7378,0.7389,66187
2015-02-17,0.7389,0.7443,0.7374,0.7431,72755
2015-02-18,0.7430,0.7435,0.7348,0.7382,72491
2015-02-19,0.7381,0.7409,0.7358,0.7374,68074
2015-02-20,0.7373,0.7428,0.7340,0.7388,76589
2015-02-23,0.7399,0.7405,0.7325,0.7332,64221
2015-02-24,0.7332,0.7349,0.7317,0.7337,67008
2015-02-25,0.7336,0.7345,0.7314,0.7315,64471
2015-02-26,0.7315,0.7326,0.7261,0.7268,68088
2015-02-27,0.7267,0.7297,0.7246,0.7249,70818
2015-03-02,0.7246,0.7301,0.7239,0.7277,63509
2015-03-03,0.7277,0.7288,0.7259,0.7273,59788
2015-03-04,0.7275,0.7281,0.7236,0.7257,63892
2015-03-05,0.7256,0.7286,0.7220,0.7235,69213
2015-03-06,0.7234,0.7238,0.7182,0.7207,71155
2015-03-09,0.7201,0.7219,0.7169,0.7172,58511
2015-03-10,0.7171,0.7180,0.7084,0.7094,80578
2015-03-11,0.7094,0.7105,0.7014,0.7062,87888
2015-03-12,0.7062,0.7146,0.7034,0.7136,84485
2015-03-13,0.7136,0.7171,0.7103,0.7111,77081
2015-03-16,0.7114,0.7164,0.7103,0.7126,80953
2015-03-17,0.7127,0.7216,0.7119,0.7186,69689
2015-03-18,0.7185,0.7291,0.7170,0.7238,77738
2015-03-19,0.7239,0.7276,0.7153,0.7221,96740
2015-03-20,0.7221,0.7265,0.7221,0.7232,80932
2015-03-23,0.7257,0.7331,0.7227,0.7318,89290
2015-03-24,0.7317,0.7371,0.7302,0.7353,80355
2015-03-25,0.7353,0.7384,0.7342,0.7368,67826
2015-03-26,0.7369,0.7384,0.7319,0.7321,84896
2015-03-27,0.7322,0.7341,0.7265,0.7311,80550
2015-03-30,0.7311,0.7339,0.7293,0.7313,72220
2015-03-31,0.7313,0.7321,0.7222,0.7241,64922
2015-04-01,0.7238,0.7298,0.7230,0.7260,72274
2015-04-02,0.7258,0.7350,0.7252,0.7337,67289
2015-04-03,0.7334,0.7379,0.7325,0.7354,46873
2015-04-06,0.7354,0.7378,0.7333,0.7338,35538
2015-04-07,0.7338,0.7350,0.7284,0.7302,69426
2015-04-08,0.7302,0.7314,0.7227,0.7249,80060
2015-04-09,0.7251,0.7277,0.7234,0.7244,76088
2015-04-10,0.7242,0.7259,0.7224,0.7246,73410
2015-04-13,0.7246,0.7270,0.7197,0.7198,75742
2015-04-14,0.7199,0.7234,0.7181,0.7206,80808
2015-04-15,0.7206,0.7217,0.7166,0.7200,84566
2015-04-16,0.7200,0.7230,0.7163,0.7204,90555
2015-04-17,0.7204,0.7229,0.7169,0.7224,84968
2015-04-20,0.7224,0.7232,0.7185,0.7202,74807
2015-04-21,0.7202,0.7210,0.7169,0.7191,95352
2015-04-22,0.7191,0.7206,0.7121,0.7130,111348
2015-04-23,0.7130,0.7198,0.7117,0.7187,112357
2015-04-24,0.7187,0.7212,0.7142,0.7157,113023
2015-04-27,0.7159,0.7171,0.7140,0.7145,97391
2015-04-28,0.7146,0.7171,0.7131,0.7157,110551
2015-04-29,0.7155,0.7224,0.7136,0.7207,126601
2015-04-30,0.7207,0.7335,0.7187,0.7309,156988
2015-05-01,0.7308,0.7419,0.7300,0.7390,110893
2015-05-04,0.7387,0.7397,0.7351,0.7372,66344
2015-05-05,0.7368,0.7383,0.7315,0.7367,21348
2015-05-06,0.7368,0.7449,0.7365,0.7439,57811
2015-05-07,0.7443,0.7483,0.7379,0.7388,18111
2015-05-08,0.7383,0.7388,0.7225,0.7257,24692
2015-05-11,0.7249,0.7256,0.7140,0.7156,56051
2015-05-12,0.7156,0.7226,0.7151,0.7154,96285
2015-05-13,0.7153,0.7227,0.7122,0.7210,70307
2015-05-14,0.7209,0.7244,0.7204,0.7231,87376
2015-05-15,0.7232,0.7282,0.7205,0.7277,76927
2015-05-18,0.7270,0.7283,0.7216,0.7226,48683
2015-05-19,0.7226,0.7231,0.7149,0.7183,110527
2015-05-20,0.7183,0.7189,0.7126,0.7139,114699
2015-05-21,0.7138,0.7166,0.7090,0.7093,102586
2015-05-22,0.7092,0.7162,0.7088,0.7106,99279
2015-05-25,0.7110,0.7111,0.7072,0.7094,60643
2015-05-26,0.7094,0.7098,0.7060,0.7067,102254
2015-05-27,0.7067,0.7113,0.7055,0.7099,98262
2015-05-28,0.7097,0.7151,0.7097,0.7147,102663
2015-05-29,0.7145,0.7201,0.7139,0.7189,91807
2015-06-01,0.7178,0.7196,0.7145,0.7188,104800
2015-06-02,0.7187,0.7304,0.7179,0.7265,130836
2015-06-03,0.7265,0.7357,0.7252,0.7348,87755
2015-06-04,0.7347,0.7385,0.7305,0.7313,37565
2015-06-05,0.7313,0.7359,0.7269,0.7278,150332
2015-06-08,0.7270,0.7363,0.7265,0.7356,127765
2015-06-09,0.7356,0.7389,0.7328,0.7332,140959
2015-06-10,0.7330,0.7364,0.7267,0.7290,155778
2015-06-11,0.7290,0.7315,0.7236,0.7253,120625
2015-06-12,0.7249,0.7257,0.7196,0.7237,40215
2015-06-15,0.7208,0.7247,0.7203,0.7230,83283
2015-06-16,0.7230,0.7250,0.7175,0.7186,110431
2015-06-17,0.7185,0.7212,0.7143,0.7159,132481
2015-06-18,0.7159,0.7200,0.7152,0.7152,134055
2015-06-19,0.7152,0.7173,0.7125,0.7146,101067
2015-06-22,0.7162,0.7210,0.7135,0.7165,107122
2015-06-23,0.7166,0.7179,0.7080,0.7098,127109
2015-06-24,0.7098,0.7144,0.7085,0.7131,116765
2015-06-25,0.7131,0.7148,0.7100,0.7113,104336
2015-06-26,0.7110,0.7126,0.7074,0.7093,98735
2015-06-29,0.7008,0.7167,0.6986,0.7139,165648
2015-06-30,0.7139,0.7142,0.7073,0.7090,132776
2015-07-01,0.7091,0.7128,0.7060,0.7076,122272
2015-07-02,0.7077,0.7118,0.7070,0.7100,110066
2015-07-03,0.7100,0.7133,0.7097,0.7129,97692
2015-07-06,0.7062,0.7121,0.7053,0.7082,127361
2015-07-07,0.7083,0.7140,0.7058,0.7119,147168
2015-07-08,0.7119,0.7223,0.7107,0.7209,140233
2015-07-09,0.7209,0.7222,0.7161,0.7172,124516
2015-07-10,0.7172,0.7223,0.7169,0.7185,132426
2015-07-13,0.7149,0.7201,0.7087,0.7101,129507
2015-07-14,0.7101,0.7137,0.7036,0.7038,129809
2015-07-15,0.7038,0.7068,0.6992,0.6997,129985
2015-07-16,0.6996,0.7010,0.6961,0.6964,125749
2015-07-17,0.6964,0.6989,0.6935,0.6937,105495
2015-07-20,0.6939,0.6976,0.6936,0.6953,101652
2015-07-21,0.6952,0.7045,0.6946,0.7027,148588
2015-07-22,0.7030,0.7036,0.6963,0.6998,221516
2015-07-23,0.6996,0.7102,0.6989,0.7079,154203
2015-07-24,0.7075,0.7092,0.7053,0.7074,117627
2015-07-27,0.7075,0.7160,0.7067,0.7124,143863
2015-07-28,0.7124,0.7130,0.7071,0.7082,130543
2015-07-29,0.7080,0.7099,0.7031,0.7038,138808
2015-07-30,0.7038,0.7041,0.6985,0.7007,134363
2015-07-31,0.7004,0.7098,0.7003,0.7029,152637
2015-08-03,0.7020,0.7042,0.7011,0.7024,133165
2015-08-04,0.7023,0.7045,0.6990,0.6990,143781
2015-08-05,0.6989,0.6998,0.6950,0.6987,151801
2015-08-06,0.6985,0.7046,0.6968,0.7041,131976
2015-08-07,0.7037,0.7095,0.7015,0.7074,127384
2015-08-10,0.7068,0.7097,0.7052,0.7063,100972
2015-08-11,0.7064,0.7117,0.7038,0.7077,124967
2015-08-12,0.7088,0.7170,0.7082,0.7135,133069
2015-08-13,0.7143,0.7156,0.7101,0.7138,115796
2015-08-14,0.7138,0.7158,0.7092,0.7099,107285
2015-08-17,0.7094,0.7114,0.7064,0.7099,112322
2015-08-18,0.7104,0.7116,0.7026,0.7033,111484
2015-08-19,0.7035,0.7096,0.7032,0.7078,142682
2015-08-20,0.7087,0.7164,0.7086,0.7159,135191
2015-08-21,0.7160,0.7259,0.7151,0.7251,154975
2015-08-24,0.7248,0.7422,0.7244,0.7349,247284
2015-08-25,0.7358,0.7363,0.7258,0.7329,205487
2015-08-26,0.7339,0.7364,0.7292,0.7307,202672
2015-08-27,0.7310,0.7334,0.7276,0.7297,180856
2015-08-28,0.7295,0.7354,0.7258,0.7263,160261
2015-08-31,0.7243,0.7322,0.7239,0.7303,126144
2015-09-01,0.7303,0.7395,0.7301,0.7390,163287
2015-09-02,0.7391,0.7394,0.7331,0.7337,146006
2015-09-03,0.7335,0.7375,0.7276,0.7288,131746
2015-09-04,0.7286,0.7351,0.7284,0.7345,125646
2015-09-07,0.7345,0.7357,0.7299,0.7307,111013
2015-09-08,0.7307,0.7330,0.7241,0.7272,125876
2015-09-09,0.7271,0.7298,0.7240,0.7289,122975
2015-09-10,0.7286,0.7319,0.7242,0.7300,146181
2015-09-11,0.7298,0.7356,0.7294,0.7348,121496
2015-09-14,0.7338,0.7359,0.7325,0.7335,104336
2015-09-15,0.7335,0.7357,0.7312,0.7343,109622
2015-09-16,0.7339,0.7359,0.7266,0.7283,111884
2015-09-17,0.7285,0.7339,0.7275,0.7334,127075
2015-09-18,0.7330,0.7341,0.7262,0.7273,131809
2015-09-21,0.7261,0.7285,0.7214,0.7214,111048
2015-09-22,0.7210,0.7257,0.7196,0.7238,117685
2015-09-23,0.7238,0.7346,0.7235,0.7335,124352
2015-09-24,0.7334,0.7411,0.7322,0.7365,134064
2015-09-25,0.7362,0.7397,0.7302,0.7376,136679
2015-09-28,0.7364,0.7410,0.7336,0.7405,131545
2015-09-29,0.7404,0.7436,0.7380,0.7422,143230
2015-09-30,0.7422,0.7430,0.7361,0.7387,134992
2015-10-01,0.7386,0.7399,0.7356,0.7393,123999
2015-10-02,0.7392,0.7442,0.7354,0.7382,141741
2015-10-05,0.7376,0.7423,0.7373,0.7385,140299
2015-10-06,0.7382,0.7408,0.7369,0.7400,119618
2015-10-07,0.7399,0.7404,0.7333,0.7335,125095
2015-10-08,0.7333,0.7378,0.7332,0.7345,124096
2015-10-09,0.7345,0.7430,0.7336,0.7412,126434
2015-10-12,0.7416,0.7425,0.7396,0.7399,105247
2015-10-13,0.7399,0.7493,0.7392,0.7461,124090
2015-10-14,0.7459,0.7474,0.7401,0.7412,119393
2015-10-15,0.7412,0.7424,0.7342,0.7354,118481
2015-10-16,0.7362,0.7369,0.7338,0.7348,100827
2015-10-19,0.7350,0.7372,0.7304,0.7322,105422
2015-10-20,0.7322,0.7356,0.7313,0.7345,98384
2015-10-21,0.7345,0.7373,0.7333,0.7349,98409
2015-10-22,0.7349,0.7358,0.7211,0.7216,123388
2015-10-23,0.7210,0.7231,0.7168,0.7193,128725
2015-10-26,0.7189,0.7211,0.7178,0.7199,102566
2015-10-27,0.7199,0.7227,0.7191,0.7216,103677
2015-10-28,0.7216,0.7250,0.7145,0.7156,117921
2015-10-29,0.7156,0.7192,0.7144,0.7174,115272
2015-10-30,0.7174,0.7199,0.7123,0.7131,117096
2015-11-02,0.7137,0.7164,0.7107,0.7142,98140
2015-11-03,0.7142,0.7147,0.7100,0.7107,105568
2015-11-04,0.7108,0.7113,0.7054,0.7059,114444
2015-11-05,0.7056,0.7160,0.7042,0.7154,122091
2015-11-06,0.7152,0.7197,0.7108,0.7133,121172
2015-11-09,0.7124,0.7154,0.7108,0.7112,121584
2015-11-10,0.7109,0.7127,0.7067,0.7093,121494
2015-11-11,0.7090,0.7104,0.7049,0.7061,116884
2015-11-12,0.7058,0.7110,0.7040,0.7093,141670
2015-11-13,0.7095,0.7100,0.7041,0.7064,128811
2015-11-16,0.7047,0.7079,0.7021,0.7027,115060
2015-11-17,0.7027,0.7033,0.6984,0.6995,119291
2015-11-18,0.6993,0.7020,0.6982,0.6997,119383
2015-11-19,0.6995,0.7026,0.6983,0.7018,125305
2015-11-20,0.7018,0.7021,0.6984,0.7005,115663
2015-11-23,0.7003,0.7035,0.6992,0.7032,129833
2015-11-24,0.7033,0.7079,0.7015,0.7053,128228
2015-11-25,0.7054,0.7079,0.7003,0.7021,134266
2015-11-26,0.7018,0.7043,0.7015,0.7026,107790
2015-11-27,0.7026,0.7051,0.7018,0.7041,109464
2015-11-30,0.7039,0.7051,0.7013,0.7016,111642
2015-12-01,0.7012,0.7051,0.7006,0.7049,122136
2015-12-02,0.7049,0.7110,0.7030,0.7099,132715
2015-12-03,0.7099,0.7251,0.7043,0.7222,177639
2015-12-04,0.7220,0.7236,0.7180,0.7195,171330
2015-12-07,0.7188,0.7211,0.7164,0.7197,124864
2015-12-08,0.7196,0.7279,0.7193,0.7255,131402
2015-12-09,0.7254,0.7274,0.7219,0.7261,150130
2015-12-10,0.7251,0.7261,0.7203,0.7216,124718
2015-12-11,0.7206,0.7251,0.7206,0.7215,126755
2015-12-14,0.7210,0.7301,0.7206,0.7261,133655
2015-12-15,0.7253,0.7301,0.7215,0.7265,130257
2015-12-16,0.7258,0.7306,0.7253,0.7271,149167
2015-12-17,0.7272,0.7296,0.7235,0.7262,128365
2015-12-18,0.7261,0.7297,0.7240,0.7288,128225
2015-12-21,0.7277,0.7346,0.7275,0.7331,101856
2015-12-22,0.7330,0.7416,0.7320,0.7389,94981
2015-12-23,0.7383,0.7389,0.7307,0.7336,81598
2015-12-24,0.7333,0.7371,0.7318,0.7331,56130
2015-12-28,0.7334,0.7381,0.7315,0.7371,67196
2015-12-29,0.7349,0.7408,0.7349,0.7369,79345
2015-12-30,0.7368,0.7388,0.7349,0.7375,80792
2015-12-31,0.7375,0.7384,0.7334,0.7372,68866
2016-01-04,0.7374,0.7424,0.7346,0.7359,138831
2016-01-05,0.7348,0.7364,0.7312,0.7322,117730
2016-01-06,0.7314,0.7379,0.7312,0.7367,145763
2016-01-07,0.7365,0.7483,0.7360,0.7475,158499
2016-01-08,0.7475,0.7525,0.7421,0.7520,158628
2016-01-11,0.7510,0.7554,0.7442,0.7465,149558
2016-01-12,0.7463,0.7548,0.7452,0.7513,147465
2016-01-13,0.7514,0.7550,0.7466,0.7548,143803
2016-01-14,0.7545,0.7607,0.7522,0.7537,153151
2016-01-15,0.7536,0.7694,0.7525,0.7653,164585
2016-01-18,0.7656,0.7663,0.7595,0.7649,131921
2016-01-19,0.7645,0.7713,0.7582,0.7702,156321
2016-01-20,0.7693,0.7755,0.7669,0.7672,171461
2016-01-21,0.7671,0.7742,0.7617,0.7644,186103
2016-01-22,0.7643,0.7648,0.7525,0.7567,152303
2016-01-25,0.7559,0.7618,0.7552,0.7612,149001
2016-01-26,0.7613,0.7664,0.7550,0.7572,156416
2016-01-27,0.7572,0.7666,0.7561,0.7652,168315
2016-01-28,0.7651,0.7662,0.7594,0.7615,155219
2016-01-29,0.7615,0.7649,0.7561,0.7602,186709
2016-02-01,0.7598,0.7623,0.7540,0.7542,145938
2016-02-02,0.7543,0.7616,0.7538,0.7575,148252
2016-02-03,0.7573,0.7615,0.7526,0.7601,181522
2016-02-04,0.7600,0.7702,0.7591,0.7680,192504
2016-02-05,0.7680,0.7716,0.7670,0.7691,160456
2016-02-08,0.7686,0.7766,0.7661,0.7753,161542
2016-02-09,0.7753,0.7851,0.7731,0.7803,202369
2016-02-10,0.7801,0.7818,0.7713,0.7772,188946
2016-02-11,0.7767,0.7897,0.7755,0.7819,212666
2016-02-12,0.7820,0.7828,0.7742,0.7752,181656
2016-02-15,0.7742,0.7760,0.7697,0.7724,140305
2016-02-16,0.7716,0.7812,0.7695,0.7788,157711
2016-02-17,0.7780,0.7845,0.7761,0.7781,155188
2016-02-18,0.7752,0.7816,0.7707,0.7743,159185
2016-02-19,0.7740,0.7793,0.7723,0.7723,151427
2016-02-22,0.7782,0.7843,0.7767,0.7793,163447
2016-02-23,0.7792,0.7864,0.7776,0.7859,162358
2016-02-24,0.7859,0.7924,0.7853,0.7905,180137
2016-02-25,0.7908,0.7928,0.7880,0.7890,164964
2016-02-26,0.7891,0.7922,0.7843,0.7875,168239
2016-02-29,0.7873,0.7897,0.7791,0.7810,165584
2016-03-01,0.7791,0.7821,0.7757,0.7785,165947
2016-03-02,0.7788,0.7813,0.7691,0.7718,160146
2016-03-03,0.7712,0.7749,0.7705,0.7723,152272
2016-03-04,0.7725,0.7772,0.7713,0.7731,152941
2016-03-07,0.7725,0.7749,0.7713,0.7720,123156
2016-03-08,0.7720,0.7792,0.7715,0.7744,130527
2016-03-09,0.7746,0.7756,0.7700,0.7736,129206
2016-03-10,0.7745,0.7847,0.7652,0.7826,162014
2016-03-11,0.7824,0.7847,0.7738,0.7748,137419
2016-03-14,0.7752,0.7769,0.7735,0.7761,120391
2016-03-15,0.7762,0.7861,0.7760,0.7846,130551
2016-03-16,0.7846,0.7885,0.7841,0.7865,145953
2016-03-17,0.7865,0.7911,0.7807,0.7815,154589
2016-03-18,0.7815,0.7829,0.7774,0.7778,101925
2016-03-21,0.7792,0.7837,0.7790,0.7820,105718
2016-03-22,0.7821,0.7906,0.7814,0.7888,128299
2016-03-23,0.7889,0.7933,0.7882,0.7919,100933
2016-03-24,0.7919,0.7946,0.7882,0.7897,100756
2016-03-25,0.7897,0.7910,0.7885,0.7890,43862
2016-03-28,0.7895,0.7902,0.7843,0.7855,63074
2016-03-29,0.7853,0.7872,0.7830,0.7847,132526
2016-03-30,0.7846,0.7886,0.7834,0.7885,139954
2016-03-31,0.7884,0.7944,0.7879,0.7923,135410
2016-04-01,0.7923,0.8020,0.7918,0.8005,144422
2016-04-04,0.8006,0.8016,0.7960,0.7982,116901
2016-04-05,0.7964,0.8054,0.7964,0.8037,129039
2016-04-06,0.8037,0.8105,0.8023,0.8069,137954
2016-04-07,0.8062,0.8117,0.8045,0.8093,145327
2016-04-08,0.8089,0.8094,0.8047,0.8055,123538
2016-04-11,0.8084,0.8089,0.7995,0.8012,123402
2016-04-12,0.8006,0.8028,0.7961,0.7975,134968
2016-04-13,0.7974,0.7984,0.7925,0.7934,126449
2016-04-14,0.7928,0.7981,0.7928,0.7957,117526
2016-04-15,0.7957,0.7976,0.7938,0.7941,105303
2016-04-18,0.7953,0.7993,0.7913,0.7921,111027
2016-04-19,0.7917,0.7925,0.7882,0.7886,110923
2016-04-20,0.7887,0.7915,0.7863,0.7879,119076
2016-04-21,0.7876,0.7898,0.7854,0.7879,127871
2016-04-22,0.7879,0.7885,0.7775,0.7775,120448
2016-04-25,0.7752,0.7811,0.7749,0.7778,111066
2016-04-26,0.7777,0.7782,0.7735,0.7747,114166
2016-04-27,0.7746,0.7793,0.7738,0.7784,119225
2016-04-28,0.7781,0.7803,0.7754,0.7769,131127
2016-04-29,0.7765,0.7842,0.7731,0.7836,130898
2016-05-02,0.7852,0.7865,0.7821,0.7860,103944
2016-05-03,0.7859,0.7920,0.7833,0.7909,139837
2016-05-04,0.7909,0.7947,0.7893,0.7922,132805
2016-05-05,0.7921,0.7925,0.7862,0.7873,110557
2016-05-06,0.7871,0.7918,0.7865,0.7900,122344
2016-05-09,0.7903,0.7927,0.7867,0.7898,114529
2016-05-10,0.7898,0.7904,0.7870,0.7873,112882
2016-05-11,0.7871,0.7919,0.7865,0.7907,107229
2016-05-12,0.7906,0.7919,0.7845,0.7872,120092
2016-05-13,0.7872,0.7883,0.7820,0.7871,120252
2016-05-16,0.7878,0.7893,0.7858,0.7860,95336
2016-05-17,0.7859,0.7861,0.7801,0.7821,118356
2016-05-18,0.7822,0.7831,0.7682,0.7682,138728
2016-05-19,0.7679,0.7703,0.7649,0.7666,132075
2016-05-20,0.7666,0.7743,0.7656,0.7716,102321
2016-05-23,0.7717,0.7754,0.7705,0.7745,106869
2016-05-24,0.7746,0.7750,0.7610,0.7611,120083
2016-05-25,0.7611,0.7639,0.7565,0.7589,117171
2016-05-26,0.7589,0.7634,0.7579,0.7630,116718
2016-05-27,0.7628,0.7644,0.7600,0.7600,114196
2016-05-30,0.7602,0.7632,0.7589,0.7607,76750
2016-05-31,0.7607,0.7696,0.7572,0.7684,135912
2016-06-01,0.7684,0.7767,0.7652,0.7760,141103
2016-06-02,0.7759,0.7775,0.7720,0.7731,132537
2016-06-03,0.7716,0.7833,0.7689,0.7828,144087
2016-06-06,0.7846,0.7905,0.7842,0.7859,148253
2016-06-07,0.7861,0.7864,0.7751,0.7805,125630
2016-06-08,0.7805,0.7859,0.7795,0.7854,117132
2016-06-09,0.7852,0.7878,0.7807,0.7823,123771
2016-06-10,0.7823,0.7931,0.7809,0.7887,135511
2016-06-13,0.7879,0.7986,0.7876,0.7908,155090
2016-06-14,0.7908,0.7972,0.7907,0.7935,153868
2016-06-15,0.7935,0.7967,0.7892,0.7926,144835
2016-06-16,0.7926,0.7994,0.7888,0.7902,164894
2016-06-17,0.7901,0.7908,0.7839,0.7839,146716
2016-06-20,0.7829,0.7834,0.7691,0.7694,157652
2016-06-21,0.7695,0.7744,0.7654,0.7672,148327
2016-06-22,0.7669,0.7717,0.7655,0.7676,129137
2016-06-23,0.7669,0.7707,0.7622,0.7634,148874
2016-06-24,0.7628,0.8314,0.7599,0.8101,283721
2016-06-27,0.8196,0.8379,0.8176,0.8333,239432
2016-06-28,0.8325,0.8343,0.8256,0.8292,170596
2016-06-29,0.8288,0.8320,0.8206,0.8280,166601
2016-06-30,0.8273,0.8382,0.8240,0.8342,190887
2016-07-01,0.8335,0.8406,0.8315,0.8390,146536
2016-07-04,0.8390,0.8399,0.8352,0.8391,103657
2016-07-05,0.8387,0.8547,0.8386,0.8505,151987
2016-07-06,0.8503,0.8627,0.8494,0.8582,186988
2016-07-07,0.8580,0.8613,0.8490,0.8566,159681
2016-07-08,0.8556,0.8585,0.8502,0.8509,137186
2016-07-11,0.8522,0.8579,0.8484,0.8506,137010
2016-07-12,0.8499,0.8523,0.8336,0.8349,172191
2016-07-13,0.8348,0.8450,0.8299,0.8433,168708
2016-07-14,0.8422,0.8469,0.8248,0.8333,175780
2016-07-15,0.8307,0.8417,0.8262,0.8347,167614
2016-07-18,0.8372,0.8378,0.8319,0.8355,129776
2016-07-19,0.8352,0.8427,0.8341,0.8403,135753
2016-07-20,0.8402,0.8424,0.8329,0.8335,129081
2016-07-21,0.8334,0.8382,0.8301,0.8330,148464
2016-07-22,0.8330,0.8419,0.8300,0.8367,138355
2016-07-25,0.8346,0.8382,0.8337,0.8366,116891
2016-07-26,0.8365,0.8426,0.8351,0.8366,124513
2016-07-27,0.8353,0.8412,0.8349,0.8361,138781
2016-07-28,0.8361,0.8450,0.8356,0.8413,129092
2016-07-29,0.8400,0.8478,0.8387,0.8448,141192
2016-08-01,0.8420,0.8487,0.8417,0.8470,109234
2016-08-02,0.8461,0.8492,0.8398,0.8399,132390
2016-08-03,0.8396,0.8432,0.8365,0.8365,120779
2016-08-04,0.8367,0.8496,0.8343,0.8488,134458
2016-08-05,0.8485,0.8505,0.8463,0.8482,108567
2016-08-08,0.8468,0.8508,0.8468,0.8501,97047
2016-08-09,0.8500,0.8566,0.8491,0.8549,104935
2016-08-10,0.8543,0.8597,0.8517,0.8586,113504
2016-08-11,0.8589,0.8623,0.8576,0.8594,98276
2016-08-12,0.8595,0.8652,0.8583,0.8640,99262
2016-08-15,0.8630,0.8703,0.8621,0.8683,86575
2016-08-16,0.8683,0.8725,0.8640,0.8644,126757
2016-08-17,0.8642,0.8672,0.8628,0.8658,118099
2016-08-18,0.8658,0.8672,0.8591,0.8622,121474
2016-08-19,0.8596,0.8691,0.8595,0.8657,113099
2016-08-22,0.8657,0.8662,0.8609,0.8616,107873
2016-08-23,0.8615,0.8629,0.8562,0.8565,104101
2016-08-24,0.8563,0.8579,0.8485,0.8511,109751
2016-08-25,0.8484,0.8566,0.8484,0.8552,96275
2016-08-26,0.8552,0.8565,0.8517,0.8517,127785
2016-08-29,0.8521,0.8550,0.8518,0.8537,104307
2016-08-30,0.8538,0.8552,0.8497,0.8518,109013
2016-08-31,0.8516,0.8526,0.8473,0.8491,115857
2016-09-01,0.8488,0.8497,0.8387,0.8437,115394
2016-09-02,0.8421,0.8445,0.8375,0.8387,117130
2016-09-05,0.8380,0.8406,0.8352,0.8376,94600
2016-09-06,0.8376,0.8383,0.8333,0.8373,111582
2016-09-07,0.8370,0.8435,0.8370,0.8423,121765
2016-09-08,0.8419,0.8495,0.8418,0.8470,125089
2016-09-09,0.8466,0.8484,0.8439,0.8453,118481
2016-09-12,0.8464,0.8484,0.8421,0.8424,119622
2016-09-13,0.8424,0.8534,0.8420,0.8502,124165
2016-09-14,0.8501,0.8545,0.8483,0.8499,117016
2016-09-15,0.8495,0.8539,0.8466,0.8492,136977
2016-09-16,0.8489,0.8581,0.8486,0.8578,108870
2016-09-19,0.8571,0.8580,0.8535,0.8574,95169
2016-09-20,0.8574,0.8631,0.8562,0.8585,98449
2016-09-21,0.8582,0.8607,0.8566,0.8584,127756
2016-09-22,0.8585,0.8610,0.8561,0.8568,109258
2016-09-23,0.8569,0.8679,0.8562,0.8644,107104
2016-09-26,0.8658,0.8716,0.8646,0.8671,85722
2016-09-27,0.8669,0.8693,0.8609,0.8610,110424
2016-09-28,0.8610,0.8639,0.8589,0.8614,109476
2016-09-29,0.8616,0.8668,0.8593,0.8650,112705
2016-09-30,0.8651,0.8672,0.8604,0.8659,132709
2016-10-03,0.8685,0.8747,0.8677,0.8727,109281
2016-10-04,0.8730,0.8810,0.8708,0.8802,134985
2016-10-05,0.8802,0.8843,0.8776,0.8788,121481
2016-10-06,0.8791,0.8850,0.8780,0.8838,120018
2016-10-07,0.8835,0.9305,0.8746,0.9002,208458
2016-10-10,0.9009,0.9040,0.8980,0.9010,117963
2016-10-11,0.9005,0.9141,0.8995,0.9115,160931
2016-10-12,0.9114,0.9130,0.8966,0.9012,175841
2016-10-13,0.9012,0.9067,0.8999,0.9019,133552
2016-10-14,0.9021,0.9047,0.8974,0.9000,142926
2016-10-17,0.9004,0.9057,0.9001,0.9025,119568
2016-10-18,0.9024,0.9030,0.8913,0.8928,125607
2016-10-19,0.8924,0.8957,0.8900,0.8930,118361
2016-10-20,0.8926,0.9026,0.8910,0.8917,115820
2016-10-21,0.8916,0.8940,0.8880,0.8882,110761
2016-10-24,0.8898,0.8926,0.8884,0.8890,100818
2016-10-25,0.8889,0.8980,0.8882,0.8932,134607
2016-10-26,0.8931,0.8965,0.8904,0.8905,123444
2016-10-27,0.8904,0.8979,0.8892,0.8956,131893
2016-10-28,0.8957,0.9018,0.8944,0.8964,143571
2016-10-31,0.9012,0.9016,0.8954,0.8968,118027
2016-11-01,0.8967,0.9044,0.8947,0.9030,118804
2016-11-02,0.9030,0.9049,0.8980,0.9017,140078
2016-11-03,0.9018,0.9023,0.8858,0.8909,164624
2016-11-04,0.8909,0.8916,0.8857,0.8880,141417
2016-11-07,0.8873,0.8938,0.8873,0.8904,134712
2016-11-08,0.8902,0.8932,0.8884,0.8902,125626
2016-11-09,0.8897,0.9025,0.8762,0.8792,274877
2016-11-10,0.8792,0.8825,0.8661,0.8674,187824
2016-11-11,0.8680,0.8689,0.8567,0.8597,178726
2016-11-14,0.8611,0.8636,0.8580,0.8591,187224
2016-11-15,0.8593,0.8707,0.8568,0.8609,178497
2016-11-16,0.8609,0.8627,0.8572,0.8589,167870
2016-11-17,0.8589,0.8624,0.8547,0.8551,171198
2016-11-18,0.8551,0.8636,0.8526,0.8571,195232
2016-11-21,0.8570,0.8638,0.8489,0.8500,180974
2016-11-22,0.8502,0.8571,0.8495,0.8551,156809
2016-11-23,0.8549,0.8594,0.8465,0.8475,143937
2016-11-24,0.8474,0.8502,0.8460,0.8471,116212
2016-11-25,0.8467,0.8545,0.8465,0.8479,146169
2016-11-28,0.8498,0.8566,0.8495,0.8546,153228
2016-11-29,0.8544,0.8559,0.8467,0.8524,138540
2016-11-30,0.8522,0.8578,0.8455,0.8466,158156
2016-12-01,0.8463,0.8485,0.8369,0.8463,159043
2016-12-02,0.8463,0.8484,0.8371,0.8374,140862
2016-12-05,0.8363,0.8479,0.8304,0.8454,188334
2016-12-06,0.8449,0.8462,0.8406,0.8452,126525
2016-12-07,0.8450,0.8550,0.8449,0.8515,112447
2016-12-08,0.8516,0.8572,0.8424,0.8431,157824
2016-12-09,0.8430,0.8457,0.8372,0.8375,123368
2016-12-12,0.8368,0.8428,0.8361,0.8384,131734
2016-12-13,0.8383,0.8410,0.8342,0.8393,135722
2016-12-14,0.8388,0.8421,0.8347,0.8383,151017
2016-12-15,0.8377,0.8400,0.8331,0.8383,210994
2016-12-16,0.8380,0.8426,0.8349,0.8349,161191
2016-12-19,0.8354,0.8450,0.8354,0.8386,146048
2016-12-20,0.8381,0.8426,0.8371,0.8397,143642
2016-12-21,0.8396,0.8454,0.8395,0.8436,128442
2016-12-22,0.8435,0.8510,0.8432,0.8496,134728
2016-12-23,0.8493,0.8539,0.8474,0.8491,115325
2016-12-26,0.8514,0.8526,0.8405,0.8495,11550
2016-12-27,0.8499,0.8539,0.8491,0.8521,98992
2016-12-28,0.8520,0.8536,0.8489,0.8514,120115
2016-12-29,0.8511,0.8583,0.8499,0.8552,147711
2016-12-30,0.8547,0.8665,0.8514,0.8514,190206
2017-01-02,0.8518,0.8531,0.8482,0.8512,58570
2017-01-03,0.8512,0.8529,0.8450,0.8501,161778
2017-01-04,0.8497,0.8537,0.8479,0.8509,170991
2017-01-05,0.8505,0.8582,0.8500,0.8535,200943
2017-01-06,0.8533,0.8589,0.8530,0.8559,172856
2017-01-09,0.8592,0.8698,0.8583,0.8690,161249
2017-01-10,0.8694,0.8763,0.8665,0.8665,170793
2017-01-11,0.8661,0.8705,0.8647,0.8664,196887
2017-01-12,0.8665,0.8747,0.8653,0.8721,211333
2017-01-13,0.8719,0.8768,0.8692,0.8692,158716
2017-01-16,0.8820,0.8852,0.8763,0.8792,136122
2017-01-17,0.8789,0.8817,0.8626,0.8627,213638
2017-01-18,0.8626,0.8707,0.8623,0.8667,186154
2017-01-19,0.8668,0.8679,0.8609,0.8637,203196
2017-01-20,0.8636,0.8672,0.8630,0.8636,204154
2017-01-23,0.8643,0.8663,0.8585,0.8585,193251
2017-01-24,0.8585,0.8651,0.8565,0.8571,191478
2017-01-25,0.8549,0.8579,0.8497,0.8505,185592
2017-01-26,0.8502,0.8533,0.8470,0.8479,194092
2017-01-27,0.8478,0.8538,0.8469,0.8519,154347
2017-01-30,0.8515,0.8578,0.8489,0.8564,153640
2017-01-31,0.8558,0.8634,0.8546,0.8581,198880
2017-02-01,0.8578,0.8594,0.8493,0.8505,186127
2017-02-02,0.8480,0.8625,0.8480,0.8584,189439
2017-02-03,0.8584,0.8641,0.8574,0.8619,177823
2017-02-06,0.8637,0.8643,0.8592,0.8620,160302
2017-02-07,0.8608,0.8639,0.8532,0.8535,178204
2017-02-08,0.8535,0.8552,0.8509,0.8529,165480
2017-02-09,0.8529,0.8547,0.8493,0.8522,158767
2017-02-10,0.8521,0.8551,0.8488,0.8488,158889
2017-02-13,0.8501,0.8518,0.8457,0.8459,149338
2017-02-14,0.8457,0.8529,0.8455,0.8479,166233
2017-02-15,0.8479,0.8521,0.8466,0.8505,177523
2017-02-16,0.8502,0.8552,0.8484,0.8545,163765
2017-02-17,0.8531,0.8591,0.8519,0.8538,156320
2017-02-20,0.8547,0.8555,0.8511,0.8511,131415
2017-02-21,0.8510,0.8516,0.8441,0.8447,160098
2017-02-22,0.8447,0.8491,0.8402,0.8478,171405
2017-02-23,0.8477,0.8493,0.8421,0.8426,156212
2017-02-24,0.8423,0.8492,0.8421,0.8462,154269
2017-02-27,0.8464,0.8540,0.8464,0.8507,169667
2017-02-28,0.8505,0.8549,0.8505,0.8541,163762
2017-03-01,0.8537,0.8587,0.8509,0.8579,195146
2017-03-02,0.8575,0.8590,0.8547,0.8562,167603
2017-03-03,0.8561,0.8641,0.8557,0.8607,179076
2017-03-06,0.8626,0.8669,0.8624,0.8646,148212
2017-03-07,0.8646,0.8683,0.8639,0.8659,152996
2017-03-08,0.8659,0.8695,0.8653,0.8660,164742
2017-03-09,0.8660,0.8720,0.8655,0.8692,192459
2017-03-10,0.8692,0.8783,0.8678,0.8766,178092
2017-03-13,0.8777,0.8787,0.8709,0.8718,173461
2017-03-14,0.8717,0.8786,0.8717,0.8724,160752
2017-03-15,0.8725,0.8738,0.8666,0.8737,182060
2017-03-16,0.8736,0.8759,0.8669,0.8715,196818
2017-03-17,0.8715,0.8736,0.8660,0.8664,159713
2017-03-20,0.8667,0.8708,0.8659,0.8688,151137
2017-03-21,0.8688,0.8727,0.8649,0.8662,182354
2017-03-22,0.8662,0.8700,0.8639,0.8647,172789
2017-03-23,0.8647,0.8655,0.8605,0.8614,156448
2017-03-24,0.8614,0.8661,0.8610,0.8652,140630
2017-03-27,0.8668,0.8674,0.8624,0.8649,153719
2017-03-28,0.8646,0.8688,0.8618,0.8682,140980
2017-03-29,0.8680,0.8735,0.8624,0.8656,158892
2017-03-30,0.8657,0.8661,0.8556,0.8560,144235
2017-03-31,0.8560,0.8596,0.8473,0.8473,154781
2017-04-03,0.8495,0.8557,0.8488,0.8543,129934
2017-04-04,0.8531,0.8587,0.8531,0.8578,131722
2017-04-05,0.8574,0.8590,0.8531,0.8541,141952
2017-04-06,0.8541,0.8567,0.8511,0.8535,125165
2017-04-07,0.8525,0.8579,0.8525,0.8548,152402
2017-04-10,0.8544,0.8553,0.8524,0.8533,109527
2017-04-11,0.8527,0.8548,0.8487,0.8488,122374
2017-04-12,0.8489,0.8511,0.8477,0.8501,136543
2017-04-13,0.8501,0.8509,0.8475,0.8486,130247
2017-04-14,0.8484,0.8495,0.8466,0.8468,94055
2017-04-17,0.8461,0.8489,0.8456,0.8467,90630
2017-04-18,0.8464,0.8512,0.8312,0.8354,160380
2017-04-19,0.8354,0.8389,0.8337,0.8380,136343
2017-04-20,0.8379,0.8414,0.8359,0.8361,124515
2017-04-21,0.8361,0.8387,0.8351,0.8367,117621
2017-04-24,0.8496,0.8509,0.8450,0.8492,155488
2017-04-25,0.8492,0.8530,0.8477,0.8507,134683
2017-04-26,0.8509,0.8530,0.8458,0.8485,147130
2017-04-27,0.8482,0.8495,0.8415,0.8424,146005
2017-04-28,0.8423,0.8462,0.8405,0.8407,142266
2017-05-01,0.8429,0.8459,0.8411,0.8457,91099
2017-05-02,0.8446,0.8484,0.8422,0.8448,118312
2017-05-03,0.8446,0.8476,0.8436,0.8459,131450
2017-05-04,0.8457,0.8500,0.8455,0.8498,138285
2017-05-05,0.8498,0.8508,0.8462,0.8465,133486
2017-05-08,0.8485,0.8485,0.8433,0.8440,139435
2017-05-09,0.8439,0.8447,0.8401,0.8405,140938
2017-05-10,0.8405,0.8417,0.8383,0.8399,133897
2017-05-11,0.8398,0.8452,0.8394,0.8428,128894
2017-05-12,0.8427,0.8488,0.8417,0.8460,124582
2017-05-15,0.8475,0.8514,0.8458,0.8508,126800
2017-05-16,0.8508,0.8595,0.8503,0.8578,141337
2017-05-17,0.8577,0.8615,0.8560,0.8601,158535
2017-05-18,0.8601,0.8613,0.8524,0.8578,183039
2017-05-19,0.8578,0.8603,0.8569,0.8593,130441
2017-05-22,0.8613,0.8651,0.8593,0.8643,128096
2017-05-23,0.8643,0.8675,0.8619,0.8627,151028
2017-05-24,0.8625,0.8656,0.8602,0.8647,141307
2017-05-25,0.8646,0.8667,0.8640,0.8660,125277
2017-05-26,0.8660,0.8750,0.8657,0.8720,136957
2017-05-29,0.8717,0.8728,0.8692,0.8694,84469
2017-05-30,0.8694,0.8706,0.8655,0.8698,130506
2017-05-31,0.8697,0.8748,0.8696,0.8721,147207
2017-06-01,0.8721,0.8755,0.8683,0.8703,130033
2017-06-02,0.8703,0.8767,0.8695,0.8747,119924
2017-06-05,0.8759,0.8767,0.8694,0.8721,86755
2017-06-06,0.8721,0.8755,0.8692,0.8732,104398
2017-06-07,0.8730,0.8740,0.8677,0.8685,115021
2017-06-08,0.8682,0.8699,0.8651,0.8655,119321
2017-06-09,0.8746,0.8859,0.8735,0.8774,188139
2017-06-12,0.8811,0.8866,0.8778,0.8850,108754
2017-06-13,0.8849,0.8853,0.8780,0.8790,100587
2017-06-14,0.8790,0.8835,0.8766,0.8796,142234
2017-06-15,0.8794,0.8807,0.8723,0.8736,124666
2017-06-16,0.8732,0.8764,0.8719,0.8759,103939
2017-06-19,0.8777,0.8778,0.8734,0.8751,94131
2017-06-20,0.8751,0.8834,0.8738,0.8818,110248
2017-06-21,0.8818,0.8845,0.8771,0.8813,102151
2017-06-22,0.8813,0.8828,0.8785,0.8792,91752
2017-06-23,0.8792,0.8805,0.8763,0.8793,83781
2017-06-26,0.8789,0.8807,0.8773,0.8788,89353
2017-06-27,0.8789,0.8862,0.8783,0.8847,106784
2017-06-28,0.8845,0.8880,0.8771,0.8801,130565
2017-06-29,0.8802,0.8809,0.8780,0.8796,112191
2017-06-30,0.8796,0.8814,0.8763,0.8767,102745
2017-07-03,0.8777,0.8790,0.8757,0.8783,95182
2017-07-04,0.8777,0.8790,0.8764,0.8781,88909
2017-07-05,0.8777,0.8809,0.8761,0.8775,100876
2017-07-06,0.8774,0.8818,0.8756,0.8805,103514
2017-07-07,0.8805,0.8860,0.8796,0.8848,100181
2017-07-10,0.8843,0.8859,0.8832,0.8850,74414
2017-07-11,0.8847,0.8933,0.8814,0.8924,96956
2017-07-12,0.8923,0.8949,0.8839,0.8858,125790
2017-07-13,0.8856,0.8873,0.8802,0.8807,118183
2017-07-14,0.8804,0.8817,0.8742,0.8750,107877
2017-07-17,0.8756,0.8797,0.8744,0.8791,98140
2017-07-18,0.8791,0.8898,0.8781,0.8860,136448
2017-07-19,0.8859,0.8862,0.8829,0.8842,97699
2017-07-20,0.8841,0.8977,0.8832,0.8965,139230
2017-07-21,0.8963,0.8994,0.8939,0.8972,107234
2017-07-24,0.8972,0.8984,0.8920,0.8935,100510
2017-07-25,0.8935,0.8959,0.8927,0.8940,118014
2017-07-26,0.8939,0.8954,0.8904,0.8947,125602
2017-07-27,0.8947,0.8954,0.8891,0.8938,143691
2017-07-28,0.8932,0.8969,0.8928,0.8941,121896
2017-07-31,0.8941,0.8975,0.8933,0.8961,116683
2017-08-01,0.8960,0.8963,0.8922,0.8936,114197
2017-08-02,0.8928,0.8988,0.8928,0.8966,116983
2017-08-03,0.8963,0.9048,0.8923,0.9033,113370
2017-08-04,0.9033,0.9054,0.8995,0.9021,109087
2017-08-07,0.9024,0.9060,0.9018,0.9049,94027
2017-08-08,0.9046,0.9087,0.9036,0.9045,103147
2017-08-09,0.9043,0.9056,0.9009,0.9039,120543
2017-08-10,0.9039,0.9075,0.9007,0.9072,122815
2017-08-11,0.9069,0.9119,0.9051,0.9085,122535
2017-08-14,0.9085,0.9097,0.9070,0.9087,101451
2017-08-15,0.9087,0.9133,0.9050,0.9117,116667
2017-08-16,0.9116,0.9143,0.9082,0.9127,120932
2017-08-17,0.9126,0.9136,0.9063,0.9110,127268
2017-08-18,0.9110,0.9149,0.9091,0.9122,119041
2017-08-21,0.9140,0.9162,0.9111,0.9159,85676
2017-08-22,0.9156,0.9176,0.9153,0.9173,91984
2017-08-23,0.9161,0.9236,0.9160,0.9224,102823
2017-08-24,0.9224,0.9235,0.9189,0.9220,104838
2017-08-25,0.9220,0.9269,0.9195,0.9251,127738
2017-08-28,0.9244,0.9268,0.9230,0.9261,100161
2017-08-29,0.9257,0.9306,0.9246,0.9269,141366
2017-08-30,0.9263,0.9269,0.9195,0.9197,120051
2017-08-31,0.9197,0.9237,0.9185,0.9207,126280
2017-09-01,0.9213,0.9222,0.9150,0.9155,122085
2017-09-04,0.9170,0.9226,0.9162,0.9198,101506
2017-09-05,0.9198,0.9213,0.9132,0.9145,132808
2017-09-06,0.9127,0.9164,0.9124,0.9135,127464
2017-09-07,0.9134,0.9202,0.9119,0.9179,146037
2017-09-08,0.9179,0.9202,0.9109,0.9112,142321
2017-09-11,0.9109,0.9122,0.9075,0.9076,108748
2017-09-12,0.9078,0.9082,0.8982,0.9008,133952
2017-09-13,0.9008,0.9039,0.8982,0.8994,126008
2017-09-14,0.8994,0.9047,0.8866,0.8893,133972
2017-09-15,0.8893,0.8907,0.8774,0.8789,154671
2017-09-18,0.8785,0.8863,0.8779,0.8855,127422
2017-09-19,0.8855,0.8899,0.8843,0.8878,140743
2017-09-20,0.8878,0.8888,0.8797,0.8812,165551
2017-09-21,0.8810,0.8834,0.8783,0.8789,140880
2017-09-22,0.8788,0.8885,0.8786,0.8843,138759
2017-09-25,0.8819,0.8839,0.8775,0.8796,139703
2017-09-26,0.8796,0.8800,0.8754,0.8761,144317
2017-09-27,0.8761,0.8800,0.8746,0.8772,147524
2017-09-28,0.8772,0.8810,0.8760,0.8765,130678
2017-09-29,0.8765,0.8842,0.8762,0.8815,105687
2017-10-02,0.8819,0.8869,0.8801,0.8835,100847
2017-10-03,0.8835,0.8881,0.8822,0.8868,102107
2017-10-04,0.8870,0.8881,0.8850,0.8874,96252
2017-10-05,0.8874,0.8934,0.8872,0.8925,99021
2017-10-06,0.8926,0.8992,0.8923,0.8971,109936
2017-10-09,0.8953,0.8976,0.8906,0.8933,69421
2017-10-10,0.8933,0.8954,0.8925,0.8942,98455
2017-10-11,0.8942,0.8989,0.8939,0.8966,95058
2017-10-12,0.8966,0.9033,0.8914,0.8918,108960
2017-10-13,0.8918,0.8931,0.8876,0.8894,107399
2017-10-16,0.8878,0.8923,0.8856,0.8899,80506
2017-10-17,0.8899,0.8930,0.8857,0.8919,94166
2017-10-18,0.8919,0.8947,0.8898,0.8926,92451
2017-10-19,0.8926,0.9013,0.8924,0.9002,102548
2017-10-20,0.9002,0.9022,0.8924,0.8929,111267
2017-10-23,0.8921,0.8928,0.8886,0.8901,77283
2017-10-24,0.8901,0.8975,0.8894,0.8951,85977
2017-10-25,0.8951,0.8973,0.8880,0.8906,107606
2017-10-26,0.8906,0.8957,0.8849,0.8853,105486
2017-10-27,0.8853,0.8901,0.8826,0.8836,102745
2017-10-30,0.8836,0.8849,0.8793,0.8820,70134
2017-10-31,0.8820,0.8824,0.8766,0.8767,76341
2017-11-01,0.8766,0.8784,0.8733,0.8771,96600
2017-11-02,0.8770,0.8939,0.8766,0.8926,106618
2017-11-03,0.8926,0.8935,0.8873,0.8874,87524
2017-11-06,0.8884,0.8888,0.8810,0.8812,81033
2017-11-07,0.8812,0.8834,0.8791,0.8798,83583
2017-11-08,0.8797,0.8862,0.8796,0.8838,73928
2017-11-09,0.8838,0.8877,0.8824,0.8854,89550
2017-11-10,0.8854,0.8875,0.8812,0.8842,76108
2017-11-13,0.8851,0.8923,0.8844,0.8894,69720
2017-11-14,0.8894,0.8974,0.8889,0.8960,82434
2017-11-15,0.8960,0.9014,0.8950,0.8951,108708
2017-11-16,0.8951,0.8972,0.8911,0.8920,92431
2017-11-17,0.8919,0.8954,0.8898,0.8915,94577
2017-11-20,0.8912,0.8923,0.8857,0.8863,94413
2017-11-21,0.8863,0.8885,0.8842,0.8865,74634
2017-11-22,0.8866,0.8891,0.8854,0.8870,77526
2017-11-23,0.8870,0.8912,0.8867,0.8901,64091
2017-11-24,0.8900,0.8962,0.8892,0.8942,76186
2017-11-27,0.8947,0.8967,0.8924,0.8932,74885
2017-11-28,0.8932,0.8982,0.8847,0.8873,102545
2017-11-29,0.8873,0.8877,0.8817,0.8833,100534
2017-11-30,0.8833,0.8839,0.8776,0.8800,106213
2017-12-01,0.8797,0.8844,0.8788,0.8823,119869
2017-12-04,0.8820,0.8833,0.8756,0.8802,116933
2017-12-05,0.8802,0.8868,0.8780,0.8797,111299
2017-12-06,0.8797,0.8853,0.8793,0.8805,107768
2017-12-07,0.8804,0.8850,0.8733,0.8735,107381
2017-12-08,0.8735,0.8806,0.8689,0.8792,115526
2017-12-11,0.8786,0.8844,0.8773,0.8820,90891
2017-12-12,0.8820,0.8846,0.8791,0.8815,94051
2017-12-13,0.8815,0.8835,0.8782,0.8811,108288
2017-12-14,0.8811,0.8833,0.8760,0.8767,128467
2017-12-15,0.8767,0.8860,0.8761,0.8823,113340
2017-12-18,0.8823,0.8840,0.8792,0.8802,116446
2017-12-19,0.8802,0.8867,0.8799,0.8842,128800
2017-12-20,0.8841,0.8879,0.8829,0.8874,119830
2017-12-21,0.8874,0.8890,0.8868,0.8868,117802
2017-12-22,0.8868,0.8887,0.8835,0.8876,117732
2017-12-26,0.8876,0.8893,0.8863,0.8865,43903
2017-12-27,0.8864,0.8887,0.8853,0.8867,100178
2017-12-28,0.8867,0.8894,0.8860,0.8877,92176
2017-12-29,0.8874,0.8891,0.8858,0.8879,104441
2018-01-02,0.8882,0.8918,0.8859,0.8871,101021
2018-01-03,0.8871,0.8900,0.8848,0.8887,112921
2018-01-04,0.8886,0.8924,0.8880,0.8903,106026
2018-01-05,0.8903,0.8911,0.8864,0.8868,106781
2018-01-08,0.8867,0.8876,0.8815,0.8818,91366
2018-01-09,0.8818,0.8834,0.8809,0.8814,98987
2018-01-10,0.8813,0.8873,0.8813,0.8843,136092
2018-01-11,0.8843,0.8912,0.8842,0.8884,137714
2018-01-12,0.8884,0.8928,0.8855,0.8891,173521
2018-01-15,0.8882,0.8910,0.8872,0.8889,146365
2018-01-16,0.8889,0.8901,0.8862,0.8888,148100
2018-01-17,0.8888,0.8908,0.8809,0.8810,190378
2018-01-18,0.8810,0.8837,0.8801,0.8806,152139
2018-01-19,0.8805,0.8846,0.8802,0.8826,143586
2018-01-22,0.8830,0.8834,0.8762,0.8764,115866
2018-01-23,0.8764,0.8796,0.8761,0.8782,143424
2018-01-24,0.8780,0.8787,0.8699,0.8709,183061
2018-01-25,0.8709,0.8785,0.8687,0.8759,277278
2018-01-26,0.8759,0.8784,0.8722,0.8780,210322
2018-01-29,0.8789,0.8816,0.8767,0.8796,164809
2018-01-30,0.8794,0.8833,0.8754,0.8764,159494
2018-01-31,0.8764,0.8816,0.8742,0.8745,202458
2018-02-01,0.8743,0.8774,0.8716,0.8765,162904
2018-02-02,0.8765,0.8825,0.8756,0.8822,168080
2018-02-05,0.8815,0.8873,0.8811,0.8855,187526
2018-02-06,0.8855,0.8911,0.8854,0.8870,254257
2018-02-07,0.8870,0.8898,0.8833,0.8836,159926
2018-02-08,0.8834,0.8841,0.8732,0.8801,221950
2018-02-09,0.8801,0.8879,0.8779,0.8862,195902
2018-02-12,0.8857,0.8892,0.8843,0.8882,110699
2018-02-13,0.8882,0.8910,0.8857,0.8888,116977
2018-02-14,0.8888,0.8920,0.8874,0.8891,162023
2018-02-15,0.8891,0.8902,0.8858,0.8871,154114
2018-02-16,0.8871,0.8889,0.8841,0.8841,140451
2018-02-19,0.8846,0.8869,0.8845,0.8858,94138
2018-02-20,0.8856,0.8870,0.8805,0.8814,129904
2018-02-21,0.8814,0.8858,0.8806,0.8824,163479
2018-02-22,0.8824,0.8863,0.8822,0.8831,139362
2018-02-23,0.8828,0.8838,0.8786,0.8801,122747
2018-02-26,0.8788,0.8823,0.8772,0.8816,122392
2018-02-27,0.8816,0.8844,0.8787,0.8792,145909
2018-02-28,0.8792,0.8867,0.8779,0.8860,146498
2018-03-01,0.8860,0.8909,0.8837,0.8902,167473
2018-03-02,0.8902,0.8951,0.8896,0.8924,155938
2018-03-05,0.8932,0.8950,0.8884,0.8906,151511
2018-03-06,0.8906,0.8944,0.8904,0.8930,141658
2018-03-07,0.8930,0.8968,0.8919,0.8928,156176
2018-03-08,0.8928,0.8957,0.8906,0.8911,144758
2018-03-09,0.8909,0.8926,0.8874,0.8885,125874
2018-03-12,0.8887,0.8897,0.8849,0.8870,76081
2018-03-13,0.8870,0.8886,0.8851,0.8870,97162
2018-03-14,0.8870,0.8879,0.8845,0.8856,85381
2018-03-15,0.8856,0.8874,0.8824,0.8828,95251
2018-03-16,0.8828,0.8839,0.8809,0.8818,84230
2018-03-19,0.8812,0.8816,0.8745,0.8794,106728
2018-03-20,0.8794,0.8799,0.8743,0.8745,90221
2018-03-21,0.8745,0.8758,0.8707,0.8726,122305
2018-03-22,0.8726,0.8742,0.8668,0.8724,153213
2018-03-23,0.8725,0.8754,0.8709,0.8741,136687
2018-03-26,0.8736,0.8762,0.8717,0.8744,114186
2018-03-27,0.8744,0.8797,0.8742,0.8759,131269
2018-03-28,0.8759,0.8768,0.8733,0.8742,141332
2018-03-29,0.8742,0.8775,0.8739,0.8774,118650
2018-03-30,0.8774,0.8789,0.8762,0.8786,133368
2018-04-02,0.8776,0.8782,0.8751,0.8758,64373
2018-04-03,0.8759,0.8764,0.8713,0.8727,104556
2018-04-04,0.8730,0.8759,0.8715,0.8721,81277
2018-04-05,0.8720,0.8750,0.8716,0.8739,56903
2018-04-06,0.8739,0.8750,0.8701,0.8717,59091
2018-04-09,0.8717,0.8722,0.8697,0.8718,45792
2018-04-10,0.8714,0.8728,0.8692,0.8714,53755
2018-04-11,0.8712,0.8740,0.8700,0.8720,56729
2018-04-12,0.8720,0.8728,0.8643,0.8662,58037
2018-04-13,0.8662,0.8666,0.8628,0.8662,51638
2018-04-16,0.8649,0.8669,0.8627,0.8633,51382
2018-04-17,0.8634,0.8660,0.8621,0.8656,50842
2018-04-18,0.8653,0.8722,0.8644,0.8710,56600
2018-04-19,0.8710,0.8771,0.8689,0.8761,64675
2018-04-20,0.8760,0.8792,0.8734,0.8774,62302
2018-04-23,0.8760,0.8775,0.8745,0.8756,52449
2018-04-24,0.8756,0.8766,0.8741,0.8750,55299
2018-04-25,0.8749,0.8752,0.8727,0.8729,51373
2018-04-26,0.8728,0.8750,0.8680,0.8692,75841
2018-04-27,0.8693,0.8803,0.8682,0.8802,69487
2018-04-30,0.8803,0.8827,0.8765,0.8773,62040
2018-05-01,0.8773,0.8822,0.8761,0.8807,63687
2018-05-02,0.8807,0.8831,0.8782,0.8803,86195
2018-05-03,0.8803,0.8840,0.8798,0.8830,85292
2018-05-04,0.8830,0.8842,0.8815,0.8842,70302
2018-05-07,0.8834,0.8840,0.8778,0.8793,48730
2018-05-08,0.8793,0.8810,0.8754,0.8757,75619
2018-05-09,0.8757,0.8767,0.8727,0.8747,66873
2018-05-10,0.8747,0.8837,0.8729,0.8811,119904
2018-05-11,0.8807,0.8827,0.8789,0.8819,71303
2018-05-14,0.8810,0.8827,0.8797,0.8797,56653
2018-05-15,0.8800,0.8818,0.8762,0.8763,79497
2018-05-16,0.8763,0.8783,0.8732,0.8751,90732
2018-05-17,0.8754,0.8754,0.8713,0.8723,88303
2018-05-18,0.8724,0.8753,0.8724,0.8738,61974
2018-05-21,0.8740,0.8784,0.8725,0.8778,60917
2018-05-22,0.8778,0.8789,0.8758,0.8766,71621
2018-05-23,0.8766,0.8797,0.8739,0.8759,101605
2018-05-24,0.8758,0.8777,0.8738,0.8756,95291
2018-05-25,0.8758,0.8780,0.8742,0.8761,92987
2018-05-28,0.8770,0.8794,0.8725,0.8730,79476
2018-05-29,0.8729,0.8742,0.8698,0.8705,123367
2018-05-30,0.8711,0.8783,0.8698,0.8772,108241
2018-05-31,0.8772,0.8799,0.8756,0.8793,109659
2018-06-01,0.8789,0.8809,0.8726,0.8734,94555
2018-06-04,0.8733,0.8787,0.8727,0.8786,86097
2018-06-05,0.8784,0.8788,0.8723,0.8743,92282
2018-06-06,0.8737,0.8788,0.8735,0.8776,82144
2018-06-07,0.8775,0.8838,0.8774,0.8788,91803
2018-06-08,0.8790,0.8799,0.8759,0.8776,80020
2018-06-11,0.8773,0.8831,0.8772,0.8804,55945
2018-06-12,0.8804,0.8832,0.8769,0.8784,76724
2018-06-13,0.8782,0.8825,0.8780,0.8815,77722
2018-06-14,0.8814,0.8821,0.8721,0.8722,109199
2018-06-15,0.8722,0.8756,0.8718,0.8738,84291
2018-06-18,0.8731,0.8779,0.8725,0.8774,63030
2018-06-19,0.8773,0.8798,0.8753,0.8795,96699
2018-06-20,0.8789,0.8801,0.8768,0.8780,82292
2018-06-21,0.8778,0.8799,0.8725,0.8757,118260
2018-06-22,0.8747,0.8805,0.8747,0.8788,90653
2018-06-25,0.8797,0.8819,0.8781,0.8811,77133
2018-06-26,0.8809,0.8822,0.8798,0.8804,83615
2018-06-27,0.8801,0.8828,0.8797,0.8807,94197
2018-06-28,0.8807,0.8871,0.8806,0.8844,119725
2018-06-29,0.8843,0.8891,0.8835,0.8845,110489
2018-07-02,0.8852,0.8869,0.8831,0.8854,86819
2018-07-03,0.8847,0.8862,0.8829,0.8832,75682
2018-07-04,0.8831,0.8840,0.8799,0.8806,74530
2018-07-05,0.8807,0.8858,0.8799,0.8834,101065
2018-07-06,0.8844,0.8868,0.8833,0.8838,70662
2018-07-09,0.8812,0.8901,0.8812,0.8861,105732
2018-07-10,0.8861,0.8875,0.8820,0.8844,78838
2018-07-11,0.8845,0.8861,0.8829,0.8839,94977
2018-07-12,0.8838,0.8851,0.8820,0.8835,80719
2018-07-13,0.8833,0.8866,0.8825,0.8828,78592
2018-07-16,0.8832,0.8853,0.8816,0.8847,62245
2018-07-17,0.8845,0.8915,0.8840,0.8890,96347
2018-07-18,0.8884,0.8932,0.8874,0.8902,90662
2018-07-19,0.8901,0.8954,0.8901,0.8943,108034
2018-07-20,0.8943,0.8958,0.8920,0.8925,105635
2018-07-23,0.8933,0.8936,0.8910,0.8922,72627
2018-07-24,0.8922,0.8926,0.8885,0.8889,76384
2018-07-25,0.8889,0.8902,0.8872,0.8890,76771
2018-07-26,0.8890,0.8895,0.8864,0.8880,76859
2018-07-27,0.8880,0.8899,0.8873,0.8895,62019
2018-07-30,0.8885,0.8918,0.8875,0.8911,56365
2018-07-31,0.8910,0.8935,0.8905,0.8907,68515
2018-08-01,0.8906,0.8917,0.8882,0.8883,71019
2018-08-02,0.8882,0.8925,0.8854,0.8898,68175
2018-08-03,0.8897,0.8919,0.8893,0.8896,68250
2018-08-06,0.8884,0.8936,0.8881,0.8925,46954
2018-08-07,0.8921,0.8966,0.8920,0.8963,47649
2018-08-08,0.8961,0.9016,0.8958,0.9011,53897
2018-08-09,0.9011,0.9030,0.8980,0.8987,61052
2018-08-10,0.8984,0.8992,0.8925,0.8936,104537
2018-08-13,0.8920,0.8946,0.8912,0.8936,84174
2018-08-14,0.8933,0.8942,0.8896,0.8916,78908
2018-08-15,0.8911,0.8939,0.8901,0.8933,79523
2018-08-16,0.8933,0.8960,0.8931,0.8941,81416
2018-08-17,0.8943,0.8977,0.8935,0.8971,66694
2018-08-20,0.8962,0.8976,0.8939,0.8971,55728
2018-08-21,0.8968,0.9002,0.8948,0.8964,71310
2018-08-22,0.8965,0.9004,0.8959,0.8979,67150
2018-08-23,0.8978,0.9023,0.8970,0.9004,71992
2018-08-24,0.9002,0.9052,0.9001,0.9046,65713
2018-08-27,0.9042,0.9065,0.9034,0.9056,55939
2018-08-28,0.9058,0.9098,0.9052,0.9081,65905
2018-08-29,0.9081,0.9091,0.8982,0.8985,80923
2018-08-30,0.8985,0.8992,0.8953,0.8969,70690
2018-08-31,0.8964,0.8987,0.8937,0.8952,78929
2018-09-03,0.8971,0.9033,0.8968,0.9024,55838
2018-09-04,0.9025,0.9027,0.8989,0.9008,67415
2018-09-05,0.9002,0.9052,0.8956,0.9009,85669
2018-09-06,0.9010,0.9019,0.8974,0.8987,77684
2018-09-07,0.8989,0.9006,0.8913,0.8941,88529
2018-09-10,0.8932,0.8957,0.8894,0.8898,64295
2018-09-11,0.8898,0.8937,0.8876,0.8901,74242
2018-09-12,0.8902,0.8937,0.8882,0.8909,76653
2018-09-13,0.8908,0.8930,0.8892,0.8918,71167
2018-09-14,0.8918,0.8932,0.8890,0.8891,71728
2018-09-17,0.8890,0.8903,0.8875,0.8876,60522
2018-09-18,0.8876,0.8909,0.8870,0.8872,83736
2018-09-19,0.8872,0.8919,0.8861,0.8878,80014
2018-09-20,0.8879,0.8890,0.8847,0.8873,91533
2018-09-21,0.8872,0.8995,0.8868,0.8980,87332
2018-09-24,0.8974,0.8988,0.8935,0.8952,68338
2018-09-25,0.8952,0.8975,0.8920,0.8922,70383
2018-09-26,0.8921,0.8946,0.8900,0.8912,77665
2018-09-27,0.8912,0.8936,0.8884,0.8900,85724
2018-09-28,0.8900,0.8914,0.8872,0.8904,77411
2018-10-01,0.8901,0.8915,0.8858,0.8876,68513
2018-10-02,0.8870,0.8914,0.8866,0.8894,73943
2018-10-03,0.8893,0.8917,0.8859,0.8866,89855
2018-10-04,0.8865,0.8875,0.8834,0.8842,84706
2018-10-05,0.8840,0.8847,0.8776,0.8784,87542
2018-10-08,0.8774,0.8807,0.8772,0.8774,70751
2018-10-09,0.8778,0.8791,0.8732,0.8741,88589
2018-10-10,0.8740,0.8750,0.8723,0.8729,83880
2018-10-11,0.8729,0.8773,0.8728,0.8757,111821
2018-10-12,0.8759,0.8794,0.8745,0.8786,82289
2018-10-15,0.8815,0.8825,0.8795,0.8802,72131
2018-10-16,0.8802,0.8810,0.8752,0.8774,75942
2018-10-17,0.8777,0.8808,0.8764,0.8768,78365
2018-10-18,0.8767,0.8806,0.8767,0.8797,82365
2018-10-19,0.8796,0.8832,0.8775,0.8810,81101
2018-10-22,0.8808,0.8857,0.8801,0.8841,75333
2018-10-23,0.8841,0.8847,0.8798,0.8833,90734
2018-10-24,0.8833,0.8849,0.8815,0.8842,91634
2018-10-25,0.8841,0.8882,0.8831,0.8872,88308
2018-10-26,0.8871,0.8896,0.8832,0.8888,97716
2018-10-29,0.8885,0.8900,0.8868,0.8884,81430
2018-10-30,0.8884,0.8939,0.8882,0.8923,74225
2018-10-31,0.8923,0.8932,0.8833,0.8857,82575
2018-11-01,0.8857,0.8863,0.8756,0.8772,98990
2018-11-02,0.8772,0.8800,0.8768,0.8780,85590
2018-11-05,0.8740,0.8772,0.8736,0.8745,72061
2018-11-06,0.8743,0.8754,0.8712,0.8720,74473
2018-11-07,0.8720,0.8746,0.8702,0.8703,99848
2018-11-08,0.8703,0.8738,0.8690,0.8698,86972
2018-11-09,0.8698,0.8744,0.8691,0.8736,89715
2018-11-12,0.8762,0.8773,0.8709,0.8729,92708
2018-11-13,0.8728,0.8741,0.8656,0.8696,107400
2018-11-14,0.8705,0.8757,0.8666,0.8697,128404
2018-11-15,0.8706,0.8888,0.8691,0.8865,131830
2018-11-16,0.8869,0.8904,0.8824,0.8894,88847
2018-11-19,0.8887,0.8932,0.8867,0.8909,68848
2018-11-20,0.8911,0.8922,0.8874,0.8889,70596
2018-11-21,0.8889,0.8923,0.8883,0.8905,60043
2018-11-22,0.8909,0.8922,0.8840,0.8852,64557
2018-11-23,0.8854,0.8877,0.8836,0.8837,64308
2018-11-26,0.8838,0.8868,0.8835,0.8837,61471
2018-11-27,0.8837,0.8887,0.8836,0.8862,92998
2018-11-28,0.8861,0.8875,0.8810,0.8862,83685
2018-11-29,0.8857,0.8920,0.8840,0.8906,69577
2018-11-30,0.8905,0.8924,0.8860,0.8871,78962
2018-12-03,0.8898,0.8925,0.8863,0.8921,78206
2018-12-04,0.8921,0.8944,0.8889,0.8918,110673
2018-12-05,0.8919,0.8931,0.8874,0.8908,70255
2018-12-06,0.8908,0.8927,0.8886,0.8896,99184
2018-12-07,0.8899,0.8967,0.8870,0.8948,86730
2018-12-10,0.8963,0.9087,0.8958,0.9039,101167
2018-12-11,0.9040,0.9069,0.9005,0.9061,89766
2018-12-12,0.9062,0.9069,0.8968,0.9002,112962
2018-12-13,0.9002,0.9014,0.8952,0.8974,88338
2018-12-14,0.8974,0.9004,0.8961,0.8984,83540
2018-12-17,0.8966,0.9004,0.8966,0.8992,89709
2018-12-18,0.8993,0.9010,0.8962,0.8983,89027
2018-12-19,0.8986,0.9041,0.8979,0.9017,114476
2018-12-20,0.9017,0.9054,0.9003,0.9041,110327
2018-12-21,0.9040,0.9050,0.8982,0.8990,107652
2018-12-24,0.8995,0.9026,0.8962,0.8984,71397
2018-12-26,0.8982,0.9007,0.8966,0.8985,45624
2018-12-27,0.8985,0.9061,0.8972,0.9037,121273
2018-12-28,0.9039,0.9059,0.9003,0.9007,80858
2018-12-31,0.9003,0.9021,0.8927,0.8988,65537
2019-01-02,0.8990,0.9031,0.8987,0.8997,83445
2019-01-03,0.8995,0.9103,0.8980,0.9014,124146
2019-01-04,0.9014,0.9029,0.8943,0.8954,100931
2019-01-07,0.8953,0.8991,0.8948,0.8976,74658
2019-01-08,0.8976,0.9006,0.8947,0.8993,70152
2019-01-09,0.8993,0.9041,0.8975,0.9024,88506
2019-01-10,0.9024,0.9059,0.9012,0.9017,86093
2019-01-11,0.9018,0.9061,0.8922,0.8927,93959
2019-01-14,0.8910,0.8952,0.8875,0.8911,85421
2019-01-15,0.8909,0.8984,0.8855,0.8873,110011
2019-01-16,0.8874,0.8889,0.8838,0.8839,91422
2019-01-17,0.8839,0.8870,0.8763,0.8769,95453
2019-01-18,0.8769,0.8838,0.8757,0.8831,77414
2019-01-21,0.8817,0.8862,0.8806,0.8813,58714
2019-01-22,0.8813,0.8828,0.8760,0.8766,76920
2019-01-23,0.8766,0.8782,0.8698,0.8707,79230
2019-01-24,0.8707,0.8725,0.8652,0.8652,91340
2019-01-25,0.8654,0.8681,0.8617,0.8640,87427
2019-01-28,0.8644,0.8694,0.8635,0.8681,63468
2019-01-29,0.8681,0.8756,0.8656,0.8747,96282
2019-01-30,0.8746,0.8763,0.8714,0.8751,86857
2019-01-31,0.8752,0.8766,0.8711,0.8730,82283
2019-02-01,0.8729,0.8793,0.8727,0.8752,77888
2019-02-04,0.8752,0.8774,0.8726,0.8770,65721
2019-02-05,0.8771,0.8821,0.8747,0.8806,63335
2019-02-06,0.8805,0.8808,0.8772,0.8785,58675
2019-02-07,0.8786,0.8813,0.8727,0.8753,74273
2019-02-08,0.8753,0.8765,0.8740,0.8747,59344
2019-02-11,0.8745,0.8776,0.8744,0.8767,57774
2019-02-12,0.8767,0.8789,0.8756,0.8783,59822
2019-02-13,0.8783,0.8792,0.8743,0.8764,65741
2019-02-14,0.8765,0.8840,0.8754,0.8822,74366
2019-02-15,0.8824,0.8827,0.8752,0.8758,65269
2019-02-18,0.8744,0.8767,0.8741,0.8749,59606
2019-02-19,0.8749,0.8762,0.8672,0.8678,66885
2019-02-20,0.8680,0.8714,0.8673,0.8686,67441
2019-02-21,0.8687,0.8704,0.8666,0.8689,74876
2019-02-22,0.8692,0.8728,0.8677,0.8677,64517
2019-02-25,0.8671,0.8699,0.8661,0.8670,65155
2019-02-26,0.8671,0.8671,0.8562,0.8592,89257
2019-02-27,0.8592,0.8597,0.8529,0.8541,84232
2019-02-28,0.8541,0.8586,0.8533,0.8572,80896
2019-03-01,0.8571,0.8622,0.8570,0.8600,75759
2019-03-04,0.8581,0.8608,0.8557,0.8602,67728
2019-03-05,0.8603,0.8645,0.8576,0.8579,72925
2019-03-06,0.8579,0.8619,0.8576,0.8583,55951
2019-03-07,0.8584,0.8624,0.8536,0.8553,69484
2019-03-08,0.8556,0.8654,0.8547,0.8627,69650
2019-03-11,0.8650,0.8675,0.8525,0.8527,77131
2019-03-12,0.8527,0.8654,0.8475,0.8632,104127
2019-03-13,0.8633,0.8640,0.8472,0.8508,77043
2019-03-14,0.8508,0.8561,0.8498,0.8526,88903
2019-03-15,0.8525,0.8574,0.8508,0.8516,71060
2019-03-18,0.8514,0.8594,0.8510,0.8556,56091
2019-03-19,0.8556,0.8569,0.8533,0.8555,57255
2019-03-20,0.8555,0.8666,0.8553,0.8657,83193
2019-03-21,0.8657,0.8723,0.8637,0.8672,92053
2019-03-22,0.8672,0.8674,0.8532,0.8553,95544
2019-03-25,0.8548,0.8598,0.8544,0.8573,80634
2019-03-26,0.8573,0.8595,0.8519,0.8533,74925
2019-03-27,0.8533,0.8551,0.8483,0.8548,89899
2019-03-28,0.8548,0.8608,0.8527,0.8603,78710
2019-03-29,0.8603,0.8649,0.8550,0.8606,77535
2019-04-01,0.8604,0.8626,0.8525,0.8555,64808
2019-04-02,0.8554,0.8607,0.8518,0.8528,69327
2019-04-03,0.8530,0.8558,0.8502,0.8535,63026
2019-04-04,0.8537,0.8593,0.8518,0.8578,67016
2019-04-05,0.8580,0.8637,0.8556,0.8602,62979
2019-04-08,0.8595,0.8645,0.8590,0.8618,49507
2019-04-09,0.8618,0.8651,0.8593,0.8626,57868
2019-04-10,0.8627,0.8632,0.8591,0.8610,55366
2019-04-11,0.8613,0.8634,0.8597,0.8619,51421
2019-04-12,0.8619,0.8657,0.8612,0.8644,52302
2019-04-15,0.8633,0.8649,0.8618,0.8627,41210
2019-04-16,0.8629,0.8659,0.8618,0.8642,58450
2019-04-17,0.8644,0.8681,0.8640,0.8659,53564
2019-04-18,0.8664,0.8666,0.8634,0.8646,67470
2019-04-19,0.8645,0.8656,0.8637,0.8652,84658
2019-04-22,0.8652,0.8676,0.8643,0.8670,21224
2019-04-23,0.8671,0.8681,0.8635,0.8676,43298
2019-04-24,0.8676,0.8679,0.8630,0.8643,54585
2019-04-25,0.8644,0.8654,0.8626,0.8629,54926
2019-04-26,0.8631,0.8639,0.8621,0.8626,55496
2019-04-29,0.8623,0.8649,0.8620,0.8646,38690
2019-04-30,0.8648,0.8650,0.8590,0.8601,55408
2019-05-01,0.8602,0.8606,0.8577,0.8577,52472
2019-05-02,0.8577,0.8598,0.8567,0.8570,52608
2019-05-03,0.8570,0.8587,0.8497,0.8502,60045
2019-05-06,0.8492,0.8556,0.8488,0.8549,50952
2019-05-07,0.8548,0.8581,0.8537,0.8558,50421
2019-05-08,0.8560,0.8623,0.8552,0.8602,59634
2019-05-09,0.8602,0.8648,0.8595,0.8620,57977
2019-05-10,0.8621,0.8642,0.8603,0.8638,56297
2019-05-13,0.8631,0.8680,0.8624,0.8659,51548
2019-05-14,0.8661,0.8691,0.8652,0.8680,45875
2019-05-15,0.8680,0.8736,0.8668,0.8719,52452
2019-05-16,0.8722,0.8748,0.8709,0.8729,40920
2019-05-17,0.8730,0.8778,0.8724,0.8772,49806
2019-05-20,0.8754,0.8784,0.8749,0.8774,38294
2019-05-21,0.8774,0.8789,0.8724,0.8782,57804
2019-05-22,0.8782,0.8839,0.8772,0.8804,50424
2019-05-23,0.8806,0.8838,0.8790,0.8832,58904
2019-05-24,0.8833,0.8850,0.8802,0.8813,53956
2019-05-27,0.8806,0.8835,0.8790,0.8825,35618
2019-05-28,0.8825,0.8841,0.8804,0.8819,49520
2019-05-29,0.8819,0.8832,0.8798,0.8812,51924
2019-05-30,0.8815,0.8841,0.8808,0.8824,42030
2019-05-31,0.8825,0.8874,0.8813,0.8840,64612
2019-06-03,0.8837,0.8887,0.8824,0.8874,58533
2019-06-04,0.8874,0.8901,0.8852,0.8858,65446
2019-06-05,0.8859,0.8878,0.8841,0.8845,66752
2019-06-06,0.8847,0.8890,0.8828,0.8881,70954
2019-06-07,0.8883,0.8901,0.8849,0.8893,64335
2019-06-10,0.8873,0.8929,0.8873,0.8916,57538
2019-06-11,0.8916,0.8932,0.8891,0.8899,64094
2019-06-12,0.8901,0.8915,0.8871,0.8893,66668
2019-06-13,0.8894,0.8919,0.8877,0.8896,58579
2019-06-14,0.8896,0.8917,0.8881,0.8902,69180
2019-06-17,0.8903,0.8951,0.8893,0.8948,50859
2019-06-18,0.8948,0.8974,0.8910,0.8911,71030
2019-06-19,0.8912,0.8927,0.8873,0.8879,66989
2019-06-20,0.8879,0.8923,0.8872,0.8888,82367
2019-06-21,0.8889,0.8945,0.8884,0.8920,76588
2019-06-24,0.8925,0.8960,0.8917,0.8945,55387
2019-06-25,0.8945,0.8963,0.8915,0.8958,68975
2019-06-26,0.8957,0.8976,0.8929,0.8959,70243
2019-06-27,0.8959,0.8981,0.8937,0.8971,66042
2019-06-28,0.8971,0.8991,0.8939,0.8951,62033
2019-07-01,0.8951,0.8980,0.8924,0.8929,62957
2019-07-02,0.8929,0.8972,0.8920,0.8960,58720
2019-07-03,0.8961,0.8990,0.8957,0.8968,53532
2019-07-04,0.8968,0.8977,0.8958,0.8970,39227
2019-07-05,0.8970,0.8984,0.8956,0.8957,58491
2019-07-08,0.8956,0.8973,0.8954,0.8959,26370
2019-07-09,0.8959,0.9002,0.8955,0.8991,43324
2019-07-10,0.8991,0.9010,0.8984,0.8994,63649
2019-07-11,0.8995,0.9006,0.8966,0.8986,69865
2019-07-12,0.8985,0.8990,0.8955,0.8960,55975
2019-07-15,0.8952,0.9001,0.8952,0.8994,45284
2019-07-16,0.8993,0.9047,0.8992,0.9033,54307
2019-07-17,0.9033,0.9051,0.9015,0.9026,45164
2019-07-18,0.9026,0.9039,0.8979,0.8986,56793
2019-07-19,0.8985,0.8998,0.8957,0.8971,50503
2019-07-22,0.8972,0.9000,0.8961,0.8982,34320
2019-07-23,0.8982,0.9005,0.8953,0.8963,37017
2019-07-24,0.8963,0.8968,0.8906,0.8922,37992
2019-07-25,0.8922,0.8959,0.8891,0.8947,52825
2019-07-26,0.8948,0.8988,0.8923,0.8984,34715
2019-07-29,0.8988,0.9122,0.8983,0.9119,41498
2019-07-30,0.9117,0.9190,0.9114,0.9179,60417
2019-07-31,0.9179,0.9181,0.9089,0.9105,71581
2019-08-01,0.9105,0.9148,0.9096,0.9139,81863
2019-08-02,0.9137,0.9170,0.9125,0.9130,99384
2019-08-05,0.9123,0.9230,0.9123,0.9224,99286
2019-08-06,0.9224,0.9250,0.9155,0.9200,86477
2019-08-07,0.9200,0.9248,0.9188,0.9221,99986
2019-08-08,0.9221,0.9265,0.9207,0.9212,78622
2019-08-09,0.9212,0.9317,0.9202,0.9309,74772
2019-08-12,0.9281,0.9324,0.9247,0.9285,88900
2019-08-13,0.9283,0.9294,0.9241,0.9262,96263
2019-08-14,0.9262,0.9276,0.9229,0.9234,82832
2019-08-15,0.9234,0.9251,0.9154,0.9190,99193
2019-08-16,0.9191,0.9194,0.9090,0.9129,77157
2019-08-19,0.9115,0.9170,0.9112,0.9134,57805
2019-08-20,0.9134,0.9184,0.9100,0.9119,200700
2019-08-21,0.9119,0.9162,0.9110,0.9139,90892
2019-08-22,0.9143,0.9157,0.9028,0.9042,101684
2019-08-23,0.9042,0.9094,0.9038,0.9061,141024
2019-08-26,0.9076,0.9109,0.9062,0.9085,149830
2019-08-27,0.9085,0.9094,0.9016,0.9022,97062
2019-08-28,0.9022,0.9123,0.9018,0.9067,100395
2019-08-29,0.9068,0.9093,0.9051,0.9075,115394
2019-08-30,0.9075,0.9084,0.9020,0.9030,119265
2019-09-02,0.9030,0.9109,0.9026,0.9089,89103
2019-09-03,0.9091,0.9148,0.9049,0.9078,116745
2019-09-04,0.9083,0.9083,0.9002,0.9005,141237
2019-09-05,0.9004,0.9031,0.8942,0.8942,134585
2019-09-06,0.8946,0.8986,0.8939,0.8968,107165
2019-09-09,0.8979,0.9014,0.8904,0.8947,93286
2019-09-10,0.8947,0.8974,0.8921,0.8936,64346
2019-09-11,0.8940,0.8952,0.8905,0.8929,68830
2019-09-12,0.8929,0.8972,0.8885,0.8969,93149
2019-09-13,0.8969,0.8974,0.8854,0.8855,94274
2019-09-16,0.8855,0.8902,0.8849,0.8851,66770
2019-09-17,0.8851,0.8889,0.8838,0.8858,64510
2019-09-18,0.8857,0.8880,0.8820,0.8843,69865
2019-09-19,0.8842,0.8894,0.8803,0.8815,71160
2019-09-20,0.8814,0.8845,0.8786,0.8832,72914
2019-09-23,0.8833,0.8855,0.8815,0.8841,63458
2019-09-24,0.8842,0.8852,0.8803,0.8818,66388
2019-09-25,0.8815,0.8880,0.8813,0.8856,62926
2019-09-26,0.8860,0.8886,0.8844,0.8860,59090
2019-09-27,0.8860,0.8904,0.8846,0.8901,54223
2019-09-30,0.8891,0.8905,0.8831,0.8865,50704
2019-10-01,0.8865,0.8937,0.8847,0.8881,65313
2019-10-02,0.8881,0.8924,0.8880,0.8909,87899
2019-10-03,0.8909,0.8921,0.8848,0.8888,65569
2019-10-04,0.8887,0.8937,0.8881,0.8899,56780
2019-10-07,0.8907,0.8928,0.8901,0.8922,56999
2019-10-08,0.8922,0.9000,0.8920,0.8965,66785
2019-10-09,0.8965,0.8995,0.8938,0.8985,55344
2019-10-10,0.8985,0.9019,0.8831,0.8845,79781
2019-10-11,0.8847,0.8868,0.8695,0.8720,96535
2019-10-14,0.8724,0.8811,0.8715,0.8744,74633
2019-10-15,0.8744,0.8750,0.8625,0.8628,96541
2019-10-16,0.8629,0.8715,0.8597,0.8626,95362
2019-10-17,0.8626,0.8703,0.8575,0.8628,98143
2019-10-18,0.8628,0.8663,0.8599,0.8607,84708
2019-10-21,0.8616,0.8660,0.8578,0.8601,91869
2019-10-22,0.8601,0.8645,0.8576,0.8641,74372
2019-10-23,0.8641,0.8660,0.8615,0.8617,91047
2019-10-24,0.8618,0.8676,0.8600,0.8638,71504
2019-10-25,0.8638,0.8670,0.8629,0.8629,53482
2019-10-28,0.8636,0.8652,0.8615,0.8628,67983
2019-10-29,0.8628,0.8650,0.8608,0.8636,53875
2019-10-30,0.8636,0.8645,0.8611,0.8642,63583
2019-10-31,0.8642,0.8646,0.8600,0.8623,68432
2019-11-01,0.8623,0.8637,0.8595,0.8626,50133
2019-11-04,0.8635,0.8646,0.8621,0.8636,47048
2019-11-05,0.8636,0.8645,0.8585,0.8594,53904
2019-11-06,0.8593,0.8617,0.8590,0.8606,37297
2019-11-07,0.8606,0.8657,0.8602,0.8616,53774
2019-11-08,0.8617,0.8630,0.8598,0.8622,41410
2019-11-11,0.8623,0.8623,0.8558,0.8580,35332
2019-11-12,0.8579,0.8605,0.8558,0.8569,42710
2019-11-13,0.8569,0.8589,0.8559,0.8563,39681
2019-11-14,0.8563,0.8582,0.8545,0.8555,36260
2019-11-15,0.8554,0.8574,0.8550,0.8563,31324
2019-11-18,0.8548,0.8560,0.8521,0.8545,36354
2019-11-19,0.8545,0.8580,0.8537,0.8569,34250
2019-11-20,0.8568,0.8583,0.8560,0.8566,37383
2019-11-21,0.8566,0.8580,0.8545,0.8565,39533
2019-11-22,0.8566,0.8605,0.8561,0.8582,42787
2019-11-25,0.8569,0.8584,0.8530,0.8537,37639
2019-11-26,0.8537,0.8580,0.8531,0.8563,36294
2019-11-27,0.8563,0.8584,0.8509,0.8509,43129
2019-11-28,0.8510,0.8532,0.8499,0.8527,34799
2019-11-29,0.8526,0.8543,0.8511,0.8512,38398
2019-12-02,0.8535,0.8575,0.8514,0.8558,39848
2019-12-03,0.8558,0.8564,0.8512,0.8526,39804
2019-12-04,0.8526,0.8529,0.8451,0.8453,47179
2019-12-05,0.8453,0.8455,0.8430,0.8438,36240
2019-12-06,0.8437,0.8467,0.8411,0.8418,36045
2019-12-09,0.8416,0.8426,0.8393,0.8414,33288
2019-12-10,0.8415,0.8432,0.8397,0.8429,38412
2019-12-11,0.8429,0.8460,0.8410,0.8434,47013
2019-12-12,0.8434,0.8508,0.8420,0.8438,62660
2019-12-13,0.8441,0.8441,0.8276,0.8336,83984
2019-12-16,0.8337,0.8364,0.8302,0.8355,44431
2019-12-17,0.8355,0.8510,0.8354,0.8492,59730
2019-12-18,0.8492,0.8517,0.8484,0.8496,58661
2019-12-19,0.8496,0.8556,0.8476,0.8548,53482
2019-12-20,0.8548,0.8551,0.8477,0.8516,43237
2019-12-23,0.8510,0.8591,0.8472,0.8571,43504
2019-12-24,0.8571,0.8578,0.8543,0.8554,31637
2019-12-26,0.8540,0.8556,0.8529,0.8536,25349
2019-12-27,0.8536,0.8565,0.8509,0.8540,46352
2019-12-30,0.8528,0.8556,0.8512,0.8539,44970
2019-12-31,0.8539,0.8549,0.8454,0.8467,43087
2020-01-02,0.8488,0.8514,0.8469,0.8502,42903
2020-01-03,0.8502,0.8543,0.8493,0.8530,52846
2020-01-06,0.8526,0.8544,0.8492,0.8501,45167
2020-01-07,0.8501,0.8527,0.8466,0.8495,51188
2020-01-08,0.8495,0.8516,0.8455,0.8478,60947
2020-01-09,0.8477,0.8533,0.8472,0.8498,48161
2020-01-10,0.8498,0.8520,0.8479,0.8511,43468
2020-01-13,0.8525,0.8582,0.8521,0.8571,41590
2020-01-14,0.8571,0.8596,0.8539,0.8545,46025
2020-01-15,0.8544,0.8577,0.8537,0.8550,41489
2020-01-16,0.8550,0.8561,0.8509,0.8514,43162
2020-01-17,0.8514,0.8533,0.8487,0.8522,44403
2020-01-20,0.8531,0.8553,0.8520,0.8527,27588
2020-01-21,0.8527,0.8535,0.8490,0.8491,43284
2020-01-22,0.8492,0.8501,0.8423,0.8439,46164
2020-01-23,0.8439,0.8457,0.8417,0.8420,44513
2020-01-24,0.8420,0.8444,0.8385,0.8434,46186
2020-01-27,0.8434,0.8449,0.8408,0.8437,44836
2020-01-28,0.8437,0.8478,0.8433,0.8459,39038
2020-01-29,0.8460,0.8468,0.8447,0.8454,35263
2020-01-30,0.8454,0.8487,0.8412,0.8423,49323
2020-01-31,0.8423,0.8431,0.8387,0.8398,46424
2020-02-03,0.8416,0.8518,0.8407,0.8508,48990
2020-02-04,0.8508,0.8537,0.8464,0.8474,45315
2020-02-05,0.8474,0.8491,0.8434,0.8459,47375
2020-02-06,0.8458,0.8497,0.8458,0.8492,41560
2020-02-07,0.8492,0.8497,0.8461,0.8493,47502
2020-02-10,0.8488,0.8504,0.8442,0.8447,41817
2020-02-11,0.8447,0.8459,0.8420,0.8426,45691
2020-02-12,0.8425,0.8429,0.8381,0.8388,41812
2020-02-13,0.8389,0.8400,0.8295,0.8310,50059
2020-02-14,0.8310,0.8344,0.8298,0.8300,42062
2020-02-17,0.8308,0.8335,0.8303,0.8330,31904
2020-02-18,0.8330,0.8348,0.8282,0.8301,46568
2020-02-19,0.8300,0.8368,0.8295,0.8361,45806
2020-02-20,0.8359,0.8415,0.8357,0.8369,49769
2020-02-21,0.8370,0.8385,0.8343,0.8371,50185
2020-02-24,0.8359,0.8407,0.8337,0.8392,58864
2020-02-25,0.8392,0.8400,0.8338,0.8366,63657
2020-02-26,0.8366,0.8442,0.8356,0.8434,64249
2020-02-27,0.8434,0.8542,0.8427,0.8536,75967
2020-02-28,0.8536,0.8641,0.8521,0.8600,96850
2020-03-02,0.8626,0.8741,0.8594,0.8728,93467
2020-03-03,0.8728,0.8744,0.8682,0.8717,87593
2020-03-04,0.8717,0.8744,0.8649,0.8650,66967
2020-03-05,0.8651,0.8681,0.8621,0.8675,61877
2020-03-06,0.8674,0.8718,0.8649,0.8654,101074
2020-03-09,0.8668,0.8768,0.8656,0.8733,206231
2020-03-10,0.8733,0.8781,0.8680,0.8758,185245
2020-03-11,0.8758,0.8847,0.8714,0.8778,121721
2020-03-12,0.8780,0.8913,0.8774,0.8868,151506
2020-03-13,0.8877,0.9047,0.8842,0.9030,171820
2020-03-16,0.9008,0.9149,0.8977,0.9103,201053
2020-03-17,0.9104,0.9141,0.9065,0.9117,146832
2020-03-18,0.9116,0.9492,0.9068,0.9411,152285
2020-03-19,0.9411,0.9499,0.9120,0.9288,198378
2020-03-20,0.9288,0.9335,0.8993,0.9211,173535
2020-03-23,0.9162,0.9387,0.9157,0.9275,166488
2020-03-24,0.9275,0.9323,0.9143,0.9174,143507
2020-03-25,0.9164,0.9275,0.9055,0.9136,120902
2020-03-26,0.9131,0.9238,0.9025,0.9064,124985
2020-03-27,0.9051,0.9091,0.8904,0.8927,110862
2020-03-30,0.8919,0.8987,0.8866,0.8890,81620
2020-03-31,0.8892,0.8970,0.8811,0.8884,105438
2020-04-01,0.8876,0.8911,0.8785,0.8855,75123
2020-04-02,0.8855,0.8856,0.8739,0.8754,76688
2020-04-03,0.8753,0.8836,0.8734,0.8809,70029
2020-04-06,0.8835,0.8855,0.8765,0.8821,67926
2020-04-07,0.8821,0.8864,0.8800,0.8829,74188
2020-04-08,0.8827,0.8832,0.8745,0.8762,58004
2020-04-09,0.8760,0.8787,0.8724,0.8769,66244
2020-04-10,0.8769,0.8785,0.8748,0.8768,50047
2020-04-13,0.8777,0.8778,0.8706,0.8718,41253
2020-04-14,0.8717,0.8738,0.8682,0.8696,60802
2020-04-15,0.8696,0.8745,0.8689,0.8712,57590
2020-04-16,0.8711,0.8728,0.8697,0.8702,62422
2020-04-17,0.8701,0.8722,0.8683,0.8693,61021
2020-04-20,0.8682,0.8743,0.8682,0.8735,50276
2020-04-21,0.8735,0.8863,0.8723,0.8831,73853
2020-04-22,0.8825,0.8836,0.8774,0.8774,58324
2020-04-23,0.8775,0.8777,0.8708,0.8729,69359
2020-04-24,0.8729,0.8768,0.8712,0.8751,58181
2020-04-27,0.8742,0.8750,0.8709,0.8711,48153
2020-04-28,0.8710,0.8725,0.8689,0.8703,51141
2020-04-29,0.8704,0.8755,0.8693,0.8720,51314
2020-04-30,0.8719,0.8742,0.8671,0.8696,70182
2020-05-01,0.8696,0.8796,0.8688,0.8789,52134
2020-05-04,0.8777,0.8814,0.8754,0.8762,53443
2020-05-05,0.8762,0.8764,0.8690,0.8712,58041
2020-05-06,0.8713,0.8756,0.8698,0.8742,56719
2020-05-07,0.8738,0.8790,0.8708,0.8753,62718
2020-05-08,0.8753,0.8765,0.8712,0.8733,48856
2020-05-11,0.8709,0.8806,0.8705,0.8761,57249
2020-05-12,0.8759,0.8852,0.8755,0.8849,59632
2020-05-13,0.8847,0.8877,0.8807,0.8841,66183
2020-05-14,0.8841,0.8871,0.8825,0.8832,60364
2020-05-15,0.8831,0.8940,0.8825,0.8937,58906
2020-05-18,0.8930,0.8960,0.8894,0.8949,56336
2020-05-19,0.8950,0.8957,0.8902,0.8914,58172
2020-05-20,0.8914,0.8982,0.8910,0.8967,52385
2020-05-21,0.8967,0.9000,0.8945,0.8956,49326
2020-05-22,0.8956,0.8971,0.8929,0.8959,45607
2020-05-25,0.8938,0.8955,0.8926,0.8938,32383
2020-05-26,0.8933,0.8941,0.8880,0.8901,48318
2020-05-27,0.8899,0.8994,0.8889,0.8975,64469
2020-05-28,0.8973,0.8994,0.8963,0.8987,55429
2020-05-29,0.8988,0.9054,0.8975,0.8992,72159
2020-06-01,0.9015,0.9017,0.8902,0.8912,59219
2020-06-02,0.8911,0.8921,0.8866,0.8898,65295
2020-06-03,0.8897,0.8938,0.8879,0.8933,68746
2020-06-04,0.8932,0.9007,0.8927,0.8999,68433
2020-06-05,0.8999,0.9004,0.8885,0.8908,72403
2020-06-08,0.8894,0.8928,0.8869,0.8875,53241
2020-06-09,0.8874,0.8938,0.8864,0.8907,54671
2020-06-10,0.8908,0.8930,0.8882,0.8922,63387
2020-06-11,0.8920,0.9014,0.8913,0.8964,77482
2020-06-12,0.8964,0.8997,0.8948,0.8973,77022
2020-06-15,0.8976,0.9024,0.8961,0.8981,72242
2020-06-16,0.8981,0.8989,0.8912,0.8958,69864
2020-06-17,0.8957,0.8990,0.8938,0.8953,59804
2020-06-18,0.8953,0.9041,0.8949,0.9017,62296
2020-06-19,0.9016,0.9073,0.9006,0.9049,53929
2020-06-22,0.9043,0.9060,0.9020,0.9028,47223
2020-06-23,0.9028,0.9079,0.9019,0.9031,59385
2020-06-24,0.9031,0.9073,0.9015,0.9058,56295
2020-06-25,0.9057,0.9065,0.9001,0.9031,48038
2020-06-26,0.9031,0.9100,0.9019,0.9092,40717
2020-06-29,0.9080,0.9176,0.9079,0.9139,44937
2020-06-30,0.9139,0.9144,0.9057,0.9058,48204
2020-07-01,0.9059,0.9079,0.9012,0.9017,46522
2020-07-02,0.9018,0.9032,0.9002,0.9013,46038
2020-07-03,0.9014,0.9029,0.8998,0.9009,43704
2020-07-06,0.9011,0.9067,0.9006,0.9051,40422
2020-07-07,0.9049,0.9056,0.8967,0.8987,46036
2020-07-08,0.8975,0.9010,0.8970,0.8985,45516
2020-07-09,0.8984,0.9000,0.8946,0.8950,52364
2020-07-10,0.8950,0.8970,0.8938,0.8950,42090
2020-07-13,0.8932,0.9039,0.8932,0.9035,46053
2020-07-14,0.9034,0.9112,0.9021,0.9079,59423
2020-07-15,0.9079,0.9082,0.9044,0.9064,48577
2020-07-16,0.9064,0.9095,0.9056,0.9067,46376
2020-07-17,0.9064,0.9135,0.9057,0.9091,34264
2020-07-20,0.9078,0.9138,0.9030,0.9040,42571
2020-07-21,0.9039,0.9057,0.9001,0.9053,47201
2020-07-22,0.9053,0.9137,0.9049,0.9084,51186
2020-07-23,0.9084,0.9124,0.9075,0.9101,52297
2020-07-24,0.9102,0.9124,0.9083,0.9107,47456
2020-07-27,0.9097,0.9148,0.9097,0.9122,51755
2020-07-28,0.9122,0.9134,0.9053,0.9058,54500
2020-07-29,0.9057,0.9087,0.9035,0.9071,53283
2020-07-30,0.9060,0.9084,0.9016,0.9046,55780
2020-07-31,0.9045,0.9063,0.8981,0.8997,68415
2020-08-03,0.8988,0.9015,0.8982,0.8995,53340
2020-08-04,0.8992,0.9041,0.8990,0.9028,52085
2020-08-05,0.9028,0.9058,0.9012,0.9045,47583
2020-08-06,0.9041,0.9053,0.8984,0.9036,55451
2020-08-07,0.9036,0.9042,0.9011,0.9028,67408
2020-08-10,0.9021,0.9029,0.8976,0.8977,36303
2020-08-11,0.8978,0.9009,0.8969,0.8997,51788
2020-08-12,0.8994,0.9053,0.8984,0.9041,55086
2020-08-13,0.9039,0.9052,0.9027,0.9040,50575
2020-08-14,0.9041,0.9049,0.9000,0.9044,33955
2020-08-17,0.9035,0.9070,0.9028,0.9058,44827
2020-08-18,0.9057,0.9062,0.9008,0.9011,58345
2020-08-19,0.9011,0.9045,0.9003,0.9037,55205
2020-08-20,0.9036,0.9068,0.8969,0.8975,57299
2020-08-21,0.8973,0.9015,0.8944,0.9011,52911
2020-08-24,0.9011,0.9044,0.9002,0.9023,38372
2020-08-25,0.9021,0.9037,0.8983,0.8998,44383
2020-08-26,0.8997,0.9003,0.8947,0.8954,41809
2020-08-27,0.8955,0.8964,0.8929,0.8955,58104
2020-08-28,0.8953,0.8974,0.8908,0.8916,54455
2020-08-31,0.8919,0.8966,0.8913,0.8928,47193
2020-09-01,0.8928,0.8945,0.8888,0.8899,55586
2020-09-02,0.8900,0.8907,0.8874,0.8878,52111
2020-09-03,0.8876,0.8934,0.8866,0.8923,53915
2020-09-04,0.8923,0.8951,0.8900,0.8917,58092
2020-09-07,0.8932,0.8994,0.8917,0.8973,43006
2020-09-08,0.8969,0.9071,0.8966,0.9069,73335
2020-09-09,0.9069,0.9131,0.9062,0.9078,54653
2020-09-10,0.9077,0.9270,0.9073,0.9226,61632
2020-09-11,0.9225,0.9291,0.9210,0.9255,49870
2020-09-14,0.9258,0.9264,0.9201,0.9234,46840
2020-09-15,0.9234,0.9258,0.9183,0.9190,32756
2020-09-16,0.9191,0.9207,0.9094,0.9111,42781
2020-09-17,0.9113,0.9169,0.9083,0.9131,48451
2020-09-18,0.9132,0.9177,0.9115,0.9162,36378
2020-09-21,0.9154,0.9197,0.9146,0.9184,45259
2020-09-22,0.9182,0.9220,0.9144,0.9193,47146
2020-09-23,0.9193,0.9218,0.9136,0.9162,43583
2020-09-24,0.9162,0.9180,0.9113,0.9155,46230
2020-09-25,0.9143,0.9168,0.9118,0.9126,50696
2020-09-28,0.9099,0.9120,0.9025,0.9086,37320
2020-09-29,0.9086,0.9146,0.9062,0.9131,40041
2020-09-30,0.9131,0.9157,0.9066,0.9070,49117
2020-10-01,0.9070,0.9155,0.9062,0.9111,59220
2020-10-02,0.9114,0.9123,0.9044,0.9055,59864
2020-10-05,0.9057,0.9090,0.9053,0.9076,39773
2020-10-06,0.9076,0.9126,0.9060,0.9113,49119
2020-10-07,0.9113,0.9161,0.9094,0.9106,50592
2020-10-08,0.9105,0.9122,0.9070,0.9087,43723
2020-10-09,0.9087,0.9131,0.9063,0.9064,41481
2020-10-12,0.9069,0.9078,0.9028,0.9040,37054
2020-10-13,0.9036,0.9085,0.9019,0.9077,46240
2020-10-14,0.9077,0.9121,0.9007,0.9026,46828
2020-10-15,0.9026,0.9077,0.9016,0.9070,53761
2020-10-16,0.9069,0.9109,0.9043,0.9076,54880
2020-10-19,0.9083,0.9097,0.9022,0.9091,49412
2020-10-20,0.9091,0.9148,0.9079,0.9129,43239
2020-10-21,0.9129,0.9135,0.9011,0.9020,53066
2020-10-22,0.9020,0.9046,0.9014,0.9031,46119
2020-10-23,0.9027,0.9107,0.9021,0.9091,48471
2020-10-26,0.9080,0.9105,0.9041,0.9069,51166
2020-10-27,0.9069,0.9084,0.9034,0.9036,40603
2020-10-28,0.9036,0.9075,0.9015,0.9042,57741
2020-10-29,0.9042,0.9059,0.9006,0.9030,60371
2020-10-30,0.9030,0.9052,0.8984,0.8991,57883
2020-11-02,0.9005,0.9049,0.8995,0.9011,50633
2020-11-03,0.9010,0.9024,0.8968,0.8969,39617
2020-11-04,0.8969,0.9033,0.8944,0.9027,92151
2020-11-05,0.9027,0.9069,0.8992,0.8996,78661
2020-11-06,0.8997,0.9055,0.8989,0.9030,71384
2020-11-09,0.9026,0.9048,0.8972,0.8973,88004
2020-11-10,0.8973,0.8981,0.8884,0.8903,83299
2020-11-11,0.8903,0.8918,0.8861,0.8906,64156
2020-11-12,0.8906,0.9004,0.8901,0.8999,66393
2020-11-13,0.8999,0.9003,0.8964,0.8965,51657
2020-11-16,0.8971,0.8995,0.8955,0.8979,58603
2020-11-17,0.8979,0.8986,0.8947,0.8954,54842
2020-11-18,0.8954,0.8958,0.8915,0.8928,52023
2020-11-19,0.8928,0.8964,0.8924,0.8950,60151
2020-11-20,0.8953,0.8960,0.8917,0.8922,48155
2020-11-23,0.8912,0.8924,0.8866,0.8885,56648
2020-11-24,0.8884,0.8913,0.8874,0.8898,54795
2020-11-25,0.8898,0.8938,0.8890,0.8900,56896
2020-11-26,0.8905,0.8934,0.8892,0.8917,39033
2020-11-27,0.8916,0.9000,0.8910,0.8983,47794
2020-11-30,0.8973,0.9001,0.8945,0.8950,61155
2020-12-01,0.8950,0.9007,0.8928,0.8993,62497
2020-12-02,0.8992,0.9084,0.8980,0.9062,69930
2020-12-03,0.9064,0.9067,0.8998,0.9028,63588
2020-12-04,0.9028,0.9067,0.8983,0.9020,65315
2020-12-07,0.9039,0.9142,0.9028,0.9050,69539
2020-12-08,0.9048,0.9116,0.9047,0.9061,67135
2020-12-09,0.9061,0.9080,0.8983,0.9012,56638
2020-12-10,0.9015,0.9142,0.9005,0.9131,70099
2020-12-11,0.9126,0.9230,0.9115,0.9153,61493
2020-12-14,0.9072,0.9121,0.9045,0.9110,64267
2020-12-15,0.9111,0.9149,0.9021,0.9025,63849
2020-12-16,0.9025,0.9056,0.8992,0.9029,69069
2020-12-17,0.9029,0.9051,0.8982,0.9029,57347
2020-12-18,0.9028,0.9085,0.9018,0.9075,53276
2020-12-21,0.9101,0.9217,0.9070,0.9091,83056
2020-12-22,0.9089,0.9158,0.9084,0.9101,66576
2020-12-23,0.9107,0.9108,0.9001,0.9030,69871
2020-12-24,0.9029,0.9032,0.8953,0.9000,39796
2020-12-28,0.8977,0.9092,0.8977,0.9079,50139
2020-12-29,0.9082,0.9093,0.9056,0.9069,53491
2020-12-30,0.9069,0.9086,0.9013,0.9025,58193
2020-12-31,0.9025,0.9033,0.8932,0.8932,53948
2021-01-04,0.8958,0.9049,0.8943,0.9027,67454
2021-01-05,0.9024,0.9054,0.9013,0.9023,65851
2021-01-06,0.9021,0.9085,0.9017,0.9057,79355
2021-01-07,0.9057,0.9077,0.9015,0.9043,66124
2021-01-08,0.9044,0.9048,0.8993,0.9012,71747
2021-01-11,0.8991,0.9037,0.8988,0.8990,57550
2021-01-12,0.8990,0.8995,0.8920,0.8930,52616
2021-01-13,0.8931,0.8936,0.8883,0.8911,55812
2021-01-14,0.8911,0.8917,0.8869,0.8877,56039
2021-01-15,0.8878,0.8907,0.8866,0.8890,51221
2021-01-18,0.8875,0.8925,0.8874,0.8887,42408
2021-01-19,0.8888,0.8918,0.8881,0.8897,47474
2021-01-20,0.8897,0.8904,0.8837,0.8865,52068
2021-01-21,0.8864,0.8870,0.8830,0.8857,52359
2021-01-22,0.8857,0.8919,0.8856,0.8893,44744
2021-01-25,0.8887,0.8896,0.8868,0.8874,50660
2021-01-26,0.8874,0.8904,0.8847,0.8853,47449
2021-01-27,0.8851,0.8857,0.8812,0.8847,62512
2021-01-28,0.8847,0.8884,0.8827,0.8831,63999
2021-01-29,0.8831,0.8870,0.8825,0.8858,68450
2021-02-01,0.8847,0.8853,0.8804,0.8824,50919
2021-02-02,0.8824,0.8837,0.8795,0.8810,50796
2021-02-03,0.8811,0.8826,0.8797,0.8818,47341
2021-02-04,0.8817,0.8839,0.8748,0.8749,53451
2021-02-05,0.8749,0.8777,0.8738,0.8771,46578
2021-02-08,0.8771,0.8793,0.8762,0.8768,45162
2021-02-09,0.8767,0.8797,0.8762,0.8771,46991
2021-02-10,0.8772,0.8780,0.8751,0.8757,44655
2021-02-11,0.8758,0.8788,0.8752,0.8777,39621
2021-02-12,0.8777,0.8791,0.8744,0.8747,39499
2021-02-15,0.8747,0.8750,0.8718,0.8722,34418
2021-02-16,0.8722,0.8738,0.8697,0.8706,47601
2021-02-17,0.8706,0.8719,0.8680,0.8684,49590
2021-02-18,0.8685,0.8700,0.8641,0.8650,43207
2021-02-19,0.8649,0.8678,0.8640,0.8651,38451
2021-02-22,0.8641,0.8661,0.8633,0.8642,52784
2021-02-23,0.8642,0.8654,0.8606,0.8608,44668
2021-02-24,0.8608,0.8616,0.8538,0.8602,60477
2021-02-25,0.8602,0.8697,0.8596,0.8688,74189
2021-02-26,0.8688,0.8731,0.8656,0.8666,97492
2021-03-01,0.8655,0.8668,0.8620,0.8651,67328
2021-03-02,0.8651,0.8667,0.8637,0.8661,58853
2021-03-03,0.8661,0.8668,0.8622,0.8642,60655
2021-03-04,0.8642,0.8653,0.8596,0.8610,75425
2021-03-05,0.8610,0.8652,0.8602,0.8613,72898
2021-03-08,0.8615,0.8627,0.8566,0.8568,71199
2021-03-09,0.8568,0.8586,0.8550,0.8565,60622
2021-03-10,0.8565,0.8579,0.8550,0.8560,55799
2021-03-11,0.8560,0.8582,0.8548,0.8567,53394
2021-03-12,0.8567,0.8599,0.8554,0.8586,51964
2021-03-15,0.8581,0.8600,0.8554,0.8578,46406
2021-03-16,0.8578,0.8639,0.8558,0.8564,46778
2021-03-17,0.8564,0.8605,0.8540,0.8578,51725
2021-03-18,0.8579,0.8584,0.8533,0.8550,61384
2021-03-19,0.8550,0.8590,0.8535,0.8586,54310
2021-03-22,0.8587,0.8628,0.8577,0.8609,44956
2021-03-23,0.8609,0.8645,0.8597,0.8615,53209
2021-03-24,0.8615,0.8645,0.8613,0.8628,49345
2021-03-25,0.8628,0.8641,0.8560,0.8563,49440
2021-03-26,0.8564,0.8572,0.8535,0.8550,43206
2021-03-29,0.8544,0.8562,0.8506,0.8548,45056
2021-03-30,0.8547,0.8556,0.8523,0.8526,42353
2021-03-31,0.8527,0.8537,0.8503,0.8508,46783
2021-04-01,0.8509,0.8533,0.8493,0.8511,44807
2021-04-02,0.8511,0.8520,0.8498,0.8506,50008
2021-04-05,0.8502,0.8511,0.8472,0.8494,29114
2021-04-06,0.8495,0.8591,0.8486,0.8588,43165
2021-04-07,0.8588,0.8663,0.8582,0.8638,48739
2021-04-08,0.8639,0.8681,0.8621,0.8673,40667
2021-04-09,0.8672,0.8697,0.8647,0.8684,39084
2021-04-12,0.8662,0.8695,0.8640,0.8665,36359
2021-04-13,0.8663,0.8712,0.8641,0.8687,42910
2021-04-14,0.8688,0.8698,0.8669,0.8692,37659
2021-04-15,0.8692,0.8697,0.8670,0.8677,38276
2021-04-16,0.8676,0.8719,0.8656,0.8656,35970
2021-04-19,0.8647,0.8672,0.8589,0.8604,47053
2021-04-20,0.8604,0.8643,0.8600,0.8633,41012
2021-04-21,0.8633,0.8644,0.8613,0.8641,35075
2021-04-22,0.8641,0.8702,0.8634,0.8680,41802
2021-04-23,0.8680,0.8718,0.8672,0.8712,36531
2021-04-26,0.8708,0.8719,0.8682,0.8692,37440
2021-04-27,0.8694,0.8701,0.8674,0.8686,33061
2021-04-28,0.8685,0.8707,0.8685,0.8698,42646
2021-04-29,0.8698,0.8702,0.8674,0.8690,39379
2021-04-30,0.8690,0.8718,0.8672,0.8702,45494
2021-05-03,0.8708,0.8710,0.8664,0.8671,34486
2021-05-04,0.8671,0.8689,0.8646,0.8648,45372
2021-05-05,0.8648,0.8651,0.8623,0.8630,35198
2021-05-06,0.8630,0.8698,0.8627,0.8685,42605
2021-05-07,0.8685,0.8700,0.8664,0.8694,50078
2021-05-10,0.8680,0.8692,0.8588,0.8590,45779
2021-05-11,0.8589,0.8613,0.8582,0.8587,45417
2021-05-12,0.8586,0.8597,0.8561,0.8587,55427
2021-05-13,0.8590,0.8617,0.8582,0.8594,49125
2021-05-14,0.8594,0.8627,0.8590,0.8614,39110
2021-05-17,0.8599,0.8631,0.8592,0.8593,36967
2021-05-18,0.8594,0.8619,0.8582,0.8610,41243
2021-05-19,0.8610,0.8643,0.8608,0.8622,55599
2021-05-20,0.8624,0.8642,0.8612,0.8615,42670
2021-05-21,0.8616,0.8629,0.8583,0.8607,49703
2021-05-24,0.8595,0.8650,0.8591,0.8627,45252
2021-05-25,0.8626,0.8671,0.8619,0.8653,50722
2021-05-26,0.8653,0.8662,0.8629,0.8633,49507
2021-05-27,0.8632,0.8647,0.8581,0.8581,52514
2021-05-28,0.8581,0.8606,0.8575,0.8591,54439
2021-05-31,0.8594,0.8614,0.8584,0.8598,35259
2021-06-01,0.8598,0.8645,0.8585,0.8630,56825
2021-06-02,0.8630,0.8639,0.8600,0.8616,49738
2021-06-03,0.8615,0.8619,0.8586,0.8595,56904
2021-06-04,0.8594,0.8600,0.8565,0.8588,53703
2021-06-07,0.8585,0.8612,0.8576,0.8597,40484
2021-06-08,0.8591,0.8627,0.8589,0.8595,45713
2021-06-09,0.8594,0.8638,0.8589,0.8624,37619
2021-06-10,0.8624,0.8642,0.8584,0.8584,58962
2021-06-11,0.8585,0.8606,0.8568,0.8577,43499
2021-06-14,0.8582,0.8606,0.8572,0.8588,38359
2021-06-15,0.8586,0.8628,0.8576,0.8609,42579
2021-06-16,0.8610,0.8613,0.8572,0.8572,51952
2021-06-17,0.8572,0.8580,0.8542,0.8546,72206
2021-06-18,0.8550,0.8600,0.8542,0.8594,60856
2021-06-21,0.8569,0.8601,0.8549,0.8551,63149
2021-06-22,0.8551,0.8582,0.8547,0.8558,52270
2021-06-23,0.8558,0.8565,0.8530,0.8539,49936
2021-06-24,0.8539,0.8592,0.8533,0.8566,50572
2021-06-25,0.8566,0.8604,0.8559,0.8597,42336
2021-06-28,0.8572,0.8599,0.8566,0.8587,45858
2021-06-29,0.8589,0.8609,0.8585,0.8593,47731
2021-06-30,0.8593,0.8609,0.8569,0.8572,55110
2021-07-01,0.8571,0.8615,0.8563,0.8609,52150
2021-07-02,0.8606,0.8611,0.8574,0.8576,51284
2021-07-05,0.8572,0.8582,0.8562,0.8566,37141
2021-07-06,0.8565,0.8576,0.8535,0.8567,58682
2021-07-07,0.8562,0.8583,0.8541,0.8541,57463
2021-07-08,0.8541,0.8618,0.8538,0.8589,65389
2021-07-09,0.8589,0.8597,0.8544,0.8544,53494
2021-07-12,0.8542,0.8566,0.8536,0.8540,39719
2021-07-13,0.8540,0.8558,0.8523,0.8523,44020
2021-07-14,0.8523,0.8543,0.8503,0.8537,49111
2021-07-15,0.8537,0.8568,0.8511,0.8539,55492
2021-07-16,0.8538,0.8579,0.8524,0.8576,50127
2021-07-19,0.8560,0.8641,0.8559,0.8625,66655
2021-07-20,0.8625,0.8670,0.8620,0.8640,61515
2021-07-21,0.8640,0.8658,0.8596,0.8596,47390
2021-07-22,0.8596,0.8610,0.8541,0.8547,48873
2021-07-23,0.8547,0.8584,0.8540,0.8561,42715
2021-07-26,0.8545,0.8574,0.8536,0.8540,47445
2021-07-27,0.8540,0.8556,0.8511,0.8514,52531
2021-07-28,0.8512,0.8522,0.8499,0.8515,53663
2021-07-29,0.8516,0.8520,0.8500,0.8512,40835
2021-07-30,0.8511,0.8538,0.8507,0.8536,45863
2021-08-02,0.8515,0.8558,0.8504,0.8547,41658
2021-08-03,0.8546,0.8551,0.8524,0.8524,42624
2021-08-04,0.8524,0.8532,0.8504,0.8521,42664
2021-08-05,0.8521,0.8528,0.8490,0.8491,43980
2021-08-06,0.8491,0.8499,0.8470,0.8475,36972
2021-08-09,0.8468,0.8486,0.8461,0.8475,42553
2021-08-10,0.8475,0.8480,0.8450,0.8463,34532
2021-08-11,0.8463,0.8484,0.8461,0.8464,36305
2021-08-12,0.8464,0.8504,0.8452,0.8492,33194
2021-08-13,0.8493,0.8518,0.8490,0.8504,29911
2021-08-16,0.8494,0.8515,0.8484,0.8506,32728
2021-08-17,0.8502,0.8536,0.8501,0.8521,39693
2021-08-18,0.8518,0.8533,0.8505,0.8512,39075
2021-08-19,0.8510,0.8565,0.8505,0.8561,46987
2021-08-20,0.8558,0.8590,0.8543,0.8587,36572
2021-08-23,0.8573,0.8594,0.8550,0.8555,34279
2021-08-24,0.8555,0.8572,0.8542,0.8561,31595
2021-08-25,0.8559,0.8569,0.8550,0.8551,34393
2021-08-26,0.8551,0.8583,0.8544,0.8576,38535
2021-08-27,0.8576,0.8589,0.8558,0.8572,42264
2021-08-30,0.8562,0.8581,0.8556,0.8572,27922
2021-08-31,0.8570,0.8599,0.8557,0.8584,44176
2021-09-01,0.8581,0.8603,0.8574,0.8597,38722
2021-09-02,0.8596,0.8601,0.8577,0.8583,31096
2021-09-03,0.8582,0.8594,0.8562,0.8570,40906
2021-09-06,0.8561,0.8586,0.8561,0.8577,28023
2021-09-07,0.8577,0.8613,0.8568,0.8588,41682
2021-09-08,0.8587,0.8603,0.8577,0.8578,47761
2021-09-09,0.8575,0.8589,0.8524,0.8544,48628
2021-09-10,0.8541,0.8547,0.8520,0.8538,43192
2021-09-13,0.8521,0.8538,0.8510,0.8532,42777
2021-09-14,0.8531,0.8551,0.8511,0.8547,43948
2021-09-15,0.8546,0.8562,0.8529,0.8535,43095
2021-09-16,0.8532,0.8547,0.8501,0.8529,45169
2021-09-17,0.8527,0.8553,0.8521,0.8540,42917
2021-09-20,0.8524,0.8594,0.8524,0.8585,48883
2021-09-21,0.8585,0.8595,0.8563,0.8582,50325
2021-09-22,0.8582,0.8613,0.8573,0.8581,57225
2021-09-23,0.8581,0.8590,0.8536,0.8554,52460
2021-09-24,0.8553,0.8577,0.8548,0.8571,41801
2021-09-27,0.8576,0.8577,0.8527,0.8536,49133
2021-09-28,0.8531,0.8641,0.8525,0.8629,59561
2021-09-29,0.8629,0.8658,0.8613,0.8636,66186
2021-09-30,0.8632,0.8643,0.8578,0.8589,58545
2021-10-01,0.8589,0.8624,0.8544,0.8558,63652
2021-10-04,0.8555,0.8573,0.8531,0.8538,52495
2021-10-05,0.8538,0.8545,0.8503,0.8508,45311
2021-10-06,0.8506,0.8527,0.8495,0.8507,56128
2021-10-07,0.8505,0.8523,0.8475,0.8483,38843
2021-10-08,0.8482,0.8500,0.8476,0.8498,41793
2021-10-11,0.8482,0.8501,0.8472,0.8495,37215
2021-10-12,0.8495,0.8518,0.8473,0.8484,40548
2021-10-13,0.8480,0.8498,0.8473,0.8485,48018
2021-10-14,0.8479,0.8488,0.8454,0.8479,41434
2021-10-15,0.8477,0.8487,0.8424,0.8438,42989
2021-10-18,0.8427,0.8464,0.8417,0.8457,48114
2021-10-19,0.8456,0.8463,0.8423,0.8432,45918
2021-10-20,0.8433,0.8460,0.8422,0.8426,45305
2021-10-21,0.8424,0.8444,0.8419,0.8425,44175
2021-10-22,0.8422,0.8469,0.8419,0.8461,55019
2021-10-25,0.8454,0.8465,0.8427,0.8431,46593
2021-10-26,0.8428,0.8436,0.8402,0.8423,43037
2021-10-27,0.8423,0.8464,0.8407,0.8442,52574
2021-10-28,0.8440,0.8476,0.8423,0.8470,55234
2021-10-29,0.8466,0.8473,0.8433,0.8443,59697
2021-11-01,0.8446,0.8499,0.8442,0.8490,46104
2021-11-02,0.8490,0.8514,0.8490,0.8502,46974
2021-11-03,0.8500,0.8513,0.8472,0.8485,52366
2021-11-04,0.8483,0.8565,0.8462,0.8558,61897
2021-11-05,0.8557,0.8595,0.8548,0.8570,55108
2021-11-08,0.8570,0.8588,0.8535,0.8541,48634
2021-11-09,0.8538,0.8561,0.8520,0.8548,56406
2021-11-10,0.8545,0.8564,0.8532,0.8561,68119
2021-11-11,0.8558,0.8574,0.8543,0.8562,55266
2021-11-12,0.8563,0.8567,0.8525,0.8530,52157
2021-11-15,0.8524,0.8537,0.8471,0.8473,54230
2021-11-16,0.8470,0.8482,0.8427,0.8427,62819
2021-11-17,0.8426,0.8436,0.8385,0.8389,59679
2021-11-18,0.8389,0.8427,0.8383,0.8425,51848
2021-11-19,0.8423,0.8426,0.8385,0.8391,64032
2021-11-22,0.8386,0.8404,0.8380,0.8386,60062
2021-11-23,0.8384,0.8431,0.8382,0.8406,59546
2021-11-24,0.8406,0.8415,0.8385,0.8403,61208
2021-11-25,0.8400,0.8436,0.8397,0.8412,50298
2021-11-26,0.8407,0.8496,0.8406,0.8484,83659
2021-11-29,0.8469,0.8486,0.8446,0.8479,58914
2021-11-30,0.8476,0.8538,0.8471,0.8523,82852
2021-12-01,0.8518,0.8530,0.8493,0.8526,78852
2021-12-02,0.8525,0.8527,0.8489,0.8495,64458
2021-12-03,0.8492,0.8550,0.8488,0.8546,73943
2021-12-06,0.8545,0.8545,0.8500,0.8507,54530
2021-12-07,0.8503,0.8513,0.8489,0.8506,53354
2021-12-08,0.8504,0.8599,0.8498,0.8588,64445
2021-12-09,0.8586,0.8591,0.8540,0.8540,52164
2021-12-10,0.8538,0.8553,0.8526,0.8530,53391
2021-12-13,0.8530,0.8550,0.8500,0.8538,54754
2021-12-14,0.8540,0.8553,0.8508,0.8510,51401
2021-12-15,0.8506,0.8528,0.8486,0.8515,66061
2021-12-16,0.8501,0.8528,0.8454,0.8503,71209
2021-12-17,0.8501,0.8528,0.8486,0.8488,63872
2021-12-20,0.8484,0.8550,0.8482,0.8537,59020
2021-12-21,0.8534,0.8549,0.8500,0.8503,48181
2021-12-22,0.8503,0.8511,0.8478,0.8481,48433
2021-12-23,0.8480,0.8498,0.8416,0.8445,45059
2021-12-24,0.8443,0.8464,0.8434,0.8441,115929
2021-12-27,0.8432,0.8455,0.8424,0.8425,30303
2021-12-28,0.8423,0.8434,0.8402,0.8419,31585
2021-12-29,0.8414,0.8425,0.8402,0.8411,41518
2021-12-30,0.8408,0.8416,0.8380,0.8387,42063
2021-12-31,0.8380,0.8414,0.8368,0.8411,42635
2022-01-03,0.8400,0.8418,0.8372,0.8380,46753
2022-01-04,0.8380,0.8394,0.8336,0.8341,51800
2022-01-05,0.8341,0.8372,0.8334,0.8345,52745
2022-01-06,0.8341,0.8372,0.8336,0.8346,57445
2022-01-07,0.8343,0.8366,0.8337,0.8356,48785
2022-01-10,0.8350,0.8359,0.8332,0.8341,46487
2022-01-11,0.8338,0.8350,0.8323,0.8335,49468
2022-01-12,0.8333,0.8355,0.8328,0.8349,47942
2022-01-13,0.8343,0.8360,0.8337,0.8356,48604
2022-01-14,0.8353,0.8362,0.8342,0.8344,56311
2022-01-17,0.8340,0.8362,0.8333,0.8358,39005
2022-01-18,0.8355,0.8379,0.8326,0.8329,64693
2022-01-19,0.8328,0.8342,0.8313,0.8330,52999
2022-01-20,0.8331,0.8339,0.8305,0.8316,53920
2022-01-21,0.8314,0.8377,0.8313,0.8369,63302
2022-01-24,0.8362,0.8422,0.8351,0.8396,67771
2022-01-25,0.8391,0.8401,0.8358,0.8368,65797
2022-01-26,0.8364,0.8370,0.8341,0.8347,67762
2022-01-27,0.8347,0.8358,0.8321,0.8327,80902
2022-01-28,0.8324,0.8334,0.8305,0.8321,73567
2022-01-31,0.8313,0.8358,0.8305,0.8352,65974
2022-02-01,0.8352,0.8360,0.8318,0.8332,62879
2022-02-02,0.8331,0.8351,0.8324,0.8325,54076
2022-02-03,0.8324,0.8417,0.8285,0.8411,80059
2022-02-04,0.8407,0.8470,0.8401,0.8463,71180
2022-02-07,0.8462,0.8478,0.8438,0.8452,52970
2022-02-08,0.8449,0.8457,0.8413,0.8426,47877
2022-02-09,0.8423,0.8451,0.8413,0.8440,45291
2022-02-10,0.8437,0.8446,0.8410,0.8424,70610
2022-02-11,0.8424,0.8427,0.8359,0.8366,74727
2022-02-14,0.8356,0.8387,0.8346,0.8355,68389
2022-02-15,0.8352,0.8400,0.8349,0.8388,57284
2022-02-16,0.8386,0.8402,0.8365,0.8370,54762
2022-02-17,0.8368,0.8377,0.8334,0.8342,68956
2022-02-18,0.8342,0.8356,0.8327,0.8328,59157
2022-02-21,0.8325,0.8351,0.8312,0.8313,47296
2022-02-22,0.8309,0.8383,0.8305,0.8334,66738
2022-02-23,0.8338,0.8354,0.8325,0.8344,50771
2022-02-24,0.8344,0.8378,0.8306,0.8367,113478
2022-02-25,0.8364,0.8407,0.8346,0.8404,80784
2022-02-28,0.8349,0.8383,0.8342,0.8359,104140
2022-03-01,0.8358,0.8367,0.8316,0.8345,81464
2022-03-02,0.8342,0.8360,0.8292,0.8293,92996
2022-03-03,0.8291,0.8299,0.8275,0.8287,71080
2022-03-04,0.8286,0.8291,0.8230,0.8259,86691
