time,open,high,low,close,volume
2012-12-04,107.3060,107.3860,106.9190,107.2230,62423
2012-12-05,107.2220,107.9550,107.1290,107.7180,60330
2012-12-06,107.7190,107.8810,106.6030,106.7760,62005
2012-12-07,106.7750,107.0680,106.1160,106.6300,56354
2012-12-10,106.4850,106.6340,105.9710,106.5530,52927
2012-12-11,106.5530,107.4100,106.4670,107.3610,53978
2012-12-12,107.3630,109.0280,107.2540,108.7180,61040
2012-12-13,108.7190,109.5270,108.6340,109.3240,63473
2012-12-14,109.3250,109.9720,109.0380,109.9020,63490
2012-12-17,110.9240,110.9340,109.9250,110.3690,60324
2012-12-18,110.3690,111.4640,110.3600,111.4330,58176
2012-12-19,111.4340,112.4870,110.8060,110.9940,68974
2012-12-20,111.0070,112.1390,110.7230,111.7120,69334
2012-12-21,111.7210,111.7680,110.6150,111.0760,74194
2012-12-24,111.1860,111.9970,111.1220,111.7880,42168
2012-12-26,112.4480,113.3760,112.4380,113.0360,41723
2012-12-27,113.0350,114.3090,113.0200,114.2040,72394
2012-12-28,114.1830,114.6820,113.2870,113.5390,62326
2012-12-31,113.4240,114.4320,113.4240,114.3040,44848
2013-01-01,114.4470,114.7680,114.3450,114.5800,3106
2013-01-02,114.5790,115.9880,114.1690,115.1780,96811
2013-01-03,115.1810,115.1810,113.6470,113.9810,63692
2013-01-04,113.9790,115.4030,113.9680,115.1910,67876
2013-01-07,115.5170,115.5190,114.1050,114.7960,64517
2013-01-08,114.7980,115.2250,113.5450,113.6030,66856
2013-01-09,113.6020,115.0210,113.5920,114.9280,66811
2013-01-10,114.9260,118.2240,114.8140,117.9760,73141
2013-01-11,117.9720,119.3270,117.6260,118.9870,75297
2013-01-14,119.5930,120.1150,118.8810,119.6840,66497
2013-01-15,119.6850,119.9720,117.6130,118.1000,84046
2013-01-16,118.0970,118.1730,116.4630,117.7060,82677
2013-01-17,117.7010,120.5840,117.0010,120.3090,88088
2013-01-18,120.3100,120.6950,119.3420,119.9720,78655
2013-01-21,120.0020,120.1470,118.8810,119.5920,65278
2013-01-22,119.5840,120.1500,117.3260,118.2320,87655
2013-01-23,118.2310,118.3240,117.0480,117.8360,76993
2013-01-24,117.8350,121.0610,117.5770,120.9760,81474
2013-01-25,120.9720,122.7660,120.6620,122.3350,77012
2013-01-28,122.5760,122.9010,121.6210,121.8840,69346
2013-01-29,121.8780,122.5540,121.2130,122.3970,75273
2013-01-30,122.3940,123.8500,122.3240,123.5590,79413
2013-01-31,123.5580,124.6580,122.9790,124.6340,77948
2013-02-01,124.6340,126.9640,124.6160,126.6190,86398
2013-02-04,126.6930,126.7680,124.1690,124.3590,82883
2013-02-05,124.3610,127.4040,124.0140,127.2750,93886
2013-02-06,127.2760,127.6940,125.9300,126.4150,89521
2013-02-07,126.4160,127.4520,124.4900,125.5260,89292
2013-02-08,125.5260,125.5630,123.4240,123.8320,84815
2013-02-11,123.7460,126.6160,123.6030,126.3060,77482
2013-02-12,126.3050,126.9420,125.0000,125.4040,89020
2013-02-13,125.4050,126.5590,124.7710,125.3740,82500
2013-02-14,125.3740,125.9480,123.8080,124.0680,83993
2013-02-15,124.0680,125.2730,122.8980,124.8750,68502
2013-02-18,125.3020,125.8830,125.0060,125.3830,45556
2013-02-19,125.3850,125.4460,124.5520,125.2330,46411
2013-02-20,125.2340,125.8810,124.1720,124.5150,53653
2013-02-21,124.5140,124.6930,122.2600,122.6430,53831
2013-02-22,122.6510,123.7620,122.5620,123.1960,49309
2013-02-25,124.2660,125.2070,118.7360,120.3380,67902
2013-02-26,120.3360,121.3520,118.9730,120.1570,72828
2013-02-27,120.1560,121.4500,119.2130,121.1200,60373
2013-02-28,121.1140,121.8160,120.5200,121.0330,54424
2013-03-01,121.0320,122.1510,120.3510,121.8380,54557
2013-03-04,121.7370,121.9760,121.1300,121.7450,15305
2013-03-05,121.7470,121.8480,121.1420,121.7640,13611
2013-03-06,121.7800,122.2710,121.5130,121.9610,32148
2013-03-07,121.9610,124.5780,121.8500,124.3920,67553
2013-03-08,124.3910,125.8980,123.7980,124.8210,54555
2013-03-11,124.9030,125.9730,124.6380,125.9280,51943
2013-03-12,125.9300,126.0300,124.3820,124.9070,69345
2013-03-13,124.9070,125.2140,124.1750,124.4370,72572
2013-03-14,124.4320,125.2370,124.0480,125.0020,72602
2013-03-15,125.0020,125.7820,124.2050,124.5890,66336
2013-03-18,122.4740,123.9460,121.6330,123.4380,79549
2013-03-19,123.4390,124.1210,121.8280,122.1720,77600
2013-03-20,122.1720,124.4940,122.0270,124.2390,70005
2013-03-21,124.2410,124.3700,122.0390,122.6310,79201
2013-03-22,122.6310,123.4540,121.4590,122.6630,69806
2013-03-25,122.7470,123.8470,120.0770,121.1620,79355
2013-03-26,121.1640,121.7310,120.7200,121.7240,69428
2013-03-27,121.7220,121.8650,119.9560,120.5600,69414
2013-03-28,120.5610,120.9400,119.7430,120.8260,66891
2013-03-29,120.8260,120.8280,120.2880,120.7270,41712
2013-04-01,120.7410,120.8650,119.4930,119.6930,48121
2013-04-02,119.6950,120.1410,119.1360,119.7140,62752
2013-04-03,119.7150,120.1710,119.1050,119.5410,58592
2013-04-04,119.5420,124.6690,119.1500,124.6270,78182
2013-04-05,124.6250,127.2820,123.8620,126.7100,84584
2013-04-08,127.6500,129.5010,127.4120,129.4950,80217
2013-04-09,129.4940,130.0880,128.4300,129.7270,77353
2013-04-10,129.7290,130.5280,129.4010,130.4070,69286
2013-04-11,130.4070,131.1110,129.6970,130.7960,71332
2013-04-12,130.7910,130.7910,128.5840,128.9850,74146
2013-04-15,128.8540,129.3130,124.9630,125.9880,96776
2013-04-16,126.0170,129.0010,125.9330,128.8550,96345
2013-04-17,128.8550,129.7320,126.4340,128.0820,92044
2013-04-18,128.0850,128.7780,127.1540,128.1610,83858
2013-04-19,128.1590,130.2450,128.0550,129.8500,78418
2013-04-22,130.3950,130.6590,128.9140,129.6940,70385
2013-04-23,129.6940,129.8170,127.8660,129.1880,79988
2013-04-24,129.1880,129.7910,128.8050,129.4970,69465
2013-04-25,129.4950,129.8950,129.0220,129.2060,67846
2013-04-26,129.2050,129.3720,127.1360,127.6680,86683
2013-04-29,127.9250,128.5870,127.0480,128.0850,64787
2013-04-30,128.0900,128.5120,127.1990,128.2120,69442
2013-05-01,128.2250,128.9240,127.8480,128.2450,58709
2013-05-02,128.2460,129.9040,127.5020,127.9000,68149
2013-05-03,127.9080,130.3350,127.8740,129.7920,54299
2013-05-06,130.0550,130.4020,129.6020,129.8580,41806
2013-05-07,129.8580,130.3600,129.2260,129.4220,58555
2013-05-08,129.4220,130.4150,128.9780,130.2090,60550
2013-05-09,130.2030,131.7600,129.5850,131.2700,66410
2013-05-10,131.2660,132.2530,131.0680,131.9510,75403
2013-05-13,132.0990,132.3950,131.5710,132.1070,62981
2013-05-14,132.1050,132.7670,131.5330,132.2480,68617
2013-05-15,132.2570,132.4300,131.1860,131.6970,67454
2013-05-16,131.6950,132.2030,131.2830,131.6910,67075
2013-05-17,131.6970,132.5340,131.3020,132.4870,60668
2013-05-20,131.8640,132.1260,131.5590,131.7550,60432
2013-05-21,131.7520,132.4000,131.6760,132.2900,62291
2013-05-22,132.2910,133.7980,131.9620,132.5380,82356
2013-05-23,132.5400,132.8680,129.9680,131.8880,120255
2013-05-24,131.8890,132.5660,130.0890,130.9480,107338
2013-05-27,130.9710,131.0580,130.2650,130.7140,61409
2013-05-28,130.7110,132.1430,130.6600,131.4410,101461
2013-05-29,131.4440,131.7020,130.3910,130.8840,108285
2013-05-30,130.8880,131.9460,130.1930,131.4420,109608
2013-05-31,131.4590,132.0730,130.2680,130.5280,107213
2013-06-03,130.6140,130.9820,129.5170,129.9670,98636
2013-06-04,129.9760,131.3980,129.9280,130.8700,95810
2013-06-05,130.8700,131.4010,129.5970,129.8050,106759
2013-06-06,129.6840,130.7160,127.4840,128.4250,114966
2013-06-07,128.4290,129.1740,126.1550,128.8960,129819
2013-06-10,129.0710,131.1020,128.9960,130.9100,107629
2013-06-11,130.9100,131.2950,127.1030,127.8270,122752
2013-06-12,127.8260,129.3370,127.0320,128.0450,108623
2013-06-13,128.0370,128.1090,124.9650,127.5430,120433
2013-06-14,127.8640,127.9450,125.1820,125.5030,105246
2013-06-17,125.7240,126.9220,125.6750,126.5100,82184
2013-06-18,126.5090,128.0720,126.2060,127.7630,86496
2013-06-19,127.7660,128.7630,127.0580,128.0300,89308
2013-06-20,128.0300,129.9070,127.8210,128.7050,124291
2013-06-21,128.7010,129.6960,127.7890,128.4150,105515
2013-06-24,128.3910,129.2040,127.2860,128.2380,107762
2013-06-25,128.2350,128.6680,127.2930,128.1410,97634
2013-06-26,128.1410,128.4490,126.5720,127.1660,96958
2013-06-27,127.1610,128.3730,127.0410,128.2000,93129
2013-06-28,128.1980,129.6430,128.1610,128.9420,98505
2013-07-01,129.1080,130.2500,129.0790,130.1130,72765
2013-07-02,130.1210,131.1190,129.8370,130.6300,77119
2013-07-03,130.6280,130.8580,128.6450,130.0140,87662
2013-07-04,130.0130,130.2040,128.8310,129.2670,64420
2013-07-05,129.2690,129.8810,128.5800,129.7650,76235
2013-07-08,129.8310,130.1880,129.3970,129.8220,70510
2013-07-09,129.8270,130.5610,128.7060,129.2400,74631
2013-07-10,129.2420,129.8150,128.0140,129.6090,89959
2013-07-11,129.6090,130.4280,128.6440,129.6130,116998
2013-07-12,129.6130,129.9520,128.9060,129.5700,75483
2013-07-15,129.7380,130.7050,129.3930,130.5810,66346
2013-07-16,130.5810,130.8140,130.0360,130.4230,80171
2013-07-17,130.4230,131.3570,130.2890,130.6820,79731
2013-07-18,130.6820,131.8870,130.5320,131.7950,75620
2013-07-19,131.7950,132.2340,131.2140,132.1880,76818
2013-07-22,131.8620,132.2390,131.1480,131.3230,72754
2013-07-23,131.3250,132.0170,130.7650,131.5380,74879
2013-07-24,131.5370,132.7330,131.3700,132.3200,73144
2013-07-25,132.3450,132.4820,131.4540,131.7700,80182
2013-07-26,131.7880,131.9110,130.0830,130.4740,78040
2013-07-29,130.5240,130.5250,129.5860,129.8530,75322
2013-07-30,129.8520,130.5170,129.7620,130.0220,70338
2013-07-31,130.0220,130.7870,129.3350,130.0390,87930
2013-08-01,130.0420,131.5470,129.9330,131.4330,80487
2013-08-02,131.4420,131.9570,131.0710,131.3330,74132
2013-08-05,131.4520,131.5530,130.1460,130.2950,64847
2013-08-06,130.2950,130.7290,129.8010,130.1050,71775
2013-08-07,130.1050,130.1160,128.4400,128.5240,85518
2013-08-08,128.5240,129.4520,128.2150,129.2640,78712
2013-08-09,129.2620,129.7100,128.2820,128.3440,66234
2013-08-12,128.4190,129.1710,127.9680,129.1220,63335
2013-08-13,129.1210,130.4670,129.0950,130.2640,74638
2013-08-14,130.3020,130.6590,129.8350,129.9460,64771
2013-08-15,129.9470,130.7230,129.4230,129.8400,83925
2013-08-16,129.8430,130.4290,129.5750,129.9790,65969
2013-08-19,130.1800,131.0340,129.8530,130.1870,65311
2013-08-20,130.1870,130.7930,129.2860,130.5650,74611
2013-08-21,130.5680,131.0100,130.2860,130.5030,73466
2013-08-22,130.5030,131.9600,130.4050,131.9040,69570
2013-08-23,131.8960,132.4220,131.8270,132.0570,63994
2013-08-26,131.9510,132.3090,131.5420,131.6100,46657
2013-08-27,131.6200,131.7410,129.8390,129.9250,73408
2013-08-28,129.9260,130.5510,129.6560,130.3260,71213
2013-08-29,130.3260,130.5310,129.9850,130.1670,70319
2013-08-30,130.1670,130.3370,129.3030,129.6960,65224
2013-09-02,129.8930,131.3800,129.7860,131.1170,54071
2013-09-03,131.1150,131.4760,130.6450,131.0800,65259
2013-09-04,131.0880,131.8140,130.8120,131.7130,56898
2013-09-05,131.7160,132.1470,131.0290,131.4000,60975
2013-09-06,131.4010,131.4740,129.9090,130.5720,58370
2013-09-09,131.4340,132.2050,130.9810,132.0160,55344
2013-09-10,132.0260,133.3000,131.9180,133.1630,59022
2013-09-11,133.1640,133.3670,132.7730,133.0720,60040
2013-09-12,133.0700,133.0940,131.7310,132.3140,62007
2013-09-13,132.3140,132.6430,131.6590,132.0850,54170
2013-09-16,132.0490,132.3990,131.8720,132.1310,52325
2013-09-17,132.1310,132.6410,132.0340,132.4040,49052
2013-09-18,132.4130,132.6820,131.8620,132.6010,57612
2013-09-19,132.6010,134.9430,132.5090,134.4890,68913
2013-09-20,134.5010,134.7340,134.1610,134.2690,53114
2013-09-23,134.3330,134.4210,133.0890,133.3030,47991
2013-09-24,133.3140,133.9990,132.6980,132.9860,56555
2013-09-25,132.9940,133.5540,132.6860,133.1090,53715
2013-09-26,133.1160,133.9320,132.8850,133.4900,59132
2013-09-27,133.4780,133.5750,132.6230,132.7880,53894
2013-09-30,131.8420,133.2280,131.6390,132.8320,62693
2013-10-01,132.8360,133.4790,132.3210,132.5730,66928
2013-10-02,132.5720,132.6080,131.4210,132.2680,63812
2013-10-03,132.2660,133.2050,132.1320,132.4370,63826
2013-10-04,132.4400,132.6870,131.7700,132.1340,56029
2013-10-07,131.9530,132.0460,131.1430,131.2740,54988
2013-10-08,131.2750,132.0340,131.1720,131.4930,55220
2013-10-09,131.4990,132.1780,131.2440,131.6730,58686
2013-10-10,131.6800,132.9610,131.6620,132.9290,56194
2013-10-11,132.9300,133.5940,132.4440,133.4550,53533
2013-10-14,133.1490,133.8250,133.1430,133.7590,34843
2013-10-15,133.7590,133.7920,132.6300,132.8180,54950
2013-10-16,132.8280,133.7480,132.7450,133.6900,58041
2013-10-17,133.6930,133.9450,133.3300,133.8450,58280
2013-10-18,133.8450,134.1810,133.6110,133.7040,45229
2013-10-21,134.0020,134.3690,133.8680,134.2690,40297
2013-10-22,134.2810,135.5030,134.1960,135.1740,43121
2013-10-23,135.1730,135.2760,133.6030,134.0720,54961
2013-10-24,134.0750,134.7880,133.8900,134.2950,51801
2013-10-25,134.3040,134.5230,133.8850,134.4100,51069
2013-10-28,134.6590,134.9300,134.5530,134.6400,41249
2013-10-29,134.6360,135.1720,134.2630,134.9420,53071
2013-10-30,134.9440,135.4490,134.7650,135.1770,50068
2013-10-31,135.1790,135.2730,133.3390,133.6390,56511
2013-11-01,133.6300,133.6410,132.6030,132.9720,51134
2013-11-04,133.1310,133.3510,132.8630,133.3000,31905
2013-11-05,133.3020,133.3320,132.3700,132.7410,50174
2013-11-06,132.7410,133.7250,132.5480,133.3010,43800
2013-11-07,133.3050,133.5260,131.2270,131.7070,61859
2013-11-08,131.7070,132.5420,131.3050,132.3670,56293
2013-11-11,132.4660,133.1480,132.2070,132.9390,40922
2013-11-12,132.9430,134.0080,132.9090,133.8380,58967
2013-11-13,133.8480,133.9550,133.2260,133.8500,56644
2013-11-14,133.8470,134.7150,133.7360,134.6760,63114
2013-11-15,134.6780,135.3110,134.4860,135.1760,51383
2013-11-18,135.2660,135.3500,134.7460,134.9400,51220
2013-11-19,134.9400,135.7150,134.6060,135.6120,56351
2013-11-20,135.6150,135.9400,134.1080,134.4510,61988
2013-11-21,134.4540,136.4240,134.4120,136.3400,64297
2013-11-22,136.3370,137.3300,136.0160,137.2940,51831
2013-11-25,137.2630,137.9830,137.0180,137.2780,43406
2013-11-26,137.2850,137.6740,137.1340,137.4270,40795
2013-11-27,137.4330,138.8320,137.2850,138.8100,50165
2013-11-28,138.8180,139.2460,138.3090,139.1420,44499
2013-11-29,139.1330,139.7030,138.9660,139.1620,55457
2013-12-02,139.2740,139.7010,139.0310,139.3600,54949
2013-12-03,139.3600,140.0210,138.7030,139.1930,62761
2013-12-04,139.1950,139.6020,138.4270,139.0760,71173
2013-12-05,139.0760,139.5650,138.4590,139.1650,68244
2013-12-06,139.1620,141.0430,138.9330,141.0070,58342
2013-12-09,141.4010,141.9430,140.9920,141.8590,53769
2013-12-10,141.8630,142.1660,141.2750,141.5520,55920
2013-12-11,141.5510,141.6850,140.9140,141.2620,57402
2013-12-12,141.2640,142.4520,141.1870,142.3950,61232
2013-12-13,142.4030,142.8220,141.4180,141.7350,57866
2013-12-16,141.7090,142.1190,141.2170,141.8300,55088
2013-12-17,141.8320,141.9500,140.9800,141.2620,47622
2013-12-18,141.2550,142.8970,141.2240,142.5750,62125
2013-12-19,142.5710,142.6890,141.8580,142.3210,58833
2013-12-20,142.3200,142.7370,142.1000,142.2610,50806
2013-12-23,142.2620,142.7520,142.0960,142.6970,32985
2013-12-24,142.6870,142.8770,142.4520,142.6020,30461
2013-12-26,143.3950,143.5310,143.2890,143.4740,23084
2013-12-27,143.4740,145.6840,143.4640,144.5490,53938
2013-12-30,144.8810,145.1650,144.5510,144.9230,42875
2013-12-31,144.9220,145.1370,144.4100,145.1280,32520
2014-01-01,144.7800,145.0390,144.7350,144.9460,5712
2014-01-02,144.9700,145.1250,142.8400,143.2490,77382
2014-01-03,143.2490,143.3130,141.9610,142.4260,55087
2014-01-06,142.5310,142.7750,141.4980,142.0960,62417
2014-01-07,142.0980,142.5890,141.9410,142.5040,56892
2014-01-08,142.5030,143.1610,142.1200,142.3670,60776
2014-01-09,142.3660,143.0330,142.0380,142.5860,55586
2014-01-10,142.5880,143.0480,142.0560,142.3480,53124
2014-01-13,142.2310,142.2890,140.4960,140.8650,57580
2014-01-14,140.8590,142.6260,140.7890,142.5130,58953
2014-01-15,142.5150,142.5890,141.7950,142.2620,53974
2014-01-16,142.2620,142.9070,141.7070,142.0630,52298
2014-01-17,142.0700,142.1600,140.9730,141.2110,47814
2014-01-20,141.1350,141.3760,140.3190,141.2150,41674
2014-01-21,141.2150,141.8550,141.0350,141.4170,52760
2014-01-22,141.4170,141.8280,141.0550,141.5900,54576
2014-01-23,141.5870,142.4120,141.0290,141.5290,69782
2014-01-24,141.5250,141.7680,139.7560,139.8940,74567
2014-01-27,139.6290,140.6930,139.4440,140.3480,71598
2014-01-28,140.3480,141.2520,140.1720,141.1060,60441
2014-01-29,141.1120,141.2470,139.0460,139.5540,70796
2014-01-30,139.5600,139.9460,138.8900,139.3530,65684
2014-01-31,139.3520,139.5000,137.4660,137.4990,65782
2014-02-03,137.7340,138.1020,136.3610,136.7880,69795
2014-02-04,136.7570,137.4370,136.2250,137.3400,69764
2014-02-05,137.3400,137.5390,136.5460,137.3830,84795
2014-02-06,137.3830,138.8220,136.7500,138.5780,77864
2014-02-07,138.5810,139.6030,138.1650,139.5170,74962
2014-02-10,139.7690,139.7980,139.1680,139.4730,53165
2014-02-11,139.4730,140.3000,139.2760,139.9530,51305
2014-02-12,139.9540,139.9710,138.6730,139.4050,57055
2014-02-13,139.4060,139.9140,138.8740,139.8610,61434
2014-02-14,139.8710,140.0600,138.9860,139.3740,57099
2014-02-17,139.3680,139.7540,138.9480,139.7250,42800
2014-02-18,139.7360,141.0320,139.4910,140.9020,60966
2014-02-19,140.9020,140.9020,139.9990,140.5060,55281
2014-02-20,140.5090,140.6200,139.1940,140.4320,62802
2014-02-21,140.4320,141.2630,140.3120,140.8120,52300
2014-02-24,140.8950,141.0390,140.3410,140.7460,54660
2014-02-25,140.7430,140.9640,140.1280,140.4810,53430
2014-02-26,140.4810,140.7840,139.6510,140.0650,57622
2014-02-27,140.0720,140.2190,138.7880,140.0500,61403
2014-02-28,140.0510,141.1150,139.1160,140.4500,66557
2014-03-03,139.8860,139.9680,139.1490,139.3320,58804
2014-03-04,139.3300,140.5750,139.2700,140.4960,53717
2014-03-05,140.4960,140.7790,140.1880,140.6060,53260
2014-03-06,140.6070,142.9920,140.5020,142.8740,59297
2014-03-07,142.8760,143.7880,142.5350,143.2600,82396
2014-03-10,143.1650,143.6150,142.8490,143.3450,94783
2014-03-11,143.3460,143.4380,142.6180,142.6360,99273
2014-03-12,142.6380,142.9650,142.2350,142.8110,108347
2014-03-13,142.8100,143.3790,140.7100,141.2640,151083
2014-03-14,141.2640,141.5060,140.4450,141.0050,138622
2014-03-17,140.9440,141.9780,140.8840,141.7770,105280
2014-03-18,141.7750,141.9600,140.7380,141.2340,116425
2014-03-19,141.2340,141.9220,141.0620,141.5010,116526
2014-03-20,141.5010,141.7260,140.8170,141.0760,118267
2014-03-21,141.0760,141.2920,140.4370,141.0690,77188
2014-03-24,140.9750,141.8860,140.7210,141.4540,100023
2014-03-25,141.4530,141.5930,140.6920,141.4200,101587
2014-03-26,141.4190,141.5020,140.4990,140.6480,95239
2014-03-27,140.6500,141.0350,140.1780,140.4580,116784
2014-03-28,140.4590,141.6440,139.9600,141.3750,94838
2014-03-31,141.5040,142.6020,141.3170,142.1720,107710
2014-04-01,142.1730,143.0630,142.0040,143.0160,90098
2014-04-02,143.0160,143.4740,142.7220,142.9720,87490
2014-04-03,142.9740,143.4420,142.2970,142.5500,95981
2014-04-04,142.5500,142.6190,141.3780,141.4980,104955
2014-04-07,141.5790,141.8920,141.1190,141.6290,73098
2014-04-08,141.6300,141.7170,140.0800,140.5200,136108
2014-04-09,140.5220,141.3300,140.4510,141.2880,132272
2014-04-10,141.2880,141.5520,140.5970,140.8740,81974
2014-04-11,140.8740,141.5560,140.6430,141.1030,78012
2014-04-14,140.7990,140.9220,140.4220,140.7490,68684
2014-04-15,140.7500,140.9020,140.2300,140.6800,75225
2014-04-16,140.6850,141.7650,140.6460,141.2280,64527
2014-04-17,141.2310,141.6240,140.9850,141.4450,54273
2014-04-18,141.4460,141.6520,141.3690,141.4030,17673
2014-04-21,141.5290,141.8200,141.4040,141.5610,28971
2014-04-22,141.5650,141.7710,141.2110,141.6320,49832
2014-04-23,141.6330,141.9960,141.1830,141.6650,55449
2014-04-24,141.6600,141.7900,141.0460,141.4650,60641
2014-04-25,141.4660,141.7460,141.0330,141.3450,53763
2014-04-28,141.3450,142.1450,140.9890,141.9440,60514
2014-04-29,141.9500,142.4730,141.5850,141.7700,52335
2014-04-30,141.7680,142.1350,141.1250,141.7300,67712
2014-05-01,141.7300,142.0110,141.6790,141.8910,38364
2014-05-02,141.8900,142.4020,141.6460,141.7170,69187
2014-05-05,141.8480,141.8560,141.2850,141.7290,37341
2014-05-06,141.7290,142.0900,141.3560,141.6750,63924
2014-05-07,141.6730,142.0050,141.1510,141.7100,97900
2014-05-08,141.7120,142.3660,140.5280,140.6870,89959
2014-05-09,140.6870,140.8040,139.8850,140.1330,65135
2014-05-12,140.0910,140.6290,140.0650,140.5360,52225
2014-05-13,140.5370,140.9440,139.9870,140.1400,70452
2014-05-14,140.1400,140.2730,139.4590,139.6670,56498
2014-05-15,139.6710,139.8610,138.9720,139.2660,63386
2014-05-16,139.2680,139.4360,138.7760,138.9930,62094
2014-05-19,139.0480,139.2620,138.6130,139.1100,62073
2014-05-20,139.1130,139.3050,138.5400,138.7880,59588
2014-05-21,138.7890,138.9250,138.1400,138.8070,70681
2014-05-22,138.8060,139.1210,138.6390,138.9520,61556
2014-05-23,138.9540,139.0570,138.5930,138.9530,59111
2014-05-26,138.9390,139.1020,138.7240,139.0750,27951
2014-05-27,139.0740,139.3590,138.8130,139.0830,44191
2014-05-28,139.0860,139.1020,138.2920,138.3860,42948
2014-05-29,138.3850,138.5120,137.9720,138.3670,44728
2014-05-30,138.3860,138.8690,138.0790,138.7340,43366
2014-06-02,138.7840,139.3210,138.6590,139.2170,54558
2014-06-03,139.2170,139.7730,139.1010,139.7280,55304
2014-06-04,139.7240,139.9560,139.5500,139.7100,60825
2014-06-05,139.7100,139.9850,138.6740,139.9370,67577
2014-06-06,139.9340,139.9690,139.2730,139.7930,59262
2014-06-09,139.9300,140.0890,139.2640,139.3920,49239
2014-06-10,139.3920,139.4200,138.4500,138.6320,59197
2014-06-11,138.6340,138.6550,137.8720,138.0340,58302
2014-06-12,138.0300,138.3360,137.7160,137.8560,59527
2014-06-13,137.8560,138.5480,137.7430,138.1640,54825
2014-06-16,138.1010,138.2690,137.7020,138.1900,50684
2014-06-17,138.1880,138.5370,138.1860,138.3920,48713
2014-06-18,138.3970,138.7420,138.3410,138.5030,54394
2014-06-19,138.5050,138.8880,138.4240,138.6970,55714
2014-06-20,138.6970,138.8920,138.5380,138.8140,46920
2014-06-23,138.7620,138.8110,138.2800,138.6380,45611
2014-06-24,138.6310,138.9240,138.4540,138.6980,49620
2014-06-25,138.7000,138.8990,138.5620,138.8040,44960
2014-06-26,138.8070,138.8230,137.9190,138.4040,50881
2014-06-27,138.4160,138.4850,137.9810,138.3960,50443
2014-06-30,138.3940,138.7450,138.1020,138.7130,46698
2014-07-01,138.7140,139.1260,138.6720,138.9060,51061
2014-07-02,138.9060,139.0570,138.5380,138.9820,48294
2014-07-03,138.9830,139.2700,138.9540,139.0860,59352
2014-07-04,139.0860,139.1170,138.5810,138.7480,38331
2014-07-07,138.7490,138.8280,138.4370,138.6090,51531
2014-07-08,138.6090,138.6220,138.1090,138.2200,55206
2014-07-09,138.2280,138.7610,138.1490,138.6380,54414
2014-07-10,138.6380,138.6420,137.4940,137.8660,62886
2014-07-11,137.8670,138.0450,137.6710,137.8850,88454
2014-07-14,137.8720,138.4490,137.8250,138.3170,101610
2014-07-15,138.3170,138.4250,137.8870,137.9560,105973
2014-07-16,137.9580,138.0860,137.4790,137.5030,42397
2014-07-17,137.5020,137.5390,136.7540,136.8230,47261
2014-07-18,136.8230,137.2870,136.7050,137.0790,45506
2014-07-21,137.1030,137.1520,136.8810,137.1290,43042
2014-07-22,137.1290,137.3360,136.5780,136.6390,62673
2014-07-23,136.6380,136.7570,136.4060,136.6980,54624
2014-07-24,136.6950,137.1890,136.3620,137.0590,62794
2014-07-25,137.0560,137.2460,136.6250,136.6250,69710
2014-07-28,136.7030,136.9120,136.6350,136.8700,67046
2014-07-29,136.8710,137.1020,136.7520,136.9230,76713
2014-07-30,136.9240,137.8510,136.8300,137.7120,74413
2014-07-31,137.7130,137.8450,137.5080,137.6280,60723
2014-08-01,137.6260,137.9990,137.5620,137.6750,63755
2014-08-04,137.7260,137.9060,137.4200,137.6460,59975
2014-08-05,137.6460,137.7180,137.0700,137.2120,63372
2014-08-06,137.2110,137.2310,136.1520,136.6760,66873
2014-08-07,136.6750,137.1170,136.2620,136.4230,63851
2014-08-08,136.4220,136.9410,135.7220,136.8310,79164
2014-08-11,136.9000,136.9640,136.5920,136.7750,42938
2014-08-12,136.7750,136.8840,136.3620,136.6800,45735
2014-08-13,136.6810,137.1750,136.6090,136.8660,51074
2014-08-14,136.8710,137.2400,136.7900,136.9550,50207
2014-08-15,136.9570,137.6130,136.7650,137.1000,57716
2014-08-18,137.0920,137.2590,136.8990,137.0440,38357
2014-08-19,137.0450,137.1530,136.8090,137.0670,46176
2014-08-20,137.0660,137.6610,137.0100,137.4910,63780
2014-08-21,137.4920,137.9420,137.4600,137.9090,53495
2014-08-22,137.9080,137.9980,137.3090,137.6050,59317
2014-08-25,137.4580,137.6670,137.0880,137.2390,46682
2014-08-26,137.2390,137.4120,137.0060,137.0720,56147
2014-08-27,137.0720,137.2930,136.7390,137.0500,57683
2014-08-28,137.0510,137.2130,136.4140,136.7390,64896
2014-08-29,136.7380,137.1830,136.5790,136.6830,60989
2014-09-01,136.7390,137.0380,136.6580,136.9440,33621
2014-09-02,136.9450,138.0970,136.9230,138.0190,62336
2014-09-03,138.0170,138.2790,137.6830,137.8710,67175
2014-09-04,137.8710,138.0140,135.9650,136.2270,83633
2014-09-05,136.2300,136.6140,135.8150,136.1140,86958
2014-09-08,136.1910,136.9950,135.8870,136.7020,97937
2014-09-09,136.7030,137.5060,136.6220,137.4350,113790
2014-09-10,137.4350,138.1730,137.3110,137.9900,93759
2014-09-11,137.9830,138.5190,137.7310,138.2980,85391
2014-09-12,138.3000,139.1960,138.3000,139.1790,102734
2014-09-15,139.1270,139.1820,138.4690,138.7170,82804
2014-09-16,138.7170,138.9710,138.5240,138.8350,96873
2014-09-17,138.8330,139.6370,138.7710,139.3440,82333
2014-09-18,139.3480,140.5410,139.3160,140.4840,83767
2014-09-19,140.4900,141.2230,139.6830,139.8740,91631
2014-09-22,139.8400,140.2060,139.6340,139.7900,155712
2014-09-23,139.7950,140.2180,139.2710,139.8700,77474
2014-09-24,139.8700,139.8980,139.0020,139.3760,83181
2014-09-25,139.3760,139.7050,138.4340,138.6690,98054
2014-09-26,138.6700,139.0880,138.3850,138.6120,88727
2014-09-29,138.6630,139.1340,138.6040,138.8780,89363
2014-09-30,138.8820,138.9160,137.9450,138.4370,96227
2014-10-01,138.4350,138.8030,137.3820,137.5180,103653
2014-10-02,137.5200,137.7230,136.8720,137.3380,119315
2014-10-03,137.3390,137.8820,137.1130,137.3610,86352
2014-10-06,137.3360,137.7730,137.0480,137.5860,79057
2014-10-07,137.5840,137.7670,136.5610,136.9690,113481
2014-10-08,136.9620,137.9400,136.6550,137.6610,115120
2014-10-09,137.6630,137.8740,136.6480,136.8070,123461
2014-10-10,136.8070,137.0760,135.8380,135.9350,106037
2014-10-13,135.7810,136.3840,135.5500,136.3120,103781
2014-10-14,136.3150,136.5480,135.0370,135.6120,116175
2014-10-15,135.6090,136.0660,135.1360,135.9240,149159
2014-10-16,135.9240,136.2920,134.1430,136.0830,149376
2014-10-17,136.0850,136.7140,135.7560,136.3770,99037
2014-10-20,136.5520,137.0080,136.2690,136.8570,94751
2014-10-21,136.8580,136.8930,135.6860,136.1160,104127
2014-10-22,136.1150,136.1980,135.4290,135.5560,94769
2014-10-23,135.5530,136.9990,135.2020,136.9440,97405
2014-10-24,136.9450,137.0690,136.4870,137.0160,91614
2014-10-27,137.1250,137.2470,136.5820,136.9140,94813
2014-10-28,136.9180,137.7920,136.8840,137.6800,85946
2014-10-29,137.6800,138.0230,137.4020,137.4970,90554
2014-10-30,137.4950,138.0570,137.0380,137.8310,118727
2014-10-31,137.8300,140.7860,137.6720,140.6640,148145
2014-11-03,141.2730,142.5530,140.3970,142.1040,125894
2014-11-04,142.1070,142.6120,141.6950,142.3930,127226
2014-11-05,142.3930,143.4420,142.3830,143.1200,138488
2014-11-06,143.1200,144.2140,142.1830,142.6250,156933
2014-11-07,142.6240,143.0510,142.2490,142.7340,137938
2014-11-10,142.6550,142.8450,142.0860,142.6580,108179
2014-11-11,142.6570,144.6920,142.5830,144.4740,122987
2014-11-12,144.4740,144.5680,143.3450,143.6530,140879
2014-11-13,143.6490,144.5870,143.5610,144.4100,133559
2014-11-14,144.4100,145.8380,144.2970,145.5870,119588
2014-11-17,145.9880,146.5230,144.7850,145.2340,118682
2014-11-18,145.2300,146.6450,145.1920,146.5060,88245
2014-11-19,146.5070,148.3700,146.3630,148.2390,73455
2014-11-20,148.2400,149.1300,147.8780,148.3110,102712
2014-11-21,148.3160,148.4280,145.6740,145.9470,91230
2014-11-24,145.7610,147.3210,145.5830,147.1430,57455
2014-11-25,147.1260,147.3840,146.2920,147.1500,84150
2014-11-26,147.1390,147.4100,146.4940,147.2060,82759
2014-11-27,147.2360,147.2370,146.4170,146.7390,44918
2014-11-28,146.6890,147.9690,146.6890,147.6340,83111
2014-12-01,147.9540,148.1510,147.0840,147.6190,97257
2014-12-02,147.6170,148.1870,147.4530,147.6070,75746
2014-12-03,147.6040,147.9100,147.0290,147.4520,62246
2014-12-04,147.4570,148.9460,147.2900,148.2360,68009
2014-12-05,148.2400,149.5100,148.2260,149.2260,65168
2014-12-08,149.3050,149.7800,148.1890,148.4640,76496
2014-12-09,148.6130,148.8730,146.8000,148.0960,105615
2014-12-10,148.0930,148.2440,146.5080,146.6400,107209
2014-12-11,146.5650,148.0540,146.4190,147.1560,81855
2014-12-12,147.2410,148.1760,146.9490,147.9850,86867
2014-12-15,147.8970,148.2390,146.2640,146.4000,81122
2014-12-16,146.4850,147.0210,144.9590,145.4600,93166
2014-12-17,145.5510,146.7610,145.2120,146.4060,90123
2014-12-18,146.3580,146.7350,145.5980,145.9720,77256
2014-12-19,145.9600,146.7390,145.9040,145.9370,78856
2014-12-22,146.1170,147.1210,145.9490,146.8090,229635
2014-12-23,146.8070,147.1310,146.6860,146.8660,196067
2014-12-24,146.8660,147.1370,146.4430,146.8330,171394
2014-12-26,146.7860,146.8590,146.4750,146.4960,102093
2014-12-29,146.5720,147.2170,146.5040,146.6230,100348
2014-12-30,146.5970,146.7360,144.7660,145.1710,65961
2014-12-31,145.1980,145.5730,144.8170,144.9960,45579
2015-01-02,145.1340,145.3120,144.1260,144.5970,74722
2015-01-05,143.9670,144.1520,142.2970,142.7310,139789
2015-01-06,142.7320,142.7660,140.7280,140.7420,147882
2015-01-07,140.7410,141.6590,140.5590,141.1730,145442
2015-01-08,141.1750,141.7160,140.7020,141.0600,129879
2015-01-09,141.0630,141.3560,140.1800,140.2740,140655
2015-01-12,140.1840,140.8700,139.7490,140.0230,126749
2015-01-13,140.0280,140.4980,138.3120,138.8030,150850
2015-01-14,138.8000,138.8900,136.9960,138.3070,159398
2015-01-15,138.3090,138.7820,134.9930,135.0900,167810
2015-01-16,135.0810,136.1710,134.6950,135.8870,163491
2015-01-19,135.6910,136.8140,135.1290,136.4020,78781
2015-01-20,136.4340,137.6260,136.4070,137.1880,71931
2015-01-21,137.1900,137.2760,135.7970,136.9270,81836
2015-01-22,136.9600,137.2970,134.2100,134.6290,85429
2015-01-23,134.6220,135.0430,130.9160,131.9240,91981
2015-01-26,131.0110,133.7000,130.1380,133.0900,77686
2015-01-27,133.0970,134.2060,132.4880,134.1280,87228
2015-01-28,134.1270,134.3530,132.4400,132.6610,102808
2015-01-29,132.6530,134.0560,132.3810,133.8490,81279
2015-01-30,133.8790,134.1710,132.3600,132.5920,78474
2015-02-02,132.2690,133.5930,132.2690,133.3420,99054
2015-02-03,133.2790,135.1870,132.3830,134.9300,109925
2015-02-04,134.9370,135.3520,132.5450,133.0230,105561
2015-02-05,133.0120,135.1570,132.5580,134.8570,116321
2015-02-06,134.8540,135.1830,133.9180,134.7420,103068
2015-02-09,134.4450,134.9900,133.6780,134.3270,95961
2015-02-10,134.3300,135.2850,134.0390,135.1770,110525
2015-02-11,135.1730,136.6830,135.0260,136.5370,100128
2015-02-12,136.5340,136.6720,134.7990,135.8110,112879
2015-02-13,135.8050,136.0270,135.1070,135.2420,94619
2015-02-16,135.0470,135.5510,133.9910,134.5060,85688
2015-02-17,134.5070,136.2260,133.9330,136.0540,108201
2015-02-18,136.0550,136.0970,135.0740,135.3720,106278
2015-02-19,135.3640,135.9380,134.9520,135.2080,96010
2015-02-20,135.2030,135.8940,133.5570,135.3960,101436
2015-02-23,135.6970,135.6970,134.4440,134.6650,80634
2015-02-24,134.6630,135.5810,134.5170,134.8970,88239
2015-02-25,134.8820,135.2220,134.5680,135.0270,86097
2015-02-26,135.0050,135.3660,133.5440,133.7010,89555
2015-02-27,133.7060,134.2660,133.4440,133.9190,93950
2015-03-02,133.8540,134.5880,133.6690,134.3310,82878
2015-03-03,134.3330,134.4310,133.6800,133.7890,87429
2015-03-04,133.8110,133.8470,132.4030,132.5630,87592
2015-03-05,132.5640,133.5690,132.1130,132.4920,92066
2015-03-06,132.4990,132.5550,130.8850,130.9910,93080
2015-03-09,130.8300,131.8040,130.7020,131.5210,88663
2015-03-10,131.5200,131.8700,129.2030,129.3970,108749
2015-03-11,129.4250,129.9540,127.6190,128.0950,106324
2015-03-12,128.1100,129.0180,127.6600,128.8560,106582
2015-03-13,128.8640,129.0560,126.8990,127.3790,107224
2015-03-16,127.2850,128.7900,127.1450,128.2500,107630
2015-03-17,128.2790,129.1520,128.0810,128.5900,104180
2015-03-18,128.5920,131.6290,128.2600,130.1790,112165
2015-03-19,130.1960,130.8400,128.3600,128.7100,125183
2015-03-20,128.7160,130.6940,128.7040,129.8560,100146
2015-03-23,130.2400,131.3460,129.2860,130.9980,97015
2015-03-24,130.9960,131.5050,130.3470,130.7260,123788
2015-03-25,130.7310,131.4080,130.5770,131.0690,79464
2015-03-26,131.0710,131.0970,129.4810,129.6370,114802
2015-03-27,129.6480,130.4070,129.0270,129.6870,105190
2015-03-30,129.6870,130.1810,129.2990,130.0630,97707
2015-03-31,130.0610,130.2480,128.6020,128.8870,110585
2015-04-01,128.8860,129.4460,128.3930,128.8840,86847
2015-04-02,128.8660,130.4880,128.6060,130.2320,76241
2015-04-03,130.2450,130.9600,130.0060,130.3100,49655
2015-04-06,130.7740,131.2870,130.4080,130.5460,55056
2015-04-07,130.5400,131.0350,130.0070,130.0430,85506
2015-04-08,130.0570,130.3520,129.3910,129.4980,94313
2015-04-09,129.4830,129.7590,128.2370,128.5150,90279
2015-04-10,128.5140,128.7800,127.1960,127.4510,88826
2015-04-13,127.4510,127.8230,126.5020,126.9170,84799
2015-04-14,126.9250,127.6240,126.0900,127.1930,97789
2015-04-15,127.1780,127.4810,126.2760,127.3530,98920
2015-04-16,127.3530,128.5740,126.7480,127.9770,122741
2015-04-17,127.9770,128.7200,127.7630,128.5360,109098
2015-04-20,128.5360,128.7510,127.5930,127.9980,89619
2015-04-21,127.9980,128.7690,127.4520,128.4160,110361
2015-04-22,128.4160,128.9590,128.1770,128.5510,113268
2015-04-23,128.5510,129.6730,127.8740,129.4380,122891
2015-04-24,129.4380,130.1110,128.8310,129.3350,124709
2015-04-27,129.1600,129.9780,129.0060,129.5960,112147
2015-04-28,129.6240,130.6770,129.3530,130.5350,134449
2015-04-29,130.4680,132.8910,130.2570,132.4440,152182
2015-04-30,132.4490,134.5120,131.3040,134.0030,198062
2015-05-01,133.9540,135.2840,133.8990,134.4970,131115
2015-05-04,134.5650,134.7200,133.6990,133.9170,82061
2015-05-05,133.8260,134.4880,133.1110,134.0670,24433
2015-05-06,134.0580,135.6760,134.0100,135.4990,48398
2015-05-07,135.5320,135.9990,134.1910,134.8780,20807
2015-05-08,134.8830,135.2260,134.0790,134.2060,26888
2015-05-11,134.0570,134.2220,133.4800,133.9210,75383
2015-05-12,133.9400,135.2860,133.7450,134.3850,134552
2015-05-13,134.3860,135.4970,134.1990,135.2690,113921
2015-05-14,135.2580,136.4150,135.1950,135.9370,143242
2015-05-15,135.9280,136.8110,135.6900,136.6550,109821
2015-05-18,136.5770,136.9540,135.5780,135.7430,103997
2015-05-19,135.7260,135.8190,133.9320,134.5510,143573
2015-05-20,134.5520,134.8180,133.9060,134.6080,152921
2015-05-21,134.5650,135.3350,134.2100,134.4680,139923
2015-05-22,134.4860,135.3220,133.7150,133.8760,135371
2015-05-25,133.7010,133.8220,133.2390,133.4210,81937
2015-05-26,133.4150,134.5000,133.0890,133.8160,140162
2015-05-27,133.8400,135.0020,133.7670,134.8010,142859
2015-05-28,134.8010,135.8430,134.7420,135.6920,157636
2015-05-29,135.6960,136.4190,135.4200,136.4020,143390
2015-06-01,136.2760,136.5800,135.1200,136.3180,159918
2015-06-02,136.3150,138.8500,136.0950,138.3860,240585
2015-06-03,138.3800,140.1280,138.0360,140.0530,135136
2015-06-04,140.0520,141.0500,139.5560,139.7340,68562
2015-06-05,139.7380,140.6870,139.0260,139.5890,234508
2015-06-08,139.4110,140.7400,139.0350,140.5300,205039
2015-06-09,140.5460,141.0000,139.3630,140.2820,226479
2015-06-10,140.2400,140.6660,138.4280,138.8950,259317
2015-06-11,138.8950,139.6040,138.5720,138.9080,209102
2015-06-12,138.9070,139.3130,137.9790,138.9200,165443
2015-06-15,138.1570,139.3390,138.1000,139.2110,136611
2015-06-16,139.2300,139.9910,138.2480,138.7300,184702
2015-06-17,138.7220,139.9970,138.6730,139.8970,208318
2015-06-18,139.9110,140.6630,139.4880,139.6750,220365
2015-06-19,139.6610,140.0740,138.9180,139.2120,177949
2015-06-22,139.8320,140.6270,139.2600,139.8910,189953
2015-06-23,139.8780,140.0200,138.2020,138.3880,198868
2015-06-24,138.3920,139.1580,138.2430,138.7380,192615
2015-06-25,138.7390,138.8800,137.6560,138.5080,177221
2015-06-26,138.4900,138.6690,137.7930,138.3470,170524
2015-06-29,135.3870,138.1140,134.4500,137.6740,236669
2015-06-30,137.6640,137.7350,135.8740,136.5040,225960
2015-07-01,136.5380,137.4070,136.0230,136.1530,201866
2015-07-02,136.1190,136.9050,136.0340,136.3680,194809
2015-07-03,136.3960,136.8450,135.9070,136.3730,148008
2015-07-06,133.9500,136.0490,133.8580,135.4900,228623
2015-07-07,135.4900,135.6660,133.5020,134.8830,229699
2015-07-08,134.8840,134.9510,133.2980,133.6890,261837
2015-07-09,133.6900,135.0580,133.2980,133.8710,230409
2015-07-10,133.8760,137.2770,133.7930,136.9250,230825
2015-07-13,135.7380,137.7850,135.7320,135.7760,214352
2015-07-14,135.7750,136.3640,135.2730,135.8060,196164
2015-07-15,135.8030,136.3700,135.3470,135.4740,197225
2015-07-16,135.4730,135.8700,134.7400,134.9710,201031
2015-07-17,134.9710,135.2640,134.3250,134.3480,168507
2015-07-20,134.3730,135.0420,134.3390,134.4810,166341
2015-07-21,134.4910,135.7640,134.4600,135.4340,228068
2015-07-22,135.4290,135.6220,134.8420,135.4520,296371
2015-07-23,135.4400,136.4310,135.4050,136.0640,232442
2015-07-24,135.9800,136.2810,135.5260,135.9090,176627
2015-07-27,135.8630,137.1000,135.7460,136.6530,198848
2015-07-28,136.6350,136.9750,136.3670,136.6380,215048
2015-07-29,136.6350,136.9290,135.9700,136.1250,219566
2015-07-30,136.0840,136.4850,135.5340,135.6990,205208
2015-07-31,135.6780,137.3420,135.5740,136.0290,226520
2015-08-03,135.9590,136.4400,135.5860,135.8190,208929
2015-08-04,135.7890,136.1640,135.2690,135.3030,235229
2015-08-05,135.3180,136.1960,134.9910,136.1130,222162
2015-08-06,136.1340,136.4860,135.7980,136.2350,200391
2015-08-07,136.2110,136.7160,135.5510,136.1730,168708
2015-08-10,136.1110,137.4150,136.0970,137.2550,124499
2015-08-11,137.2740,138.3670,136.7820,138.0550,171970
2015-08-12,138.1280,138.8580,138.0110,138.5250,184463
2015-08-13,138.5490,138.8520,138.0740,138.6970,147854
2015-08-14,138.6910,138.8510,137.9270,138.1100,146900
2015-08-17,138.1320,138.3950,137.5800,137.5830,179575
2015-08-18,137.7500,137.8980,137.0580,137.0710,191395
2015-08-19,137.1480,137.8390,137.0590,137.5060,221315
2015-08-20,137.6240,138.7240,137.5980,138.6680,218213
2015-08-21,138.6590,139.0100,138.1620,138.9140,269858
2015-08-24,138.6120,138.9530,135.9900,137.2810,347212
2015-08-25,137.5350,138.6100,136.4800,136.8590,317385
2015-08-26,136.8840,137.5910,135.4460,135.5320,308510
2015-08-27,135.6500,136.4080,135.2560,135.9900,268621
2015-08-28,136.0540,136.6120,135.2960,136.0850,243176
2015-08-31,135.8860,136.3530,135.6730,135.8670,180332
2015-09-01,135.8430,136.2380,134.6710,135.0470,256489
2015-09-02,135.0390,135.7940,134.7220,135.0830,235756
2015-09-03,135.0470,135.3630,133.1220,133.5420,214903
2015-09-04,133.5190,133.6640,132.2250,132.6920,219128
2015-09-07,132.6600,133.3490,132.6430,133.1970,180248
2015-09-08,133.1770,134.4030,132.9670,134.1790,205153
2015-09-09,134.1610,135.1910,134.1610,135.0450,231482
2015-09-10,134.9820,136.1920,134.7470,136.0220,245805
2015-09-11,135.9640,136.9200,135.7230,136.7120,198213
2015-09-14,136.5520,137.0450,135.4900,135.9980,185763
2015-09-15,135.9930,136.4080,134.9940,135.6630,192885
2015-09-16,135.6820,136.6310,135.1500,136.0830,186566
2015-09-17,136.1050,137.4410,136.0460,137.2150,201698
2015-09-18,137.1990,137.2980,135.2420,135.5400,227033
2015-09-21,135.5150,136.1340,134.7660,134.8820,186768
2015-09-22,134.8840,134.9640,133.3130,133.6360,184609
2015-09-23,133.6300,134.6860,133.1510,134.5120,196532
2015-09-24,134.4920,134.8660,134.0020,134.8180,235230
2015-09-25,134.8550,135.3850,134.1110,135.0240,235609
2015-09-28,134.7940,134.9700,133.9350,134.7940,224856
2015-09-29,134.8110,134.9570,134.2340,134.6810,236741
2015-09-30,134.6640,135.1130,133.5710,133.9660,222375
2015-10-01,133.9610,134.2380,133.4330,134.2250,221265
2015-10-02,134.2000,134.8780,133.9360,134.3940,226846
2015-10-05,134.6500,135.7100,134.4090,134.7340,239486
2015-10-06,134.7320,135.5990,134.4000,135.4910,197050
2015-10-07,135.4820,135.6280,134.6130,134.8340,214490
2015-10-08,134.8390,135.5880,134.7240,135.2170,197929
2015-10-09,135.2020,136.9520,135.0490,136.5290,205840
2015-10-12,136.4930,136.9320,136.2300,136.3140,150096
2015-10-13,136.3060,136.5930,136.0030,136.2250,170534
2015-10-14,136.2220,136.6120,136.1440,136.3250,189927
2015-10-15,136.3000,136.7400,134.7990,135.3230,200510
2015-10-16,135.4270,135.9830,134.9520,135.5490,177278
2015-10-19,135.5520,135.9370,135.0730,135.3740,181043
2015-10-20,135.2870,136.2210,135.2610,135.9250,154235
2015-10-21,135.9270,136.3850,135.8800,135.9720,165228
2015-10-22,135.9560,136.0640,134.0490,134.0630,196227
2015-10-23,134.0500,134.2610,133.3670,133.7950,209378
2015-10-26,133.6970,133.8980,133.1410,133.7360,160727
2015-10-27,133.7360,133.8600,132.7290,132.9820,165631
2015-10-28,132.9680,133.5490,131.9670,132.3320,168391
2015-10-29,132.3320,133.0270,131.5950,132.9910,169920
2015-10-30,132.9920,133.3850,132.1970,132.7220,191163
2015-11-02,132.8830,133.2040,132.6180,132.9940,156584
2015-11-03,132.9870,133.1160,132.5430,132.6920,144618
2015-11-04,132.7340,132.9030,131.8410,132.0520,176454
2015-11-05,132.0650,132.7220,131.8580,132.4870,177581
2015-11-06,132.4470,132.7100,131.5070,132.2900,158829
2015-11-09,132.2750,133.1890,132.1720,132.4140,184914
2015-11-10,132.3720,132.7830,131.6200,132.0790,183990
2015-11-11,132.0180,132.4050,131.6510,131.9740,171377
2015-11-12,131.9140,132.7520,131.4770,132.5090,212039
2015-11-13,132.5030,132.6140,131.5560,131.9830,192412
2015-11-16,131.2410,132.2080,130.6390,131.6190,181664
2015-11-17,131.6240,131.7960,131.1960,131.3550,176779
2015-11-18,131.3430,131.7770,131.1150,131.7470,163477
2015-11-19,131.7290,132.2690,131.4270,131.8500,186160
2015-11-20,131.8370,131.9580,130.6900,130.7030,165297
2015-11-23,130.6850,131.0410,130.3490,130.6270,174384
2015-11-24,130.6550,130.7940,130.1930,130.4070,184949
2015-11-25,130.4330,130.7610,129.7720,130.3340,185703
2015-11-26,130.2770,130.3680,129.8890,130.0300,135242
2015-11-27,130.1190,130.2470,129.6650,129.9600,147593
2015-11-30,130.0420,130.2930,129.8100,130.0430,156907
2015-12-01,129.9940,130.8060,129.7520,130.6170,171185
2015-12-02,130.6360,130.9730,130.2970,130.8290,170845
2015-12-03,130.8370,134.4960,129.8400,134.1090,221754
2015-12-04,134.0790,134.5880,133.3220,133.9070,220359
2015-12-07,133.9040,134.1170,133.2940,133.6730,160450
2015-12-08,133.6680,134.0020,133.4770,133.8960,178512
2015-12-09,133.8570,134.2150,133.5200,133.8740,210646
2015-12-10,133.8750,134.1150,132.7670,133.0240,183239
2015-12-11,132.9620,133.7790,132.6250,132.9260,204454
2015-12-14,133.0480,133.2350,132.4350,133.0190,219127
2015-12-15,133.0190,133.5250,132.6990,132.9530,194193
2015-12-16,132.9240,133.7810,132.8690,133.3350,204239
2015-12-17,133.3410,133.3790,132.5890,132.6590,192581
2015-12-18,132.6480,133.7800,131.0310,131.5830,214270
2015-12-21,131.5490,132.3420,131.4920,132.2430,170541
2015-12-22,132.2300,132.7930,132.0930,132.6480,170851
2015-12-23,132.5580,132.6240,131.5000,131.9010,131062
2015-12-24,131.9180,132.0010,131.5850,131.7960,80066
2015-12-28,131.6000,132.4600,131.5890,132.0430,108693
2015-12-29,132.0350,132.3490,131.3550,131.5610,149918
2015-12-30,131.5590,131.9180,131.4450,131.7390,113066
2015-12-31,131.7000,131.7730,130.4670,130.5640,90074
2016-01-04,130.6570,130.7600,128.6740,129.3700,220271
2016-01-05,129.3030,129.4740,127.5160,127.9390,198584
2016-01-06,127.8930,128.1820,127.0170,127.7060,228641
2016-01-07,127.6930,128.6280,126.7800,128.5840,266904
2016-01-08,128.4940,129.0850,128.0730,128.0730,259865
2016-01-11,127.8880,128.4620,127.3060,127.8640,256011
2016-01-12,127.8680,128.0060,127.4520,127.7330,236412
2016-01-13,127.6690,128.5430,127.6320,127.9740,231939
2016-01-14,127.9720,128.7510,127.7380,128.2320,257345
2016-01-15,128.1760,128.4100,127.5830,127.6700,261961
2016-01-18,127.4590,127.9430,127.3460,127.8210,202483
2016-01-19,127.7630,128.5530,127.7440,128.2810,252222
2016-01-20,128.2430,128.3650,126.6240,127.3220,285380
2016-01-21,127.3080,128.1900,126.1600,127.9660,296300
2016-01-22,127.9710,128.4280,127.4150,128.2310,237529
2016-01-25,128.0110,128.5440,127.8500,128.3180,223483
2016-01-26,128.3200,128.7160,127.8160,128.6960,219267
2016-01-27,128.7000,129.4780,128.2470,129.2570,250836
2016-01-28,129.2350,130.2160,128.9400,129.9640,240294
2016-01-29,129.9680,132.2890,129.5750,131.1680,289237
2016-02-01,131.3960,132.0210,131.2210,131.7090,213874
2016-02-02,131.6940,131.9670,130.8920,130.9690,223686
2016-02-03,130.9550,131.0010,130.0490,130.8590,284262
2016-02-04,130.8730,131.6550,130.6340,130.8530,301967
2016-02-05,130.8560,131.0150,130.1560,130.3160,250633
2016-02-08,130.1410,130.8990,128.7590,129.6490,259949
2016-02-09,129.6540,130.2600,128.2670,130.0170,315257
2016-02-10,129.9190,130.1100,127.7390,127.9540,333916
2016-02-11,127.9520,128.0960,125.7710,127.2770,308139
2016-02-12,127.2600,127.6530,126.3650,127.3590,301013
2016-02-15,127.3710,127.9570,127.2440,127.7910,246828
2016-02-16,127.8040,128.1660,126.6130,127.0790,253521
2016-02-17,127.1130,127.3910,126.6260,126.9230,247668
2016-02-18,126.9000,127.1590,125.5890,125.7500,250295
2016-02-19,125.7540,125.9510,125.0140,125.2540,230046
2016-02-22,125.0920,125.5580,124.3660,124.5150,220339
2016-02-23,124.4650,124.6130,123.0620,123.5090,245770
2016-02-24,123.5220,123.6180,122.4500,123.5250,264103
2016-02-25,123.5260,124.6370,123.2690,124.4840,272466
2016-02-26,124.4870,125.0040,124.2160,124.5710,239372
2016-02-29,124.3520,124.4620,122.4500,122.5150,259155
2016-03-01,122.5180,124.0760,122.0760,123.8740,238413
2016-03-02,123.8860,124.3570,123.0860,123.3280,251805
2016-03-03,123.3100,124.5940,123.2570,124.5340,240779
2016-03-04,124.5200,125.5870,123.9300,125.2140,213709
2016-03-07,125.1780,125.2370,124.2390,124.9330,209744
2016-03-08,124.8840,125.0040,123.8440,124.0050,224090
2016-03-09,124.0030,124.8820,123.0550,124.6350,205396
2016-03-10,124.6270,126.7670,123.6470,126.5630,238148
2016-03-11,126.4670,127.2840,126.0590,126.8640,209753
2016-03-14,126.9370,127.1500,126.0730,126.3200,190153
2016-03-15,126.3200,126.7130,125.0910,125.6990,208248
2016-03-16,125.6870,126.5200,125.5450,126.3160,206557
2016-03-17,126.3370,126.6190,125.3250,126.0580,240441
2016-03-18,126.0580,126.1930,125.2620,125.7090,194685
2016-03-21,125.6950,126.0720,125.2160,125.8300,167658
2016-03-22,125.8500,126.2690,124.6690,126.0250,183396
2016-03-23,126.0170,126.2460,125.5010,125.6390,194333
2016-03-24,125.6410,126.1780,125.3830,126.1100,151254
2016-03-25,126.1080,126.4570,125.9010,126.2240,98711
2016-03-28,126.2970,127.0530,126.2530,126.9950,103856
2016-03-29,126.9580,127.4450,126.7740,127.2140,185987
2016-03-30,127.2650,127.8210,126.7770,127.4860,196420
2016-03-31,127.4260,128.2160,126.9590,128.1000,189727
2016-04-01,128.0790,128.1620,127.0910,127.1060,207645
2016-04-04,127.1890,127.3480,126.4460,126.7700,180338
2016-04-05,126.7240,126.8350,125.2430,125.5800,213163
2016-04-06,125.5640,125.8340,124.8550,125.1300,201211
2016-04-07,125.1300,125.3010,122.5480,123.0760,215544
2016-04-08,123.0760,124.2270,122.9730,123.1040,182228
2016-04-11,123.2670,123.7240,122.8310,123.1620,186166
2016-04-12,123.1100,123.9950,123.0660,123.5540,192749
2016-04-13,123.5700,123.8600,123.0080,123.2490,190785
2016-04-14,123.2550,123.4160,122.7180,123.2300,174296
2016-04-15,123.1820,123.5620,122.5880,122.6710,156484
2016-04-18,122.2700,123.3490,121.7100,123.0780,167823
2016-04-19,123.0540,124.4340,123.0440,124.0170,160909
2016-04-20,124.0200,124.3300,123.5380,124.0590,167271
2016-04-21,124.0180,124.9610,123.3580,123.5310,172338
2016-04-22,123.5310,125.4990,123.4010,125.4150,173631
2016-04-25,125.4630,125.5280,124.7980,125.2780,153629
2016-04-26,125.2740,125.9710,124.6880,125.7230,151938
2016-04-27,125.7620,126.3170,125.4410,126.2010,163418
2016-04-28,126.1910,126.4660,122.5150,122.6860,206327
2016-04-29,122.6880,122.9470,121.6640,121.7510,189673
2016-05-02,121.7260,122.9090,121.7190,122.7300,166253
2016-05-03,122.7300,122.7580,122.1180,122.5250,198352
2016-05-04,122.5270,123.5140,122.2910,122.9030,201498
2016-05-05,122.9160,123.1240,122.0910,122.3130,159114
2016-05-06,122.3070,122.4530,121.4770,122.0980,177666
2016-05-09,122.0060,123.7030,121.9950,123.2760,159108
2016-05-10,123.2850,124.4360,123.2630,124.2530,168124
2016-05-11,124.2430,124.3830,123.5950,123.8660,157986
2016-05-12,123.8590,124.6480,123.6820,124.0030,177018
2016-05-13,123.9530,124.1220,122.7190,122.7210,183383
2016-05-16,122.8490,123.5050,122.6100,123.4070,148476
2016-05-17,123.4100,124.1690,123.2350,123.4530,180808
2016-05-18,123.4920,123.9080,122.9540,123.5830,203006
2016-05-19,123.5730,123.7740,122.9250,123.1670,184462
2016-05-20,123.1790,124.0380,123.0500,123.5120,148115
2016-05-23,123.3600,123.6390,122.3820,122.5420,149333
2016-05-24,122.5390,122.7260,122.3420,122.5240,162258
2016-05-25,122.5140,123.1110,122.4510,122.9170,151334
2016-05-26,122.8600,123.0650,122.2560,122.8560,159857
2016-05-27,122.8510,123.0780,122.2130,122.4970,147083
2016-05-30,122.6920,123.8960,122.6370,123.7460,114606
2016-05-31,123.7530,124.1850,122.9680,123.2390,194874
2016-06-01,123.2310,123.3090,121.8940,122.5320,204116
2016-06-02,122.5300,122.6070,121.0540,121.3960,198765
2016-06-03,121.3600,121.6700,120.8240,121.0700,218683
2016-06-06,120.9740,122.3280,120.8200,122.1030,206283
2016-06-07,122.0870,122.6940,121.6520,121.8930,184451
2016-06-08,121.8840,122.0150,121.3270,121.8960,183179
2016-06-09,121.8920,122.0320,120.3190,121.1970,194244
2016-06-10,121.2000,121.2000,119.9030,120.2790,194359
2016-06-13,120.1330,120.3160,118.9950,119.9240,229936
2016-06-14,119.9190,120.1130,118.5100,118.8600,231026
2016-06-15,118.9100,119.4820,118.7130,119.3580,216923
2016-06-16,119.3450,119.4340,115.4950,117.0010,266882
2016-06-17,117.0470,118.0900,116.8920,117.3290,218547
2016-06-20,117.3620,119.1340,117.3440,117.5640,204233
2016-06-21,117.6070,118.6810,117.3060,117.7760,193179
2016-06-22,117.7700,118.6030,117.4220,117.8990,178596
2016-06-23,117.8960,120.9280,117.8430,120.7630,173503
2016-06-24,120.6330,121.9650,109.4260,113.3970,273209
2016-06-27,111.7550,113.2410,111.3660,112.4270,266462
2016-06-28,112.3720,113.8510,111.9170,113.6770,217509
2016-06-29,113.6510,114.4930,112.9400,114.3820,204234
2016-06-30,114.3680,114.7940,113.3340,114.5810,230563
2016-07-01,114.5490,114.7470,113.6710,114.1760,186131
2016-07-04,114.1670,114.5070,113.9550,114.3490,136510
2016-07-05,114.3340,114.3590,112.3860,112.6720,182391
2016-07-06,112.6720,112.6730,110.8170,112.4230,222506
2016-07-07,112.3690,112.5170,111.2120,111.4390,185790
2016-07-08,111.4330,111.8560,110.8620,110.9130,174648
2016-07-11,111.1420,113.7740,111.0150,113.6470,164676
2016-07-12,113.6390,116.4200,113.2780,115.7580,224022
2016-07-13,115.7670,116.2210,114.9160,115.8690,220241
2016-07-14,115.8140,118.0280,115.3630,117.1220,233258
2016-07-15,117.1280,118.4010,115.4070,115.5640,211209
2016-07-18,116.4140,117.6870,116.3100,117.5590,165057
2016-07-19,117.5330,117.7620,116.5660,116.9310,177690
2016-07-20,116.8580,117.9220,116.5280,117.7080,172528
2016-07-21,117.7080,118.4610,116.1430,116.6450,213131
2016-07-22,116.6520,117.2700,116.2140,116.3660,177213
2016-07-25,116.4410,116.9590,116.2160,116.3210,151428
2016-07-26,116.2980,116.4100,114.4500,114.9350,167316
2016-07-27,114.8800,117.1360,114.8800,116.5410,187464
2016-07-28,116.5310,116.8390,115.8140,116.5740,168111
2016-07-29,116.5090,116.8680,113.8760,114.0310,217158
2016-08-01,114.2080,114.7300,113.9000,114.3020,148172
2016-08-02,114.2840,114.8050,113.0020,113.2040,164920
2016-08-03,113.1380,113.6350,112.6570,112.8590,147340
2016-08-04,112.8410,113.2670,112.4750,112.6100,145659
2016-08-05,112.6140,112.9730,112.3070,112.8730,127630
2016-08-08,112.9400,113.7500,112.8920,113.5880,114536
2016-08-09,113.5610,113.6190,113.0280,113.1990,112626
2016-08-10,113.1420,113.4620,112.7820,113.1670,132709
2016-08-11,113.1590,113.6900,112.6990,113.5180,117282
2016-08-12,113.5150,114.0250,112.7280,113.0760,126378
2016-08-15,112.9290,113.2900,112.6730,113.2270,111862
2016-08-16,113.2150,113.2720,112.3560,113.1150,159854
2016-08-17,113.0720,113.9280,112.8220,113.1560,154118
2016-08-18,113.1560,113.7000,112.6400,113.3920,160354
2016-08-19,113.3920,113.8740,113.2240,113.4720,141880
2016-08-22,113.9160,113.9590,113.4000,113.5560,148581
2016-08-23,113.5460,113.7220,113.2180,113.3190,134557
2016-08-24,113.3170,113.5790,112.7840,113.1310,132292
2016-08-25,113.1300,113.5750,112.9280,113.4150,114990
2016-08-26,113.4130,114.1290,113.1460,113.8540,154714
2016-08-29,114.1400,114.6860,113.9290,114.0270,133117
2016-08-30,113.9970,114.9320,113.8480,114.7200,137233
2016-08-31,114.6770,115.4290,114.5940,115.3780,142312
2016-09-01,115.3550,115.8210,115.0190,115.5790,150070
2016-09-02,115.5760,116.3610,115.4880,115.7110,156607
2016-09-05,116.0720,116.1490,115.1200,115.2570,115917
2016-09-06,115.2100,115.6730,114.6990,114.8270,154397
2016-09-07,114.7240,114.8840,113.8040,114.3250,152830
2016-09-08,114.3140,115.4410,114.1300,115.4210,161606
2016-09-09,115.3890,115.9410,115.0110,115.1060,163523
2016-09-12,115.1940,115.4710,114.2420,114.4040,173741
2016-09-13,114.4180,115.3090,113.9260,115.0540,166989
2016-09-14,115.0250,116.0780,114.9090,115.2270,157053
2016-09-15,115.1310,115.4240,114.6380,114.7690,162475
2016-09-16,114.7330,114.8310,113.9490,114.0620,145500
2016-09-19,113.8980,114.2800,113.4690,113.8850,122256
2016-09-20,113.8810,114.0180,113.4110,113.4180,134619
2016-09-21,113.3780,114.3900,112.0760,112.2530,204012
2016-09-22,112.2360,113.4900,112.0780,112.9040,145638
2016-09-23,112.8920,113.6150,112.8740,113.0650,152700
2016-09-26,113.3380,113.5090,112.8090,112.9140,136098
2016-09-27,112.9140,113.5670,112.2410,112.6000,179658
2016-09-28,112.6140,113.0980,112.4540,112.9280,168714
2016-09-29,112.9030,114.1850,112.8790,113.3290,187334
2016-09-30,113.3220,114.1170,112.5920,113.8920,197227
2016-10-03,113.6190,114.1330,113.5850,113.9400,136437
2016-10-04,113.9230,115.3730,113.7640,115.3030,188748
2016-10-05,115.2450,116.2500,115.1070,115.9460,165502
2016-10-06,115.9460,116.2770,115.7130,115.9090,159906
2016-10-07,115.8930,115.9640,115.0440,115.0930,207545
2016-10-10,115.3790,115.7300,115.0660,115.4120,123681
2016-10-11,115.3720,115.7860,114.0070,114.4270,182918
2016-10-12,114.3820,115.1630,114.0330,114.6600,177246
2016-10-13,114.6700,115.1410,114.0390,114.6170,157887
2016-10-14,114.6200,115.0440,114.2070,114.2200,168505
2016-10-17,114.4090,114.5720,114.0140,114.2620,152818
2016-10-18,114.2330,114.6790,113.9890,114.0370,146568
2016-10-19,114.0230,114.1540,113.1120,113.5120,141866
2016-10-20,113.4890,114.5120,113.3630,113.6000,160257
2016-10-21,113.5880,113.8500,112.6050,112.7230,152588
2016-10-24,112.9700,113.5810,112.8300,113.3630,137964
2016-10-25,113.3280,113.9030,113.2200,113.4690,162296
2016-10-26,113.4570,114.1950,113.2610,113.9480,145560
2016-10-27,113.9430,114.8600,113.6970,114.6970,169457
2016-10-28,114.7150,115.3210,114.5810,114.8080,191011
2016-10-31,114.8680,115.2610,114.7840,114.9970,155497
2016-11-01,114.9980,115.6730,114.7910,115.0800,186526
2016-11-02,115.0800,115.1230,114.3490,114.6460,207267
2016-11-03,114.6520,114.7640,114.0050,114.3390,200392
2016-11-04,114.3390,114.8540,114.1320,114.7750,193147
2016-11-07,114.9590,115.8840,114.7840,115.3290,175909
2016-11-08,115.3140,116.0050,115.1080,115.9370,179246
2016-11-09,115.8940,115.9760,113.7100,115.2620,405176
2016-11-10,115.2540,116.5730,114.9540,116.3240,300243
2016-11-11,116.3330,116.4830,115.2990,115.4850,256544
2016-11-14,115.7040,116.5070,115.5470,116.3990,251590
2016-11-15,116.4010,117.2120,116.0770,117.0610,226058
2016-11-16,117.0570,117.4800,116.5140,116.5910,216397
2016-11-17,116.5910,117.2180,116.2480,116.9620,244382
2016-11-18,116.9610,117.5090,116.7390,117.1770,258714
2016-11-21,118.4370,118.4370,117.2920,117.7390,265679
2016-11-22,117.6960,118.1480,117.3830,118.0730,250423
2016-11-23,118.0640,118.9860,117.7070,118.6960,219726
2016-11-24,118.6640,119.7630,118.4940,119.5500,204973
2016-11-25,119.4900,120.1610,119.2980,119.7270,248772
2016-11-28,119.6740,119.7530,118.6990,118.7810,244428
2016-11-29,118.7860,119.9690,118.5470,119.6810,230070
2016-11-30,119.6610,121.3040,119.4480,121.1630,257689
2016-12-01,121.1490,121.7940,120.8380,121.5940,243393
2016-12-02,121.5920,121.8850,120.8340,120.8340,218558
2016-12-05,120.2170,123.1890,118.6870,122.5450,249535
2016-12-06,122.4990,122.9340,121.9290,122.1750,170737
2016-12-07,122.1380,122.5870,122.0170,122.2990,155718
2016-12-08,122.3090,123.3420,120.9070,121.0220,207973
2016-12-09,120.9560,121.7610,120.9440,121.5050,195756
2016-12-12,121.5290,122.9250,121.5290,122.3090,219286
2016-12-13,122.2940,122.7920,122.0680,122.3670,225852
2016-12-14,122.3680,123.4080,122.1270,123.2820,239434
2016-12-15,123.2250,124.0910,122.5600,123.0390,322991
2016-12-16,123.0560,123.6290,122.8280,123.3820,269076
2016-12-19,123.0410,123.2210,121.6750,121.7820,255184
2016-12-20,121.7500,122.7920,121.7110,122.4010,244160
2016-12-21,122.3880,122.8710,122.0640,122.5300,226696
2016-12-22,122.4940,123.1930,122.4490,122.6300,211591
2016-12-23,122.5940,122.7620,122.3720,122.4080,160938
2016-12-26,122.4490,122.6630,120.6990,122.3600,41949
2016-12-27,122.3330,122.9950,122.3240,122.7800,164066
2016-12-28,122.7210,123.2400,121.8300,122.0550,192446
2016-12-29,122.1130,122.3730,121.5910,122.2530,246163
2016-12-30,122.1890,123.8510,122.1470,122.6830,276341
2017-01-02,122.7690,123.5040,122.4580,122.8310,131726
2017-01-03,122.7840,123.3250,122.2630,122.5030,252526
2017-01-04,122.4810,123.1260,122.3770,122.9410,250837
2017-01-05,122.9360,123.1140,122.0090,122.3370,325159
2017-01-06,122.2720,123.4430,122.1150,122.9970,278739
2017-01-09,122.9740,123.7210,122.4070,122.6520,233303
2017-01-10,122.6420,122.9360,122.1020,122.1710,272742
2017-01-11,122.1380,122.6130,121.2370,122.1170,300604
2017-01-12,122.0910,122.2200,121.1880,121.7220,323635
2017-01-13,121.7050,122.4130,121.5860,121.8000,252212
2017-01-16,121.1530,121.6640,120.7550,121.0050,217852
2017-01-17,121.0000,121.3960,120.5370,120.6300,290459
2017-01-18,120.6170,121.9870,120.5680,121.8440,260074
2017-01-19,121.8490,122.7480,121.7170,122.4430,292661
2017-01-20,122.4430,122.9420,122.2720,122.4340,296556
2017-01-23,122.2740,122.4720,121.1290,121.2930,286760
2017-01-24,121.2600,122.2140,121.1900,122.1120,266249
2017-01-25,122.0240,122.2620,121.6170,121.7140,264199
2017-01-26,121.6710,122.6610,121.6610,122.3260,259516
2017-01-27,122.3060,123.3070,122.2160,123.0710,236257
2017-01-30,123.0060,123.1280,121.4350,121.6450,245829
2017-01-31,121.6260,122.2510,121.0110,121.7600,280972
2017-02-01,121.7440,122.5130,121.5850,121.9280,259455
2017-02-02,121.9020,122.0400,121.2060,121.3330,266577
2017-02-03,121.3200,121.7590,121.0770,121.2050,242865
2017-02-06,121.2860,121.4910,119.9500,120.1020,232027
2017-02-07,120.0690,120.2200,119.5330,120.0470,232057
2017-02-08,119.9780,120.0970,119.3220,119.7330,226604
2017-02-09,119.7560,120.7840,119.5180,120.6510,210045
2017-02-10,120.6060,121.3300,120.2250,120.2270,220878
2017-02-13,120.6460,121.1690,120.3840,120.5280,198675
2017-02-14,120.4940,120.9930,120.2110,120.8320,213187
2017-02-15,120.7750,121.2760,120.7020,120.9990,213130
2017-02-16,120.9540,121.1640,120.6800,120.8420,214023
2017-02-17,120.8410,121.0930,119.4810,119.5580,196952
2017-02-20,119.7200,120.3000,119.7200,119.9880,151876
2017-02-21,119.9880,120.3110,119.5560,119.7590,193128
2017-02-22,119.7390,119.8690,118.5920,119.6360,217725
2017-02-23,119.5920,119.7240,119.0370,119.1440,198512
2017-02-24,119.1150,119.5010,118.1720,118.1720,203192
2017-02-27,118.4450,119.4600,118.2460,119.2850,200141
2017-02-28,119.3220,119.3920,118.6630,119.2510,213700
2017-03-01,119.2510,120.2180,119.2070,119.9390,254986
2017-03-02,119.9010,120.4910,119.8730,120.2040,211501
2017-03-03,120.1980,121.1750,120.0110,120.8800,222330
2017-03-06,120.8180,121.1390,120.3460,120.5110,190278
2017-03-07,120.5030,120.7160,120.3850,120.4180,179777
2017-03-08,120.4020,121.1190,120.0150,120.5030,203064
2017-03-09,120.5030,121.8750,120.2720,121.5590,233853
2017-03-10,121.5610,122.8280,121.4950,122.4240,230835
2017-03-13,122.6370,122.8840,122.1350,122.3530,198300
2017-03-14,122.3500,122.6280,121.6470,121.7060,195922
2017-03-15,121.7060,122.0550,121.1960,121.8170,207041
2017-03-16,121.8180,122.0660,121.1230,122.0420,239720
2017-03-17,122.0420,122.2490,120.8140,121.0090,191994
2017-03-20,120.9570,121.4280,120.7100,120.7850,162938
2017-03-21,120.7830,121.8320,120.6160,120.7930,233420
2017-03-22,120.7910,120.8460,119.6790,120.0760,245114
2017-03-23,120.0740,120.3090,119.3190,119.6590,229907
2017-03-24,119.6580,120.2410,119.5200,119.9700,214732
2017-03-27,120.1260,120.3150,119.5410,120.2210,222126
2017-03-28,120.2190,120.3850,119.6930,120.1630,197359
2017-03-29,120.1400,120.4410,119.0110,119.5170,198825
2017-03-30,119.4940,119.8450,119.0800,119.4650,202484
2017-03-31,119.4660,119.8170,118.3410,118.4170,204261
2017-04-03,118.7340,119.0450,118.1250,118.3230,181254
2017-04-04,118.3060,118.3640,117.4250,118.1690,193215
2017-04-05,118.1280,118.7890,118.0140,118.0330,198229
2017-04-06,118.0210,118.4210,117.3570,117.9270,204196
2017-04-07,117.8720,118.1600,117.3130,117.4000,232732
2017-04-10,117.5600,118.0600,117.4520,117.5410,162327
2017-04-11,117.5410,117.5430,116.2110,116.2220,183866
2017-04-12,116.2210,116.5420,115.9270,116.2400,213245
2017-04-13,116.2410,116.4530,115.7140,115.7680,205786
2017-04-14,115.7930,116.0120,114.9210,115.6950,111852
2017-04-17,115.4300,116.0280,114.8470,115.8830,144221
2017-04-18,115.8810,116.4880,115.7390,116.3180,203249
2017-04-19,116.3210,116.9730,116.2670,116.5810,185511
2017-04-20,116.5810,117.8150,116.5230,117.1470,182840
2017-04-21,117.1460,117.3030,116.4640,116.6520,170614
2017-04-24,120.4970,120.5350,118.9160,119.2650,223086
2017-04-25,119.2650,121.6410,119.0580,121.3620,187678
2017-04-26,121.3300,121.9750,120.9110,121.0870,220050
2017-04-27,121.0800,121.8880,120.6020,120.9460,200671
2017-04-28,120.9630,121.9960,120.6860,121.4040,183557
2017-05-01,121.4110,122.0840,121.2930,121.9180,136769
2017-05-02,121.8630,122.5980,121.8020,122.4630,169924
2017-05-03,122.3910,122.8600,122.3130,122.7420,163212
2017-05-04,122.7290,123.6410,122.5790,123.5240,191985
2017-05-05,123.5260,124.0470,122.9240,123.6740,179954
2017-05-08,124.4520,124.4590,122.9800,123.7160,189105
2017-05-09,123.7130,124.5320,123.6480,123.9300,180791
2017-05-10,123.9320,124.3210,123.4880,124.1810,178621
2017-05-11,124.1810,124.4210,123.3160,123.6530,169827
2017-05-12,123.6530,123.9500,123.3040,123.7900,164662
2017-05-15,123.6860,124.8940,123.6750,124.8640,160304
2017-05-16,124.8710,125.8120,124.5860,125.3500,175540
2017-05-17,125.3480,125.4010,123.6330,123.6480,233824
2017-05-18,123.6550,124.1090,122.5530,123.7640,281734
2017-05-19,123.7570,124.9380,123.3800,124.5850,210179
2017-05-22,124.2660,125.2930,124.1150,125.0710,175660
2017-05-23,125.0710,125.3860,124.5580,124.9830,195746
2017-05-24,124.9810,125.4030,124.9020,125.0750,186187
2017-05-25,125.0730,125.8040,125.0380,125.3840,157858
2017-05-26,125.3840,125.4190,124.1640,124.3280,164872
2017-05-29,124.1950,124.6390,124.1830,124.1890,103668
2017-05-30,124.1850,124.3920,123.1520,123.9660,168296
2017-05-31,123.9600,124.5480,123.7240,124.5480,182774
2017-06-01,124.5450,125.0870,124.4640,124.8480,179786
2017-06-02,124.8510,125.3060,124.4190,124.4190,175533
2017-06-05,124.4260,124.7070,124.1900,124.3250,130996
2017-06-06,124.3300,124.3890,122.9230,123.3800,192446
2017-06-07,123.3800,123.7300,122.6270,123.6100,182238
2017-06-08,123.6100,124.0310,123.1590,123.3770,186671
2017-06-09,123.2830,123.8570,122.8080,123.4130,219036
2017-06-12,123.5780,123.7310,122.7870,123.1780,162047
2017-06-13,123.1220,123.7450,123.0130,123.3780,145351
2017-06-14,123.3780,123.6370,122.7620,122.9060,202126
2017-06-15,122.9160,123.7120,122.3960,123.6470,227828
2017-06-16,123.6470,124.4560,123.5420,124.0460,189242
2017-06-19,124.2500,124.4970,124.0520,124.3220,165068
2017-06-20,124.3220,124.6430,123.9190,124.0810,191600
2017-06-21,124.0660,124.4550,123.6540,124.3800,199268
2017-06-22,124.3800,124.4370,123.8380,124.1260,185495
2017-06-23,124.1120,124.7020,124.0160,124.4480,157201
2017-06-26,124.4290,125.1480,124.3800,125.0710,158150
2017-06-27,125.0470,127.4770,124.7370,127.3880,195947
2017-06-28,127.3560,127.8580,126.4830,127.7810,222849
2017-06-29,127.7620,128.8250,127.7120,128.3170,221768
2017-06-30,128.3170,128.5990,127.4380,128.3480,213190
2017-07-03,127.9890,128.9460,127.9890,128.9150,177119
2017-07-04,128.9150,128.9650,128.0330,128.5120,189591
2017-07-05,128.4230,129.0810,128.1490,128.5220,195405
2017-07-06,128.5350,129.4110,127.9920,129.2810,196479
2017-07-07,129.2530,130.1210,129.1690,129.7530,206714
2017-07-10,129.8180,130.3930,129.7470,129.9840,179526
2017-07-11,129.9450,130.7620,129.9370,130.6260,191729
2017-07-12,130.6210,130.6770,129.0410,129.1110,221698
2017-07-13,129.0870,129.6540,128.4900,129.1100,217355
2017-07-14,129.0520,129.5150,128.5870,129.0120,206957
2017-07-17,129.0060,129.4650,128.7350,129.2630,180872
2017-07-18,129.2200,129.7420,129.0560,129.4420,219414
2017-07-19,129.4420,129.5330,128.5740,128.8280,194238
2017-07-20,128.8550,130.2600,128.7760,130.1150,250525
2017-07-21,130.0980,130.5010,129.4960,129.5880,227424
2017-07-24,129.5670,129.7580,128.8670,129.3480,194226
2017-07-25,129.3480,130.5820,129.2490,130.3740,215718
2017-07-26,130.2890,130.6030,129.9320,130.3920,217724
2017-07-27,130.3920,130.5820,129.5430,129.9550,256956
2017-07-28,129.9550,130.4020,129.5520,130.0350,247188
2017-07-31,129.9350,130.5730,129.5440,130.5400,220068
2017-08-01,130.5400,130.5960,129.8330,130.2560,233462
2017-08-02,130.1710,131.3980,130.1380,131.3300,236304
2017-08-03,131.1890,131.3300,130.4530,130.5550,214231
2017-08-04,130.5940,131.1110,130.0920,130.2620,227200
2017-08-07,130.3430,130.8660,130.2920,130.6180,202795
2017-08-08,130.6060,130.8210,129.5990,129.6580,210512
2017-08-09,129.6730,129.7140,128.4330,129.3980,229643
2017-08-10,129.3980,129.5500,128.2240,128.5990,233534
2017-08-11,128.5150,129.1550,128.0450,129.0700,234013
2017-08-14,129.0020,129.6470,128.9150,129.2340,202891
2017-08-15,129.2340,130.0300,129.0670,129.8830,244741
2017-08-16,129.8740,130.3920,129.5130,129.6650,223401
2017-08-17,129.6650,129.7010,128.3650,128.4580,254259
2017-08-18,128.4580,128.7850,127.5550,128.4070,247565
2017-08-21,128.5210,128.7810,127.8290,128.7560,194480
2017-08-22,128.7220,129.1780,128.3240,128.8610,176856
2017-08-23,128.8610,129.1200,128.4810,128.7500,194251
2017-08-24,128.7500,129.3580,128.5360,129.2980,209236
2017-08-25,129.2690,130.4260,129.1070,130.1170,221896
2017-08-28,130.3840,130.9690,129.9780,130.8640,180423
2017-08-29,130.8330,131.6180,129.6510,131.3250,244907
2017-08-30,131.3250,131.7010,131.0880,131.0910,193853
2017-08-31,131.0910,131.5800,130.7000,130.8940,221411
2017-09-01,130.9260,131.3400,130.6560,130.7900,200620
2017-09-04,130.1850,130.7040,130.1010,130.4440,162261
2017-09-05,130.4440,130.6350,129.3780,129.6120,218946
2017-09-06,129.6120,130.3950,129.3610,130.2410,208801
2017-09-07,130.2410,131.0920,129.9070,130.4910,222749
2017-09-08,130.4910,130.6620,129.4620,129.5410,237996
2017-09-11,129.9960,130.9030,129.9810,130.8560,194634
2017-09-12,130.7220,131.8980,130.6630,131.8250,196206
2017-09-13,131.8250,132.0110,131.2500,131.3050,188188
2017-09-14,131.3050,131.7560,131.1030,131.3910,204333
2017-09-15,131.3750,133.0920,130.6090,132.4050,234639
2017-09-18,132.4100,133.4290,132.4060,133.3530,192813
2017-09-19,133.3190,134.1730,133.2320,133.8340,225939
2017-09-20,133.8340,134.0930,133.2510,133.4510,210772
2017-09-21,133.4220,134.3780,133.4020,134.2730,212618
2017-09-22,134.2730,134.4050,133.5000,133.7770,196296
2017-09-25,133.5220,134.2370,131.9170,132.3570,216966
2017-09-26,132.3570,132.5960,131.7470,132.3400,218814
2017-09-27,132.3400,132.7450,132.0880,132.5050,227658
2017-09-28,132.5050,132.8840,132.2890,132.4000,203088
2017-09-29,132.4000,133.1130,132.2980,132.8320,154276
2017-10-02,132.6990,133.0730,132.1900,132.2860,153585
2017-10-03,132.2860,132.8850,132.1860,132.5150,147809
2017-10-04,132.5150,132.8350,132.2430,132.5800,145114
2017-10-05,132.5800,132.7730,131.8410,132.0980,141711
2017-10-06,132.0980,132.7680,131.9730,132.1640,167390
2017-10-09,132.0350,132.4950,131.8630,132.3010,115908
2017-10-10,132.3010,132.8680,132.2290,132.7640,165629
2017-10-11,132.7650,133.4940,132.4540,133.3750,151150
2017-10-12,133.3760,133.4900,132.7940,132.8190,149994
2017-10-13,132.8180,132.9360,132.1410,132.1800,150885
2017-10-16,132.0420,132.3870,131.6600,132.3310,127622
2017-10-17,132.3270,132.3710,131.8430,132.0080,140616
2017-10-18,132.0080,133.2800,131.9520,133.1110,146651
2017-10-19,133.1110,133.6240,132.4740,133.3550,180077
2017-10-20,133.3550,133.9610,133.2860,133.6950,165227
2017-10-23,133.9750,134.1240,133.1000,133.2700,146653
2017-10-24,133.2700,134.1900,133.1800,133.9420,153454
2017-10-25,133.9420,134.4990,133.7540,134.3520,186462
2017-10-26,134.3520,134.4910,132.6550,132.7850,191365
2017-10-27,132.7850,132.9500,131.7510,131.9380,175896
2017-10-30,131.9860,132.2850,131.4530,131.8580,146642
2017-10-31,131.8450,132.5660,131.5090,132.3340,139100
2017-11-01,132.3250,132.8370,132.3250,132.6620,156769
2017-11-02,132.6640,133.1480,132.5620,132.9740,168649
2017-11-03,132.9740,132.9960,132.3800,132.3850,130786
2017-11-06,132.3690,133.1170,131.9930,131.9970,147612
2017-11-07,131.9990,132.4130,131.8360,132.0830,158147
2017-11-08,132.0830,132.1680,131.3960,132.0200,145678
2017-11-09,132.0200,132.2620,131.5170,132.0850,183168
2017-11-10,132.0850,132.5510,131.9520,132.4020,147640
2017-11-13,132.2490,132.6250,131.9300,132.5550,134211
2017-11-14,132.5550,133.8590,132.4810,133.8450,152109
2017-11-15,133.8360,133.8800,132.9670,133.0800,190979
2017-11-16,133.0770,133.4530,132.7550,133.0580,159062
2017-11-17,133.0580,133.1580,132.0500,132.1420,177648
2017-11-20,132.1200,132.4660,131.1670,132.1390,179629
2017-11-21,132.1260,132.2710,131.5740,131.9700,132925
2017-11-22,131.9730,132.0990,131.4310,131.4860,142863
2017-11-23,131.4860,131.8810,131.2280,131.7680,119726
2017-11-24,131.7680,133.2350,131.7020,133.0370,116005
2017-11-27,132.9710,133.2210,132.0780,132.1660,153704
2017-11-28,132.1660,132.5700,131.7200,131.9520,163092
2017-11-29,131.9520,132.7950,131.8700,132.5870,164847
2017-11-30,132.5870,134.1440,132.5200,133.9510,170381
2017-12-01,133.9510,134.3820,132.9090,133.3860,204604
2017-12-04,133.7210,134.0510,133.2660,133.3620,216615
2017-12-05,133.3620,133.7450,133.0090,133.1220,176815
2017-12-06,133.1220,133.2110,132.2610,132.4370,188375
2017-12-07,132.4360,133.2850,132.1920,133.1230,169166
2017-12-08,133.1140,133.6100,133.0470,133.5920,164198
2017-12-11,133.5760,133.8850,133.5290,133.6300,153805
2017-12-12,133.6300,133.7590,133.0050,133.3130,136978
2017-12-13,133.3130,133.3570,132.8400,133.0890,167389
2017-12-14,133.0890,133.7550,132.2360,132.3530,184478
2017-12-15,132.3430,132.7300,132.0540,132.3080,170477
2017-12-18,132.3810,133.0080,132.1070,132.5800,209431
2017-12-19,132.5800,133.9190,132.5570,133.6370,198274
2017-12-20,133.6370,134.7750,133.5910,134.6090,205492
2017-12-21,134.6090,134.8790,134.4430,134.5840,195507
2017-12-22,134.5840,134.5960,133.9010,134.4000,218570
2017-12-26,134.4680,134.5540,134.2020,134.2530,156291
2017-12-27,134.2590,134.9700,134.1620,134.7080,223127
2017-12-28,134.7080,134.9780,134.4590,134.8240,169101
2017-12-29,134.8240,135.5150,134.5410,135.1890,200894
2018-01-02,135.2200,135.6320,134.9350,135.3650,183730
2018-01-03,135.3710,135.5050,134.8030,135.1510,206156
2018-01-04,135.1500,136.3660,135.0000,136.0500,215473
2018-01-05,136.0540,136.6350,135.9800,136.0250,215048
2018-01-08,136.0580,136.3220,135.1260,135.3070,176055
2018-01-09,135.3150,135.4730,134.0500,134.4280,250389
2018-01-10,134.4280,134.5550,133.0770,133.1050,295955
2018-01-11,133.1050,134.3500,133.0450,133.8160,285344
2018-01-12,133.8160,135.5490,133.7780,135.4990,300251
2018-01-15,135.4370,135.9860,135.0160,135.5220,265800
2018-01-16,135.5220,136.0950,134.9770,135.3790,278558
2018-01-17,135.3790,135.9840,135.1540,135.5800,319210
2018-01-18,135.5900,136.3100,135.4550,135.9200,284647
2018-01-19,135.9200,136.0480,135.1830,135.4210,244481
2018-01-22,135.5750,136.1450,135.3440,135.9900,207174
2018-01-23,135.9900,136.2150,135.2000,135.6370,239909
2018-01-24,135.6400,135.6740,134.9160,135.5150,312972
2018-01-25,135.5110,136.2930,135.0380,135.5830,428801
2018-01-26,135.5830,136.1380,134.5400,134.9460,371520
2018-01-29,135.0280,135.3420,134.3250,134.8820,288535
2018-01-30,134.8840,135.2060,134.1270,134.8890,274873
2018-01-31,134.8860,136.0500,134.8020,135.5190,290390
2018-02-01,135.5190,136.9590,135.4280,136.8110,276390
2018-02-02,136.8110,137.5000,136.6650,137.2190,292165
2018-02-05,137.0070,137.1960,134.8810,134.8840,344618
2018-02-06,134.8990,135.7930,133.9730,135.5730,496380
2018-02-07,135.5730,135.8410,133.8180,134.0330,318187
2018-02-08,134.0500,134.7960,132.9350,133.1730,420258
2018-02-09,133.1730,134.1700,131.9840,133.3060,471786
2018-02-12,133.2950,133.6440,132.8980,133.5170,282029
2018-02-13,133.5170,133.7880,132.5180,133.1380,263815
2018-02-14,133.1380,133.3840,131.6030,133.1810,340184
2018-02-15,133.2400,133.2780,132.5050,132.6930,324931
2018-02-16,132.6940,133.1010,131.8090,131.8950,312030
2018-02-19,131.8130,132.3760,131.8050,132.2270,257260
2018-02-20,132.2310,132.5090,132.1150,132.3950,245696
2018-02-21,132.4000,133.0570,132.2620,132.3570,325707
2018-02-22,132.3590,132.3810,131.2870,131.5970,287378
2018-02-23,131.6020,131.8480,130.9330,131.4070,220589
2018-02-26,131.6670,131.7470,131.0770,131.6550,256817
2018-02-27,131.6550,132.1860,131.2700,131.2730,268036
2018-02-28,131.2730,131.5170,130.0400,130.0530,263956
2018-03-01,130.0630,130.7920,129.7620,130.2740,335921
2018-03-02,130.2740,130.4390,129.5600,130.2430,323904
2018-03-05,130.0370,131.0100,129.3500,130.9960,284134
2018-03-06,130.9970,132.0150,130.5980,131.6130,264710
2018-03-07,131.6130,131.7430,130.9190,131.6000,293026
2018-03-08,131.6040,131.9810,130.5150,130.7250,271038
2018-03-09,130.7740,131.8900,130.6760,131.4220,274586
2018-03-12,131.4360,131.6920,130.9640,131.2780,225974
2018-03-13,131.2740,132.4290,131.1090,131.9050,248166
2018-03-14,131.9050,132.2790,131.0190,131.4810,248504
2018-03-15,131.4810,131.5380,130.5610,130.8350,263099
2018-03-16,130.8400,130.8870,130.0740,130.2740,214778
2018-03-19,130.2090,131.0680,129.6050,130.7900,265353
2018-03-20,130.7900,131.7170,130.3390,130.4240,242957
2018-03-21,130.4260,131.0620,130.1900,130.8660,261099
2018-03-22,130.8670,131.0170,129.4940,129.5950,317879
2018-03-23,129.5980,129.9730,128.9460,129.3910,342549
2018-03-26,129.2730,131.3760,129.2590,131.1520,266116
2018-03-27,131.2060,131.8140,130.5800,130.6270,326583
2018-03-28,130.6270,131.7120,130.5730,131.4680,460971
2018-03-29,131.4560,131.6020,130.6100,130.8890,288093
2018-03-30,130.9120,131.0830,130.6160,130.9250,176444
2018-04-02,130.8000,131.2940,129.9770,130.2640,236389
2018-04-03,130.2560,130.9200,129.9830,130.8050,263885
2018-04-04,130.7950,131.1920,130.2290,131.0990,172465
2018-04-05,131.0850,131.4970,131.0510,131.4340,137698
2018-04-06,131.4320,131.6170,131.0850,131.3300,183108
2018-04-09,131.3020,131.9930,131.1060,131.5130,135246
2018-04-10,131.5030,132.6180,131.4220,132.4490,148897
2018-04-11,132.4490,132.6070,132.0260,132.0660,124356
2018-04-12,132.0480,132.3350,131.8030,132.2680,135989
2018-04-13,132.2480,132.8980,132.1700,132.3650,114940
2018-04-16,132.4620,132.9700,132.1110,132.5980,100843
2018-04-17,132.5840,132.7680,132.1050,132.3620,100276
2018-04-18,132.3610,132.9060,132.3030,132.6770,99753
2018-04-19,132.6660,133.0890,132.3500,132.5340,117223
2018-04-20,132.5320,132.9740,132.0390,132.2880,112224
2018-04-23,132.2020,132.7850,132.1060,132.7030,107878
2018-04-24,132.6940,133.4840,132.6110,133.1050,112283
2018-04-25,133.0990,133.3360,132.9130,133.0720,117229
2018-04-26,133.0550,133.2510,132.2870,132.2970,117532
2018-04-27,132.2670,132.3930,131.8840,132.2720,118310
2018-04-30,132.2310,132.5410,131.8580,132.0320,94020
2018-05-01,132.0370,132.1330,131.5720,131.7760,92619
2018-05-02,131.7760,132.1120,131.2530,131.3040,130394
2018-05-03,131.3030,131.6700,130.2660,130.9070,142182
2018-05-04,130.9070,130.9450,129.8950,130.4940,111231
2018-05-07,130.4180,130.5900,129.9500,130.0590,87014
2018-05-08,130.0590,130.1180,129.2310,129.4670,116502
2018-05-09,129.4670,130.4850,129.3530,130.0480,118018
2018-05-10,130.0480,130.7630,129.9430,130.4120,147919
2018-05-11,130.4040,130.6840,129.9960,130.6160,96986
2018-05-14,130.5470,131.3750,130.4170,130.7650,80458
2018-05-15,130.7650,131.1360,130.4390,130.6140,113559
2018-05-16,130.5540,130.6750,129.5310,130.3370,122167
2018-05-17,130.3330,130.8470,130.2280,130.6160,119286
2018-05-18,130.6160,131.1230,130.2380,130.3540,106783
2018-05-21,130.4960,131.0040,130.3720,130.9310,93449
2018-05-22,130.8980,131.3460,130.5960,130.6220,110518
2018-05-23,130.6110,130.6630,128.2310,128.7330,181427
2018-05-24,128.6860,128.8750,127.7180,128.0270,167269
2018-05-25,128.0260,128.5240,127.1500,127.4240,163707
2018-05-28,128.2070,128.5350,126.8550,127.1750,141199
2018-05-29,127.1320,127.2780,124.6180,125.4850,249572
2018-05-30,125.4130,127.3170,124.9790,127.0090,208952
2018-05-31,126.9850,127.7190,126.3240,127.2080,190485
2018-06-01,127.1870,128.1340,127.1240,127.7020,169160
2018-06-04,127.5430,128.6860,127.5430,128.4450,143358
2018-06-05,128.4200,128.6970,127.7910,128.6540,130677
2018-06-06,128.6270,129.8260,128.5600,129.7150,124469
2018-06-07,129.7200,130.2740,129.3000,129.4160,137511
2018-06-08,129.4010,129.7280,128.1080,128.8930,134784
2018-06-11,128.6900,130.0570,128.6760,129.6490,110715
2018-06-12,129.6230,130.2750,129.4990,129.6290,131832
2018-06-13,129.6290,130.3420,129.6110,130.0900,120950
2018-06-14,130.0700,130.3530,127.8970,127.9320,161155
2018-06-15,127.9560,128.4970,127.6970,128.4630,138555
2018-06-18,128.2670,128.4950,127.8100,128.4900,93723
2018-06-19,128.4900,128.5100,126.6400,127.5260,171976
2018-06-20,127.5220,127.9350,127.0850,127.6860,142557
2018-06-21,127.6680,128.0280,126.9840,127.5800,173601
2018-06-22,127.5560,128.5970,127.4740,128.2050,175652
2018-06-25,128.1350,128.8300,127.2820,128.4350,148999
2018-06-26,128.4340,128.4630,127.7960,128.1300,173664
2018-06-27,128.1290,128.3430,127.2560,127.3650,189171
2018-06-28,127.3600,127.9200,127.1390,127.8120,184837
2018-06-29,127.8130,129.4660,127.6560,129.3330,207533
2018-07-02,129.2020,129.4970,128.4150,129.0660,181695
2018-07-03,129.0530,129.5610,128.7260,128.8580,180181
2018-07-04,128.8660,128.9620,128.4970,128.7420,191868
2018-07-05,128.7370,129.6270,128.5710,129.2860,194978
2018-07-06,129.2890,129.9660,129.1660,129.7160,153455
2018-07-09,129.5340,130.2640,129.5340,130.2330,133142
2018-07-10,130.2110,130.7380,130.0940,130.3450,134643
2018-07-11,130.3550,130.9590,129.9080,130.7110,201703
2018-07-12,130.6920,131.4750,130.6610,131.3420,165165
2018-07-13,131.2720,131.5310,130.8020,131.3120,139497
2018-07-16,131.1640,131.6950,131.0560,131.4830,131413
2018-07-17,131.4460,131.9820,131.4380,131.6100,157384
2018-07-18,131.5970,131.7720,130.8760,131.3470,163690
2018-07-19,131.3160,131.4270,130.7220,130.8950,220831
2018-07-20,130.8970,131.2070,130.5430,130.6380,213401
2018-07-23,130.6020,130.7360,129.8530,130.1780,126569
2018-07-24,130.1780,130.3710,129.7320,129.9190,121321
2018-07-25,129.9210,130.2630,129.4010,130.1420,130892
2018-07-26,130.1460,130.2570,129.4350,129.5040,122863
2018-07-27,129.4820,129.5090,129.1180,129.4490,99034
2018-07-30,129.2950,130.0640,129.2450,129.9490,82737
2018-07-31,129.9460,131.1390,129.6760,130.7820,125710
2018-08-01,130.7630,131.0960,130.0200,130.2570,109540
2018-08-02,130.2480,130.2870,129.2390,129.3290,106693
2018-08-03,129.3290,129.5250,128.6270,128.6960,99819
2018-08-06,128.6610,128.8750,128.4970,128.7010,68593
2018-08-07,128.6990,129.2230,128.5840,129.1710,78018
2018-08-08,129.1500,129.4510,128.5490,128.8390,88823
2018-08-09,128.8550,129.0020,128.0290,128.0350,99632
2018-08-10,128.0280,128.1030,126.0000,126.5800,170310
2018-08-13,125.5920,126.7710,125.1360,126.2930,165402
2018-08-14,126.2570,126.9820,125.7990,126.0770,126566
2018-08-15,126.0580,126.3620,124.8930,125.6230,138164
2018-08-16,125.6260,126.4800,125.2740,126.1520,149607
2018-08-17,126.1450,126.5990,125.5700,126.3950,120439
2018-08-20,126.4830,126.4860,126.0660,126.3690,100015
2018-08-21,126.3620,128.0470,126.2530,127.5900,129296
2018-08-22,127.5340,128.2660,127.3400,128.1880,118916
2018-08-23,128.1770,128.7580,127.9090,128.4150,119552
2018-08-24,128.4140,129.4100,128.3530,129.2820,122625
2018-08-27,129.2980,129.8270,128.7850,129.7050,103849
2018-08-28,129.6840,130.2650,129.6300,130.0170,114406
2018-08-29,130.0190,130.8420,129.5730,130.7300,127293
2018-08-30,130.7440,130.8580,129.4080,129.5030,128403
2018-08-31,129.4440,129.8390,128.5490,128.9260,138682
2018-09-03,128.7650,129.1420,128.5640,129.0100,102591
2018-09-04,128.9870,129.1900,128.3100,128.9680,120804
2018-09-05,128.9620,129.9730,128.5900,129.6890,132862
2018-09-06,129.6990,129.8310,128.4870,128.7070,134530
2018-09-07,128.6950,129.0960,128.0100,128.2860,136555
2018-09-10,128.2200,129.0620,127.8540,128.7910,94611
2018-09-11,128.7920,129.8200,128.7490,129.5320,93014
2018-09-12,129.5150,129.8010,128.9270,129.3360,105941
2018-09-13,129.3770,130.9330,129.2500,130.8370,107376
2018-09-14,130.8300,131.1050,130.1700,130.2230,108057
2018-09-17,130.1710,131.0350,130.0900,130.6670,85217
2018-09-18,130.6620,131.4910,130.2900,131.0570,128949
2018-09-19,131.0610,131.6730,130.7730,131.0490,104142
2018-09-20,131.0400,132.5120,130.9040,132.4740,125750
2018-09-21,132.4730,133.1250,132.1480,132.2470,108697
2018-09-24,132.0340,133.0620,131.8960,132.5110,90007
2018-09-25,132.5110,133.1030,132.3600,132.9170,100878
2018-09-26,132.9140,133.1090,132.2220,132.3420,110539
2018-09-27,132.3410,132.6690,131.5670,131.9590,127689
2018-09-28,131.9750,132.2980,131.1730,131.8890,113770
2018-10-01,132.0850,132.4540,131.7280,131.8460,93327
2018-10-02,131.8620,131.9890,130.7040,131.2220,102862
2018-10-03,131.1800,131.9680,130.9600,131.4470,124145
2018-10-04,131.4210,131.5680,130.7360,131.1470,136586
2018-10-05,131.1220,131.4060,130.5930,130.9740,137734
2018-10-08,131.0840,131.2420,129.5020,130.1030,104032
2018-10-09,130.1000,130.2220,129.3310,129.7820,158746
2018-10-10,129.7750,130.4940,129.2880,129.3150,144215
2018-10-11,129.3320,130.2080,129.2000,130.0210,232866
2018-10-12,129.9070,130.4910,129.3490,129.6850,156022
2018-10-15,129.3850,129.7910,129.1160,129.4040,148669
2018-10-16,129.4040,130.2900,129.3980,129.9110,128244
2018-10-17,129.9080,130.1490,129.1640,129.5350,141483
2018-10-18,129.5330,129.7230,128.3120,128.4740,169762
2018-10-19,128.4580,129.6750,128.4050,129.5740,158034
2018-10-22,129.6290,130.1930,129.1940,129.3240,140866
2018-10-23,129.3290,129.3730,128.2020,128.9660,175311
2018-10-24,128.9650,129.2100,127.7590,127.8620,196156
2018-10-25,127.8290,128.4320,127.4870,127.8480,184866
2018-10-26,127.8370,127.8780,126.6240,127.5510,218693
2018-10-29,127.5340,128.2270,127.2410,127.7690,182345
2018-10-30,127.7680,128.4320,127.7250,128.2760,166374
2018-10-31,128.2760,128.5360,127.6490,127.7600,141498
2018-11-01,127.7600,128.7570,127.6080,128.4380,140193
2018-11-02,128.4380,129.3180,128.3600,128.8640,156832
2018-11-05,128.8150,129.3170,128.5910,129.1060,120796
2018-11-06,129.1080,129.6300,128.8440,129.5900,113759
2018-11-07,129.5900,130.1390,129.3820,129.6610,182653
2018-11-08,129.7090,130.1190,129.3810,129.6040,136936
2018-11-09,129.6100,129.6290,128.7310,128.8620,139462
2018-11-12,128.7930,129.1800,127.6430,127.6920,162131
2018-11-13,127.6870,128.7460,127.4890,128.4700,174317
2018-11-14,128.4880,129.2210,128.1200,128.4640,188643
2018-11-15,128.4990,129.0440,127.7590,128.6990,203188
2018-11-16,128.6930,128.8870,128.1170,128.7510,160636
2018-11-19,128.6900,129.0570,128.4560,128.8900,142293
2018-11-20,128.9010,129.0280,128.0000,128.2070,152649
2018-11-21,128.2070,129.0690,128.1120,128.7140,128617
2018-11-22,128.7290,129.0940,128.6190,128.7650,110544
2018-11-23,128.7990,128.9120,127.8110,127.9410,106463
2018-11-26,128.0230,128.9090,127.9200,128.6490,135174
2018-11-27,128.6480,128.8380,128.3460,128.4290,142183
2018-11-28,128.4510,129.2510,128.2410,129.1990,131928
2018-11-29,129.2050,129.2890,128.6660,129.2730,127546
2018-11-30,129.2720,129.2850,128.3790,128.3940,119091
2018-12-03,129.0430,129.1420,128.5340,129.0200,123368
2018-12-04,129.0130,129.0190,127.6090,127.9150,166354
2018-12-05,127.9070,128.4840,127.7820,128.4040,94383
2018-12-06,128.4040,128.4270,127.6640,128.1870,207702
2018-12-07,128.1860,128.6640,127.9180,128.4130,168874
2018-12-10,128.1990,128.9290,128.1630,128.6870,190222
2018-12-11,128.6620,128.9760,128.1680,128.2930,160102
2018-12-12,128.3290,128.8580,128.2370,128.7740,166039
2018-12-13,128.7650,129.2460,128.6970,129.0630,140756
2018-12-14,129.0330,129.1100,127.9770,128.1710,132514
2018-12-17,128.0990,128.5840,127.8550,128.0230,150881
2018-12-18,128.0220,128.1050,127.6340,127.8200,150947
2018-12-19,127.8630,128.3690,127.5340,127.9470,170252
2018-12-20,127.9490,128.3800,127.2080,127.3820,229446
2018-12-21,127.3840,127.6760,126.3660,126.3820,198842
2018-12-24,126.3970,126.7340,125.7810,125.9150,204494
2018-12-26,126.0290,126.4390,125.7920,126.4100,84005
2018-12-27,126.4110,127.0840,125.9810,126.9000,320360
2018-12-28,126.9090,127.0070,126.1160,126.1950,255706
2018-12-31,126.1170,126.4290,125.3930,125.6070,150651
2019-01-02,125.2650,125.5650,123.5130,123.5310,151515
2019-01-03,123.5380,123.8070,118.5860,122.6400,254375
2019-01-04,122.6380,123.8480,122.5730,123.6440,197844
2019-01-07,123.6280,124.7910,123.3960,124.7350,138399
2019-01-08,124.7430,124.8520,124.1130,124.3940,139105
2019-01-09,124.3920,125.0900,124.3500,124.8250,171527
2019-01-10,124.8280,125.0640,124.3560,124.6910,179565
2019-01-11,124.6960,124.9890,124.2270,124.4190,146966
2019-01-14,124.3110,124.4220,123.7600,124.0290,114678
2019-01-15,124.0410,124.8450,123.3900,124.0240,160524
2019-01-16,124.0380,124.4070,123.5160,124.2740,135237
2019-01-17,124.2660,124.6700,123.7300,124.4060,139053
2019-01-18,124.4030,124.9640,124.2200,124.7360,128012
2019-01-21,124.5770,124.8190,124.5020,124.6260,91277
2019-01-22,124.6270,124.7020,124.0360,124.2380,125528
2019-01-23,124.2230,124.9310,124.1980,124.7290,135277
2019-01-24,124.7330,124.8910,123.7800,123.9360,165264
2019-01-25,123.9590,125.3090,123.7780,124.9300,159059
2019-01-28,124.8820,125.0290,124.5910,124.9180,127006
2019-01-29,124.9190,125.2290,124.6770,125.0540,140336
2019-01-30,125.0220,125.4580,124.8760,125.1590,147401
2019-01-31,125.1590,125.2880,124.4860,124.6140,149265
2019-02-01,124.5980,125.7270,124.3550,125.3910,129246
2019-02-04,125.4020,125.9390,125.3490,125.6650,116402
2019-02-05,125.6710,125.8650,125.2720,125.4030,108238
2019-02-06,125.3950,125.4470,124.8070,124.9420,107975
2019-02-07,124.9430,125.0610,124.3400,124.5100,123763
2019-02-08,124.5150,124.6870,124.1650,124.2730,100771
2019-02-11,124.2250,124.8700,124.2250,124.4490,98975
2019-02-12,124.4440,125.2630,124.3690,125.1110,113213
2019-02-13,125.1350,125.5310,124.9870,124.9880,111423
2019-02-14,124.9910,125.4460,124.7340,124.7820,133780
2019-02-15,124.7880,124.8570,124.2230,124.6800,124144
2019-02-18,124.6970,125.2640,124.6890,125.0700,98752
2019-02-19,125.0710,125.5320,124.7610,125.4410,121834
2019-02-20,125.4230,125.9280,125.3420,125.6630,123331
2019-02-21,125.6630,125.8620,125.3160,125.4740,140489
2019-02-22,125.4510,125.7680,125.3580,125.3790,113794
2019-02-25,125.4020,126.2950,125.3480,126.1230,129960
2019-02-26,126.1190,126.2190,125.7090,125.9310,120948
2019-02-27,125.9270,126.3400,125.5290,126.1840,121206
2019-02-28,126.1830,126.8980,125.8810,126.6420,131740
2019-03-01,126.6430,127.4910,126.5940,127.1720,116311
2019-03-04,127.2320,127.3740,126.4360,126.7000,122789
2019-03-05,126.7090,126.9280,126.3530,126.5110,103659
2019-03-06,126.5010,126.5270,126.1660,126.3540,91319
2019-03-07,126.3650,126.4210,124.6620,124.8800,104113
2019-03-08,124.8950,125.0200,124.2670,124.8610,114037
2019-03-11,124.8700,125.1970,124.4740,125.0970,91552
2019-03-12,125.0980,125.8200,125.0620,125.6760,104594
2019-03-13,125.6760,126.0870,125.4470,126.0720,90592
2019-03-14,126.0720,126.5570,125.9270,126.2100,107142
2019-03-15,126.2110,126.5640,126.1130,126.2050,86652
2019-03-18,126.2180,126.6850,126.1390,126.3250,76995
2019-03-19,126.3240,126.6080,126.0850,126.4500,73886
2019-03-20,126.4490,126.7820,126.2360,126.3790,100308
2019-03-21,126.3770,126.5960,125.6770,126.0640,108310
2019-03-22,126.0650,126.1720,123.8140,124.2050,131414
2019-03-25,124.2460,124.8110,123.8700,124.4070,118530
2019-03-26,124.4070,125.0030,124.4030,124.6600,105786
2019-03-27,124.6590,124.7300,124.0420,124.2640,126953
2019-03-28,124.2640,124.4200,123.6450,124.1920,119813
2019-03-29,124.1960,124.6310,124.1360,124.2750,109202
2019-04-01,124.6530,124.9450,124.4290,124.8440,97004
2019-04-02,124.8480,124.8850,124.4690,124.7160,86108
2019-04-03,124.7140,125.4410,124.6010,125.2210,84983
2019-04-04,125.2270,125.3850,124.9600,125.2790,81320
2019-04-05,125.2740,125.5020,125.2060,125.2760,77331
2019-04-08,125.2220,125.6100,124.9770,125.5280,73564
2019-04-09,125.5260,125.6110,125.1240,125.1600,81932
2019-04-10,125.1820,125.4440,124.7710,125.1370,90415
2019-04-11,125.1510,125.7080,124.9980,125.6470,81656
2019-04-12,125.6470,126.7590,125.6060,126.5320,83325
2019-04-15,126.5270,126.7850,126.4850,126.6320,65105
2019-04-16,126.6360,126.6750,126.1910,126.3310,85840
2019-04-17,126.3540,126.8020,126.2730,126.5450,80001
2019-04-18,126.5860,126.5970,125.6440,125.7200,93432
2019-04-19,125.7180,125.8750,125.6650,125.7450,57461
2019-04-22,125.7480,126.0610,125.7270,126.0030,48606
2019-04-23,126.0000,126.0500,125.2720,125.5760,72834
2019-04-24,125.5760,125.5970,124.7970,125.1150,97165
2019-04-25,125.1150,125.2250,124.2030,124.3300,99477
2019-04-26,124.3390,124.7090,124.0830,124.4000,99329
2019-04-29,124.2940,125.0900,124.2940,124.9360,55648
2019-04-30,124.9220,125.0840,124.4660,125.0070,85220
2019-05-01,125.0200,125.2250,124.7250,124.7340,78699
2019-05-02,124.7400,125.1160,124.5460,124.5820,85769
2019-05-03,124.5830,124.6480,124.2720,124.4570,92406
2019-05-06,123.5620,124.2890,123.3530,124.0410,104092
2019-05-07,124.0400,124.2460,123.1000,123.3650,109773
2019-05-08,123.3780,123.5100,123.1010,123.2080,117122
2019-05-09,123.2080,123.2580,122.4780,123.0840,125080
2019-05-10,123.0530,123.6080,122.9870,123.5280,138525
2019-05-13,123.2890,123.4520,122.5410,122.6500,123223
2019-05-14,122.6880,123.3930,122.5700,122.7920,101847
2019-05-15,122.7870,123.0830,122.0720,122.7390,108202
2019-05-16,122.7500,122.9570,122.5320,122.7350,94191
2019-05-17,122.7190,122.9890,122.2660,122.7650,121299
2019-05-20,122.8670,123.1840,122.5280,122.8870,98466
2019-05-21,122.8780,123.7390,122.6660,123.3100,98330
2019-05-22,123.3100,123.5010,122.9740,123.0350,81954
2019-05-23,123.0410,123.0720,122.1390,122.5380,119000
2019-05-24,122.5480,122.8170,122.4090,122.4500,93557
2019-05-27,122.5670,122.7970,122.4610,122.5600,59871
2019-05-28,122.5610,122.6950,121.9940,122.0480,103110
2019-05-29,122.0450,122.2040,121.5720,121.9760,112343
2019-05-30,121.9740,122.2510,121.8940,121.9920,92431
2019-05-31,121.9940,122.0900,120.9110,120.9180,139175
2019-06-03,120.9080,121.6430,120.7760,121.4650,126245
2019-06-04,121.4640,121.7790,121.2950,121.6720,126991
2019-06-05,121.6790,122.2570,121.4830,121.6940,128683
2019-06-06,121.6800,122.3890,121.2310,122.2140,111596
2019-06-07,122.2030,122.7080,122.0910,122.6070,115437
2019-06-10,122.7990,122.9150,122.6170,122.6560,89312
2019-06-11,122.6530,123.1700,122.6150,122.9030,94180
2019-06-12,122.8940,122.9960,122.4100,122.4650,100308
2019-06-13,122.4580,122.5540,122.1280,122.2070,90017
2019-06-14,122.1830,122.2570,121.5840,121.6850,93329
2019-06-17,121.5870,122.1180,121.5580,121.7570,70491
2019-06-18,121.7490,121.8630,121.0550,121.3760,114827
2019-06-19,121.3820,121.6470,121.1620,121.3550,100251
2019-06-20,121.3510,121.9140,121.0790,121.1540,136530
2019-06-21,121.1400,122.1170,120.9420,122.0320,127910
2019-06-24,121.9920,122.3890,121.9630,122.2870,88165
2019-06-25,122.2890,122.4580,121.6440,121.8010,127500
2019-06-26,121.8190,122.6220,121.7620,122.5340,107083
2019-06-27,122.5200,122.8870,122.3940,122.5450,96630
2019-06-28,122.5240,122.7770,122.2740,122.6800,90297
2019-07-01,122.6630,123.3500,122.3480,122.3680,105172
2019-07-02,122.3630,122.5280,121.7160,121.7260,89077
2019-07-03,121.7320,121.8210,121.3060,121.5900,82088
2019-07-04,121.5910,121.7110,121.5290,121.6560,41845
2019-07-05,121.6550,121.9240,121.2660,121.7560,79506
2019-07-08,121.6120,121.9710,121.5080,121.9190,31326
2019-07-09,121.9190,122.1300,121.8470,121.9990,57256
2019-07-10,121.9980,122.3170,121.9500,122.0230,86544
2019-07-11,122.0210,122.1430,121.6220,122.0980,74915
2019-07-12,122.0980,122.2290,121.5130,121.5830,65547
2019-07-15,121.5410,121.8510,121.4170,121.4780,88299
2019-07-16,121.4720,121.6790,121.0960,121.3290,83711
2019-07-17,121.3280,121.4830,121.1540,121.1560,60108
2019-07-18,121.1540,121.2240,120.7790,120.9820,84360
2019-07-19,120.9680,121.2800,120.8080,120.8690,89404
2019-07-22,120.8260,121.1640,120.8000,120.9010,75322
2019-07-23,120.8970,121.0880,120.4920,120.6690,62870
2019-07-24,120.6630,120.7070,120.2060,120.5090,57502
2019-07-25,120.4960,121.3730,120.0490,121.0810,73205
2019-07-26,121.0740,121.1940,120.7940,120.9200,55323
2019-07-29,120.8220,121.3040,120.7330,121.2330,42208
2019-07-30,121.2330,121.3780,120.8800,121.1330,76182
2019-07-31,121.1220,121.1880,120.3490,120.4580,100765
2019-08-01,120.4610,120.7090,118.9130,118.9830,122176
2019-08-02,118.9830,119.1190,118.2610,118.3740,202867
2019-08-05,118.2570,118.9300,117.6700,118.6890,197289
2019-08-06,118.6840,119.8700,118.3670,119.2080,179374
2019-08-07,119.2110,119.2750,118.4340,119.0000,183518
2019-08-08,118.9940,119.1630,118.4890,118.5980,118474
2019-08-09,118.5850,118.7370,118.0840,118.3450,103234
2019-08-12,118.1520,118.3980,117.5150,118.0690,126133
2019-08-13,118.0670,119.5830,117.6840,119.2430,155980
2019-08-14,119.2440,119.2780,117.7820,117.9550,167992
2019-08-15,117.9540,118.9710,117.6220,117.8680,191833
2019-08-16,117.8200,118.1630,117.5740,117.9540,155624
2019-08-19,117.7440,118.4730,117.7440,118.1270,104006
2019-08-20,118.1150,118.2650,117.5770,117.9050,124539
2019-08-21,117.9030,118.3280,117.8850,118.1760,99666
2019-08-22,118.1620,118.3000,117.7290,117.9200,113612
2019-08-23,117.9150,118.1620,117.2580,117.3890,154558
2019-08-26,117.0640,118.1960,116.5600,117.8040,209025
2019-08-27,117.8160,117.8380,117.2050,117.2670,145575
2019-08-28,117.2590,117.6750,117.1020,117.5490,139636
2019-08-29,117.5420,117.9330,117.2760,117.7690,125142
2019-08-30,117.7520,117.8170,116.6240,116.7760,134024
2019-09-02,116.4700,116.7760,116.3460,116.5080,94059
2019-09-03,116.5220,116.5550,115.8630,116.2320,146000
2019-09-04,116.2390,117.4310,116.1310,117.3900,103223
2019-09-05,117.3920,118.6100,117.2760,117.9950,129265
2019-09-06,118.0020,118.2640,117.8070,117.8540,110268
2019-09-09,117.7420,118.5080,117.7360,118.4690,85647
2019-09-10,118.4490,118.7810,118.2700,118.7620,78278
2019-09-11,118.7600,119.1690,118.2960,118.6920,74228
2019-09-12,118.6950,119.8200,117.5500,119.5890,115803
2019-09-13,119.5960,120.0070,119.5350,119.6690,81760
2019-09-16,119.6820,119.6820,118.6830,118.9330,91810
2019-09-17,118.9070,119.7710,118.8710,119.7160,79844
2019-09-18,119.6910,119.8210,119.4060,119.6120,77504
2019-09-19,119.6000,119.6660,118.9510,119.2550,88513
2019-09-20,119.2610,119.3770,118.4500,118.5300,82684
2019-09-23,118.6460,118.7880,117.7520,118.2130,75462
2019-09-24,118.2130,118.5550,117.8870,117.9530,89540
2019-09-25,117.9630,118.1950,117.7890,117.9150,93024
2019-09-26,117.9070,118.0500,117.5150,117.7380,78041
2019-09-27,117.7490,118.4710,117.4440,118.0890,80767
2019-09-30,118.1010,118.1800,117.5400,117.7830,71060
2019-10-01,117.7830,118.1690,117.6740,117.7590,80949
2019-10-02,117.7620,118.0000,117.3240,117.4560,84637
2019-10-03,117.4500,117.6490,117.0700,117.2050,102678
2019-10-04,117.1990,117.4870,117.0840,117.3500,83796
2019-10-07,117.1120,117.9020,117.0830,117.6560,77427
2019-10-08,117.6350,117.9690,117.1280,117.3020,96456
2019-10-09,117.2980,118.0920,117.2050,117.9120,77459
2019-10-10,117.8890,118.9400,117.5690,118.8140,113440
2019-10-11,118.8150,120.0050,118.7160,119.6590,107146
2019-10-14,119.4920,119.7080,119.1860,119.5150,78857
2019-10-15,119.5150,120.2230,119.1040,120.0850,97167
2019-10-16,120.0850,120.4690,119.7430,120.4160,101781
2019-10-17,120.4160,121.3540,120.3320,120.8460,95222
2019-10-18,120.8480,121.1190,120.6690,121.0650,72723
2019-10-21,120.9520,121.4710,120.7810,121.0920,70839
2019-10-22,121.0900,121.2830,120.5770,120.6790,63028
2019-10-23,120.6790,121.0510,120.3830,120.9740,75217
2019-10-24,120.9740,121.3840,120.4260,120.6010,76611
2019-10-25,120.6010,120.8000,120.3520,120.4000,57452
2019-10-28,120.4390,120.9880,120.3990,120.9460,52036
2019-10-29,120.9480,121.0610,120.5730,120.9930,59083
2019-10-30,120.9930,121.4330,120.8760,121.3990,75136
2019-10-31,121.3990,121.4680,120.2850,120.4630,82109
2019-11-01,120.4630,120.9370,120.3590,120.7890,59911
2019-11-04,120.7760,121.1050,120.7720,120.8060,52052
2019-11-05,120.8050,121.2980,120.6870,120.8690,76300
2019-11-06,120.8680,120.9080,120.4700,120.5780,60118
2019-11-07,120.5770,121.1130,120.1360,120.7560,84298
2019-11-08,120.7460,120.8740,120.2140,120.3660,67605
2019-11-11,120.3740,120.4190,120.0680,120.2980,46363
2019-11-12,120.2950,120.6350,119.9430,119.9910,62540
2019-11-13,119.9910,120.1810,119.5760,119.7680,63405
2019-11-14,119.7680,119.8090,119.2470,119.4870,57648
2019-11-15,119.4860,120.3140,119.4360,120.1940,46266
2019-11-18,120.1820,120.6840,120.0910,120.3180,49717
2019-11-19,120.3180,120.4930,119.9990,120.2350,48945
2019-11-20,120.2340,120.4040,119.8480,120.2410,64042
2019-11-21,120.2140,120.5750,119.9390,120.1020,74245
2019-11-22,120.1000,120.4830,119.6600,119.7010,63849
2019-11-25,119.6470,120.1140,119.6320,119.9700,49812
2019-11-26,119.9560,120.2500,119.9130,120.1400,57576
2019-11-27,120.1290,120.5930,120.0580,120.4630,48574
2019-11-28,120.4580,120.5840,120.3220,120.5150,38547
2019-11-29,120.5340,120.7590,120.4100,120.5820,52836
2019-12-02,120.4420,121.0140,120.4340,120.7190,56552
2019-12-03,120.7170,120.9570,120.2440,120.3720,65758
2019-12-04,120.3700,120.8110,120.1000,120.5850,67248
2019-12-05,120.5850,120.8860,120.5540,120.7540,54148
2019-12-06,120.7520,120.7840,120.0010,120.0660,51773
2019-12-09,120.0990,120.2690,119.9910,120.1000,38266
2019-12-10,120.0940,120.6850,120.0780,120.5890,48287
2019-12-11,120.5800,120.9250,120.3710,120.8120,52951
2019-12-12,120.8070,121.7260,120.7530,121.6430,70966
2019-12-13,121.6660,122.6470,121.3820,121.5590,110124
2019-12-16,121.6410,122.2280,121.6070,122.0730,48723
2019-12-17,122.0730,122.4580,121.9260,122.0680,52046
2019-12-18,122.0680,122.1570,121.7290,121.7450,45281
2019-12-19,121.7290,122.0480,121.4200,121.6230,55522
2019-12-20,121.6110,121.6910,121.1900,121.2120,45200
2019-12-23,121.2040,121.3500,121.0800,121.2970,46529
2019-12-24,121.2800,121.3720,121.0590,121.1940,43819
2019-12-26,121.4840,121.7800,121.4140,121.6620,20124
2019-12-27,121.6600,122.4980,121.5780,122.3900,65335
2019-12-30,122.3900,122.4860,121.8690,121.9470,68590
2019-12-31,121.9470,122.0930,121.7250,121.9130,49881
2020-01-02,121.9010,122.0140,120.9770,121.3000,51683
2020-01-03,121.2750,121.3750,120.1660,120.5910,79777
2020-01-06,120.3930,121.3960,120.2730,121.3370,71648
2020-01-07,121.3060,121.4440,120.7810,120.9510,71940
2020-01-08,120.9510,121.3780,120.1680,121.1610,128874
2020-01-09,121.1590,121.6890,121.0970,121.6330,66791
2020-01-10,121.6320,121.8350,121.5210,121.7780,52991
2020-01-13,121.5140,122.4890,121.5140,122.4030,45711
2020-01-14,122.3190,122.7610,122.1840,122.3790,66291
2020-01-15,122.3830,122.7170,122.1940,122.5250,52908
2020-01-16,122.5230,122.8710,122.4800,122.6540,49915
2020-01-17,122.6520,122.8380,122.1210,122.1630,46639
2020-01-20,122.1450,122.3140,122.0320,122.2290,28265
2020-01-21,122.2310,122.3680,121.7110,121.7490,59331
2020-01-22,121.7360,122.0120,121.6120,121.8400,49647
2020-01-23,121.8400,121.8750,120.6300,121.0200,61764
2020-01-24,121.0180,121.2610,120.4120,120.4860,53535
2020-01-27,120.1250,120.3970,119.9020,119.9860,73067
2020-01-28,119.9860,120.3300,119.8040,120.2960,55483
2020-01-29,120.2550,120.4160,119.8860,120.0180,50320
2020-01-30,120.0210,120.2420,119.7660,120.1750,76755
2020-01-31,120.1780,120.4010,120.0210,120.2070,76300
2020-02-03,120.0400,120.3760,119.9170,120.1850,73869
2020-02-04,120.1700,120.9800,120.0610,120.9490,66015
2020-02-05,120.9500,121.1510,120.6560,120.7880,72984
2020-02-06,120.7850,121.0190,120.5650,120.7860,59467
2020-02-07,120.7860,120.8000,120.0890,120.1360,72495
2020-02-10,120.0540,120.3360,119.6750,119.7760,67445
2020-02-11,119.7690,120.0220,119.5900,119.8320,59632
2020-02-12,119.8240,120.3010,119.6080,119.7060,59113
2020-02-13,119.7050,119.7350,118.8710,119.0440,78742
2020-02-14,119.0380,119.2270,118.8610,118.8940,59480
2020-02-17,119.0070,119.1920,118.9010,119.0460,43260
2020-02-18,119.0450,119.0640,118.4620,118.5600,69295
2020-02-19,118.5600,120.4920,118.5440,120.3080,75720
2020-02-20,120.3080,121.3940,120.0910,120.8870,97151
2020-02-21,120.8810,121.3470,120.3550,121.0320,90381
2020-02-24,120.4570,121.0650,119.8980,120.1570,130495
2020-02-25,120.1510,120.5330,119.4100,119.9050,150686
2020-02-26,119.9040,120.5830,119.7510,120.1410,163470
2020-02-27,120.1410,121.0390,119.9480,120.5390,182462
2020-02-28,120.5390,120.6560,118.3720,119.1850,223038
2020-03-02,118.7420,120.7440,118.5880,120.5680,140276
2020-03-03,120.5660,120.9460,119.5250,119.6270,140677
2020-03-04,119.6090,120.1290,119.0210,119.7340,110067
2020-03-05,119.7330,119.9970,118.9880,119.3100,100473
2020-03-06,119.3110,119.4280,118.7040,118.9390,145650
2020-03-09,118.4750,118.6790,116.1150,116.9850,329203
2020-03-10,116.9840,119.4770,116.7980,118.8320,377714
2020-03-11,118.8190,119.2170,117.4000,117.5460,221647
2020-03-12,117.5510,118.3250,116.3070,117.0460,233402
2020-03-13,116.9350,120.3170,116.8660,119.8930,238443
2020-03-16,119.8120,119.8390,117.1380,118.3260,265081
2020-03-17,118.2930,119.6790,117.2930,118.4150,266436
2020-03-18,118.4280,118.4930,116.8870,117.7430,245633
2020-03-19,117.7440,119.3180,117.3970,118.1860,276107
2020-03-20,118.1990,119.2910,117.8380,118.5590,292483
2020-03-23,118.4580,119.9310,117.7180,119.2540,255888
2020-03-24,119.2570,120.5330,118.7980,119.9130,222778
2020-03-25,119.9200,121.1410,119.5150,120.8430,217489
2020-03-26,120.8500,121.0750,119.9510,120.6260,209415
2020-03-27,120.6300,120.8140,118.7970,120.2950,189514
2020-03-30,119.5890,119.9800,118.7890,119.0270,146319
2020-03-31,118.9580,119.6990,118.1910,118.6220,152464
2020-04-01,118.6490,118.8690,116.9440,117.4750,124313
2020-04-02,117.4750,117.7120,116.3470,117.0610,123597
2020-04-03,117.0050,117.3950,116.7300,117.2500,103519
2020-04-06,117.0990,118.3030,117.0660,117.8450,104103
2020-04-07,117.8450,119.0350,117.5070,118.4430,102320
2020-04-08,118.4430,118.6900,117.9130,118.1220,95888
2020-04-09,118.1130,118.9990,118.0350,118.5270,90959
2020-04-10,118.4470,118.7280,118.3600,118.4860,93079
2020-04-13,118.6510,118.6940,117.3040,117.5540,71906
2020-04-14,117.5540,117.9380,117.3030,117.7290,67412
2020-04-15,117.7090,117.7740,116.7940,117.2070,71282
2020-04-16,117.1540,117.5010,116.5510,116.9700,78458
2020-04-17,116.9540,117.4100,116.6210,116.9420,80882
2020-04-20,116.6770,117.2870,116.6770,116.8870,60232
2020-04-21,116.8720,117.1590,116.2150,117.0180,77099
2020-04-22,117.0200,117.2170,116.4420,116.6120,63031
2020-04-23,116.6180,116.8320,115.6350,115.9500,78932
2020-04-24,115.9500,116.3630,115.5420,116.3460,66361
2020-04-27,116.2480,116.5060,116.0460,116.1420,61982
2020-04-28,116.1130,116.2660,115.6030,115.6210,61342
2020-04-29,115.6020,116.0770,115.4480,115.9460,59101
2020-04-30,115.9430,117.7750,115.5440,117.3190,77667
2020-05-01,117.2940,117.7620,117.0160,117.3860,61170
2020-05-04,117.2580,117.2750,116.2630,116.3850,58241
2020-05-05,116.3710,116.5680,115.4070,115.4190,62533
2020-05-06,115.4270,115.5990,114.4270,114.5090,59550
2020-05-07,114.5180,115.1380,114.4100,115.1080,67262
2020-05-08,115.0950,115.7420,115.0320,115.6130,56469
2020-05-11,115.1790,116.5120,115.1490,116.2910,62238
2020-05-12,116.2830,116.8560,115.9570,116.1760,65857
2020-05-13,116.1740,116.4090,115.6910,115.7720,68439
2020-05-14,115.7640,115.9240,115.3230,115.8540,68533
2020-05-15,115.8460,116.1960,115.4720,115.9370,62291
2020-05-18,115.8750,117.2370,115.6360,117.1220,58421
2020-05-19,117.1130,118.1980,117.0240,117.6270,63762
2020-05-20,117.6180,118.2020,117.5170,118.0380,59703
2020-05-21,118.0410,118.5290,117.7270,117.8050,59222
2020-05-22,117.7650,117.9750,116.9940,117.3140,53787
2020-05-25,117.1200,117.5550,117.0820,117.3050,38779
2020-05-26,117.2790,118.3340,117.2730,118.0470,54948
2020-05-27,118.0310,118.9080,117.7010,118.4850,80541
2020-05-28,118.4790,119.3910,118.4480,119.2050,78438
2020-05-29,119.1660,119.8980,118.8450,119.7190,87993
2020-06-01,119.7390,119.9720,119.4210,119.7870,75252
2020-06-02,119.7790,121.6290,119.6210,121.3670,85050
2020-06-03,121.3630,122.6230,121.2650,122.3150,94213
2020-06-04,122.3130,123.9690,121.8450,123.7320,96145
2020-06-05,123.7080,124.4300,123.4900,123.6960,95646
2020-06-08,123.7820,124.1170,122.2180,122.4400,73334
2020-06-09,122.4380,122.6030,121.3270,122.1750,86650
2020-06-10,122.2000,122.3610,121.5850,121.8120,92808
2020-06-11,121.6580,121.9010,120.6490,120.7260,110514
2020-06-12,120.7120,121.8150,120.2530,120.8770,110744
2020-06-15,120.3960,121.6320,120.3320,121.5180,101287
2020-06-16,121.5540,122.1140,120.4710,120.8800,99299
2020-06-17,120.8610,121.2300,120.1480,120.2990,87798
2020-06-18,120.3010,120.5410,119.5870,119.8510,85486
2020-06-19,119.8520,120.2110,119.3700,119.4410,79860
2020-06-22,119.3280,120.4410,119.2750,120.3640,66513
2020-06-23,120.3650,121.0980,119.9040,120.4470,92629
2020-06-24,120.4310,120.7460,120.0320,120.4260,79699
2020-06-25,120.4260,120.6210,120.0900,120.2400,80530
2020-06-26,120.2290,120.3780,119.8120,120.2790,63824
2020-06-29,119.9650,121.3580,119.9650,120.9250,63058
2020-06-30,120.9220,121.4230,120.5870,121.2380,70470
2020-07-01,121.2380,121.4800,120.2530,120.9070,64809
2020-07-02,120.9070,121.4390,120.7480,120.8110,66645
2020-07-03,120.8110,120.9620,120.6110,120.8530,60069
2020-07-06,120.7310,121.9670,120.7310,121.3610,57859
2020-07-07,121.2740,121.7160,121.1690,121.2010,63030
2020-07-08,121.2010,121.8810,121.0930,121.5090,62465
2020-07-09,121.5000,121.9630,120.8980,120.9690,67401
2020-07-10,120.9250,121.0650,120.2680,120.7740,60770
2020-07-13,120.7490,121.9630,120.7490,121.7040,58871
2020-07-14,121.7030,122.3190,121.4660,122.2290,73049
2020-07-15,122.2250,122.4980,121.8210,122.0200,60933
2020-07-16,121.9970,122.5010,121.8130,122.0930,62967
2020-07-17,122.0850,122.5750,121.9310,122.2690,47432
2020-07-20,122.0420,122.9730,122.0420,122.7860,61267
2020-07-21,122.7920,123.1720,122.4700,123.1140,58706
2020-07-22,123.1110,124.2910,123.0400,123.9820,61786
2020-07-23,123.9810,124.2390,123.7080,123.9120,60183
2020-07-24,123.9140,123.9650,122.8390,123.6770,72217
2020-07-27,123.4030,123.9000,123.2190,123.8210,72791
2020-07-28,123.8180,123.9830,123.0130,123.1160,79417
2020-07-29,123.1110,123.7860,123.0140,123.7010,70867
2020-07-30,123.6670,124.1940,123.3360,124.0640,80694
2020-07-31,124.0390,125.2070,123.8390,124.6920,100891
2020-08-03,124.5170,125.0470,123.9890,124.6160,82428
2020-08-04,124.6160,124.9980,124.2620,124.7660,71582
2020-08-05,124.7560,125.5130,124.6330,125.2720,69579
2020-08-06,125.2720,125.5880,124.6520,125.3520,75791
2020-08-07,125.3550,125.3910,124.4580,124.8270,70050
2020-08-10,124.7430,124.8770,124.3350,124.3620,50793
2020-08-11,124.3620,125.4980,124.3020,125.0110,73195
2020-08-12,125.0230,126.2120,124.8490,125.9790,72378
2020-08-13,125.9560,126.7500,125.8720,126.3100,66448
2020-08-14,126.3090,126.4670,125.7380,126.1940,45238
2020-08-17,126.0340,126.4600,125.6680,125.8280,51758
2020-08-18,125.8130,126.0890,125.3430,125.7530,67695
2020-08-19,125.7530,126.0570,125.3660,125.5960,72191
2020-08-20,125.5960,125.7800,125.0800,125.4740,72087
2020-08-21,125.4690,125.5570,124.4400,124.8230,64185
2020-08-24,124.7120,125.3420,124.6870,124.9150,49866
2020-08-25,124.9080,126.0280,124.8910,125.9000,59923
2020-08-26,125.8960,126.1360,125.2570,125.3780,54963
2020-08-27,125.3740,126.0900,125.1290,125.9750,85237
2020-08-28,125.9690,126.7770,125.1940,125.4170,84108
2020-08-31,125.4690,126.8420,125.3790,126.4120,66082
2020-09-01,126.4120,127.0720,126.1350,126.2090,71948
2020-09-02,126.2110,126.3100,125.5490,125.8740,63183
2020-09-03,125.7980,126.0200,125.2810,125.8400,68694
2020-09-04,125.8380,125.9800,125.3010,125.7730,68460
2020-09-07,125.8450,125.9410,125.5150,125.5320,44838
2020-09-08,125.5700,125.6470,124.6920,124.8380,67169
2020-09-09,124.8520,125.6430,124.4140,125.3250,66571
2020-09-10,125.3270,126.4610,125.2810,125.3740,69603
2020-09-11,125.3760,126.1220,125.3470,125.7360,63116
2020-09-14,125.5270,125.8990,125.2830,125.4240,45912
2020-09-15,125.4290,125.7650,124.7530,124.9060,42478
2020-09-16,124.9010,125.0140,123.8340,124.0040,55914
2020-09-17,124.0040,124.1330,123.3090,124.0940,62155
2020-09-18,124.0880,124.3090,123.4340,123.8200,45877
2020-09-21,123.8250,123.9380,122.5140,123.1780,59708
2020-09-22,123.1710,123.2730,122.6550,122.8430,53583
2020-09-23,122.8420,123.1900,122.5730,122.8770,55630
2020-09-24,122.8730,123.1560,122.5800,123.0190,53567
2020-09-25,123.0160,123.1510,122.6080,122.7500,50720
2020-09-28,122.6800,123.2060,122.3770,123.0160,43076
2020-09-29,123.0520,124.1140,123.0060,124.0760,51521
2020-09-30,123.9990,124.2470,123.5280,123.5890,65964
2020-10-01,123.6070,124.2030,123.5580,123.9700,66120
2020-10-02,123.9700,124.0020,123.0190,123.4040,74546
2020-10-05,123.3110,124.7090,123.2860,124.5910,49370
2020-10-06,124.5790,124.7290,123.8430,123.9320,56851
2020-10-07,123.9340,124.8740,123.8650,124.6250,55538
2020-10-08,124.6200,124.8710,124.3610,124.6670,49019
2020-10-09,124.6370,125.0850,124.5110,124.9410,48479
2020-10-12,124.9580,124.9980,124.2820,124.4060,41766
2020-10-13,124.4030,124.4650,123.8030,123.8810,53308
2020-10-14,123.8800,123.9430,123.4710,123.5150,49906
2020-10-15,123.4850,123.7710,123.0150,123.4330,57125
2020-10-16,123.4250,123.7100,123.1110,123.4910,51721
2020-10-19,123.4680,124.3370,123.3620,124.0840,44224
2020-10-20,124.0860,124.9970,123.9810,124.7190,50822
2020-10-21,124.7180,124.8350,123.9100,124.0390,58045
2020-10-22,124.0350,124.0900,123.6450,123.9250,49373
2020-10-23,123.9120,124.2250,123.4080,124.1840,49926
2020-10-26,124.0840,124.2010,123.7720,123.8100,49526
2020-10-27,123.8070,123.9920,123.0470,123.1250,48376
2020-10-28,123.1250,123.1850,122.1850,122.5180,68584
2020-10-29,122.5090,122.8870,121.8910,122.1010,67469
2020-10-30,122.0940,122.4620,121.6160,121.9040,67020
2020-11-02,121.7030,122.1500,121.7000,121.9190,54324
2020-11-03,121.9190,122.7500,121.7950,122.3460,53765
2020-11-04,122.3560,123.0680,121.9570,122.5370,118511
2020-11-05,122.5440,123.1840,122.2100,122.4260,107446
2020-11-06,122.4260,122.9910,122.2190,122.7430,102320
2020-11-09,122.7690,125.1330,122.6690,124.4560,127933
2020-11-10,124.4610,124.6040,123.9880,124.3880,117516
2020-11-11,124.3630,124.6740,123.9190,124.1480,79584
2020-11-12,124.1490,124.5010,123.6840,124.1080,81763
2020-11-13,124.1070,124.3010,123.6570,123.7870,73677
2020-11-16,123.9650,124.4410,123.6250,123.9230,80039
2020-11-17,123.9230,124.0240,123.5160,123.5960,72090
2020-11-18,123.5840,123.6340,123.0170,123.0600,75037
2020-11-19,123.0680,123.3180,122.8460,123.1780,81547
2020-11-20,123.1690,123.4820,123.0090,123.1410,70257
2020-11-23,122.9720,123.8270,122.9720,123.7400,73703
2020-11-24,123.7400,124.3490,123.6300,124.1770,76590
2020-11-25,124.2120,124.5080,124.1450,124.4600,78152
2020-11-26,124.4340,124.5680,123.9090,124.1930,53525
2020-11-27,124.2000,124.5360,123.9010,124.4880,57372
2020-11-30,124.3590,125.1250,124.3050,124.3800,75531
2020-12-01,124.4090,125.9540,124.3700,125.9040,75895
2020-12-02,125.8980,126.5490,125.7780,126.4750,83350
2020-12-03,126.4760,126.6540,126.0300,126.1200,81398
2020-12-04,126.1200,126.6780,126.0060,126.2680,77058
2020-12-07,126.2810,126.4840,125.9610,125.9850,73368
2020-12-08,125.9920,126.2570,125.8590,126.0480,79377
2020-12-09,126.0480,126.5170,125.7840,125.8980,73354
2020-12-10,125.8990,126.7380,125.7920,126.5200,85895
2020-12-11,126.5150,126.6100,125.7840,125.9970,75030
2020-12-14,126.1260,126.5130,125.9170,126.3290,71095
2020-12-15,126.3490,126.5880,125.9370,125.9750,66374
2020-12-16,125.9980,126.3440,125.7060,126.2020,76960
2020-12-17,126.2300,126.5190,126.0140,126.4690,74839
2020-12-18,126.4670,127.0120,126.3860,126.5890,69759
2020-12-21,126.4780,126.6150,125.9110,126.4770,102053
2020-12-22,126.4940,126.6570,125.9890,126.0410,77786
2020-12-23,126.0460,126.3770,125.9370,126.1790,74120
2020-12-24,126.1840,126.5000,126.1090,126.2770,40435
2020-12-28,126.0970,126.9550,126.0460,126.7780,60734
2020-12-29,126.7730,127.2320,126.6680,126.8910,51493
2020-12-30,126.8590,127.1350,126.4640,126.9100,62853
2020-12-31,126.7620,126.9790,126.1120,126.1300,58818
2021-01-04,126.1050,126.7930,126.0700,126.2910,89529
2021-01-05,126.2900,126.5540,126.0480,126.2620,80923
2021-01-06,126.3140,127.2440,126.1380,126.9750,119107
2021-01-07,126.9700,127.4920,126.9140,127.3600,88345
2021-01-08,127.3400,127.4650,126.8130,127.0690,98607
2021-01-11,126.7980,127.0810,126.5550,126.6680,75949
2021-01-12,126.6700,126.8650,126.4510,126.6420,79974
2021-01-13,126.6720,126.7630,126.2080,126.2800,69136
2021-01-14,126.2790,126.5240,125.9260,126.1480,78942
2021-01-15,126.1630,126.1940,125.4010,125.4390,68700
2021-01-18,125.3940,125.4890,125.0870,125.2060,61740
2021-01-19,125.2010,126.2090,125.1820,126.0160,64327
2021-01-20,126.0170,126.1840,125.2680,125.3270,64353
2021-01-21,125.3180,125.9660,125.2940,125.9160,69663
2021-01-22,125.9290,126.4010,125.8510,126.2820,59543
2021-01-25,126.2860,126.3680,125.8070,125.9720,60607
2021-01-26,125.9550,126.1590,125.6890,125.9820,60500
2021-01-27,125.9930,126.1870,125.5970,126.0550,79369
2021-01-28,126.0510,126.6640,125.9880,126.3400,85535
2021-01-29,126.3400,127.3440,126.1190,127.0890,95246
2021-02-01,127.0810,127.1330,126.5200,126.5270,72446
2021-02-02,126.5310,126.8220,126.2660,126.4170,68011
2021-02-03,126.4140,126.5250,126.1430,126.4070,57343
2021-02-04,126.4010,126.4620,126.0980,126.2290,60097
2021-02-05,126.2360,126.9930,126.1410,126.9770,62236
2021-02-08,126.8040,127.1250,126.6470,126.7680,58294
2021-02-09,126.7680,126.8480,126.4360,126.7000,66702
2021-02-10,126.7030,127.0760,126.6450,126.7510,58921
2021-02-11,126.7510,127.1620,126.7000,127.0400,46939
2021-02-12,127.0540,127.3040,126.8740,127.1570,49884
2021-02-15,127.1680,127.9720,127.1240,127.7840,43118
2021-02-16,127.8060,128.3730,127.6560,128.3550,67001
2021-02-17,128.3490,128.4530,127.3080,127.4540,66557
2021-02-18,127.4540,127.8080,127.3290,127.7730,54302
2021-02-19,127.7650,128.1840,127.6500,127.7410,52688
2021-02-22,127.6040,128.2450,127.5060,127.7190,62353
2021-02-23,127.7210,128.0560,127.6360,127.8700,58771
2021-02-24,127.8740,128.8760,127.6810,128.7740,81119
2021-02-25,128.7720,129.9730,128.7010,129.3290,102434
2021-02-26,129.3290,129.5210,128.5590,128.6290,132213
2021-03-01,128.5510,128.9380,128.2190,128.6190,80297
2021-03-02,128.6250,129.0780,128.1810,128.9820,80899
2021-03-03,128.9820,129.4550,128.7360,129.0680,79805
2021-03-04,129.0400,129.6360,128.9130,129.2450,98199
2021-03-05,129.2450,129.5770,128.8460,129.1050,94904
2021-03-08,128.9800,129.3870,128.7800,128.9990,78712
2021-03-09,128.9990,129.5430,128.8580,129.0960,81449
2021-03-10,129.0960,129.4290,128.9980,129.2740,71091
2021-03-11,129.2680,130.0560,129.2130,130.0360,73748
2021-03-12,130.0170,130.3910,129.8190,130.3040,67549
2021-03-15,130.2000,130.4870,129.9890,130.1730,63331
2021-03-16,130.1670,130.3970,129.4910,129.7100,58591
2021-03-17,129.7120,130.4410,129.7100,130.3920,61505
2021-03-18,130.3930,130.6650,129.5960,129.7730,84022
2021-03-19,129.7580,129.9970,129.3210,129.6140,64593
2021-03-22,129.1340,129.9430,128.9770,129.8740,59177
2021-03-23,129.8740,129.9200,128.5990,128.6770,61327
2021-03-24,128.6760,128.8600,128.2920,128.4300,63800
2021-03-25,128.4280,128.9440,128.3400,128.4620,70793
2021-03-26,128.4610,129.4600,128.4510,129.3420,57183
2021-03-29,129.3190,129.4290,128.8320,129.1800,59458
2021-03-30,129.1890,129.5460,129.0950,129.2850,56397
2021-03-31,129.2860,130.0470,129.2200,129.8560,72566
2021-04-01,129.8510,130.2660,129.6510,130.2270,59113
2021-04-02,130.2200,130.3170,129.9380,130.1230,40975
2021-04-05,130.0310,130.2660,129.8340,130.1340,45542
2021-04-06,130.1210,130.5620,129.8110,130.2900,71637
2021-04-07,130.2900,130.6830,130.1380,130.3630,75753
2021-04-08,130.3660,130.4780,129.5730,130.1720,62419
2021-04-09,130.1720,130.5500,130.0490,130.5000,58762
2021-04-12,130.2960,130.6090,129.8940,130.2720,49895
2021-04-13,130.2720,130.4960,129.7980,130.3000,63471
2021-04-14,130.2950,130.5820,130.0310,130.4610,55539
2021-04-15,130.4810,130.5520,130.0230,130.1120,52689
2021-04-16,130.0990,130.5400,129.9750,130.3460,51814
2021-04-19,130.1360,130.3250,129.6990,130.1490,73186
2021-04-20,130.1540,130.9710,129.9920,130.0820,75057
2021-04-21,130.0840,130.1420,129.6360,130.0420,56472
2021-04-22,130.0720,130.4670,129.6730,129.7110,65039
2021-04-23,129.7110,130.5620,129.5900,130.5020,60627
2021-04-26,130.4360,130.7600,130.2070,130.6270,59573
2021-04-27,130.6130,131.5000,130.5690,131.4290,53481
2021-04-28,131.3690,131.8160,131.3670,131.6600,66834
2021-04-29,131.6970,132.3660,131.5850,132.0120,63232
2021-04-30,132.0000,132.1910,131.3760,131.4270,64846
2021-05-03,131.3760,132.1630,131.3410,131.5680,53851
2021-05-04,131.5630,131.6380,131.1440,131.3180,65423
2021-05-05,131.3320,131.4600,130.9850,131.0510,52478
2021-05-06,131.0540,131.8500,131.0050,131.6030,68868
2021-05-07,131.6160,132.1720,131.4800,132.0800,74252
2021-05-10,131.9860,132.5280,131.9800,131.9800,64733
2021-05-11,131.9800,132.4730,131.7830,131.9370,72900
2021-05-12,131.9370,132.4490,131.6420,132.4030,85033
2021-05-13,132.4030,132.7330,132.0350,132.2030,79001
2021-05-14,132.2050,132.8420,132.1460,132.8080,62786
2021-05-17,132.6320,132.9510,132.4330,132.7310,54752
2021-05-18,132.7290,133.1890,132.6650,133.0890,57736
2021-05-19,133.0890,133.4380,132.6360,132.9740,80997
2021-05-20,132.9740,133.0900,132.7070,133.0240,65735
2021-05-21,132.9900,133.2090,132.5330,132.6980,60727
2021-05-24,132.5960,133.0450,132.5230,132.8670,69280
2021-05-25,132.8470,133.6130,132.7510,133.2230,78633
2021-05-26,133.2220,133.4130,132.9970,133.0520,73306
2021-05-27,133.0500,134.0570,132.9310,133.8900,82931
2021-05-28,133.8900,134.0050,133.6070,133.9220,77254
2021-05-31,133.8830,134.0200,133.6600,133.9240,59729
2021-06-01,133.9460,134.1250,133.7070,133.7070,68978
2021-06-02,133.7210,134.0700,133.6460,133.7490,72452
2021-06-03,133.7610,133.9170,133.6210,133.7400,78660
2021-06-04,133.7400,133.8130,133.1410,133.2440,71300
2021-06-07,133.2080,133.3850,132.8880,133.1690,57325
2021-06-08,133.1690,133.4220,133.1320,133.2630,65604
2021-06-09,133.2580,133.6240,133.2010,133.5040,55870
2021-06-10,133.5010,133.7580,133.0420,133.0800,78714
2021-06-11,133.0780,133.4130,132.6590,132.7850,71653
2021-06-14,132.6870,133.4340,132.6480,133.3690,59690
2021-06-15,133.3690,133.6820,133.2720,133.4510,60592
2021-06-16,133.4610,133.5840,132.6840,132.7670,75473
2021-06-17,132.7580,132.8760,131.0220,131.1850,104139
2021-06-18,131.1830,131.4290,130.6560,130.7030,85559
2021-06-21,130.5400,131.4960,130.0380,131.3820,98196
2021-06-22,131.3690,132.1970,131.2120,132.1350,77469
2021-06-23,132.1350,132.6920,132.0150,132.2980,75370
2021-06-24,132.2790,132.5780,132.1140,132.2480,72918
2021-06-25,132.2460,132.4540,132.1190,132.2300,58507
2021-06-28,132.0980,132.3460,131.7770,131.8850,64936
2021-06-29,131.9380,131.9670,131.2770,131.5010,64468
2021-06-30,131.4320,131.7800,131.2770,131.7130,77593
2021-07-01,131.7040,132.4300,131.5600,132.1310,74654
2021-07-02,132.1320,132.2290,131.6780,131.7190,70785
2021-07-05,131.5900,131.8670,131.5440,131.6140,70264
2021-07-06,131.6140,131.8610,130.6180,130.7790,80720
2021-07-07,130.7620,131.0350,130.4180,130.4270,83858
2021-07-08,130.4250,130.5250,129.6200,130.0150,100985
2021-07-09,130.0150,130.8720,129.8700,130.7570,85405
2021-07-12,130.6720,130.9860,130.4510,130.8820,57736
2021-07-13,130.8780,131.0870,130.2110,130.2660,67869
2021-07-14,130.2550,130.4330,130.0190,130.1290,66177
2021-07-15,130.1180,130.2010,129.6130,129.7160,75351
2021-07-16,129.7160,130.2810,129.6000,129.9520,69819
2021-07-19,129.7320,129.9640,128.8880,129.1190,91524
2021-07-20,129.1890,129.4850,128.5920,129.4040,88449
2021-07-21,129.3860,130.1890,129.1570,130.0500,73617
2021-07-22,130.0430,130.2950,129.4830,129.6270,75548
2021-07-23,129.6100,130.1840,129.5570,130.1060,66472
2021-07-26,129.9520,130.3460,129.6740,130.2570,74047
2021-07-27,130.2550,130.2940,129.5450,129.6900,77636
2021-07-28,129.6780,130.2350,129.6220,130.1610,87220
2021-07-29,130.1610,130.5610,129.8950,130.1030,67374
2021-07-30,130.0980,130.4980,130.0150,130.1890,76108
2021-08-02,130.0310,130.4180,129.5980,129.7290,59296
2021-08-03,129.7290,129.8680,129.1650,129.3310,64759
2021-08-04,129.3270,129.8180,129.1350,129.5740,69336
2021-08-05,129.5740,130.0110,129.5250,129.8690,61468
2021-08-06,129.8680,129.9630,129.5480,129.6250,61763
2021-08-09,129.5600,129.6930,129.3910,129.4850,58438
2021-08-10,129.4820,129.6840,129.3940,129.5520,59908
2021-08-11,129.5530,129.8040,129.4980,129.6120,60409
2021-08-12,129.5730,129.7090,129.3890,129.5000,50833
2021-08-13,129.4510,129.6960,129.2330,129.2770,47687
2021-08-16,129.2200,129.4310,128.4980,128.6540,51787
2021-08-17,128.6410,128.8730,128.2510,128.3530,64454
2021-08-18,128.3530,128.9430,128.2170,128.5320,63247
2021-08-19,128.4730,128.7050,127.9280,128.1670,84344
2021-08-20,128.1650,128.5230,127.9450,128.4570,61447
2021-08-23,128.2120,129.1420,128.1020,128.8530,58930
2021-08-24,128.8070,129.0310,128.5930,128.9290,55285
2021-08-25,128.9150,129.5350,128.7410,129.5180,61827
2021-08-26,129.5030,129.7650,129.2260,129.3610,73240
2021-08-27,129.3580,129.7480,129.1540,129.5730,76120
2021-08-30,129.5140,129.7070,129.4780,129.6470,50191
2021-08-31,129.6270,130.1750,129.5800,129.9030,81838
2021-09-01,129.8860,130.4520,129.8420,130.2550,71514
2021-09-02,130.2300,130.5940,130.1360,130.5330,59372
2021-09-03,130.5330,130.7440,130.1860,130.3080,74430
2021-09-06,130.1840,130.5000,130.1480,130.4070,46805
2021-09-07,130.3490,130.6560,130.2780,130.5780,77055
2021-09-08,130.5650,130.6960,130.1730,130.2720,76762
2021-09-09,130.2420,130.3140,129.6650,129.7350,76784
2021-09-10,129.6910,130.2770,129.6450,129.8060,69880
2021-09-13,129.7400,129.9460,129.5880,129.9140,64385
2021-09-14,129.9140,130.1950,129.3650,129.4590,72116
2021-09-15,129.4370,129.5310,129.0570,129.2320,69773
2021-09-16,129.2320,129.3550,128.6050,129.1240,68635
2021-09-17,129.1170,129.6690,128.9020,128.9420,68127
2021-09-20,128.8300,129.0250,128.1410,128.2910,68293
2021-09-21,128.1980,128.7030,127.9970,128.0490,76507
2021-09-22,128.0310,128.7710,127.9200,128.3300,98731
2021-09-23,128.3070,129.5400,128.2660,129.5030,78270
2021-09-24,129.3760,129.8400,129.3760,129.7920,73490
2021-09-27,129.7660,129.9340,129.4820,129.8120,69618
2021-09-28,129.7990,130.3790,129.6630,130.2590,85883
2021-09-29,130.2300,130.4700,129.6730,129.8430,87906
2021-09-30,129.8230,129.9590,128.7840,128.8220,83320
2021-10-01,128.7820,129.0440,128.5460,128.7570,90008
2021-10-04,128.7510,129.3740,128.5400,128.8960,80629
2021-10-05,128.8250,129.3860,128.7560,129.2620,72586
2021-10-06,129.2360,129.4960,128.3330,128.7470,82567
2021-10-07,128.7250,129.0280,128.6300,128.9480,61495
2021-10-08,128.9480,129.9020,128.8720,129.8910,72826
2021-10-11,129.6360,131.2210,129.6360,130.8950,63544
2021-10-12,130.8870,131.2720,130.7310,130.9770,78061
2021-10-13,130.9770,131.4630,130.8620,131.3030,80508
2021-10-14,131.2250,131.8550,131.1890,131.8210,69441
2021-10-15,131.8060,132.7740,131.7550,132.5110,78679
2021-10-18,132.5140,132.7870,132.1450,132.7200,85389
2021-10-19,132.7020,133.1900,132.6220,133.0360,75656
2021-10-20,132.9200,133.4780,132.7340,133.1920,74366
2021-10-21,133.1680,133.3680,132.2610,132.5050,74521
2021-10-22,132.4800,132.7900,131.9160,132.1420,77794
2021-10-25,132.1500,132.5990,131.8600,132.0010,71087
2021-10-26,131.9900,132.6630,131.9260,132.3610,59514
2021-10-27,132.3300,132.5200,131.5780,132.0640,80069
2021-10-28,132.0240,132.6970,131.5550,132.6520,90965
2021-10-29,132.6280,132.9170,131.6040,131.7630,90298
2021-11-01,131.9080,132.4420,131.7940,132.2870,68500
2021-11-02,132.2640,132.3880,131.4760,131.9520,72269
2021-11-03,131.9340,132.4120,131.7460,132.3690,73244
2021-11-04,132.3430,132.5610,131.0160,131.4240,79724
2021-11-05,131.4010,131.5890,130.8330,131.1570,85102
2021-11-08,130.9330,131.4250,130.8950,131.1850,74557
2021-11-09,131.1540,131.2630,130.6740,130.8510,84102
2021-11-10,130.8340,131.4150,130.6400,130.7270,94846
2021-11-11,130.6300,130.9920,130.4380,130.5940,65854
2021-11-12,130.5640,130.7600,130.2320,130.3570,71080
2021-11-15,130.3700,130.5970,129.6770,129.7240,72628
2021-11-16,129.7040,130.1100,129.5830,129.9690,87433
2021-11-17,129.9590,130.0730,129.0330,129.1570,84580
2021-11-18,129.1560,129.9420,128.9900,129.9130,77171
2021-11-19,129.8850,129.9850,127.9770,128.6480,99954
2021-11-22,128.5330,129.3210,128.3280,129.0580,92510
2021-11-23,129.0510,129.5930,128.8930,129.5100,97529
2021-11-24,129.4650,129.5580,128.6840,129.2770,101417
2021-11-25,129.2480,129.5290,129.1910,129.3000,67066
2021-11-26,129.2280,129.2860,127.7900,128.2910,143514
2021-11-29,128.4050,128.5680,127.4870,128.1860,112108
2021-11-30,128.1800,128.5970,127.6460,128.3010,135702
2021-12-01,128.2520,128.7850,127.5660,127.6380,109171
2021-12-02,127.6420,128.2210,127.4860,127.8910,104436
2021-12-03,127.6870,128.3370,127.3780,127.5980,101058
2021-12-06,127.4920,128.0840,127.4920,128.0580,84190
2021-12-07,128.0400,128.4640,127.5990,127.9560,74688
2021-12-08,127.9040,129.1030,127.7460,128.9390,86776
2021-12-09,128.9190,129.0680,127.9320,128.1360,73896
2021-12-10,128.0920,128.4020,127.8090,128.3060,77778
2021-12-13,128.0770,128.4510,128.0070,128.1680,65166
2021-12-14,128.1470,128.5560,127.9910,128.0390,70579
2021-12-15,127.9200,128.8220,127.9200,128.8140,80710
2021-12-16,128.8140,129.6360,128.4480,128.8060,90706
2021-12-17,128.7360,128.9760,127.7450,127.7700,80770
2021-12-20,127.6090,128.3110,127.5140,128.1410,88285
2021-12-21,128.1200,128.7640,127.9400,128.7290,69010
2021-12-22,128.7040,129.5000,128.5300,129.2500,65875
2021-12-23,129.2490,129.7230,129.0440,129.5910,50277
2021-12-24,129.5830,129.7470,129.2840,129.4720,74182
2021-12-27,129.1820,130.1520,129.1820,130.1250,49945
2021-12-28,130.0960,130.2220,129.6020,129.8450,49791
2021-12-29,129.8220,130.5610,129.6470,130.4910,64241
2021-12-30,130.4810,130.5860,130.1200,130.3150,59159
2021-12-31,130.2950,131.0320,130.1580,130.9190,51673
2022-01-03,130.8010,131.0010,130.0220,130.2930,56855
2022-01-04,130.2770,131.4580,130.1650,131.0690,71089
2022-01-05,131.0270,131.6040,130.8370,131.3420,66452
2022-01-06,131.3110,131.4250,130.6360,130.8640,80637
2022-01-07,130.8570,131.3460,130.7430,131.2620,64684
2022-01-10,131.1620,131.3600,130.1590,130.4910,66727
2022-01-11,130.5020,131.1960,130.3740,131.0620,67003
2022-01-12,131.0530,131.4740,130.9490,131.1380,68665
2022-01-13,131.1290,131.4420,130.6170,130.7720,64285
2022-01-14,130.7630,130.8500,129.7750,130.3620,80296
2022-01-17,130.2230,130.8270,130.2170,130.7270,44805
2022-01-18,130.7170,131.1800,129.6950,129.7820,86341
2022-01-19,129.7570,129.9860,129.3920,129.6720,68408
2022-01-20,129.6410,130.0840,129.0260,129.0680,70459
2022-01-21,129.0680,129.3090,128.5560,128.9490,82027
2022-01-24,128.7730,129.1540,128.4030,129.0660,90635
2022-01-25,128.9960,129.1910,128.2450,128.6750,90273
2022-01-26,128.6430,129.2400,128.5460,128.8740,92875
2022-01-27,128.7970,129.0160,128.3260,128.5510,119897
2022-01-28,128.5100,128.8540,128.3520,128.4550,100546
2022-01-31,128.4040,129.3720,128.2960,129.3200,90798
2022-02-01,129.2990,129.5350,128.8660,129.2780,89714
2022-02-02,129.2430,129.4680,129.0440,129.3690,72918
2022-02-03,129.3310,131.5400,129.1870,131.5230,104407
2022-02-04,131.4900,132.0880,131.3740,131.9030,96080
2022-02-07,132.0900,132.1240,131.2550,131.6700,79464
2022-02-08,131.6420,132.0320,131.4780,131.9010,72169
2022-02-09,131.8850,132.1540,131.6240,131.9780,63724
2022-02-10,131.9580,133.1490,131.8630,132.5560,98367
2022-02-11,132.5250,132.6010,130.3810,130.9920,104527
2022-02-14,130.7170,131.3820,130.0410,130.6290,109961
2022-02-15,130.6050,131.5380,130.4320,131.2930,90169
2022-02-16,131.2850,131.9050,131.1030,131.3060,85451
2022-02-17,131.3100,131.4970,130.3960,130.5710,124931
2022-02-18,130.5880,131.1200,130.2070,130.2510,92291
2022-02-21,130.1640,130.9190,129.7220,129.7520,67451
2022-02-22,129.7250,130.7650,129.3460,130.3060,125845
2022-02-23,130.3420,130.7090,129.9400,129.9870,74497
2022-02-24,129.9800,130.0080,127.9140,129.3110,219983
2022-02-25,129.2710,130.2880,128.7200,130.2220,137406
2022-02-28,128.1720,129.7750,128.1720,128.9820,159328
2022-03-01,128.9710,129.2430,127.3730,127.8250,127772
2022-03-02,127.7280,128.7660,127.2950,128.4640,143023
2022-03-03,128.4550,128.5190,127.5760,127.7620,116963
2022-03-04,127.7580,127.8160,125.0710,125.5460,149797
