time,open,high,low,close,volume
2012-12-04,1.3058,1.3107,1.3045,1.3094,55870
2012-12-05,1.3093,1.3125,1.3060,1.3070,54075
2012-12-06,1.3070,1.3086,1.2950,1.2957,57791
2012-12-07,1.2957,1.2972,1.2877,1.2926,53249
2012-12-10,1.2899,1.2946,1.2885,1.2940,49425
2012-12-11,1.2940,1.3014,1.2928,1.3008,51764
2012-12-12,1.3008,1.3096,1.2995,1.3070,52652
2012-12-13,1.3070,1.3100,1.3040,1.3075,51960
2012-12-14,1.3075,1.3173,1.3066,1.3162,52693
2012-12-17,1.3182,1.3186,1.3144,1.3159,47536
2012-12-18,1.3159,1.3238,1.3156,1.3223,46294
2012-12-19,1.3224,1.3308,1.3189,1.3199,56575
2012-12-20,1.3199,1.3294,1.3199,1.3245,54315
2012-12-21,1.3246,1.3246,1.3157,1.3187,61536
2012-12-24,1.3179,1.3233,1.3171,1.3187,32298
2012-12-26,1.3187,1.3253,1.3183,1.3220,27835
2012-12-27,1.3220,1.3283,1.3201,1.3234,48243
2012-12-28,1.3234,1.3256,1.3165,1.3215,45173
2012-12-31,1.3216,1.3234,1.3172,1.3196,36556
2013-01-01,1.3204,1.3219,1.3198,1.3205,1377
2013-01-02,1.3205,1.3299,1.3157,1.3189,83431
2013-01-03,1.3189,1.3189,1.3025,1.3037,50519
2013-01-04,1.3036,1.3088,1.2997,1.3068,49254
2013-01-07,1.3078,1.3128,1.3016,1.3125,48815
2013-01-08,1.3125,1.3139,1.3057,1.3080,50086
2013-01-09,1.3080,1.3095,1.3036,1.3054,48758
2013-01-10,1.3054,1.3279,1.3038,1.3267,53915
2013-01-11,1.3267,1.3364,1.3248,1.3342,54809
2013-01-14,1.3362,1.3403,1.3336,1.3377,50048
2013-01-15,1.3376,1.3393,1.3266,1.3297,57596
2013-01-16,1.3297,1.3324,1.3256,1.3290,53389
2013-01-17,1.3291,1.3387,1.3270,1.3374,54847
2013-01-18,1.3374,1.3398,1.3280,1.3319,53787
2013-01-21,1.3311,1.3332,1.3299,1.3315,37620
2013-01-22,1.3315,1.3371,1.3267,1.3321,55080
2013-01-23,1.3321,1.3354,1.3264,1.3309,47766
2013-01-24,1.3310,1.3392,1.3286,1.3379,55147
2013-01-25,1.3379,1.3478,1.3350,1.3463,57450
2013-01-28,1.3460,1.3477,1.3424,1.3445,50182
2013-01-29,1.3445,1.3496,1.3414,1.3487,53730
2013-01-30,1.3487,1.3586,1.3482,1.3568,57285
2013-01-31,1.3568,1.3593,1.3541,1.3587,53999
2013-02-01,1.3586,1.3711,1.3583,1.3639,63059
2013-02-04,1.3649,1.3653,1.3498,1.3503,57532
2013-02-05,1.3502,1.3597,1.3458,1.3582,64106
2013-02-06,1.3581,1.3595,1.3494,1.3518,58827
2013-02-07,1.3517,1.3577,1.3371,1.3394,63280
2013-02-08,1.3395,1.3428,1.3353,1.3361,56801
2013-02-11,1.3368,1.3426,1.3356,1.3402,50788
2013-02-12,1.3401,1.3475,1.3364,1.3452,55790
2013-02-13,1.3452,1.3519,1.3426,1.3448,52950
2013-02-14,1.3448,1.3455,1.3315,1.3357,57620
2013-02-15,1.3357,1.3393,1.3306,1.3358,44266
2013-02-18,1.3348,1.3378,1.3321,1.3352,30013
2013-02-19,1.3352,1.3395,1.3329,1.3385,34759
2013-02-20,1.3385,1.3432,1.3271,1.3287,40208
2013-02-21,1.3287,1.3289,1.3161,1.3192,41856
2013-02-22,1.3192,1.3244,1.3145,1.3191,36020
2013-02-25,1.3190,1.3318,1.3049,1.3057,51066
2013-02-26,1.3057,1.3121,1.3018,1.3064,54147
2013-02-27,1.3065,1.3147,1.3041,1.3135,47288
2013-02-28,1.3135,1.3160,1.3053,1.3066,40009
2013-03-01,1.3066,1.3101,1.2966,1.3018,40350
2013-03-04,1.3014,1.3030,1.2982,1.3024,15805
2013-03-05,1.3025,1.3074,1.3012,1.3044,14700
2013-03-06,1.3044,1.3070,1.2965,1.2976,24486
2013-03-07,1.2977,1.3118,1.2973,1.3104,47153
2013-03-08,1.3104,1.3134,1.2955,1.3004,36352
2013-03-11,1.2989,1.3054,1.2979,1.3034,36137
2013-03-12,1.3034,1.3074,1.2991,1.3028,47365
2013-03-13,1.3028,1.3065,1.2923,1.2957,47362
2013-03-14,1.2957,1.3031,1.2911,1.3012,53321
2013-03-15,1.3012,1.3107,1.3002,1.3075,49765
2013-03-18,1.2907,1.2995,1.2882,1.2942,59157
2013-03-19,1.2942,1.2969,1.2844,1.2858,60018
2013-03-20,1.2858,1.2978,1.2857,1.2933,52707
2013-03-21,1.2933,1.2955,1.2880,1.2898,54341
2013-03-22,1.2898,1.3010,1.2888,1.2987,46525
2013-03-25,1.2972,1.3048,1.2830,1.2859,56987
2013-03-26,1.2860,1.2890,1.2829,1.2863,48150
2013-03-27,1.2863,1.2867,1.2751,1.2778,47403
2013-03-28,1.2779,1.2844,1.2755,1.2814,44316
2013-03-29,1.2814,1.2837,1.2793,1.2815,20433
2013-04-01,1.2811,1.2868,1.2771,1.2843,27167
2013-04-02,1.2843,1.2877,1.2809,1.2822,41697
2013-04-03,1.2822,1.2864,1.2790,1.2843,39340
2013-04-04,1.2843,1.2949,1.2745,1.2933,51336
2013-04-05,1.2933,1.3040,1.2900,1.2992,48511
2013-04-08,1.2994,1.3038,1.2968,1.3018,42375
2013-04-09,1.3018,1.3103,1.3005,1.3081,46645
2013-04-10,1.3081,1.3121,1.3052,1.3067,41753
2013-04-11,1.3067,1.3138,1.3043,1.3106,45086
2013-04-12,1.3106,1.3126,1.3037,1.3108,45206
2013-04-15,1.3102,1.3109,1.3021,1.3047,55627
2013-04-16,1.3047,1.3201,1.3028,1.3179,59273
2013-04-17,1.3179,1.3199,1.3001,1.3035,57946
2013-04-18,1.3035,1.3096,1.3021,1.3048,55587
2013-04-19,1.3049,1.3128,1.3047,1.3051,45677
2013-04-22,1.3069,1.3084,1.3015,1.3061,40961
2013-04-23,1.3061,1.3083,1.2973,1.3001,49025
2013-04-24,1.3001,1.3034,1.2955,1.3011,44259
2013-04-25,1.3011,1.3093,1.2989,1.3009,44918
2013-04-26,1.3009,1.3048,1.2991,1.3027,49241
2013-04-29,1.3058,1.3116,1.3032,1.3093,39215
2013-04-30,1.3093,1.3186,1.3054,1.3166,42841
2013-05-01,1.3167,1.3243,1.3160,1.3184,38963
2013-05-02,1.3184,1.3218,1.3038,1.3062,47452
2013-05-03,1.3062,1.3158,1.3032,1.3113,41727
2013-05-06,1.3117,1.3141,1.3053,1.3073,29352
2013-05-07,1.3073,1.3132,1.3068,1.3079,35949
2013-05-08,1.3079,1.3194,1.3072,1.3160,39917
2013-05-09,1.3159,1.3177,1.3010,1.3044,42819
2013-05-10,1.3045,1.3051,1.2935,1.2985,52419
2013-05-13,1.2976,1.2998,1.2942,1.2982,42328
2013-05-14,1.2982,1.3029,1.2913,1.2931,48751
2013-05-15,1.2931,1.2942,1.2843,1.2880,47559
2013-05-16,1.2881,1.2930,1.2846,1.2883,45602
2013-05-17,1.2883,1.2890,1.2796,1.2836,42052
2013-05-20,1.2845,1.2901,1.2819,1.2884,37774
2013-05-21,1.2884,1.2933,1.2841,1.2906,44374
2013-05-22,1.2906,1.2998,1.2833,1.2853,58662
2013-05-23,1.2853,1.2956,1.2821,1.2932,71861
2013-05-24,1.2932,1.2993,1.2904,1.2928,60141
2013-05-27,1.2936,1.2949,1.2915,1.2933,28779
2013-05-28,1.2933,1.2950,1.2849,1.2852,57184
2013-05-29,1.2852,1.2977,1.2838,1.2940,64374
2013-05-30,1.2940,1.3061,1.2933,1.3044,64449
2013-05-31,1.3046,1.3059,1.2944,1.2996,63023
2013-06-03,1.2992,1.3107,1.2955,1.3070,57303
2013-06-04,1.3070,1.3101,1.3043,1.3082,56611
2013-06-05,1.3082,1.3116,1.3053,1.3092,62140
2013-06-06,1.3092,1.3304,1.3075,1.3245,65838
2013-06-07,1.3245,1.3284,1.3192,1.3217,70848
2013-06-10,1.3192,1.3269,1.3177,1.3257,55336
2013-06-11,1.3257,1.3317,1.3232,1.3314,67927
2013-06-12,1.3314,1.3359,1.3266,1.3337,60716
2013-06-13,1.3337,1.3390,1.3279,1.3376,65269
2013-06-14,1.3373,1.3373,1.3295,1.3344,56672
2013-06-17,1.3349,1.3380,1.3318,1.3362,45015
2013-06-18,1.3362,1.3416,1.3326,1.3394,54620
2013-06-19,1.3394,1.3416,1.3262,1.3296,53778
2013-06-20,1.3296,1.3301,1.3161,1.3227,80023
2013-06-21,1.3227,1.3254,1.3099,1.3121,65213
2013-06-24,1.3104,1.3144,1.3059,1.3123,66324
2013-06-25,1.3123,1.3151,1.3065,1.3082,62448
2013-06-26,1.3082,1.3087,1.2985,1.3007,62392
2013-06-27,1.3012,1.3054,1.3000,1.3038,48582
2013-06-28,1.3038,1.3102,1.2991,1.3008,50885
2013-07-01,1.3014,1.3070,1.3005,1.3061,46839
2013-07-02,1.3061,1.3078,1.2964,1.2982,53009
2013-07-03,1.2982,1.3031,1.2923,1.3008,56369
2013-07-04,1.3008,1.3023,1.2883,1.2912,49935
2013-07-05,1.2911,1.2917,1.2806,1.2829,55458
2013-07-08,1.2820,1.2882,1.2812,1.2868,46248
2013-07-09,1.2868,1.2898,1.2755,1.2786,55562
2013-07-10,1.2786,1.3024,1.2765,1.3024,64954
2013-07-11,1.3024,1.3207,1.3006,1.3096,86326
2013-07-12,1.3096,1.3100,1.2999,1.3065,51799
2013-07-15,1.3066,1.3079,1.2993,1.3066,46584
2013-07-16,1.3066,1.3174,1.3052,1.3153,53612
2013-07-17,1.3154,1.3178,1.3083,1.3123,53103
2013-07-18,1.3123,1.3126,1.3067,1.3111,46144
2013-07-19,1.3112,1.3154,1.3089,1.3141,43742
2013-07-22,1.3137,1.3218,1.3136,1.3184,40714
2013-07-23,1.3184,1.3239,1.3163,1.3223,43294
2013-07-24,1.3223,1.3256,1.3177,1.3197,48714
2013-07-25,1.3197,1.3296,1.3166,1.3276,50029
2013-07-26,1.3276,1.3297,1.3253,1.3276,43962
2013-07-29,1.3279,1.3295,1.3239,1.3262,41825
2013-07-30,1.3262,1.3301,1.3235,1.3263,42652
2013-07-31,1.3262,1.3345,1.3214,1.3296,55008
2013-08-01,1.3302,1.3311,1.3194,1.3210,48557
2013-08-02,1.3210,1.3294,1.3188,1.3280,46485
2013-08-05,1.3281,1.3300,1.3233,1.3261,40112
2013-08-06,1.3261,1.3323,1.3246,1.3307,41828
2013-08-07,1.3308,1.3345,1.3265,1.3337,48724
2013-08-08,1.3337,1.3400,1.3328,1.3381,44968
2013-08-09,1.3381,1.3390,1.3333,1.3339,35344
2013-08-12,1.3337,1.3344,1.3277,1.3299,36997
2013-08-13,1.3299,1.3317,1.3234,1.3260,46684
2013-08-14,1.3260,1.3279,1.3239,1.3258,41683
2013-08-15,1.3257,1.3362,1.3206,1.3350,44459
2013-08-16,1.3350,1.3380,1.3311,1.3328,41037
2013-08-19,1.3335,1.3374,1.3315,1.3336,40700
2013-08-20,1.3336,1.3452,1.3323,1.3418,48602
2013-08-21,1.3418,1.3427,1.3336,1.3358,49026
2013-08-22,1.3358,1.3373,1.3298,1.3356,46181
2013-08-23,1.3356,1.3410,1.3333,1.3379,40212
2013-08-26,1.3382,1.3394,1.3357,1.3370,27937
2013-08-27,1.3370,1.3399,1.3323,1.3391,42804
2013-08-28,1.3391,1.3398,1.3305,1.3340,43352
2013-08-29,1.3340,1.3343,1.3219,1.3237,45328
2013-08-30,1.3239,1.3255,1.3175,1.3219,40635
2013-09-02,1.3212,1.3227,1.3184,1.3196,30761
2013-09-03,1.3195,1.3197,1.3139,1.3166,36876
2013-09-04,1.3167,1.3218,1.3157,1.3203,34779
2013-09-05,1.3204,1.3223,1.3110,1.3118,37308
2013-09-06,1.3118,1.3189,1.3105,1.3177,32677
2013-09-09,1.3174,1.3281,1.3165,1.3253,32240
2013-09-10,1.3253,1.3276,1.3230,1.3265,34424
2013-09-11,1.3265,1.3324,1.3244,1.3311,34891
2013-09-12,1.3311,1.3324,1.3258,1.3300,34490
2013-09-13,1.3300,1.3321,1.3254,1.3293,32643
2013-09-16,1.3363,1.3385,1.3330,1.3335,33097
2013-09-17,1.3335,1.3369,1.3325,1.3358,29536
2013-09-18,1.3358,1.3541,1.3338,1.3508,37727
2013-09-19,1.3508,1.3568,1.3501,1.3529,44450
2013-09-20,1.3529,1.3549,1.3498,1.3522,33752
2013-09-23,1.3532,1.3544,1.3479,1.3493,33629
2013-09-24,1.3493,1.3519,1.3464,1.3470,33948
2013-09-25,1.3471,1.3537,1.3462,1.3522,31336
2013-09-26,1.3522,1.3526,1.3472,1.3486,30502
2013-09-27,1.3487,1.3564,1.3474,1.3522,30493
2013-09-30,1.3482,1.3556,1.3478,1.3521,33824
2013-10-01,1.3521,1.3588,1.3517,1.3524,37764
2013-10-02,1.3524,1.3607,1.3506,1.3581,37266
2013-10-03,1.3581,1.3645,1.3577,1.3621,38034
2013-10-04,1.3622,1.3632,1.3538,1.3557,34243
2013-10-07,1.3563,1.3591,1.3542,1.3577,31485
2013-10-08,1.3577,1.3607,1.3557,1.3573,31661
2013-10-09,1.3573,1.3604,1.3486,1.3523,39161
2013-10-10,1.3523,1.3546,1.3488,1.3525,33791
2013-10-11,1.3525,1.3581,1.3519,1.3537,31185
2013-10-14,1.3557,1.3597,1.3545,1.3559,25966
2013-10-15,1.3559,1.3571,1.3479,1.3526,37245
2013-10-16,1.3525,1.3567,1.3473,1.3533,38403
2013-10-17,1.3534,1.3682,1.3515,1.3672,41666
2013-10-18,1.3672,1.3704,1.3659,1.3685,32382
2013-10-21,1.3683,1.3688,1.3651,1.3677,25811
2013-10-22,1.3677,1.3792,1.3662,1.3778,29785
2013-10-23,1.3778,1.3793,1.3741,1.3775,34224
2013-10-24,1.3775,1.3825,1.3765,1.3799,34862
2013-10-25,1.3799,1.3832,1.3774,1.3802,33435
2013-10-28,1.3808,1.3817,1.3775,1.3783,27904
2013-10-29,1.3783,1.3813,1.3736,1.3746,37708
2013-10-30,1.3746,1.3784,1.3696,1.3722,35347
2013-10-31,1.3722,1.3738,1.3575,1.3588,41927
2013-11-01,1.3588,1.3589,1.3480,1.3486,37370
2013-11-04,1.3491,1.3524,1.3442,1.3512,29553
2013-11-05,1.3512,1.3522,1.3449,1.3472,33544
2013-11-06,1.3472,1.3547,1.3467,1.3515,30391
2013-11-07,1.3515,1.3529,1.3296,1.3413,43860
2013-11-08,1.3413,1.3438,1.3318,1.3364,38571
2013-11-11,1.3357,1.3416,1.3344,1.3406,27958
2013-11-12,1.3406,1.3456,1.3359,1.3435,40522
2013-11-13,1.3434,1.3497,1.3390,1.3482,39936
2013-11-14,1.3482,1.3494,1.3418,1.3458,38618
2013-11-15,1.3458,1.3505,1.3432,1.3494,31271
2013-11-18,1.3492,1.3542,1.3474,1.3504,32819
2013-11-19,1.3503,1.3547,1.3488,1.3535,35702
2013-11-20,1.3535,1.3577,1.3415,1.3439,40871
2013-11-21,1.3439,1.3486,1.3399,1.3475,40801
2013-11-22,1.3475,1.3557,1.3462,1.3555,32070
2013-11-25,1.3554,1.3560,1.3490,1.3522,29685
2013-11-26,1.3522,1.3575,1.3519,1.3567,31837
2013-11-27,1.3567,1.3613,1.3558,1.3578,34649
2013-11-28,1.3578,1.3618,1.3563,1.3602,27976
2013-11-29,1.3602,1.3621,1.3580,1.3590,35294
2013-12-02,1.3588,1.3615,1.3526,1.3538,36341
2013-12-03,1.3539,1.3613,1.3524,1.3588,37894
2013-12-04,1.3589,1.3605,1.3528,1.3590,41884
2013-12-05,1.3590,1.3677,1.3543,1.3672,45297
2013-12-06,1.3672,1.3706,1.3619,1.3704,37051
2013-12-09,1.3710,1.3745,1.3694,1.3735,30204
2013-12-10,1.3735,1.3795,1.3734,1.3759,33946
2013-12-11,1.3759,1.3811,1.3741,1.3786,34578
2013-12-12,1.3786,1.3803,1.3738,1.3750,40054
2013-12-13,1.3750,1.3769,1.3709,1.3738,35094
2013-12-16,1.3737,1.3798,1.3736,1.3758,35672
2013-12-17,1.3758,1.3782,1.3723,1.3771,35429
2013-12-18,1.3771,1.3811,1.3673,1.3675,44318
2013-12-19,1.3675,1.3694,1.3649,1.3655,42186
2013-12-20,1.3655,1.3709,1.3625,1.3670,39853
2013-12-23,1.3672,1.3716,1.3671,1.3696,28269
2013-12-24,1.3695,1.3699,1.3655,1.3679,20420
2013-12-26,1.3685,1.3702,1.3680,1.3689,15775
2013-12-27,1.3688,1.3893,1.3688,1.3746,40781
2013-12-30,1.3759,1.3819,1.3728,1.3794,32669
2013-12-31,1.3794,1.3812,1.3760,1.3788,24648
2014-01-01,1.3755,1.3765,1.3737,1.3758,2671
2014-01-02,1.3758,1.3775,1.3629,1.3664,58177
2014-01-03,1.3664,1.3672,1.3582,1.3587,38433
2014-01-06,1.3596,1.3653,1.3571,1.3633,40642
2014-01-07,1.3633,1.3656,1.3597,1.3614,38225
2014-01-08,1.3614,1.3635,1.3553,1.3575,41559
2014-01-09,1.3575,1.3633,1.3548,1.3602,41634
2014-01-10,1.3602,1.3687,1.3572,1.3666,38148
2014-01-13,1.3666,1.3685,1.3637,1.3668,38040
2014-01-14,1.3668,1.3699,1.3649,1.3672,38446
2014-01-15,1.3673,1.3676,1.3581,1.3604,38011
2014-01-16,1.3604,1.3649,1.3583,1.3616,39055
2014-01-17,1.3616,1.3621,1.3517,1.3540,35641
2014-01-20,1.3533,1.3568,1.3507,1.3556,29493
2014-01-21,1.3556,1.3569,1.3516,1.3559,37867
2014-01-22,1.3559,1.3583,1.3534,1.3545,37004
2014-01-23,1.3545,1.3698,1.3530,1.3693,47468
2014-01-24,1.3693,1.3739,1.3663,1.3675,46994
2014-01-27,1.3680,1.3716,1.3653,1.3673,43910
2014-01-28,1.3673,1.3688,1.3629,1.3652,38227
2014-01-29,1.3652,1.3684,1.3603,1.3661,47676
2014-01-30,1.3661,1.3664,1.3543,1.3557,45145
2014-01-31,1.3557,1.3573,1.3479,1.3485,47059
2014-02-03,1.3485,1.3535,1.3477,1.3526,43781
2014-02-04,1.3526,1.3538,1.3493,1.3514,40329
2014-02-05,1.3515,1.3555,1.3499,1.3536,47210
2014-02-06,1.3536,1.3619,1.3484,1.3590,48216
2014-02-07,1.3590,1.3642,1.3552,1.3634,44538
2014-02-10,1.3623,1.3651,1.3618,1.3644,27636
2014-02-11,1.3644,1.3683,1.3629,1.3637,33489
2014-02-12,1.3638,1.3653,1.3562,1.3595,36133
2014-02-13,1.3595,1.3692,1.3585,1.3679,37460
2014-02-14,1.3679,1.3715,1.3674,1.3692,33344
2014-02-17,1.3701,1.3724,1.3692,1.3705,24586
2014-02-18,1.3705,1.3770,1.3694,1.3760,32249
2014-02-19,1.3760,1.3773,1.3724,1.3732,28902
2014-02-20,1.3732,1.3762,1.3686,1.3720,34472
2014-02-21,1.3721,1.3758,1.3702,1.3738,28282
2014-02-24,1.3738,1.3771,1.3708,1.3734,29773
2014-02-25,1.3734,1.3767,1.3715,1.3745,32276
2014-02-26,1.3745,1.3757,1.3661,1.3683,33706
2014-02-27,1.3683,1.3727,1.3643,1.3708,34317
2014-02-28,1.3708,1.3824,1.3694,1.3802,40727
2014-03-03,1.3786,1.3792,1.3726,1.3736,36361
2014-03-04,1.3736,1.3781,1.3721,1.3740,33935
2014-03-05,1.3740,1.3749,1.3707,1.3736,31361
2014-03-06,1.3736,1.3872,1.3721,1.3860,36167
2014-03-07,1.3860,1.3915,1.3852,1.3875,46042
2014-03-10,1.3876,1.3898,1.3861,1.3877,47649
2014-03-11,1.3877,1.3878,1.3834,1.3855,52547
2014-03-12,1.3855,1.3914,1.3843,1.3902,57901
2014-03-13,1.3902,1.3967,1.3845,1.3868,89631
2014-03-14,1.3868,1.3937,1.3847,1.3913,77345
2014-03-17,1.3906,1.3947,1.3879,1.3925,54594
2014-03-18,1.3925,1.3943,1.3880,1.3930,65481
2014-03-19,1.3930,1.3933,1.3809,1.3822,71573
2014-03-20,1.3823,1.3845,1.3749,1.3778,73143
2014-03-21,1.3778,1.3811,1.3765,1.3793,52262
2014-03-24,1.3791,1.3876,1.3760,1.3838,62209
2014-03-25,1.3838,1.3847,1.3749,1.3825,77942
2014-03-26,1.3825,1.3826,1.3776,1.3783,65940
2014-03-27,1.3783,1.3797,1.3728,1.3744,73914
2014-03-28,1.3744,1.3773,1.3705,1.3751,62356
2014-03-31,1.3753,1.3808,1.3721,1.3774,71368
2014-04-01,1.3773,1.3815,1.3769,1.3793,56271
2014-04-02,1.3793,1.3820,1.3753,1.3765,54934
2014-04-03,1.3765,1.3807,1.3698,1.3717,72640
2014-04-04,1.3717,1.3731,1.3673,1.3701,72175
2014-04-07,1.3701,1.3748,1.3696,1.3741,40145
2014-04-08,1.3741,1.3812,1.3737,1.3795,70728
2014-04-09,1.3796,1.3862,1.3780,1.3854,70702
2014-04-10,1.3853,1.3899,1.3836,1.3887,43523
2014-04-11,1.3887,1.3906,1.3863,1.3884,38018
2014-04-14,1.3857,1.3863,1.3808,1.3818,40756
2014-04-15,1.3819,1.3833,1.3790,1.3813,38986
2014-04-16,1.3813,1.3851,1.3803,1.3816,38832
2014-04-17,1.3816,1.3864,1.3811,1.3813,33927
2014-04-18,1.3813,1.3822,1.3807,1.3807,10531
2014-04-21,1.3816,1.3830,1.3787,1.3794,17160
2014-04-22,1.3795,1.3825,1.3785,1.3805,29961
2014-04-23,1.3805,1.3855,1.3800,1.3816,37502
2014-04-24,1.3816,1.3843,1.3791,1.3831,35783
2014-04-25,1.3831,1.3848,1.3827,1.3833,27629
2014-04-28,1.3839,1.3879,1.3815,1.3850,35819
2014-04-29,1.3850,1.3879,1.3805,1.3812,36508
2014-04-30,1.3812,1.3876,1.3775,1.3865,46057
2014-05-01,1.3866,1.3889,1.3863,1.3867,21019
2014-05-02,1.3867,1.3881,1.3812,1.3869,40799
2014-05-05,1.3872,1.3886,1.3864,1.3874,23785
2014-05-06,1.3874,1.3951,1.3872,1.3925,42961
2014-05-07,1.3925,1.3938,1.3910,1.3911,58388
2014-05-08,1.3911,1.3993,1.3833,1.3839,64629
2014-05-09,1.3839,1.3844,1.3745,1.3758,43198
2014-05-12,1.3757,1.3775,1.3749,1.3758,34223
2014-05-13,1.3758,1.3771,1.3689,1.3703,53811
2014-05-14,1.3703,1.3730,1.3698,1.3714,38925
2014-05-15,1.3714,1.3732,1.3648,1.3710,45460
2014-05-16,1.3710,1.3727,1.3685,1.3693,33834
2014-05-19,1.3698,1.3734,1.3695,1.3708,28640
2014-05-20,1.3709,1.3713,1.3678,1.3699,26225
2014-05-21,1.3699,1.3723,1.3635,1.3686,31543
2014-05-22,1.3686,1.3687,1.3645,1.3656,35117
2014-05-23,1.3656,1.3656,1.3616,1.3628,33177
2014-05-26,1.3625,1.3654,1.3615,1.3644,19326
2014-05-27,1.3644,1.3668,1.3612,1.3633,29644
2014-05-28,1.3634,1.3637,1.3588,1.3592,28642
2014-05-29,1.3592,1.3625,1.3586,1.3602,27998
2014-05-30,1.3602,1.3650,1.3598,1.3634,30340
2014-06-02,1.3630,1.3636,1.3588,1.3598,35805
2014-06-03,1.3598,1.3647,1.3587,1.3627,37123
2014-06-04,1.3627,1.3639,1.3596,1.3600,41642
2014-06-05,1.3600,1.3669,1.3503,1.3663,54705
2014-06-06,1.3663,1.3677,1.3621,1.3642,43247
2014-06-09,1.3646,1.3668,1.3582,1.3592,35632
2014-06-10,1.3593,1.3602,1.3533,1.3544,42205
2014-06-11,1.3544,1.3557,1.3521,1.3534,41066
2014-06-12,1.3534,1.3571,1.3512,1.3549,42333
2014-06-13,1.3549,1.3579,1.3521,1.3538,35882
2014-06-16,1.3537,1.3579,1.3513,1.3572,35655
2014-06-17,1.3572,1.3587,1.3536,1.3546,37785
2014-06-18,1.3546,1.3599,1.3542,1.3587,37845
2014-06-19,1.3587,1.3643,1.3584,1.3606,40000
2014-06-20,1.3606,1.3634,1.3564,1.3599,32198
2014-06-23,1.3595,1.3613,1.3574,1.3603,31070
2014-06-24,1.3604,1.3627,1.3583,1.3603,34580
2014-06-25,1.3603,1.3651,1.3600,1.3631,31221
2014-06-26,1.3631,1.3641,1.3576,1.3612,35090
2014-06-27,1.3612,1.3650,1.3610,1.3649,34345
2014-06-30,1.3645,1.3697,1.3640,1.3693,30053
2014-07-01,1.3693,1.3699,1.3675,1.3679,20306
2014-07-02,1.3679,1.3682,1.3642,1.3657,19840
2014-07-03,1.3657,1.3664,1.3596,1.3609,25201
2014-07-04,1.3609,1.3611,1.3585,1.3594,15455
2014-07-07,1.3594,1.3609,1.3576,1.3606,24109
2014-07-08,1.3605,1.3617,1.3588,1.3612,23993
2014-07-09,1.3612,1.3647,1.3602,1.3640,28213
2014-07-10,1.3640,1.3651,1.3589,1.3606,28737
2014-07-11,1.3606,1.3624,1.3592,1.3603,46432
2014-07-14,1.3605,1.3640,1.3597,1.3621,59943
2014-07-15,1.3621,1.3628,1.3562,1.3568,65493
2014-07-16,1.3568,1.3571,1.3521,1.3525,28406
2014-07-17,1.3525,1.3540,1.3516,1.3526,29829
2014-07-18,1.3526,1.3536,1.3491,1.3520,30906
2014-07-21,1.3527,1.3548,1.3512,1.3522,23368
2014-07-22,1.3522,1.3529,1.3458,1.3466,49940
2014-07-23,1.3466,1.3474,1.3455,1.3462,43492
2014-07-24,1.3462,1.3485,1.3438,1.3462,51248
2014-07-25,1.3462,1.3475,1.3421,1.3429,53051
2014-07-28,1.3431,1.3444,1.3426,1.3439,40623
2014-07-29,1.3439,1.3444,1.3404,1.3409,53807
2014-07-30,1.3409,1.3415,1.3366,1.3395,53762
2014-07-31,1.3395,1.3400,1.3371,1.3388,32420
2014-08-01,1.3387,1.3445,1.3378,1.3426,35005
2014-08-04,1.3427,1.3431,1.3409,1.3422,29284
2014-08-05,1.3422,1.3424,1.3358,1.3371,42585
2014-08-06,1.3371,1.3388,1.3333,1.3384,51687
2014-08-07,1.3384,1.3393,1.3337,1.3361,52397
2014-08-08,1.3361,1.3432,1.3343,1.3409,52960
2014-08-11,1.3406,1.3408,1.3380,1.3384,31465
2014-08-12,1.3384,1.3386,1.3336,1.3367,36874
2014-08-13,1.3367,1.3415,1.3342,1.3363,43631
2014-08-14,1.3363,1.3407,1.3348,1.3364,43915
2014-08-15,1.3364,1.3411,1.3358,1.3397,44977
2014-08-18,1.3391,1.3399,1.3353,1.3361,29223
2014-08-19,1.3361,1.3363,1.3313,1.3317,40243
2014-08-20,1.3317,1.3324,1.3255,1.3258,47561
2014-08-21,1.3257,1.3288,1.3242,1.3282,38070
2014-08-22,1.3282,1.3296,1.3220,1.3238,42957
2014-08-25,1.3191,1.3210,1.3183,1.3190,30319
2014-08-26,1.3190,1.3214,1.3164,1.3168,39818
2014-08-27,1.3168,1.3209,1.3152,1.3194,44381
2014-08-28,1.3193,1.3220,1.3160,1.3184,37032
2014-08-29,1.3184,1.3196,1.3132,1.3132,29807
2014-09-01,1.3129,1.3145,1.3119,1.3127,24812
2014-09-02,1.3127,1.3136,1.3110,1.3133,38631
2014-09-03,1.3132,1.3160,1.3122,1.3149,39092
2014-09-04,1.3149,1.3154,1.2920,1.2936,58967
2014-09-05,1.2936,1.2988,1.2922,1.2951,48589
2014-09-08,1.2953,1.2959,1.2881,1.2900,56781
2014-09-09,1.2900,1.2957,1.2859,1.2940,66399
2014-09-10,1.2940,1.2963,1.2883,1.2916,58156
2014-09-11,1.2916,1.2952,1.2897,1.2923,54262
2014-09-12,1.2923,1.2979,1.2909,1.2964,60379
2014-09-15,1.2968,1.2969,1.2909,1.2941,48841
2014-09-16,1.2941,1.2995,1.2922,1.2957,54854
2014-09-17,1.2957,1.2981,1.2835,1.2845,53639
2014-09-18,1.2846,1.2930,1.2835,1.2916,48950
2014-09-19,1.2916,1.2929,1.2828,1.2828,54009
2014-09-22,1.2827,1.2868,1.2816,1.2846,97268
2014-09-23,1.2846,1.2901,1.2843,1.2849,42215
2014-09-24,1.2849,1.2864,1.2774,1.2778,43863
2014-09-25,1.2778,1.2783,1.2697,1.2752,56799
2014-09-26,1.2752,1.2761,1.2677,1.2683,46875
2014-09-29,1.2681,1.2715,1.2664,1.2689,46692
2014-09-30,1.2689,1.2702,1.2571,1.2631,57763
2014-10-01,1.2631,1.2640,1.2584,1.2618,57895
2014-10-02,1.2618,1.2699,1.2614,1.2670,71150
2014-10-03,1.2670,1.2672,1.2501,1.2514,52132
2014-10-06,1.2513,1.2675,1.2509,1.2653,49595
2014-10-07,1.2654,1.2682,1.2584,1.2665,73989
2014-10-08,1.2665,1.2749,1.2623,1.2730,73519
2014-10-09,1.2730,1.2791,1.2664,1.2690,82394
2014-10-10,1.2690,1.2716,1.2606,1.2627,69128
2014-10-13,1.2627,1.2768,1.2627,1.2741,77625
2014-10-14,1.2741,1.2749,1.2640,1.2658,81218
2014-10-15,1.2658,1.2887,1.2625,1.2816,113044
2014-10-16,1.2817,1.2845,1.2706,1.2804,113729
2014-10-17,1.2804,1.2837,1.2744,1.2759,67640
2014-10-20,1.2755,1.2816,1.2731,1.2794,70412
2014-10-21,1.2794,1.2840,1.2711,1.2711,80797
2014-10-22,1.2711,1.2739,1.2637,1.2644,76195
2014-10-23,1.2644,1.2676,1.2613,1.2645,71117
2014-10-24,1.2645,1.2695,1.2634,1.2668,65321
2014-10-27,1.2675,1.2723,1.2665,1.2695,71688
2014-10-28,1.2695,1.2764,1.2685,1.2735,64547
2014-10-29,1.2735,1.2770,1.2626,1.2638,71684
2014-10-30,1.2638,1.2639,1.2547,1.2605,88424
2014-10-31,1.2605,1.2613,1.2485,1.2523,102892
2014-11-03,1.2509,1.2511,1.2439,1.2490,93570
2014-11-04,1.2490,1.2577,1.2487,1.2552,87384
2014-11-05,1.2552,1.2567,1.2457,1.2475,102610
2014-11-06,1.2475,1.2533,1.2365,1.2379,120163
2014-11-07,1.2378,1.2468,1.2357,1.2453,90631
2014-11-10,1.2464,1.2509,1.2418,1.2424,75514
2014-11-11,1.2423,1.2499,1.2394,1.2473,78930
2014-11-12,1.2473,1.2497,1.2419,1.2428,99066
2014-11-13,1.2428,1.2492,1.2426,1.2475,99148
2014-11-14,1.2474,1.2546,1.2399,1.2521,111269
2014-11-17,1.2520,1.2577,1.2444,1.2449,95885
2014-11-18,1.2449,1.2545,1.2443,1.2531,73934
2014-11-19,1.2531,1.2599,1.2512,1.2545,59235
2014-11-20,1.2545,1.2575,1.2504,1.2541,84296
2014-11-21,1.2541,1.2568,1.2375,1.2389,79516
2014-11-24,1.2362,1.2444,1.2362,1.2441,56449
2014-11-25,1.2441,1.2487,1.2402,1.2474,60512
2014-11-26,1.2473,1.2531,1.2443,1.2504,68393
2014-11-27,1.2505,1.2523,1.2464,1.2466,35740
2014-11-28,1.2466,1.2490,1.2426,1.2450,57848
2014-12-01,1.2461,1.2506,1.2419,1.2468,61169
2014-12-02,1.2469,1.2476,1.2376,1.2382,54975
2014-12-03,1.2381,1.2390,1.2301,1.2309,53442
2014-12-04,1.2310,1.2456,1.2279,1.2379,59826
2014-12-05,1.2377,1.2392,1.2271,1.2284,57636
2014-12-08,1.2283,1.2344,1.2247,1.2316,61884
2014-12-09,1.2306,1.2448,1.2292,1.2374,72055
2014-12-10,1.2374,1.2448,1.2362,1.2447,70683
2014-12-11,1.2444,1.2495,1.2370,1.2408,66758
2014-12-12,1.2411,1.2485,1.2384,1.2460,64055
2014-12-15,1.2473,1.2478,1.2414,1.2434,70545
2014-12-16,1.2435,1.2570,1.2433,1.2510,77617
2014-12-17,1.2508,1.2515,1.2320,1.2341,73896
2014-12-18,1.2341,1.2353,1.2266,1.2286,68692
2014-12-19,1.2285,1.2302,1.2220,1.2222,60976
2014-12-22,1.2223,1.2272,1.2216,1.2228,169863
2014-12-23,1.2228,1.2245,1.2164,1.2172,155269
2014-12-24,1.2172,1.2220,1.2169,1.2189,120599
2014-12-26,1.2208,1.2211,1.2168,1.2177,76436
2014-12-29,1.2181,1.2221,1.2143,1.2150,67561
2014-12-30,1.2150,1.2187,1.2124,1.2155,46410
2014-12-31,1.2152,1.2169,1.2097,1.2100,32048
2015-01-02,1.2054,1.2069,1.2000,1.2001,53082
2015-01-05,1.1945,1.1976,1.1864,1.1932,95141
2015-01-06,1.1932,1.1968,1.1884,1.1889,91697
2015-01-07,1.1889,1.1896,1.1801,1.1839,98091
2015-01-08,1.1839,1.1847,1.1754,1.1790,82605
2015-01-09,1.1790,1.1845,1.1762,1.1840,91031
2015-01-12,1.1848,1.1870,1.1786,1.1832,80991
2015-01-13,1.1832,1.1859,1.1753,1.1772,93072
2015-01-14,1.1771,1.1845,1.1727,1.1788,101182
2015-01-15,1.1788,1.1792,1.1567,1.1630,123477
2015-01-16,1.1630,1.1648,1.1459,1.1565,121343
2015-01-19,1.1552,1.1638,1.1551,1.1606,49997
2015-01-20,1.1605,1.1614,1.1540,1.1548,36580
2015-01-21,1.1548,1.1679,1.1541,1.1609,45779
2015-01-22,1.1609,1.1648,1.1316,1.1364,56260
2015-01-23,1.1363,1.1373,1.1115,1.1203,62443
2015-01-26,1.1149,1.1295,1.1097,1.1237,51017
2015-01-27,1.1238,1.1422,1.1223,1.1380,65402
2015-01-28,1.1380,1.1383,1.1276,1.1286,71647
2015-01-29,1.1287,1.1367,1.1261,1.1319,45808
2015-01-30,1.1315,1.1363,1.1277,1.1284,44897
2015-02-02,1.1311,1.1362,1.1292,1.1341,62989
2015-02-03,1.1340,1.1533,1.1312,1.1478,76916
2015-02-04,1.1478,1.1484,1.1316,1.1343,68437
2015-02-05,1.1343,1.1498,1.1303,1.1476,75428
2015-02-06,1.1476,1.1485,1.1309,1.1310,66082
2015-02-09,1.1295,1.1359,1.1270,1.1323,65433
2015-02-10,1.1323,1.1345,1.1273,1.1320,68796
2015-02-11,1.1320,1.1347,1.1279,1.1335,64393
2015-02-12,1.1335,1.1422,1.1302,1.1402,71197
2015-02-13,1.1402,1.1442,1.1379,1.1392,60539
2015-02-16,1.1399,1.1428,1.1319,1.1353,51186
2015-02-17,1.1353,1.1448,1.1322,1.1410,69407
2015-02-18,1.1410,1.1415,1.1334,1.1396,64941
2015-02-19,1.1396,1.1450,1.1355,1.1367,59622
2015-02-20,1.1367,1.1423,1.1279,1.1379,69731
2015-02-23,1.1394,1.1395,1.1295,1.1334,55201
2015-02-24,1.1334,1.1358,1.1290,1.1340,59038
2015-02-25,1.1340,1.1388,1.1335,1.1361,56284
2015-02-26,1.1359,1.1379,1.1183,1.1198,61722
2015-02-27,1.1198,1.1245,1.1176,1.1196,64231
2015-03-02,1.1180,1.1240,1.1160,1.1182,54008
2015-03-03,1.1183,1.1217,1.1155,1.1175,56803
2015-03-04,1.1174,1.1185,1.1061,1.1077,58992
2015-03-05,1.1077,1.1112,1.0988,1.1029,65263
2015-03-06,1.1028,1.1032,1.0839,1.0843,65790
2015-03-09,1.0830,1.0906,1.0823,1.0852,59301
2015-03-10,1.0851,1.0855,1.0668,1.0678,80767
2015-03-11,1.0679,1.0716,1.0511,1.0544,88719
2015-03-12,1.0546,1.0683,1.0494,1.0624,89899
2015-03-13,1.0624,1.0634,1.0462,1.0491,83236
2015-03-16,1.0486,1.0619,1.0479,1.0567,83506
2015-03-17,1.0566,1.0651,1.0551,1.0597,72379
2015-03-18,1.0596,1.1041,1.0580,1.0828,87748
2015-03-19,1.0829,1.0919,1.0613,1.0656,108495
2015-03-20,1.0656,1.0881,1.0655,1.0819,82998
2015-03-23,1.0867,1.0971,1.0767,1.0944,91164
2015-03-24,1.0946,1.1029,1.0890,1.0918,80441
2015-03-25,1.0918,1.1014,1.0900,1.0971,69803
2015-03-26,1.0971,1.1052,1.0856,1.0874,90096
2015-03-27,1.0874,1.0947,1.0801,1.0884,83003
2015-03-30,1.0884,1.0891,1.0810,1.0832,75521
2015-03-31,1.0832,1.0845,1.0712,1.0731,70009
2015-04-01,1.0733,1.0799,1.0718,1.0762,72023
2015-04-02,1.0762,1.0905,1.0750,1.0879,67761
2015-04-03,1.0879,1.1026,1.0863,1.0968,42177
2015-04-06,1.1001,1.1035,1.0909,1.0921,42818
2015-04-07,1.0921,1.0954,1.0803,1.0814,70632
2015-04-08,1.0814,1.0887,1.0763,1.0779,75544
2015-04-09,1.0780,1.0788,1.0637,1.0658,70600
2015-04-10,1.0658,1.0683,1.0567,1.0603,69708
2015-04-13,1.0603,1.0619,1.0520,1.0566,70464
2015-04-14,1.0566,1.0704,1.0531,1.0654,77117
2015-04-15,1.0653,1.0701,1.0571,1.0687,82189
2015-04-16,1.0687,1.0817,1.0625,1.0759,109153
2015-04-17,1.0759,1.0848,1.0734,1.0809,92329
2015-04-20,1.0809,1.0819,1.0712,1.0738,71150
2015-04-21,1.0738,1.0781,1.0659,1.0733,88718
2015-04-22,1.0733,1.0800,1.0708,1.0725,92181
2015-04-23,1.0725,1.0846,1.0665,1.0824,100340
2015-04-24,1.0824,1.0900,1.0784,1.0870,100443
2015-04-27,1.0863,1.0926,1.0819,1.0887,86221
2015-04-28,1.0890,1.0991,1.0859,1.0979,100394
2015-04-29,1.0977,1.1187,1.0959,1.1126,117774
2015-04-30,1.1128,1.1266,1.1071,1.1222,143218
2015-05-01,1.1219,1.1290,1.1174,1.1197,102047
2015-05-04,1.1192,1.1224,1.1122,1.1147,62220
2015-05-05,1.1144,1.1220,1.1066,1.1185,21097
2015-05-06,1.1185,1.1369,1.1175,1.1345,41796
2015-05-07,1.1347,1.1392,1.1237,1.1266,31166
2015-05-08,1.1265,1.1288,1.1179,1.1208,34340
2015-05-11,1.1200,1.1205,1.1131,1.1154,48198
2015-05-12,1.1154,1.1278,1.1134,1.1213,105463
2015-05-13,1.1213,1.1382,1.1202,1.1354,86143
2015-05-14,1.1354,1.1444,1.1340,1.1409,105449
2015-05-15,1.1409,1.1466,1.1323,1.1447,77665
2015-05-18,1.1448,1.1448,1.1298,1.1314,51726
2015-05-19,1.1315,1.1326,1.1118,1.1149,112121
2015-05-20,1.1151,1.1151,1.1062,1.1093,122301
2015-05-21,1.1092,1.1181,1.1079,1.1111,109322
2015-05-22,1.1111,1.1207,1.1002,1.1014,105137
2015-05-25,1.1005,1.1009,1.0958,1.0977,60698
2015-05-26,1.0976,1.0981,1.0863,1.0872,113774
2015-05-27,1.0872,1.0928,1.0818,1.0903,107899
2015-05-28,1.0903,1.0958,1.0868,1.0947,117478
2015-05-29,1.0947,1.1005,1.0925,1.0990,104414
2015-06-01,1.0983,1.0988,1.0886,1.0926,118185
2015-06-02,1.0926,1.1193,1.0915,1.1150,189524
2015-06-03,1.1150,1.1284,1.1081,1.1274,102112
2015-06-04,1.1274,1.1379,1.1222,1.1237,67030
2015-06-05,1.1237,1.1279,1.1049,1.1116,185260
2015-06-08,1.1102,1.1306,1.1084,1.1291,151939
2015-06-09,1.1290,1.1345,1.1214,1.1282,171017
2015-06-10,1.1280,1.1385,1.1260,1.1323,187092
2015-06-11,1.1323,1.1331,1.1182,1.1257,150647
2015-06-12,1.1257,1.1296,1.1151,1.1262,148197
2015-06-15,1.1213,1.1294,1.1189,1.1282,112556
2015-06-16,1.1283,1.1329,1.1204,1.1247,128956
2015-06-17,1.1247,1.1357,1.1206,1.1337,150512
2015-06-18,1.1337,1.1436,1.1330,1.1360,164081
2015-06-19,1.1358,1.1396,1.1292,1.1348,127247
2015-06-22,1.1374,1.1410,1.1311,1.1340,132015
2015-06-23,1.1340,1.1347,1.1135,1.1167,155646
2015-06-24,1.1166,1.1234,1.1154,1.1203,143646
2015-06-25,1.1206,1.1227,1.1153,1.1203,122528
2015-06-26,1.1202,1.1219,1.1130,1.1171,118028
2015-06-29,1.1005,1.1278,1.0954,1.1235,193963
2015-06-30,1.1235,1.1244,1.1112,1.1145,156812
2015-07-01,1.1138,1.1171,1.1042,1.1052,135383
2015-07-02,1.1053,1.1121,1.1032,1.1083,127664
2015-07-03,1.1083,1.1118,1.1064,1.1104,100405
2015-07-06,1.0979,1.1095,1.0969,1.1055,153241
2015-07-07,1.1055,1.1058,1.0916,1.1010,173620
2015-07-08,1.1010,1.1093,1.0973,1.1076,160168
2015-07-09,1.1075,1.1124,1.0991,1.1035,143058
2015-07-10,1.1035,1.1215,1.1030,1.1154,157300
2015-07-13,1.1099,1.1196,1.0995,1.1000,148997
2015-07-14,1.1000,1.1081,1.0965,1.1008,143590
2015-07-15,1.1008,1.1035,1.0929,1.0948,142338
2015-07-16,1.0948,1.0962,1.0855,1.0873,142440
2015-07-17,1.0873,1.0906,1.0828,1.0830,118379
2015-07-20,1.0833,1.0870,1.0808,1.0824,115065
2015-07-21,1.0824,1.0969,1.0811,1.0932,148089
2015-07-22,1.0934,1.0966,1.0869,1.0928,201564
2015-07-23,1.0923,1.1018,1.0921,1.0983,167751
2015-07-24,1.0980,1.0996,1.0925,1.0976,123864
2015-07-27,1.0976,1.1129,1.0969,1.1087,144811
2015-07-28,1.1087,1.1099,1.1022,1.1059,130748
2015-07-29,1.1059,1.1084,1.0967,1.0982,137573
2015-07-30,1.0981,1.0989,1.0893,1.0931,141300
2015-07-31,1.0930,1.1114,1.0921,1.0983,153941
2015-08-03,1.0971,1.0996,1.0941,1.0950,133189
2015-08-04,1.0949,1.0987,1.0879,1.0881,145962
2015-08-05,1.0878,1.0937,1.0848,1.0905,146918
2015-08-06,1.0904,1.0943,1.0873,1.0923,130219
2015-08-07,1.0922,1.0978,1.0855,1.0964,124434
2015-08-10,1.0962,1.1041,1.0925,1.1015,100312
2015-08-11,1.1017,1.1088,1.0960,1.1037,135337
2015-08-12,1.1039,1.1214,1.1024,1.1155,143564
2015-08-13,1.1156,1.1188,1.1080,1.1148,111571
2015-08-14,1.1146,1.1188,1.1098,1.1110,110116
2015-08-17,1.1114,1.1124,1.1058,1.1073,120954
2015-08-18,1.1074,1.1094,1.1017,1.1023,118625
2015-08-19,1.1024,1.1134,1.1017,1.1116,149578
2015-08-20,1.1115,1.1244,1.1107,1.1238,154304
2015-08-21,1.1237,1.1388,1.1229,1.1386,186431
2015-08-24,1.1374,1.1714,1.1368,1.1613,261024
2015-08-25,1.1617,1.1621,1.1396,1.1513,240331
2015-08-26,1.1516,1.1561,1.1291,1.1311,231687
2015-08-27,1.1307,1.1364,1.1203,1.1239,182216
2015-08-28,1.1243,1.1309,1.1156,1.1180,157044
2015-08-31,1.1177,1.1262,1.1169,1.1209,123174
2015-09-01,1.1208,1.1332,1.1208,1.1313,174012
2015-09-02,1.1313,1.1319,1.1216,1.1226,159394
2015-09-03,1.1225,1.1243,1.1087,1.1122,143763
2015-09-04,1.1121,1.1189,1.1090,1.1147,145529
2015-09-07,1.1157,1.1177,1.1121,1.1168,112259
2015-09-08,1.1167,1.1229,1.1152,1.1201,144640
2015-09-09,1.1198,1.1216,1.1131,1.1206,153104
2015-09-10,1.1202,1.1295,1.1172,1.1278,168140
2015-09-11,1.1276,1.1349,1.1254,1.1340,146209
2015-09-14,1.1330,1.1373,1.1283,1.1315,123048
2015-09-15,1.1315,1.1328,1.1258,1.1269,137018
2015-09-16,1.1268,1.1320,1.1214,1.1289,132532
2015-09-17,1.1288,1.1441,1.1284,1.1434,145689
2015-09-18,1.1433,1.1460,1.1269,1.1299,159089
2015-09-21,1.1282,1.1330,1.1181,1.1189,139437
2015-09-22,1.1189,1.1207,1.1113,1.1124,136505
2015-09-23,1.1123,1.1213,1.1105,1.1184,143671
2015-09-24,1.1184,1.1296,1.1164,1.1232,159672
2015-09-25,1.1228,1.1228,1.1116,1.1199,156142
2015-09-28,1.1191,1.1247,1.1146,1.1244,145183
2015-09-29,1.1244,1.1281,1.1194,1.1248,156307
2015-09-30,1.1247,1.1261,1.1157,1.1176,144420
2015-10-01,1.1175,1.1209,1.1135,1.1194,136303
2015-10-02,1.1193,1.1318,1.1150,1.1210,152574
2015-10-05,1.1220,1.1289,1.1173,1.1187,155664
2015-10-06,1.1185,1.1279,1.1172,1.1270,136981
2015-10-07,1.1271,1.1284,1.1211,1.1237,145693
2015-10-08,1.1235,1.1326,1.1234,1.1276,139258
2015-10-09,1.1275,1.1387,1.1267,1.1357,145604
2015-10-12,1.1359,1.1397,1.1355,1.1358,94013
2015-10-13,1.1357,1.1411,1.1344,1.1378,124917
2015-10-14,1.1377,1.1489,1.1377,1.1473,138506
2015-10-15,1.1472,1.1495,1.1363,1.1380,144400
2015-10-16,1.1382,1.1395,1.1334,1.1347,122270
2015-10-19,1.1355,1.1379,1.1305,1.1327,124837
2015-10-20,1.1327,1.1387,1.1324,1.1345,110310
2015-10-21,1.1343,1.1377,1.1334,1.1338,111411
2015-10-22,1.1337,1.1351,1.1100,1.1109,150246
2015-10-23,1.1105,1.1139,1.0996,1.1017,153746
2015-10-26,1.1007,1.1068,1.1003,1.1053,114119
2015-10-27,1.1052,1.1078,1.1030,1.1046,115382
2015-10-28,1.1045,1.1096,1.0897,1.0927,128620
2015-10-29,1.0927,1.0986,1.0903,1.0986,125217
2015-10-30,1.0986,1.1072,1.0965,1.1005,137706
2015-11-02,1.1027,1.1053,1.1000,1.1015,109114
2015-11-03,1.1014,1.1030,1.0936,1.0963,119749
2015-11-04,1.0963,1.0968,1.0844,1.0865,136540
2015-11-05,1.0863,1.0897,1.0833,1.0883,133932
2015-11-06,1.0882,1.0894,1.0707,1.0739,132696
2015-11-09,1.0728,1.0790,1.0719,1.0750,146695
2015-11-10,1.0750,1.0764,1.0674,1.0723,141813
2015-11-11,1.0721,1.0773,1.0705,1.0742,131074
2015-11-12,1.0743,1.0830,1.0691,1.0812,175868
2015-11-13,1.0810,1.0817,1.0714,1.0767,158760
2015-11-16,1.0737,1.0758,1.0674,1.0685,148817
2015-11-17,1.0677,1.0690,1.0631,1.0643,145784
2015-11-18,1.0641,1.0692,1.0617,1.0658,135966
2015-11-19,1.0657,1.0763,1.0655,1.0734,156694
2015-11-20,1.0732,1.0738,1.0640,1.0645,141561
2015-11-23,1.0637,1.0656,1.0592,1.0635,150590
2015-11-24,1.0635,1.0673,1.0619,1.0643,154783
2015-11-25,1.0643,1.0689,1.0566,1.0624,163860
2015-11-26,1.0623,1.0627,1.0600,1.0610,100405
2015-11-27,1.0610,1.0638,1.0568,1.0594,122303
2015-11-30,1.0589,1.0595,1.0558,1.0564,125836
2015-12-01,1.0564,1.0637,1.0563,1.0632,142795
2015-12-02,1.0634,1.0635,1.0551,1.0614,148672
2015-12-03,1.0612,1.0981,1.0522,1.0938,193877
2015-12-04,1.0941,1.0956,1.0836,1.0878,197815
2015-12-07,1.0868,1.0887,1.0796,1.0837,137004
2015-12-08,1.0835,1.0902,1.0830,1.0892,147793
2015-12-09,1.0890,1.1043,1.0879,1.1024,173961
2015-12-10,1.1021,1.1024,1.0925,1.0940,152562
2015-12-11,1.0939,1.1031,1.0926,1.0989,163728
2015-12-14,1.0980,1.1048,1.0945,1.0992,173997
2015-12-15,1.0991,1.1059,1.0904,1.0929,159311
2015-12-16,1.0929,1.1012,1.0888,1.0910,173023
2015-12-17,1.0910,1.0914,1.0802,1.0824,150539
2015-12-18,1.0824,1.0874,1.0805,1.0861,156544
2015-12-21,1.0851,1.0939,1.0846,1.0914,127939
2015-12-22,1.0913,1.0984,1.0902,1.0957,120357
2015-12-23,1.0951,1.0957,1.0870,1.0910,104495
2015-12-24,1.0909,1.0967,1.0902,1.0954,61302
2015-12-28,1.0944,1.0992,1.0944,1.0968,79315
2015-12-29,1.0964,1.0991,1.0899,1.0918,92900
2015-12-30,1.0921,1.0943,1.0901,1.0931,93938
2015-12-31,1.0930,1.0937,1.0853,1.0861,66736
2016-01-04,1.0870,1.0946,1.0781,1.0832,157687
2016-01-05,1.0827,1.0839,1.0710,1.0746,132203
2016-01-06,1.0746,1.0799,1.0713,1.0780,149117
2016-01-07,1.0779,1.0940,1.0771,1.0929,177685
2016-01-08,1.0924,1.0933,1.0803,1.0924,172703
2016-01-11,1.0917,1.0970,1.0848,1.0858,153753
2016-01-12,1.0857,1.0900,1.0819,1.0857,159298
2016-01-13,1.0858,1.0887,1.0805,1.0876,165246
2016-01-14,1.0874,1.0943,1.0834,1.0863,181007
2016-01-15,1.0865,1.0984,1.0854,1.0913,184568
2016-01-18,1.0921,1.0927,1.0868,1.0894,128564
2016-01-19,1.0889,1.0939,1.0859,1.0906,163116
2016-01-20,1.0905,1.0976,1.0877,1.0888,192784
2016-01-21,1.0888,1.0921,1.0777,1.0873,208559
2016-01-22,1.0873,1.0876,1.0789,1.0796,166857
2016-01-25,1.0789,1.0857,1.0789,1.0848,153222
2016-01-26,1.0847,1.0874,1.0818,1.0868,148897
2016-01-27,1.0869,1.0916,1.0850,1.0892,176075
2016-01-28,1.0893,1.0967,1.0869,1.0939,170459
2016-01-29,1.0938,1.0948,1.0810,1.0830,209310
2016-02-01,1.0830,1.0913,1.0814,1.0887,149072
2016-02-02,1.0887,1.0940,1.0882,1.0918,151389
2016-02-03,1.0916,1.1145,1.0903,1.1102,200352
2016-02-04,1.1102,1.1239,1.1069,1.1207,225686
2016-02-05,1.1205,1.1247,1.1108,1.1158,187784
2016-02-08,1.1141,1.1216,1.1086,1.1191,189737
2016-02-09,1.1191,1.1338,1.1162,1.1294,231656
2016-02-10,1.1290,1.1311,1.1160,1.1289,229356
2016-02-11,1.1290,1.1376,1.1274,1.1322,253405
2016-02-12,1.1322,1.1334,1.1214,1.1250,208643
2016-02-15,1.1234,1.1250,1.1128,1.1153,159956
2016-02-16,1.1153,1.1193,1.1124,1.1142,168249
2016-02-17,1.1142,1.1179,1.1106,1.1127,171626
2016-02-18,1.1126,1.1149,1.1071,1.1106,166185
2016-02-19,1.1106,1.1139,1.1066,1.1128,157798
2016-02-22,1.1111,1.1124,1.1003,1.1028,148929
2016-02-23,1.1027,1.1052,1.0990,1.1018,159977
2016-02-24,1.1017,1.1046,1.0957,1.1012,176041
2016-02-25,1.1014,1.1050,1.0986,1.1017,161056
2016-02-26,1.1017,1.1068,1.0911,1.0929,159885
2016-02-29,1.0913,1.0962,1.0859,1.0872,161758
2016-03-01,1.0875,1.0893,1.0834,1.0866,162298
2016-03-02,1.0864,1.0881,1.0825,1.0867,160186
2016-03-03,1.0868,1.0973,1.0853,1.0956,154816
2016-03-04,1.0956,1.1043,1.0903,1.1006,166289
2016-03-07,1.0988,1.1025,1.0940,1.1012,127729
2016-03-08,1.1013,1.1058,1.0993,1.1010,142910
2016-03-09,1.1010,1.1035,1.0946,1.0998,134228
2016-03-10,1.0997,1.1218,1.0822,1.1176,176693
2016-03-11,1.1176,1.1209,1.1080,1.1146,150540
2016-03-14,1.1144,1.1176,1.1078,1.1101,127000
2016-03-15,1.1101,1.1125,1.1072,1.1105,130357
2016-03-16,1.1105,1.1242,1.1058,1.1212,146973
2016-03-17,1.1212,1.1342,1.1205,1.1315,161032
2016-03-18,1.1314,1.1337,1.1256,1.1269,138417
2016-03-21,1.1268,1.1284,1.1234,1.1239,115649
2016-03-22,1.1239,1.1260,1.1188,1.1215,118562
2016-03-23,1.1215,1.1223,1.1163,1.1180,90109
2016-03-24,1.1180,1.1187,1.1144,1.1179,104732
2016-03-25,1.1179,1.1179,1.1154,1.1161,45514
2016-03-28,1.1160,1.1220,1.1153,1.1195,62033
2016-03-29,1.1193,1.1303,1.1169,1.1289,141292
2016-03-30,1.1290,1.1365,1.1283,1.1339,152488
2016-03-31,1.1336,1.1412,1.1310,1.1379,145361
2016-04-01,1.1378,1.1438,1.1334,1.1390,159690
2016-04-04,1.1399,1.1412,1.1357,1.1389,129475
2016-04-05,1.1386,1.1405,1.1336,1.1383,146695
2016-04-06,1.1383,1.1432,1.1326,1.1398,149211
2016-04-07,1.1398,1.1454,1.1337,1.1377,165889
2016-04-08,1.1375,1.1419,1.1349,1.1395,140419
2016-04-11,1.1414,1.1447,1.1372,1.1410,126835
2016-04-12,1.1405,1.1464,1.1346,1.1383,144352
2016-04-13,1.1383,1.1391,1.1268,1.1272,151524
2016-04-14,1.1273,1.1295,1.1234,1.1266,137771
2016-04-15,1.1262,1.1317,1.1245,1.1283,119449
2016-04-18,1.1300,1.1332,1.1273,1.1312,119210
2016-04-19,1.1309,1.1384,1.1303,1.1358,121795
2016-04-20,1.1357,1.1388,1.1290,1.1295,129818
2016-04-21,1.1295,1.1399,1.1270,1.1286,147583
2016-04-22,1.1286,1.1308,1.1215,1.1215,143320
2016-04-25,1.1217,1.1278,1.1215,1.1266,122000
2016-04-26,1.1266,1.1339,1.1256,1.1295,125742
2016-04-27,1.1295,1.1361,1.1271,1.1319,131122
2016-04-28,1.1320,1.1368,1.1296,1.1351,155075
2016-04-29,1.1351,1.1459,1.1347,1.1450,156574
2016-05-02,1.1458,1.1535,1.1448,1.1533,131824
2016-05-03,1.1533,1.1616,1.1495,1.1495,159314
2016-05-04,1.1496,1.1529,1.1466,1.1485,156038
2016-05-05,1.1483,1.1493,1.1386,1.1405,129054
2016-05-06,1.1404,1.1480,1.1386,1.1401,138490
2016-05-09,1.1394,1.1419,1.1375,1.1381,118175
2016-05-10,1.1381,1.1410,1.1358,1.1372,117173
2016-05-11,1.1369,1.1446,1.1369,1.1425,110018
2016-05-12,1.1424,1.1429,1.1370,1.1377,116605
2016-05-13,1.1374,1.1380,1.1282,1.1309,133533
2016-05-16,1.1310,1.1342,1.1302,1.1319,103824
2016-05-17,1.1320,1.1348,1.1301,1.1312,120937
2016-05-18,1.1311,1.1316,1.1214,1.1216,142939
2016-05-19,1.1214,1.1230,1.1180,1.1202,137673
2016-05-20,1.1202,1.1237,1.1196,1.1222,100668
2016-05-23,1.1203,1.1243,1.1187,1.1219,105512
2016-05-24,1.1219,1.1227,1.1132,1.1139,122763
2016-05-25,1.1140,1.1167,1.1128,1.1154,117544
2016-05-26,1.1154,1.1216,1.1149,1.1193,117558
2016-05-27,1.1192,1.1200,1.1111,1.1113,110864
2016-05-30,1.1113,1.1144,1.1098,1.1138,74596
2016-05-31,1.1136,1.1173,1.1122,1.1130,134654
2016-06-01,1.1130,1.1194,1.1114,1.1187,142623
2016-06-02,1.1186,1.1220,1.1145,1.1151,134491
2016-06-03,1.1150,1.1373,1.1071,1.1366,151235
2016-06-06,1.1354,1.1392,1.1326,1.1353,142741
2016-06-07,1.1353,1.1380,1.1338,1.1356,121862
2016-06-08,1.1356,1.1410,1.1354,1.1394,118280
2016-06-09,1.1394,1.1415,1.1305,1.1313,129055
2016-06-10,1.1313,1.1321,1.1245,1.1253,133550
2016-06-13,1.1248,1.1303,1.1232,1.1289,149811
2016-06-14,1.1289,1.1298,1.1189,1.1206,139493
2016-06-15,1.1207,1.1298,1.1189,1.1260,140534
2016-06-16,1.1258,1.1295,1.1131,1.1223,179607
2016-06-17,1.1223,1.1296,1.1222,1.1275,136556
2016-06-20,1.1331,1.1382,1.1302,1.1312,141590
2016-06-21,1.1309,1.1349,1.1243,1.1244,126239
2016-06-22,1.1242,1.1337,1.1236,1.1295,122068
2016-06-23,1.1294,1.1421,1.1293,1.1379,141171
2016-06-24,1.1384,1.1428,1.0911,1.1091,298052
2016-06-27,1.1002,1.1083,1.0971,1.1024,211882
2016-06-28,1.1023,1.1111,1.1010,1.1065,154073
2016-06-29,1.1064,1.1130,1.1049,1.1123,152566
2016-06-30,1.1117,1.1154,1.1024,1.1105,172106
2016-07-01,1.1101,1.1169,1.1072,1.1136,133497
2016-07-04,1.1124,1.1159,1.1098,1.1153,94539
2016-07-05,1.1153,1.1186,1.1062,1.1075,128447
2016-07-06,1.1071,1.1111,1.1029,1.1099,159080
2016-07-07,1.1097,1.1107,1.1052,1.1060,128413
2016-07-08,1.1060,1.1120,1.1002,1.1050,124816
2016-07-11,1.1045,1.1074,1.1015,1.1057,115627
2016-07-12,1.1056,1.1126,1.1052,1.1060,142857
2016-07-13,1.1059,1.1119,1.1042,1.1088,133693
2016-07-14,1.1088,1.1164,1.1085,1.1119,150937
2016-07-15,1.1117,1.1149,1.1024,1.1024,140172
2016-07-18,1.1050,1.1084,1.1037,1.1075,108109
2016-07-19,1.1074,1.1080,1.1000,1.1019,109057
2016-07-20,1.1019,1.1030,1.0981,1.1013,105232
2016-07-21,1.1012,1.1060,1.0979,1.1024,134508
2016-07-22,1.1023,1.1041,1.0955,1.0975,118458
2016-07-25,1.0973,1.0999,1.0952,1.0994,100144
2016-07-26,1.0993,1.1029,1.0978,1.0985,103516
2016-07-27,1.0982,1.1065,1.0931,1.1058,119260
2016-07-28,1.1057,1.1119,1.1052,1.1076,117064
2016-07-29,1.1076,1.1197,1.1072,1.1174,140309
2016-08-01,1.1172,1.1183,1.1155,1.1161,101194
2016-08-02,1.1160,1.1233,1.1157,1.1221,116373
2016-08-03,1.1220,1.1226,1.1140,1.1147,99248
2016-08-04,1.1148,1.1156,1.1114,1.1128,110679
2016-08-05,1.1125,1.1161,1.1045,1.1087,103834
2016-08-08,1.1079,1.1105,1.1072,1.1088,88072
2016-08-09,1.1085,1.1122,1.1070,1.1117,93176
2016-08-10,1.1115,1.1190,1.1111,1.1174,106029
2016-08-11,1.1174,1.1191,1.1135,1.1135,107170
2016-08-12,1.1136,1.1221,1.1131,1.1163,109188
2016-08-15,1.1166,1.1203,1.1153,1.1182,83715
2016-08-16,1.1182,1.1322,1.1177,1.1277,123356
2016-08-17,1.1277,1.1316,1.1240,1.1287,114477
2016-08-18,1.1284,1.1366,1.1284,1.1354,121750
2016-08-19,1.1352,1.1359,1.1304,1.1324,110099
2016-08-22,1.1309,1.1330,1.1271,1.1319,105292
2016-08-23,1.1318,1.1355,1.1303,1.1304,100937
2016-08-24,1.1304,1.1311,1.1245,1.1263,109242
2016-08-25,1.1262,1.1297,1.1259,1.1283,82751
2016-08-26,1.1278,1.1341,1.1181,1.1186,122981
2016-08-29,1.1182,1.1207,1.1158,1.1189,94988
2016-08-30,1.1187,1.1192,1.1132,1.1142,96173
2016-08-31,1.1140,1.1165,1.1123,1.1157,103050
2016-09-01,1.1156,1.1205,1.1127,1.1196,105894
2016-09-02,1.1193,1.1252,1.1145,1.1145,119722
2016-09-05,1.1156,1.1182,1.1139,1.1146,81686
2016-09-06,1.1146,1.1263,1.1140,1.1256,110662
2016-09-07,1.1252,1.1271,1.1228,1.1239,109600
2016-09-08,1.1238,1.1327,1.1234,1.1261,127443
2016-09-09,1.1260,1.1285,1.1198,1.1223,121473
2016-09-12,1.1230,1.1268,1.1210,1.1235,126786
2016-09-13,1.1233,1.1260,1.1204,1.1218,124533
2016-09-14,1.1218,1.1274,1.1210,1.1250,116530
2016-09-15,1.1249,1.1283,1.1219,1.1243,123670
2016-09-16,1.1242,1.1250,1.1149,1.1154,119434
2016-09-19,1.1153,1.1198,1.1151,1.1173,99139
2016-09-20,1.1173,1.1213,1.1149,1.1150,113779
2016-09-21,1.1149,1.1196,1.1123,1.1188,134851
2016-09-22,1.1186,1.1257,1.1184,1.1207,110922
2016-09-23,1.1207,1.1240,1.1194,1.1215,105350
2016-09-26,1.1229,1.1279,1.1220,1.1252,100826
2016-09-27,1.1253,1.1259,1.1191,1.1214,119008
2016-09-28,1.1215,1.1237,1.1181,1.1216,121252
2016-09-29,1.1216,1.1250,1.1197,1.1221,127561
2016-09-30,1.1221,1.1250,1.1153,1.1240,159432
2016-10-03,1.1226,1.1244,1.1205,1.1210,103336
2016-10-04,1.1210,1.1238,1.1138,1.1204,146345
2016-10-05,1.1201,1.1233,1.1189,1.1203,127464
2016-10-06,1.1203,1.1212,1.1139,1.1149,127469
2016-10-07,1.1148,1.1205,1.1104,1.1193,187746
2016-10-10,1.1181,1.1203,1.1131,1.1139,109958
2016-10-11,1.1135,1.1142,1.1049,1.1053,147615
2016-10-12,1.1053,1.1067,1.1004,1.1005,152051
2016-10-13,1.1006,1.1057,1.0985,1.1055,121174
2016-10-14,1.1054,1.1058,1.0970,1.0971,133087
2016-10-17,1.0969,1.1008,1.0963,1.0998,109813
2016-10-18,1.0999,1.1026,1.0970,1.0979,108880
2016-10-19,1.0978,1.1004,1.0955,1.0974,111049
2016-10-20,1.0972,1.1039,1.0915,1.0929,119987
2016-10-21,1.0928,1.0929,1.0859,1.0874,107479
2016-10-24,1.0880,1.0899,1.0859,1.0881,95964
2016-10-25,1.0880,1.0904,1.0851,1.0888,117030
2016-10-26,1.0886,1.0946,1.0874,1.0907,100906
2016-10-27,1.0907,1.0942,1.0882,1.0895,113193
2016-10-28,1.0896,1.0992,1.0893,1.0975,125686
2016-10-31,1.0984,1.0991,1.0936,1.0976,99166
2016-11-01,1.0976,1.1069,1.0960,1.1056,114514
2016-11-02,1.1057,1.1123,1.1049,1.1095,130446
2016-11-03,1.1095,1.1125,1.1059,1.1105,127812
2016-11-04,1.1105,1.1140,1.1079,1.1138,117117
2016-11-07,1.1062,1.1110,1.1027,1.1039,113657
2016-11-08,1.1040,1.1067,1.1008,1.1026,105103
2016-11-09,1.1024,1.1299,1.0907,1.0908,289426
2016-11-10,1.0908,1.0953,1.0864,1.0891,179357
2016-11-11,1.0893,1.0923,1.0830,1.0850,169227
2016-11-14,1.0832,1.0840,1.0709,1.0736,188186
2016-11-15,1.0736,1.0816,1.0714,1.0721,159227
2016-11-16,1.0720,1.0759,1.0666,1.0690,149265
2016-11-17,1.0690,1.0745,1.0620,1.0624,159831
2016-11-18,1.0622,1.0642,1.0569,1.0583,173588
2016-11-21,1.0592,1.0649,1.0578,1.0626,167387
2016-11-22,1.0626,1.0657,1.0583,1.0624,152885
2016-11-23,1.0622,1.0643,1.0526,1.0552,150838
2016-11-24,1.0549,1.0585,1.0518,1.0552,136236
2016-11-25,1.0546,1.0627,1.0529,1.0577,153514
2016-11-28,1.0608,1.0685,1.0563,1.0612,157206
2016-11-29,1.0612,1.0654,1.0564,1.0649,145680
2016-11-30,1.0647,1.0666,1.0552,1.0587,172645
2016-12-01,1.0589,1.0668,1.0584,1.0660,143640
2016-12-02,1.0658,1.0690,1.0625,1.0654,126286
2016-12-05,1.0617,1.0796,1.0504,1.0763,167247
2016-12-06,1.0762,1.0785,1.0698,1.0718,108323
2016-12-07,1.0715,1.0768,1.0710,1.0751,90536
2016-12-08,1.0752,1.0873,1.0597,1.0612,136595
2016-12-09,1.0612,1.0629,1.0531,1.0552,106246
2016-12-12,1.0533,1.0651,1.0525,1.0634,110141
2016-12-13,1.0633,1.0667,1.0603,1.0624,111390
2016-12-14,1.0623,1.0670,1.0495,1.0534,130434
2016-12-15,1.0531,1.0539,1.0366,1.0413,176714
2016-12-16,1.0411,1.0474,1.0400,1.0440,131312
2016-12-19,1.0437,1.0479,1.0392,1.0401,121196
2016-12-20,1.0400,1.0417,1.0352,1.0387,115654
2016-12-21,1.0385,1.0451,1.0382,1.0423,105491
2016-12-22,1.0422,1.0499,1.0421,1.0435,110550
2016-12-23,1.0433,1.0470,1.0426,1.0470,75127
2016-12-26,1.0461,1.0467,1.0325,1.0449,47828
2016-12-27,1.0449,1.0463,1.0432,1.0457,72758
2016-12-28,1.0455,1.0479,1.0372,1.0410,93872
2016-12-29,1.0416,1.0494,1.0408,1.0489,115168
2016-12-30,1.0484,1.0652,1.0483,1.0507,148657
2017-01-02,1.0510,1.0528,1.0448,1.0452,72920
2017-01-03,1.0452,1.0490,1.0340,1.0404,139335
2017-01-04,1.0404,1.0500,1.0390,1.0487,138590
2017-01-05,1.0487,1.0615,1.0480,1.0606,170836
2017-01-06,1.0600,1.0621,1.0523,1.0523,146008
2017-01-09,1.0529,1.0583,1.0510,1.0572,125800
2017-01-10,1.0572,1.0627,1.0551,1.0553,147523
2017-01-11,1.0553,1.0623,1.0453,1.0582,180859
2017-01-12,1.0582,1.0684,1.0571,1.0611,180739
2017-01-13,1.0610,1.0673,1.0596,1.0642,140972
2017-01-16,1.0602,1.0635,1.0579,1.0595,117923
2017-01-17,1.0595,1.0719,1.0589,1.0712,171611
2017-01-18,1.0711,1.0715,1.0628,1.0629,145054
2017-01-19,1.0629,1.0676,1.0589,1.0663,167230
2017-01-20,1.0661,1.0709,1.0625,1.0698,161072
2017-01-23,1.0700,1.0769,1.0693,1.0763,156981
2017-01-24,1.0764,1.0775,1.0720,1.0731,142073
2017-01-25,1.0729,1.0769,1.0711,1.0747,139081
2017-01-26,1.0748,1.0765,1.0657,1.0681,146134
2017-01-27,1.0679,1.0725,1.0658,1.0697,129909
2017-01-30,1.0702,1.0740,1.0620,1.0692,130424
2017-01-31,1.0692,1.0812,1.0684,1.0797,168241
2017-02-01,1.0796,1.0807,1.0730,1.0768,147733
2017-02-02,1.0767,1.0828,1.0756,1.0757,150389
2017-02-03,1.0757,1.0797,1.0711,1.0779,138674
2017-02-06,1.0785,1.0791,1.0705,1.0749,128085
2017-02-07,1.0739,1.0749,1.0656,1.0682,129264
2017-02-08,1.0679,1.0714,1.0640,1.0697,128190
2017-02-09,1.0697,1.0709,1.0651,1.0654,122349
2017-02-10,1.0655,1.0667,1.0607,1.0638,126662
2017-02-13,1.0628,1.0658,1.0592,1.0597,111130
2017-02-14,1.0595,1.0633,1.0561,1.0576,122216
2017-02-15,1.0574,1.0609,1.0521,1.0599,129683
2017-02-16,1.0598,1.0679,1.0591,1.0673,129206
2017-02-17,1.0673,1.0676,1.0605,1.0606,117825
2017-02-20,1.0607,1.0633,1.0603,1.0610,94749
2017-02-21,1.0610,1.0615,1.0526,1.0535,114609
2017-02-22,1.0534,1.0574,1.0493,1.0557,130425
2017-02-23,1.0553,1.0595,1.0537,1.0580,114714
2017-02-24,1.0578,1.0618,1.0551,1.0551,114958
2017-02-27,1.0562,1.0630,1.0551,1.0585,112006
2017-02-28,1.0585,1.0630,1.0568,1.0576,119666
2017-03-01,1.0573,1.0589,1.0514,1.0546,145664
2017-03-02,1.0546,1.0551,1.0495,1.0506,119742
2017-03-03,1.0506,1.0624,1.0501,1.0617,132864
2017-03-06,1.0603,1.0640,1.0575,1.0580,110065
2017-03-07,1.0581,1.0602,1.0558,1.0566,101958
2017-03-08,1.0563,1.0574,1.0534,1.0539,114282
2017-03-09,1.0539,1.0615,1.0525,1.0576,140205
2017-03-10,1.0574,1.0699,1.0572,1.0671,133854
2017-03-13,1.0683,1.0714,1.0652,1.0654,124435
2017-03-14,1.0653,1.0662,1.0599,1.0608,114250
2017-03-15,1.0608,1.0740,1.0604,1.0736,130081
2017-03-16,1.0736,1.0774,1.0705,1.0772,139451
2017-03-17,1.0772,1.0782,1.0727,1.0736,114154
2017-03-20,1.0738,1.0777,1.0725,1.0736,97003
2017-03-21,1.0736,1.0819,1.0719,1.0806,129951
2017-03-22,1.0806,1.0824,1.0776,1.0792,127134
2017-03-23,1.0792,1.0805,1.0768,1.0782,119707
2017-03-24,1.0782,1.0818,1.0760,1.0796,110958
2017-03-27,1.0832,1.0906,1.0827,1.0864,115047
2017-03-28,1.0864,1.0872,1.0798,1.0812,101690
2017-03-29,1.0812,1.0826,1.0740,1.0764,110785
2017-03-30,1.0765,1.0770,1.0672,1.0674,109951
2017-03-31,1.0674,1.0702,1.0646,1.0646,111341
2017-04-03,1.0659,1.0681,1.0642,1.0668,95896
2017-04-04,1.0669,1.0677,1.0635,1.0672,90474
2017-04-05,1.0671,1.0689,1.0635,1.0662,101806
2017-04-06,1.0661,1.0684,1.0629,1.0643,102924
2017-04-07,1.0642,1.0666,1.0580,1.0588,121252
2017-04-10,1.0586,1.0606,1.0570,1.0595,85374
2017-04-11,1.0594,1.0630,1.0578,1.0604,91908
2017-04-12,1.0603,1.0675,1.0589,1.0663,97739
2017-04-13,1.0664,1.0677,1.0609,1.0612,96747
2017-04-14,1.0612,1.0629,1.0606,1.0610,56440
2017-04-17,1.0610,1.0670,1.0602,1.0641,66325
2017-04-18,1.0641,1.0736,1.0636,1.0730,104650
2017-04-19,1.0728,1.0737,1.0699,1.0709,88867
2017-04-20,1.0709,1.0777,1.0707,1.0716,89234
2017-04-21,1.0716,1.0738,1.0682,1.0727,87727
2017-04-24,1.0905,1.0906,1.0820,1.0867,127035
2017-04-25,1.0867,1.0950,1.0851,1.0924,98577
2017-04-26,1.0924,1.0951,1.0855,1.0903,114756
2017-04-27,1.0902,1.0933,1.0851,1.0872,107815
2017-04-28,1.0870,1.0947,1.0857,1.0892,104029
2017-05-01,1.0909,1.0923,1.0884,1.0898,61763
2017-05-02,1.0897,1.0933,1.0888,1.0932,88672
2017-05-03,1.0928,1.0937,1.0882,1.0884,99328
2017-05-04,1.0885,1.0987,1.0875,1.0984,120420
2017-05-05,1.0984,1.0999,1.0948,1.0986,110899
2017-05-08,1.1016,1.1018,1.0916,1.0924,114797
2017-05-09,1.0923,1.0933,1.0863,1.0873,113893
2017-05-10,1.0873,1.0898,1.0853,1.0867,106932
2017-05-11,1.0867,1.0893,1.0839,1.0861,102157
2017-05-12,1.0861,1.0934,1.0855,1.0927,100190
2017-05-15,1.0932,1.0989,1.0922,1.0975,93364
2017-05-16,1.0975,1.1097,1.0973,1.1082,114885
2017-05-17,1.1082,1.1162,1.1079,1.1158,138429
2017-05-18,1.1158,1.1172,1.1076,1.1103,166368
2017-05-19,1.1102,1.1212,1.1096,1.1174,116792
2017-05-22,1.1198,1.1263,1.1161,1.1237,109234
2017-05-23,1.1237,1.1268,1.1175,1.1182,133294
2017-05-24,1.1182,1.1220,1.1168,1.1218,122089
2017-05-25,1.1218,1.1250,1.1193,1.1210,105897
2017-05-26,1.1210,1.1234,1.1160,1.1173,106175
2017-05-29,1.1166,1.1190,1.1161,1.1163,63380
2017-05-30,1.1162,1.1205,1.1109,1.1185,113162
2017-05-31,1.1185,1.1252,1.1164,1.1243,117413
2017-06-01,1.1243,1.1256,1.1202,1.1212,101176
2017-06-02,1.1212,1.1285,1.1205,1.1278,102096
2017-06-05,1.1270,1.1283,1.1234,1.1254,70597
2017-06-06,1.1255,1.1284,1.1240,1.1276,83702
2017-06-07,1.1275,1.1282,1.1204,1.1256,91241
2017-06-08,1.1256,1.1269,1.1195,1.1212,96459
2017-06-09,1.1215,1.1237,1.1166,1.1194,104926
2017-06-12,1.1204,1.1232,1.1192,1.1204,75047
2017-06-13,1.1201,1.1225,1.1185,1.1210,70564
2017-06-14,1.1210,1.1295,1.1193,1.1217,113762
2017-06-15,1.1216,1.1228,1.1132,1.1145,103220
2017-06-16,1.1143,1.1201,1.1138,1.1196,80713
2017-06-19,1.1204,1.1213,1.1143,1.1148,73454
2017-06-20,1.1148,1.1165,1.1119,1.1134,85437
2017-06-21,1.1132,1.1169,1.1127,1.1168,78520
2017-06-22,1.1168,1.1178,1.1139,1.1151,75887
2017-06-23,1.1151,1.1209,1.1145,1.1193,66542
2017-06-26,1.1197,1.1220,1.1171,1.1181,77077
2017-06-27,1.1179,1.1349,1.1179,1.1338,100855
2017-06-28,1.1337,1.1390,1.1291,1.1376,124772
2017-06-29,1.1378,1.1445,1.1374,1.1440,104949
2017-06-30,1.1440,1.1445,1.1392,1.1425,102491
2017-07-03,1.1418,1.1426,1.1355,1.1364,77342
2017-07-04,1.1361,1.1377,1.1336,1.1344,73694
2017-07-05,1.1340,1.1368,1.1312,1.1349,87936
2017-07-06,1.1351,1.1424,1.1327,1.1422,92188
2017-07-07,1.1421,1.1440,1.1379,1.1395,95190
2017-07-10,1.1397,1.1418,1.1381,1.1399,68890
2017-07-11,1.1397,1.1479,1.1382,1.1466,85981
2017-07-12,1.1464,1.1489,1.1391,1.1413,110284
2017-07-13,1.1412,1.1456,1.1370,1.1397,101933
2017-07-14,1.1396,1.1472,1.1391,1.1467,95464
2017-07-17,1.1469,1.1487,1.1435,1.1478,85279
2017-07-18,1.1479,1.1583,1.1471,1.1554,123356
2017-07-19,1.1554,1.1556,1.1510,1.1515,87143
2017-07-20,1.1514,1.1658,1.1479,1.1630,129413
2017-07-21,1.1630,1.1683,1.1619,1.1662,100851
2017-07-24,1.1659,1.1684,1.1626,1.1642,93411
2017-07-25,1.1642,1.1712,1.1630,1.1646,105844
2017-07-26,1.1648,1.1739,1.1612,1.1726,115067
2017-07-27,1.1726,1.1777,1.1650,1.1676,126281
2017-07-28,1.1676,1.1764,1.1671,1.1749,115408
2017-07-31,1.1752,1.1845,1.1723,1.1840,106146
2017-08-01,1.1840,1.1842,1.1785,1.1802,107716
2017-08-02,1.1801,1.1910,1.1793,1.1854,105759
2017-08-03,1.1855,1.1893,1.1830,1.1871,102558
2017-08-04,1.1871,1.1889,1.1728,1.1772,101270
2017-08-07,1.1773,1.1814,1.1768,1.1795,77256
2017-08-08,1.1794,1.1824,1.1715,1.1753,90325
2017-08-09,1.1750,1.1764,1.1688,1.1758,108589
2017-08-10,1.1756,1.1785,1.1704,1.1772,105884
2017-08-11,1.1772,1.1847,1.1748,1.1819,99755
2017-08-14,1.1821,1.1838,1.1769,1.1781,83133
2017-08-15,1.1781,1.1792,1.1687,1.1734,99746
2017-08-16,1.1734,1.1778,1.1681,1.1767,107933
2017-08-17,1.1767,1.1790,1.1662,1.1723,118611
2017-08-18,1.1722,1.1774,1.1708,1.1758,106589
2017-08-21,1.1759,1.1828,1.1731,1.1815,75165
2017-08-22,1.1814,1.1824,1.1745,1.1761,80786
2017-08-23,1.1761,1.1823,1.1740,1.1809,83246
2017-08-24,1.1809,1.1818,1.1784,1.1799,80722
2017-08-25,1.1799,1.1941,1.1773,1.1921,102284
2017-08-28,1.1942,1.1983,1.1917,1.1978,78629
2017-08-29,1.1978,1.2070,1.1946,1.1979,132534
2017-08-30,1.1971,1.1984,1.1881,1.1882,107032
2017-08-31,1.1883,1.1912,1.1823,1.1904,106358
2017-09-01,1.1904,1.1980,1.1850,1.1863,110698
2017-09-04,1.1881,1.1922,1.1873,1.1893,83495
2017-09-05,1.1893,1.1940,1.1868,1.1917,111039
2017-09-06,1.1908,1.1950,1.1903,1.1919,110713
2017-09-07,1.1916,1.2059,1.1914,1.2023,127459
2017-09-08,1.2021,1.2092,1.2014,1.2034,132416
2017-09-11,1.2016,1.2029,1.1949,1.1952,94949
2017-09-12,1.1952,1.1978,1.1926,1.1966,98874
2017-09-13,1.1966,1.1995,1.1873,1.1885,91691
2017-09-14,1.1885,1.1922,1.1838,1.1919,104436
2017-09-15,1.1919,1.1987,1.1901,1.1945,106378
2017-09-18,1.1923,1.1969,1.1915,1.1952,81949
2017-09-19,1.1952,1.2006,1.1948,1.1993,98023
2017-09-20,1.1994,1.2033,1.1861,1.1893,111009
2017-09-21,1.1893,1.1953,1.1866,1.1941,105748
2017-09-22,1.1940,1.2005,1.1937,1.1946,96464
2017-09-25,1.1899,1.1937,1.1832,1.1847,99349
2017-09-26,1.1847,1.1862,1.1757,1.1792,109990
2017-09-27,1.1792,1.1795,1.1717,1.1744,109641
2017-09-28,1.1744,1.1804,1.1721,1.1786,96028
2017-09-29,1.1785,1.1832,1.1772,1.1813,86784
2017-10-02,1.1795,1.1815,1.1730,1.1733,82363
2017-10-03,1.1733,1.1774,1.1696,1.1743,79408
2017-10-04,1.1743,1.1788,1.1735,1.1759,76900
2017-10-05,1.1759,1.1779,1.1699,1.1711,74302
2017-10-06,1.1711,1.1739,1.1669,1.1729,86157
2017-10-09,1.1730,1.1756,1.1720,1.1740,42403
2017-10-10,1.1740,1.1825,1.1739,1.1808,75653
2017-10-11,1.1808,1.1869,1.1795,1.1858,77005
2017-10-12,1.1858,1.1880,1.1827,1.1829,71471
2017-10-13,1.1829,1.1875,1.1805,1.1820,78314
2017-10-16,1.1812,1.1819,1.1781,1.1795,62985
2017-10-17,1.1796,1.1800,1.1736,1.1766,66340
2017-10-18,1.1766,1.1805,1.1730,1.1787,69408
2017-10-19,1.1787,1.1858,1.1768,1.1851,84852
2017-10-20,1.1851,1.1858,1.1762,1.1781,87654
2017-10-23,1.1766,1.1777,1.1725,1.1749,62236
2017-10-24,1.1749,1.1793,1.1743,1.1761,67471
2017-10-25,1.1761,1.1818,1.1753,1.1813,88120
2017-10-26,1.1813,1.1837,1.1640,1.1650,89540
2017-10-27,1.1650,1.1657,1.1574,1.1607,92165
2017-10-30,1.1605,1.1658,1.1593,1.1650,59230
2017-10-31,1.1650,1.1661,1.1625,1.1646,57679
2017-11-01,1.1645,1.1657,1.1606,1.1618,71448
2017-11-02,1.1618,1.1678,1.1613,1.1656,79755
2017-11-03,1.1656,1.1691,1.1599,1.1607,69187
2017-11-06,1.1610,1.1624,1.1580,1.1609,66254
2017-11-07,1.1609,1.1616,1.1554,1.1585,73309
2017-11-08,1.1585,1.1611,1.1579,1.1594,59168
2017-11-09,1.1594,1.1655,1.1586,1.1641,77089
2017-11-10,1.1641,1.1678,1.1623,1.1664,59113
2017-11-13,1.1657,1.1675,1.1637,1.1667,50702
2017-11-14,1.1666,1.1805,1.1661,1.1797,66006
2017-11-15,1.1797,1.1860,1.1785,1.1790,86935
2017-11-16,1.1790,1.1801,1.1757,1.1769,71840
2017-11-17,1.1769,1.1822,1.1765,1.1788,71379
2017-11-20,1.1785,1.1808,1.1722,1.1733,81311
2017-11-21,1.1733,1.1758,1.1713,1.1738,65234
2017-11-22,1.1738,1.1827,1.1732,1.1822,63677
2017-11-23,1.1822,1.1856,1.1813,1.1849,48643
2017-11-24,1.1849,1.1944,1.1837,1.1929,63203
2017-11-27,1.1926,1.1961,1.1896,1.1898,66198
2017-11-28,1.1897,1.1920,1.1827,1.1837,83602
2017-11-29,1.1837,1.1883,1.1817,1.1847,76114
2017-11-30,1.1847,1.1931,1.1809,1.1904,83311
2017-12-01,1.1903,1.1940,1.1851,1.1892,112210
2017-12-04,1.1862,1.1879,1.1829,1.1866,83207
2017-12-05,1.1865,1.1877,1.1801,1.1826,83768
2017-12-06,1.1825,1.1848,1.1781,1.1795,76974
2017-12-07,1.1795,1.1815,1.1772,1.1772,70650
2017-12-08,1.1772,1.1777,1.1730,1.1773,79807
2017-12-11,1.1765,1.1812,1.1763,1.1768,61944
2017-12-12,1.1768,1.1793,1.1718,1.1741,63642
2017-12-13,1.1741,1.1831,1.1729,1.1826,79958
2017-12-14,1.1826,1.1863,1.1771,1.1777,97269
2017-12-15,1.1777,1.1812,1.1748,1.1750,78757
2017-12-18,1.1744,1.1834,1.1738,1.1781,97584
2017-12-19,1.1781,1.1849,1.1777,1.1839,106375
2017-12-20,1.1838,1.1902,1.1829,1.1870,103982
2017-12-21,1.1870,1.1890,1.1849,1.1872,94619
2017-12-22,1.1872,1.1875,1.1817,1.1863,103267
2017-12-26,1.1870,1.1879,1.1847,1.1858,30123
2017-12-27,1.1858,1.1910,1.1855,1.1886,85184
2017-12-28,1.1886,1.1959,1.1886,1.1942,79872
2017-12-29,1.1942,1.2026,1.1936,1.2005,85664
2018-01-02,1.2009,1.2081,1.2001,1.2058,92779
2018-01-03,1.2058,1.2066,1.2001,1.2014,100595
2018-01-04,1.2014,1.2089,1.2004,1.2068,109715
2018-01-05,1.2068,1.2083,1.2021,1.2030,113628
2018-01-08,1.2027,1.2052,1.1956,1.1967,88921
2018-01-09,1.1967,1.1976,1.1915,1.1936,100787
2018-01-10,1.1936,1.2018,1.1923,1.1947,151752
2018-01-11,1.1947,1.2059,1.1929,1.2031,155197
2018-01-12,1.2031,1.2218,1.2031,1.2200,189447
2018-01-15,1.2193,1.2296,1.2188,1.2263,155933
2018-01-16,1.2263,1.2283,1.2195,1.2260,164847
2018-01-17,1.2260,1.2323,1.2177,1.2184,204183
2018-01-18,1.2184,1.2265,1.2165,1.2237,167647
2018-01-19,1.2237,1.2295,1.2215,1.2222,160024
2018-01-22,1.2270,1.2271,1.2214,1.2262,129818
2018-01-23,1.2262,1.2306,1.2223,1.2298,147486
2018-01-24,1.2298,1.2415,1.2291,1.2407,185845
2018-01-25,1.2407,1.2538,1.2364,1.2393,308719
2018-01-26,1.2393,1.2494,1.2370,1.2426,233580
2018-01-29,1.2426,1.2432,1.2337,1.2381,184146
2018-01-30,1.2381,1.2454,1.2335,1.2402,176386
2018-01-31,1.2402,1.2475,1.2387,1.2413,208308
2018-02-01,1.2413,1.2522,1.2385,1.2508,185833
2018-02-02,1.2507,1.2518,1.2409,1.2456,196693
2018-02-05,1.2434,1.2475,1.2363,1.2367,212883
2018-02-06,1.2366,1.2435,1.2314,1.2377,298127
2018-02-07,1.2377,1.2406,1.2246,1.2263,180783
2018-02-08,1.2262,1.2295,1.2212,1.2247,237241
2018-02-09,1.2247,1.2287,1.2205,1.2250,231451
2018-02-12,1.2244,1.2297,1.2235,1.2291,136792
2018-02-13,1.2291,1.2371,1.2285,1.2350,138960
2018-02-14,1.2350,1.2465,1.2276,1.2449,197638
2018-02-15,1.2449,1.2510,1.2448,1.2506,165673
2018-02-16,1.2506,1.2555,1.2393,1.2410,171908
2018-02-19,1.2401,1.2435,1.2369,1.2407,118021
2018-02-20,1.2407,1.2412,1.2320,1.2337,150082
2018-02-21,1.2337,1.2360,1.2281,1.2282,190080
2018-02-22,1.2282,1.2352,1.2260,1.2329,150020
2018-02-23,1.2329,1.2337,1.2280,1.2293,117594
2018-02-26,1.2293,1.2355,1.2278,1.2317,127575
2018-02-27,1.2317,1.2346,1.2222,1.2232,154107
2018-02-28,1.2232,1.2242,1.2188,1.2193,141018
2018-03-01,1.2192,1.2273,1.2155,1.2265,172658
2018-03-02,1.2265,1.2336,1.2251,1.2318,153468
2018-03-05,1.2332,1.2365,1.2269,1.2335,159863
2018-03-06,1.2335,1.2420,1.2328,1.2403,148585
2018-03-07,1.2403,1.2445,1.2385,1.2411,150782
2018-03-08,1.2411,1.2446,1.2298,1.2310,175052
2018-03-09,1.2310,1.2334,1.2273,1.2305,152115
2018-03-12,1.2310,1.2346,1.2290,1.2335,103057
2018-03-13,1.2334,1.2407,1.2314,1.2391,134095
2018-03-14,1.2391,1.2412,1.2347,1.2368,132189
2018-03-15,1.2368,1.2384,1.2300,1.2304,139664
2018-03-16,1.2305,1.2336,1.2260,1.2289,110331
2018-03-19,1.2287,1.2359,1.2258,1.2334,117506
2018-03-20,1.2334,1.2355,1.2240,1.2244,111873
2018-03-21,1.2244,1.2350,1.2242,1.2338,145129
2018-03-22,1.2338,1.2389,1.2285,1.2306,150537
2018-03-23,1.2306,1.2373,1.2306,1.2351,125138
2018-03-26,1.2350,1.2462,1.2349,1.2443,111194
2018-03-27,1.2442,1.2476,1.2372,1.2402,124710
2018-03-28,1.2402,1.2422,1.2300,1.2307,123308
2018-03-29,1.2308,1.2336,1.2284,1.2300,115697
2018-03-30,1.2300,1.2330,1.2287,1.2322,54735
2018-04-02,1.2319,1.2345,1.2281,1.2302,65570
2018-04-03,1.2302,1.2336,1.2254,1.2270,106695
2018-04-04,1.2270,1.2315,1.2257,1.2278,67672
2018-04-05,1.2277,1.2290,1.2218,1.2240,66831
2018-04-06,1.2239,1.2291,1.2215,1.2281,99875
2018-04-09,1.2279,1.2331,1.2260,1.2320,77883
2018-04-10,1.2318,1.2378,1.2303,1.2356,86437
2018-04-11,1.2355,1.2396,1.2347,1.2367,77839
2018-04-12,1.2366,1.2380,1.2299,1.2326,80071
2018-04-13,1.2326,1.2346,1.2307,1.2329,63714
2018-04-16,1.2329,1.2394,1.2323,1.2379,57512
2018-04-17,1.2378,1.2414,1.2336,1.2369,59231
2018-04-18,1.2369,1.2397,1.2342,1.2373,70339
2018-04-19,1.2373,1.2400,1.2329,1.2345,80260
2018-04-20,1.2345,1.2353,1.2250,1.2287,72329
2018-04-23,1.2269,1.2289,1.2197,1.2208,74477
2018-04-24,1.2208,1.2245,1.2182,1.2232,80163
2018-04-25,1.2231,1.2239,1.2160,1.2161,78942
2018-04-26,1.2160,1.2210,1.2096,1.2103,116739
2018-04-27,1.2103,1.2133,1.2055,1.2129,90007
2018-04-30,1.2125,1.2139,1.2064,1.2077,87762
2018-05-01,1.2077,1.2084,1.1981,1.1992,78079
2018-05-02,1.1992,1.2032,1.1938,1.1950,128842
2018-05-03,1.1950,1.2009,1.1948,1.1988,121867
2018-05-04,1.1988,1.1995,1.1911,1.1961,98396
2018-05-07,1.1951,1.1978,1.1898,1.1922,65117
2018-05-08,1.1922,1.1939,1.1838,1.1864,101635
2018-05-09,1.1864,1.1897,1.1823,1.1850,92730
2018-05-10,1.1850,1.1946,1.1843,1.1915,122785
2018-05-11,1.1915,1.1968,1.1891,1.1942,85555
2018-05-14,1.1942,1.1996,1.1926,1.1926,80250
2018-05-15,1.1926,1.1939,1.1820,1.1837,110146
2018-05-16,1.1837,1.1854,1.1763,1.1807,130008
2018-05-17,1.1806,1.1837,1.1776,1.1793,115750
2018-05-18,1.1794,1.1822,1.1750,1.1770,87408
2018-05-21,1.1770,1.1796,1.1717,1.1791,78020
2018-05-22,1.1791,1.1830,1.1757,1.1778,99635
2018-05-23,1.1778,1.1790,1.1676,1.1695,140803
2018-05-24,1.1695,1.1750,1.1691,1.1719,113681
2018-05-25,1.1720,1.1734,1.1645,1.1649,107336
2018-05-28,1.1682,1.1728,1.1607,1.1624,91144
2018-05-29,1.1623,1.1640,1.1510,1.1539,161703
2018-05-30,1.1535,1.1676,1.1519,1.1662,143785
2018-05-31,1.1662,1.1724,1.1641,1.1691,128391
2018-06-01,1.1688,1.1718,1.1617,1.1660,118620
2018-06-04,1.1655,1.1744,1.1655,1.1698,90141
2018-06-05,1.1697,1.1732,1.1653,1.1717,100777
2018-06-06,1.1712,1.1796,1.1711,1.1774,100373
2018-06-07,1.1773,1.1840,1.1772,1.1798,112147
2018-06-08,1.1798,1.1810,1.1727,1.1769,90929
2018-06-11,1.1773,1.1820,1.1771,1.1783,74392
2018-06-12,1.1782,1.1809,1.1733,1.1745,96897
2018-06-13,1.1746,1.1801,1.1725,1.1791,101323
2018-06-14,1.1791,1.1852,1.1563,1.1566,138338
2018-06-15,1.1568,1.1627,1.1543,1.1607,115763
2018-06-18,1.1587,1.1624,1.1565,1.1622,76216
2018-06-19,1.1622,1.1644,1.1530,1.1588,128559
2018-06-20,1.1587,1.1600,1.1536,1.1570,105384
2018-06-21,1.1569,1.1633,1.1508,1.1603,137199
2018-06-22,1.1598,1.1675,1.1598,1.1654,127058
2018-06-25,1.1663,1.1713,1.1628,1.1703,106506
2018-06-26,1.1703,1.1721,1.1635,1.1646,121598
2018-06-27,1.1645,1.1672,1.1540,1.1552,122606
2018-06-28,1.1552,1.1601,1.1527,1.1568,131958
2018-06-29,1.1567,1.1690,1.1558,1.1683,142851
2018-07-02,1.1684,1.1689,1.1591,1.1639,95314
2018-07-03,1.1639,1.1673,1.1620,1.1655,92957
2018-07-04,1.1656,1.1682,1.1630,1.1656,75752
2018-07-05,1.1655,1.1720,1.1650,1.1689,99612
2018-07-06,1.1689,1.1768,1.1680,1.1744,89473
2018-07-09,1.1738,1.1791,1.1733,1.1750,88040
2018-07-10,1.1749,1.1763,1.1690,1.1744,80664
2018-07-11,1.1742,1.1758,1.1665,1.1671,113328
2018-07-12,1.1672,1.1696,1.1650,1.1670,95067
2018-07-13,1.1670,1.1687,1.1613,1.1686,90837
2018-07-16,1.1689,1.1725,1.1676,1.1711,82627
2018-07-17,1.1709,1.1745,1.1649,1.1660,96980
2018-07-18,1.1659,1.1665,1.1602,1.1638,93327
2018-07-19,1.1638,1.1679,1.1575,1.1641,134415
2018-07-20,1.1642,1.1739,1.1626,1.1721,146710
2018-07-23,1.1726,1.1750,1.1683,1.1691,73082
2018-07-24,1.1691,1.1717,1.1654,1.1686,76859
2018-07-25,1.1686,1.1738,1.1663,1.1728,79792
2018-07-26,1.1729,1.1743,1.1640,1.1642,77509
2018-07-27,1.1640,1.1664,1.1620,1.1657,65298
2018-07-30,1.1656,1.1718,1.1648,1.1705,50121
2018-07-31,1.1703,1.1745,1.1685,1.1691,70827
2018-08-01,1.1689,1.1699,1.1657,1.1659,62909
2018-08-02,1.1659,1.1667,1.1581,1.1584,61156
2018-08-03,1.1584,1.1610,1.1560,1.1567,68396
2018-08-06,1.1568,1.1571,1.1530,1.1553,46317
2018-08-07,1.1553,1.1608,1.1550,1.1598,49278
2018-08-08,1.1598,1.1628,1.1573,1.1610,49821
2018-08-09,1.1610,1.1619,1.1525,1.1526,58810
2018-08-10,1.1526,1.1536,1.1388,1.1411,112034
2018-08-13,1.1371,1.1432,1.1365,1.1410,101338
2018-08-14,1.1409,1.1429,1.1330,1.1344,81007
2018-08-15,1.1343,1.1355,1.1301,1.1344,80064
2018-08-16,1.1345,1.1409,1.1335,1.1376,87129
2018-08-17,1.1376,1.1444,1.1366,1.1438,75130
2018-08-20,1.1437,1.1485,1.1394,1.1481,61642
2018-08-21,1.1480,1.1601,1.1479,1.1570,85498
2018-08-22,1.1570,1.1623,1.1553,1.1596,75217
2018-08-23,1.1594,1.1599,1.1529,1.1538,73006
2018-08-24,1.1537,1.1639,1.1534,1.1622,76788
2018-08-27,1.1616,1.1693,1.1594,1.1678,64033
2018-08-28,1.1677,1.1733,1.1662,1.1694,73221
2018-08-29,1.1694,1.1710,1.1651,1.1706,82808
2018-08-30,1.1706,1.1718,1.1641,1.1670,79792
2018-08-31,1.1665,1.1690,1.1584,1.1602,87294
2018-09-03,1.1596,1.1627,1.1588,1.1618,51281
2018-09-04,1.1617,1.1621,1.1530,1.1580,69457
2018-09-05,1.1580,1.1640,1.1542,1.1629,77201
2018-09-06,1.1630,1.1659,1.1605,1.1623,79031
2018-09-07,1.1623,1.1649,1.1550,1.1553,84349
2018-09-10,1.1549,1.1616,1.1525,1.1593,59122
2018-09-11,1.1592,1.1644,1.1565,1.1604,61376
2018-09-12,1.1604,1.1649,1.1570,1.1625,67488
2018-09-13,1.1625,1.1701,1.1609,1.1690,64885
2018-09-14,1.1689,1.1721,1.1620,1.1622,62858
2018-09-17,1.1623,1.1698,1.1618,1.1683,50096
2018-09-18,1.1683,1.1724,1.1652,1.1665,76822
2018-09-19,1.1665,1.1715,1.1650,1.1672,69430
2018-09-20,1.1672,1.1784,1.1668,1.1777,76388
2018-09-21,1.1776,1.1802,1.1732,1.1754,72001
2018-09-24,1.1741,1.1815,1.1724,1.1747,61072
2018-09-25,1.1748,1.1792,1.1730,1.1766,66466
2018-09-26,1.1765,1.1797,1.1726,1.1738,77756
2018-09-27,1.1736,1.1757,1.1639,1.1641,86181
2018-09-28,1.1641,1.1651,1.1569,1.1602,78258
2018-10-01,1.1616,1.1624,1.1563,1.1578,64958
2018-10-02,1.1579,1.1580,1.1505,1.1546,70105
2018-10-03,1.1547,1.1593,1.1464,1.1477,84237
2018-10-04,1.1476,1.1542,1.1463,1.1513,82675
2018-10-05,1.1514,1.1549,1.1484,1.1523,89767
2018-10-08,1.1521,1.1529,1.1460,1.1491,65049
2018-10-09,1.1490,1.1503,1.1432,1.1490,90038
2018-10-10,1.1490,1.1545,1.1479,1.1518,79873
2018-10-11,1.1519,1.1599,1.1518,1.1593,115300
2018-10-12,1.1586,1.1610,1.1534,1.1558,78170
2018-10-15,1.1536,1.1606,1.1536,1.1578,68232
2018-10-16,1.1579,1.1621,1.1566,1.1573,67195
2018-10-17,1.1573,1.1580,1.1495,1.1500,78065
2018-10-18,1.1500,1.1527,1.1449,1.1452,86453
2018-10-19,1.1452,1.1534,1.1433,1.1514,87116
2018-10-22,1.1516,1.1550,1.1455,1.1464,66533
2018-10-23,1.1463,1.1493,1.1439,1.1470,85905
2018-10-24,1.1470,1.1476,1.1378,1.1391,89697
2018-10-25,1.1392,1.1432,1.1356,1.1375,83219
2018-10-26,1.1373,1.1421,1.1335,1.1402,87255
2018-10-29,1.1398,1.1416,1.1360,1.1372,74259
2018-10-30,1.1372,1.1387,1.1340,1.1343,66558
2018-10-31,1.1343,1.1360,1.1302,1.1314,72835
2018-11-01,1.1313,1.1424,1.1312,1.1401,78589
2018-11-02,1.1401,1.1456,1.1372,1.1386,82634
2018-11-05,1.1385,1.1424,1.1353,1.1407,65926
2018-11-06,1.1406,1.1438,1.1391,1.1426,65627
2018-11-07,1.1426,1.1499,1.1394,1.1425,103065
2018-11-08,1.1425,1.1446,1.1351,1.1363,82459
2018-11-09,1.1363,1.1368,1.1316,1.1334,79538
2018-11-12,1.1318,1.1330,1.1215,1.1217,76096
2018-11-13,1.1218,1.1293,1.1216,1.1290,87913
2018-11-14,1.1290,1.1347,1.1263,1.1308,97984
2018-11-15,1.1309,1.1362,1.1270,1.1325,101325
2018-11-16,1.1325,1.1420,1.1321,1.1414,79708
2018-11-19,1.1414,1.1464,1.1394,1.1452,57093
2018-11-20,1.1453,1.1472,1.1358,1.1369,68152
2018-11-21,1.1369,1.1424,1.1364,1.1384,63793
2018-11-22,1.1385,1.1434,1.1380,1.1401,53689
2018-11-23,1.1400,1.1421,1.1327,1.1330,54912
2018-11-26,1.1339,1.1383,1.1325,1.1327,59473
2018-11-27,1.1327,1.1343,1.1277,1.1287,73668
2018-11-28,1.1285,1.1387,1.1267,1.1366,78417
2018-11-29,1.1366,1.1401,1.1348,1.1393,72933
2018-11-30,1.1392,1.1400,1.1305,1.1316,67622
2018-12-03,1.1350,1.1379,1.1319,1.1353,63645
2018-12-04,1.1354,1.1419,1.1318,1.1342,82664
2018-12-05,1.1341,1.1361,1.1310,1.1344,50759
2018-12-06,1.1345,1.1412,1.1321,1.1375,91693
2018-12-07,1.1377,1.1423,1.1360,1.1396,83663
2018-12-10,1.1389,1.1442,1.1350,1.1355,91188
2018-12-11,1.1355,1.1400,1.1306,1.1316,82309
2018-12-12,1.1316,1.1387,1.1315,1.1368,83664
2018-12-13,1.1369,1.1393,1.1331,1.1358,74268
2018-12-14,1.1357,1.1365,1.1269,1.1305,69178
2018-12-17,1.1300,1.1357,1.1296,1.1347,66070
2018-12-18,1.1347,1.1402,1.1336,1.1360,70991
2018-12-19,1.1360,1.1439,1.1360,1.1376,91875
2018-12-20,1.1376,1.1485,1.1369,1.1445,103392
2018-12-21,1.1445,1.1474,1.1356,1.1366,93835
2018-12-24,1.1367,1.1438,1.1360,1.1416,64548
2018-12-26,1.1414,1.1415,1.1342,1.1352,41184
2018-12-27,1.1354,1.1454,1.1351,1.1429,99672
2018-12-28,1.1431,1.1472,1.1426,1.1440,82072
2018-12-31,1.1434,1.1465,1.1421,1.1456,56624
2019-01-02,1.1445,1.1497,1.1325,1.1344,75137
2019-01-03,1.1344,1.1411,1.1309,1.1393,112036
2019-01-04,1.1392,1.1419,1.1345,1.1396,87686
2019-01-07,1.1396,1.1482,1.1395,1.1474,61863
2019-01-08,1.1474,1.1484,1.1422,1.1441,65376
2019-01-09,1.1441,1.1558,1.1437,1.1542,85116
2019-01-10,1.1542,1.1570,1.1484,1.1499,77269
2019-01-11,1.1500,1.1540,1.1458,1.1463,75655
2019-01-14,1.1457,1.1482,1.1450,1.1468,64743
2019-01-15,1.1468,1.1489,1.1381,1.1412,85035
2019-01-16,1.1411,1.1424,1.1377,1.1391,67202
2019-01-17,1.1391,1.1406,1.1370,1.1388,69091
2019-01-18,1.1388,1.1410,1.1353,1.1365,60631
2019-01-21,1.1359,1.1391,1.1356,1.1366,40375
2019-01-22,1.1364,1.1374,1.1336,1.1359,60725
2019-01-23,1.1359,1.1394,1.1351,1.1381,60240
2019-01-24,1.1380,1.1391,1.1289,1.1303,91132
2019-01-25,1.1306,1.1417,1.1300,1.1405,81958
2019-01-28,1.1401,1.1443,1.1390,1.1426,60108
2019-01-29,1.1425,1.1450,1.1411,1.1432,77196
2019-01-30,1.1431,1.1501,1.1406,1.1478,80118
2019-01-31,1.1479,1.1514,1.1435,1.1446,79532
2019-02-01,1.1447,1.1488,1.1434,1.1453,68138
2019-02-04,1.1451,1.1460,1.1424,1.1435,56412
2019-02-05,1.1435,1.1440,1.1401,1.1404,52222
2019-02-06,1.1404,1.1409,1.1360,1.1361,51390
2019-02-07,1.1361,1.1368,1.1324,1.1339,55495
2019-02-08,1.1337,1.1351,1.1321,1.1322,45125
2019-02-11,1.1320,1.1330,1.1267,1.1275,47074
2019-02-12,1.1274,1.1339,1.1257,1.1325,51206
2019-02-13,1.1326,1.1341,1.1260,1.1260,58633
2019-02-14,1.1261,1.1309,1.1249,1.1294,69496
2019-02-15,1.1295,1.1306,1.1234,1.1290,63578
2019-02-18,1.1292,1.1334,1.1289,1.1308,39401
2019-02-19,1.1309,1.1357,1.1275,1.1339,63496
2019-02-20,1.1340,1.1371,1.1324,1.1335,62866
2019-02-21,1.1337,1.1366,1.1320,1.1333,74361
2019-02-22,1.1332,1.1355,1.1316,1.1330,58498
2019-02-25,1.1333,1.1367,1.1327,1.1356,55710
2019-02-26,1.1356,1.1402,1.1345,1.1388,63522
2019-02-27,1.1389,1.1403,1.1362,1.1368,62231
2019-02-28,1.1369,1.1419,1.1359,1.1370,71924
2019-03-01,1.1370,1.1408,1.1353,1.1363,64344
2019-03-04,1.1373,1.1381,1.1309,1.1339,58233
2019-03-05,1.1339,1.1341,1.1289,1.1307,56132
2019-03-06,1.1307,1.1324,1.1285,1.1305,52094
2019-03-07,1.1306,1.1320,1.1176,1.1192,70529
2019-03-08,1.1193,1.1246,1.1185,1.1232,67076
2019-03-11,1.1235,1.1258,1.1221,1.1248,54307
2019-03-12,1.1248,1.1305,1.1247,1.1288,72484
2019-03-13,1.1288,1.1338,1.1277,1.1330,54741
2019-03-14,1.1330,1.1337,1.1294,1.1304,63552
2019-03-15,1.1304,1.1344,1.1300,1.1324,49268
2019-03-18,1.1323,1.1359,1.1319,1.1335,43144
2019-03-19,1.1335,1.1361,1.1333,1.1349,42956
2019-03-20,1.1349,1.1448,1.1335,1.1424,66875
2019-03-21,1.1424,1.1437,1.1342,1.1373,71203
2019-03-22,1.1373,1.1390,1.1273,1.1301,79566
2019-03-25,1.1293,1.1331,1.1288,1.1313,60222
2019-03-26,1.1313,1.1326,1.1263,1.1270,63123
2019-03-27,1.1270,1.1285,1.1242,1.1251,81548
2019-03-28,1.1251,1.1261,1.1213,1.1226,73375
2019-03-29,1.1226,1.1246,1.1209,1.1217,70101
2019-04-01,1.1226,1.1250,1.1204,1.1212,64053
2019-04-02,1.1212,1.1216,1.1183,1.1203,59687
2019-04-03,1.1204,1.1254,1.1200,1.1231,55770
2019-04-04,1.1232,1.1247,1.1206,1.1219,52145
2019-04-05,1.1220,1.1248,1.1210,1.1215,48931
2019-04-08,1.1214,1.1274,1.1210,1.1261,40307
2019-04-09,1.1259,1.1284,1.1255,1.1261,46549
2019-04-10,1.1262,1.1287,1.1230,1.1272,55052
2019-04-11,1.1274,1.1287,1.1250,1.1251,47365
2019-04-12,1.1254,1.1323,1.1250,1.1298,48245
2019-04-15,1.1303,1.1321,1.1297,1.1302,40594
2019-04-16,1.1304,1.1314,1.1279,1.1280,57498
2019-04-17,1.1280,1.1323,1.1278,1.1295,48362
2019-04-18,1.1299,1.1304,1.1226,1.1231,59680
2019-04-19,1.1231,1.1247,1.1227,1.1239,19241
2019-04-22,1.1240,1.1262,1.1235,1.1256,19798
2019-04-23,1.1257,1.1261,1.1192,1.1226,45148
2019-04-24,1.1227,1.1227,1.1140,1.1152,61319
2019-04-25,1.1152,1.1162,1.1117,1.1131,56602
2019-04-26,1.1132,1.1174,1.1111,1.1142,58194
2019-04-29,1.1139,1.1186,1.1139,1.1185,35978
2019-04-30,1.1184,1.1229,1.1175,1.1214,55570
2019-05-01,1.1215,1.1264,1.1187,1.1194,52561
2019-05-02,1.1194,1.1219,1.1170,1.1171,59203
2019-05-03,1.1171,1.1204,1.1135,1.1202,62926
2019-05-06,1.1171,1.1209,1.1167,1.1198,50693
2019-05-07,1.1199,1.1218,1.1166,1.1191,55133
2019-05-08,1.1191,1.1213,1.1182,1.1190,65660
2019-05-09,1.1192,1.1250,1.1173,1.1213,71388
2019-05-10,1.1212,1.1253,1.1212,1.1233,61716
2019-05-13,1.1230,1.1263,1.1221,1.1221,53948
2019-05-14,1.1224,1.1244,1.1201,1.1203,46273
2019-05-15,1.1203,1.1224,1.1178,1.1200,54977
2019-05-16,1.1201,1.1224,1.1166,1.1173,43955
2019-05-17,1.1172,1.1184,1.1155,1.1157,52345
2019-05-20,1.1160,1.1174,1.1150,1.1165,39688
2019-05-21,1.1165,1.1188,1.1142,1.1160,49267
2019-05-22,1.1161,1.1180,1.1148,1.1149,40186
2019-05-23,1.1150,1.1187,1.1107,1.1181,56391
2019-05-24,1.1182,1.1212,1.1171,1.1204,47653
2019-05-27,1.1209,1.1215,1.1186,1.1191,22325
2019-05-28,1.1191,1.1201,1.1159,1.1159,47476
2019-05-29,1.1159,1.1172,1.1124,1.1130,52104
2019-05-30,1.1131,1.1143,1.1116,1.1128,39680
2019-05-31,1.1129,1.1179,1.1125,1.1168,63812
2019-06-03,1.1164,1.1262,1.1160,1.1241,60286
2019-06-04,1.1241,1.1277,1.1226,1.1251,66225
2019-06-05,1.1251,1.1306,1.1219,1.1220,68591
2019-06-06,1.1220,1.1308,1.1200,1.1275,65681
2019-06-07,1.1275,1.1347,1.1251,1.1332,65017
2019-06-10,1.1322,1.1330,1.1290,1.1311,41968
2019-06-11,1.1311,1.1337,1.1301,1.1325,54772
2019-06-12,1.1325,1.1343,1.1282,1.1287,55352
2019-06-13,1.1286,1.1303,1.1268,1.1276,46911
2019-06-14,1.1276,1.1289,1.1202,1.1210,57587
2019-06-17,1.1209,1.1247,1.1203,1.1218,36098
2019-06-18,1.1217,1.1242,1.1181,1.1194,69955
2019-06-19,1.1193,1.1254,1.1187,1.1226,60832
2019-06-20,1.1225,1.1317,1.1225,1.1292,77964
2019-06-21,1.1291,1.1377,1.1283,1.1370,73953
2019-06-24,1.1370,1.1404,1.1365,1.1398,50476
2019-06-25,1.1398,1.1412,1.1344,1.1365,73345
2019-06-26,1.1366,1.1391,1.1347,1.1368,61995
2019-06-27,1.1368,1.1381,1.1347,1.1369,53189
2019-06-28,1.1369,1.1393,1.1350,1.1369,51926
2019-07-01,1.1367,1.1371,1.1281,1.1285,60439
2019-07-02,1.1285,1.1321,1.1275,1.1286,47546
2019-07-03,1.1285,1.1311,1.1268,1.1277,48446
2019-07-04,1.1278,1.1295,1.1273,1.1285,19882
2019-07-05,1.1284,1.1287,1.1207,1.1225,47465
2019-07-08,1.1224,1.1234,1.1207,1.1214,30639
2019-07-09,1.1214,1.1219,1.1193,1.1208,30859
2019-07-10,1.1208,1.1264,1.1202,1.1250,51798
2019-07-11,1.1250,1.1286,1.1245,1.1253,54278
2019-07-12,1.1253,1.1275,1.1238,1.1270,47891
2019-07-15,1.1265,1.1284,1.1253,1.1258,36185
2019-07-16,1.1257,1.1263,1.1202,1.1210,45039
2019-07-17,1.1210,1.1234,1.1200,1.1224,34137
2019-07-18,1.1224,1.1280,1.1205,1.1277,53313
2019-07-19,1.1277,1.1282,1.1203,1.1219,53374
2019-07-22,1.1214,1.1225,1.1206,1.1209,38142
2019-07-23,1.1209,1.1210,1.1146,1.1152,36191
2019-07-24,1.1152,1.1156,1.1127,1.1140,36648
2019-07-25,1.1140,1.1188,1.1101,1.1147,57238
2019-07-26,1.1146,1.1151,1.1112,1.1127,36236
2019-07-29,1.1125,1.1151,1.1113,1.1144,29728
2019-07-30,1.1144,1.1161,1.1132,1.1155,40857
2019-07-31,1.1155,1.1162,1.1060,1.1075,66365
2019-08-01,1.1075,1.1096,1.1027,1.1085,87969
2019-08-02,1.1085,1.1116,1.1070,1.1105,94407
2019-08-05,1.1103,1.1213,1.1103,1.1203,84246
2019-08-06,1.1203,1.1250,1.1167,1.1198,82042
2019-08-07,1.1198,1.1242,1.1179,1.1198,93908
2019-08-08,1.1198,1.1233,1.1177,1.1180,74309
2019-08-09,1.1180,1.1223,1.1179,1.1200,53195
2019-08-12,1.1198,1.1231,1.1162,1.1213,55940
2019-08-13,1.1213,1.1229,1.1170,1.1171,75583
2019-08-14,1.1171,1.1191,1.1131,1.1138,71059
2019-08-15,1.1138,1.1158,1.1091,1.1106,87542
2019-08-16,1.1106,1.1112,1.1066,1.1089,59986
2019-08-19,1.1092,1.1114,1.1076,1.1078,40733
2019-08-20,1.1077,1.1107,1.1065,1.1100,49251
2019-08-21,1.1099,1.1107,1.1080,1.1084,51378
2019-08-22,1.1084,1.1113,1.1063,1.1080,52243
2019-08-23,1.1080,1.1153,1.1052,1.1139,78903
2019-08-26,1.1150,1.1164,1.1094,1.1102,106111
2019-08-27,1.1102,1.1116,1.1086,1.1090,69606
2019-08-28,1.1090,1.1098,1.1073,1.1077,66205
2019-08-29,1.1077,1.1093,1.1042,1.1056,69444
2019-08-30,1.1056,1.1060,1.0963,1.0989,68588
2019-09-02,1.0990,1.0997,1.0958,1.0970,42316
2019-09-03,1.0966,1.0979,1.0926,1.0973,79803
2019-09-04,1.0974,1.1038,1.0968,1.1035,62939
2019-09-05,1.1035,1.1085,1.1017,1.1034,71471
2019-09-06,1.1034,1.1057,1.1020,1.1024,65458
2019-09-09,1.1026,1.1068,1.1015,1.1048,48319
2019-09-10,1.1047,1.1059,1.1030,1.1043,41989
2019-09-11,1.1043,1.1056,1.0985,1.1010,38930
2019-09-12,1.1010,1.1087,1.0927,1.1064,66013
2019-09-13,1.1064,1.1109,1.1055,1.1070,51145
2019-09-16,1.1072,1.1086,1.0993,1.1000,47575
2019-09-17,1.1000,1.1075,1.0990,1.1073,50330
2019-09-18,1.1072,1.1076,1.1014,1.1030,47198
2019-09-19,1.1030,1.1073,1.1023,1.1041,50700
2019-09-20,1.1041,1.1067,1.0996,1.1019,48550
2019-09-23,1.1012,1.1025,1.0966,1.0993,47909
2019-09-24,1.0993,1.1024,1.0984,1.1019,47238
2019-09-25,1.1019,1.1023,1.0937,1.0942,50810
2019-09-26,1.0941,1.0967,1.0909,1.0920,46381
2019-09-27,1.0920,1.0959,1.0904,1.0941,45322
2019-09-30,1.0940,1.0948,1.0885,1.0899,40582
2019-10-01,1.0899,1.0943,1.0879,1.0932,49761
2019-10-02,1.0931,1.0963,1.0904,1.0959,46807
2019-10-03,1.0958,1.0999,1.0941,1.0963,52978
2019-10-04,1.0963,1.0998,1.0957,1.0977,50379
2019-10-07,1.0979,1.1001,1.0962,1.0970,38536
2019-10-08,1.0970,1.0996,1.0941,1.0956,50286
2019-10-09,1.0956,1.0990,1.0951,1.0971,38973
2019-10-10,1.0970,1.1034,1.0970,1.1005,55426
2019-10-11,1.1005,1.1063,1.1001,1.1036,61821
2019-10-14,1.1031,1.1043,1.1013,1.1025,35303
2019-10-15,1.1025,1.1046,1.0991,1.1032,52741
2019-10-16,1.1032,1.1085,1.1022,1.1071,55732
2019-10-17,1.1071,1.1140,1.1065,1.1123,53064
2019-10-18,1.1124,1.1170,1.1115,1.1169,40254
2019-10-21,1.1160,1.1179,1.1139,1.1149,36175
2019-10-22,1.1149,1.1157,1.1118,1.1124,37361
2019-10-23,1.1124,1.1140,1.1106,1.1130,30632
2019-10-24,1.1130,1.1163,1.1093,1.1104,41432
2019-10-25,1.1104,1.1123,1.1073,1.1079,27730
2019-10-28,1.1079,1.1106,1.1076,1.1099,26754
2019-10-29,1.1099,1.1118,1.1074,1.1112,30581
2019-10-30,1.1112,1.1153,1.1080,1.1152,43735
2019-10-31,1.1152,1.1176,1.1131,1.1151,43509
2019-11-01,1.1151,1.1172,1.1128,1.1165,35007
2019-11-04,1.1169,1.1175,1.1125,1.1127,30537
2019-11-05,1.1127,1.1140,1.1063,1.1074,41380
2019-11-06,1.1074,1.1093,1.1065,1.1066,31859
2019-11-07,1.1066,1.1092,1.1036,1.1050,45912
2019-11-08,1.1049,1.1055,1.1017,1.1019,33030
2019-11-11,1.1018,1.1043,1.1016,1.1032,23325
2019-11-12,1.1032,1.1038,1.1002,1.1009,31441
2019-11-13,1.1009,1.1020,1.0995,1.1005,34467
2019-11-14,1.1005,1.1027,1.0989,1.1021,32577
2019-11-15,1.1021,1.1057,1.1015,1.1052,27792
2019-11-18,1.1051,1.1090,1.1048,1.1072,28482
2019-11-19,1.1072,1.1084,1.1062,1.1078,26644
2019-11-20,1.1078,1.1081,1.1053,1.1072,34131
2019-11-21,1.1072,1.1097,1.1052,1.1058,31829
2019-11-22,1.1058,1.1087,1.1014,1.1018,32645
2019-11-25,1.1015,1.1032,1.1003,1.1013,27995
2019-11-26,1.1013,1.1025,1.1007,1.1019,28638
2019-11-27,1.1019,1.1025,1.0992,1.0999,29482
2019-11-28,1.0999,1.1018,1.0999,1.1008,20746
2019-11-29,1.1007,1.1028,1.0981,1.1015,27604
2019-12-02,1.1024,1.1091,1.1003,1.1078,31480
2019-12-03,1.1078,1.1093,1.1066,1.1081,32021
2019-12-04,1.1081,1.1116,1.1067,1.1078,35509
2019-12-05,1.1077,1.1108,1.1077,1.1104,27845
2019-12-06,1.1104,1.1110,1.1040,1.1059,27888
2019-12-09,1.1057,1.1078,1.1053,1.1063,21381
2019-12-10,1.1063,1.1098,1.1063,1.1092,27293
2019-12-11,1.1091,1.1145,1.1070,1.1129,33856
2019-12-12,1.1129,1.1154,1.1103,1.1129,44761
2019-12-13,1.1129,1.1199,1.1103,1.1117,63101
2019-12-16,1.1126,1.1158,1.1123,1.1143,30624
2019-12-17,1.1143,1.1175,1.1129,1.1149,35410
2019-12-18,1.1148,1.1154,1.1110,1.1113,31490
2019-12-19,1.1113,1.1144,1.1107,1.1120,34743
2019-12-20,1.1120,1.1125,1.1066,1.1075,29734
2019-12-23,1.1075,1.1096,1.1070,1.1090,29202
2019-12-24,1.1090,1.1094,1.1069,1.1085,22030
2019-12-26,1.1090,1.1109,1.1082,1.1097,10530
2019-12-27,1.1097,1.1188,1.1094,1.1176,36676
2019-12-30,1.1175,1.1221,1.1171,1.1199,36372
2019-12-31,1.1199,1.1239,1.1198,1.1217,32435
2020-01-02,1.1213,1.1214,1.1163,1.1172,30404
2020-01-03,1.1172,1.1180,1.1125,1.1156,39449
2020-01-06,1.1165,1.1205,1.1157,1.1197,32448
2020-01-07,1.1196,1.1198,1.1134,1.1153,35909
2020-01-08,1.1153,1.1168,1.1102,1.1105,50619
2020-01-09,1.1105,1.1120,1.1092,1.1105,32024
2020-01-10,1.1105,1.1129,1.1085,1.1121,30181
2020-01-13,1.1116,1.1147,1.1113,1.1134,25932
2020-01-14,1.1134,1.1144,1.1104,1.1127,31762
2020-01-15,1.1128,1.1163,1.1119,1.1149,29102
2020-01-16,1.1149,1.1173,1.1128,1.1136,30453
2020-01-17,1.1135,1.1142,1.1086,1.1089,28089
2020-01-20,1.1092,1.1102,1.1077,1.1094,18552
2020-01-21,1.1093,1.1118,1.1081,1.1082,29051
2020-01-22,1.1082,1.1098,1.1070,1.1092,30270
2020-01-23,1.1092,1.1109,1.1036,1.1054,37577
2020-01-24,1.1054,1.1062,1.1020,1.1025,32850
2020-01-27,1.1030,1.1038,1.1010,1.1018,33777
2020-01-28,1.1018,1.1025,1.0998,1.1022,28331
2020-01-29,1.1022,1.1028,1.0992,1.1010,28043
2020-01-30,1.1010,1.1039,1.1007,1.1031,34415
2020-01-31,1.1031,1.1095,1.1017,1.1094,37949
2020-02-03,1.1091,1.1093,1.1035,1.1059,35264
2020-02-04,1.1059,1.1064,1.1033,1.1043,32443
2020-02-05,1.1044,1.1048,1.0994,1.0999,33576
2020-02-06,1.0999,1.1014,1.0964,1.0983,29014
2020-02-07,1.0983,1.0985,1.0942,1.0943,38494
2020-02-10,1.0942,1.0957,1.0908,1.0911,28211
2020-02-11,1.0911,1.0925,1.0891,1.0915,30977
2020-02-12,1.0915,1.0925,1.0865,1.0873,31063
2020-02-13,1.0872,1.0889,1.0834,1.0841,34413
2020-02-14,1.0841,1.0861,1.0827,1.0830,29198
2020-02-17,1.0840,1.0851,1.0829,1.0835,21012
2020-02-18,1.0835,1.0837,1.0785,1.0791,34567
2020-02-19,1.0791,1.0812,1.0782,1.0804,33315
2020-02-20,1.0803,1.0821,1.0777,1.0784,40984
2020-02-21,1.0784,1.0863,1.0783,1.0847,40454
2020-02-24,1.0825,1.0872,1.0805,1.0852,54843
2020-02-25,1.0852,1.0890,1.0830,1.0881,60638
2020-02-26,1.0881,1.0909,1.0855,1.0881,60645
2020-02-27,1.0881,1.1007,1.0877,1.1000,76238
2020-02-28,1.1000,1.1053,1.0951,1.1029,97598
2020-03-02,1.1041,1.1184,1.1036,1.1133,86124
2020-03-03,1.1131,1.1213,1.1095,1.1171,80800
2020-03-04,1.1171,1.1187,1.1095,1.1134,63822
2020-03-05,1.1134,1.1245,1.1119,1.1237,60736
2020-03-06,1.1237,1.1355,1.1211,1.1290,94001
2020-03-09,1.1347,1.1496,1.1340,1.1436,187327
2020-03-10,1.1436,1.1457,1.1274,1.1290,190339
2020-03-11,1.1290,1.1366,1.1250,1.1261,129097
2020-03-12,1.1260,1.1333,1.1055,1.1167,172884
2020-03-13,1.1169,1.1221,1.1055,1.1102,168062
2020-03-16,1.1189,1.1236,1.1085,1.1178,205632
2020-03-17,1.1178,1.1189,1.0955,1.1005,177869
2020-03-18,1.1006,1.1045,1.0802,1.0912,201942
2020-03-19,1.0912,1.0982,1.0654,1.0659,219504
2020-03-20,1.0661,1.0831,1.0637,1.0694,244937
2020-03-23,1.0694,1.0827,1.0635,1.0726,220916
2020-03-24,1.0723,1.0888,1.0723,1.0782,171445
2020-03-25,1.0782,1.0894,1.0760,1.0880,168158
2020-03-26,1.0880,1.1059,1.0870,1.1029,149438
2020-03-27,1.1029,1.1147,1.0953,1.1143,139186
2020-03-30,1.1116,1.1144,1.1010,1.1043,109850
2020-03-31,1.1041,1.1054,1.0927,1.1035,132367
2020-04-01,1.1030,1.1039,1.0903,1.0962,102809
2020-04-02,1.0962,1.0968,1.0820,1.0857,104632
2020-04-03,1.0855,1.0864,1.0773,1.0813,93640
2020-04-06,1.0809,1.0835,1.0768,1.0792,94909
2020-04-07,1.0792,1.0926,1.0783,1.0890,89461
2020-04-08,1.0890,1.0902,1.0830,1.0857,78664
2020-04-09,1.0856,1.0952,1.0841,1.0929,82410
2020-04-10,1.0929,1.0952,1.0918,1.0935,45005
2020-04-13,1.0943,1.0968,1.0893,1.0912,88985
2020-04-14,1.0912,1.0987,1.0899,1.0980,113063
2020-04-15,1.0979,1.0991,1.0856,1.0907,100896
2020-04-16,1.0908,1.0911,1.0817,1.0839,123356
2020-04-17,1.0839,1.0893,1.0812,1.0874,124445
2020-04-20,1.0862,1.0897,1.0841,1.0861,92579
2020-04-21,1.0861,1.0880,1.0816,1.0856,107627
2020-04-22,1.0856,1.0885,1.0803,1.0823,82977
2020-04-23,1.0823,1.0847,1.0756,1.0776,123060
2020-04-24,1.0776,1.0826,1.0727,1.0824,100461
2020-04-27,1.0821,1.0860,1.0811,1.0828,95439
2020-04-28,1.0828,1.0888,1.0810,1.0818,77049
2020-04-29,1.0818,1.0885,1.0818,1.0873,74705
2020-04-30,1.0871,1.0972,1.0833,1.0951,84471
2020-05-01,1.0949,1.1018,1.0934,1.0980,55528
2020-05-04,1.0968,1.0974,1.0896,1.0906,54761
2020-05-05,1.0905,1.0926,1.0826,1.0839,58150
2020-05-06,1.0840,1.0845,1.0782,1.0793,54033
2020-05-07,1.0793,1.0834,1.0766,1.0832,60714
2020-05-08,1.0832,1.0876,1.0815,1.0839,48534
2020-05-11,1.0824,1.0850,1.0800,1.0806,49534
2020-05-12,1.0804,1.0885,1.0784,1.0847,54306
2020-05-13,1.0846,1.0896,1.0812,1.0817,58528
2020-05-14,1.0817,1.0824,1.0775,1.0804,53197
2020-05-15,1.0803,1.0851,1.0789,1.0819,50568
2020-05-18,1.0801,1.0927,1.0800,1.0914,48887
2020-05-19,1.0915,1.0976,1.0902,1.0922,51091
2020-05-20,1.0921,1.0999,1.0917,1.0977,46569
2020-05-21,1.0976,1.1008,1.0937,1.0948,46263
2020-05-22,1.0946,1.0954,1.0885,1.0902,42958
2020-05-25,1.0895,1.0914,1.0871,1.0896,26566
2020-05-26,1.0892,1.0996,1.0892,1.0982,46804
2020-05-27,1.0981,1.1031,1.0934,1.1003,71978
2020-05-28,1.0996,1.1093,1.0992,1.1076,64330
2020-05-29,1.1076,1.1145,1.1067,1.1108,76623
2020-06-01,1.1115,1.1154,1.1100,1.1134,61548
2020-06-02,1.1134,1.1196,1.1115,1.1168,69172
2020-06-03,1.1168,1.1258,1.1166,1.1233,77798
2020-06-04,1.1232,1.1362,1.1195,1.1337,81076
2020-06-05,1.1337,1.1384,1.1278,1.1287,79259
2020-06-08,1.1293,1.1320,1.1268,1.1293,63468
2020-06-09,1.1293,1.1363,1.1241,1.1339,71617
2020-06-10,1.1339,1.1422,1.1321,1.1372,78384
2020-06-11,1.1372,1.1403,1.1289,1.1298,101175
2020-06-12,1.1293,1.1340,1.1213,1.1260,94092
2020-06-15,1.1236,1.1332,1.1226,1.1322,90036
2020-06-16,1.1322,1.1353,1.1228,1.1263,81131
2020-06-17,1.1263,1.1294,1.1207,1.1243,76433
2020-06-18,1.1243,1.1261,1.1185,1.1205,72169
2020-06-19,1.1205,1.1254,1.1168,1.1177,67711
2020-06-22,1.1182,1.1270,1.1168,1.1259,56787
2020-06-23,1.1259,1.1348,1.1233,1.1307,72602
2020-06-24,1.1307,1.1326,1.1248,1.1250,60143
2020-06-25,1.1250,1.1260,1.1190,1.1217,54121
2020-06-26,1.1218,1.1239,1.1195,1.1218,40896
2020-06-29,1.1215,1.1288,1.1215,1.1241,42408
2020-06-30,1.1241,1.1262,1.1191,1.1234,48612
2020-07-01,1.1234,1.1275,1.1185,1.1251,45694
2020-07-02,1.1251,1.1302,1.1223,1.1239,45520
2020-07-03,1.1239,1.1252,1.1219,1.1248,39847
2020-07-06,1.1243,1.1345,1.1241,1.1308,43681
2020-07-07,1.1308,1.1332,1.1259,1.1273,46610
2020-07-08,1.1267,1.1351,1.1262,1.1329,46420
2020-07-09,1.1329,1.1371,1.1280,1.1285,53652
2020-07-10,1.1284,1.1325,1.1255,1.1297,43778
2020-07-13,1.1301,1.1375,1.1301,1.1343,45838
2020-07-14,1.1343,1.1408,1.1325,1.1399,53978
2020-07-15,1.1399,1.1452,1.1391,1.1411,46644
2020-07-16,1.1411,1.1442,1.1370,1.1383,47684
2020-07-17,1.1383,1.1444,1.1375,1.1426,36614
2020-07-20,1.1404,1.1468,1.1402,1.1447,46665
2020-07-21,1.1447,1.1540,1.1423,1.1526,50733
2020-07-22,1.1527,1.1601,1.1507,1.1569,57633
2020-07-23,1.1569,1.1627,1.1540,1.1596,54824
2020-07-24,1.1596,1.1658,1.1581,1.1655,53672
2020-07-27,1.1643,1.1781,1.1641,1.1751,59628
2020-07-28,1.1751,1.1774,1.1699,1.1715,59214
2020-07-29,1.1715,1.1806,1.1713,1.1791,57617
2020-07-30,1.1791,1.1848,1.1731,1.1847,62399
2020-07-31,1.1846,1.1909,1.1761,1.1771,75364
2020-08-03,1.1770,1.1797,1.1696,1.1762,57376
2020-08-04,1.1763,1.1806,1.1721,1.1803,55353
2020-08-05,1.1803,1.1905,1.1793,1.1863,54459
2020-08-06,1.1863,1.1916,1.1818,1.1876,64120
2020-08-07,1.1876,1.1883,1.1755,1.1785,61612
2020-08-10,1.1786,1.1801,1.1736,1.1737,42261
2020-08-11,1.1737,1.1807,1.1722,1.1740,59065
2020-08-12,1.1740,1.1817,1.1711,1.1784,58997
2020-08-13,1.1784,1.1864,1.1780,1.1813,52645
2020-08-14,1.1813,1.1850,1.1781,1.1841,42080
2020-08-17,1.1838,1.1881,1.1828,1.1870,39587
2020-08-18,1.1869,1.1966,1.1865,1.1931,50881
2020-08-19,1.1930,1.1953,1.1830,1.1839,55642
2020-08-20,1.1835,1.1868,1.1802,1.1860,57789
2020-08-21,1.1860,1.1883,1.1754,1.1796,52733
2020-08-24,1.1793,1.1850,1.1784,1.1787,42510
2020-08-25,1.1787,1.1844,1.1784,1.1834,47918
2020-08-26,1.1834,1.1839,1.1772,1.1830,44133
2020-08-27,1.1830,1.1901,1.1762,1.1822,66444
2020-08-28,1.1822,1.1920,1.1811,1.1905,62437
2020-08-31,1.1904,1.1966,1.1884,1.1936,50159
2020-09-01,1.1936,1.2011,1.1901,1.1911,58939
2020-09-02,1.1911,1.1928,1.1822,1.1855,53643
2020-09-03,1.1852,1.1865,1.1789,1.1851,57467
2020-09-04,1.1851,1.1865,1.1781,1.1839,58184
2020-09-07,1.1846,1.1848,1.1811,1.1814,31385
2020-09-08,1.1814,1.1827,1.1765,1.1774,56953
2020-09-09,1.1775,1.1834,1.1753,1.1803,50318
2020-09-10,1.1803,1.1917,1.1799,1.1815,60593
2020-09-11,1.1814,1.1874,1.1809,1.1846,46151
2020-09-14,1.1836,1.1888,1.1832,1.1864,37436
2020-09-15,1.1865,1.1900,1.1839,1.1846,38904
2020-09-16,1.1846,1.1883,1.1787,1.1816,53041
2020-09-17,1.1815,1.1852,1.1737,1.1848,58356
2020-09-18,1.1848,1.1870,1.1826,1.1841,45923
2020-09-21,1.1845,1.1872,1.1732,1.1771,54501
2020-09-22,1.1770,1.1774,1.1692,1.1708,54507
2020-09-23,1.1707,1.1719,1.1651,1.1660,53403
2020-09-24,1.1659,1.1687,1.1626,1.1671,53594
2020-09-25,1.1671,1.1685,1.1612,1.1630,46422
2020-09-28,1.1622,1.1680,1.1615,1.1665,39261
2020-09-29,1.1665,1.1745,1.1661,1.1743,42496
2020-09-30,1.1743,1.1755,1.1685,1.1721,57876
2020-10-01,1.1721,1.1769,1.1717,1.1746,57598
2020-10-02,1.1749,1.1749,1.1696,1.1717,65348
2020-10-05,1.1713,1.1797,1.1705,1.1783,41921
2020-10-06,1.1783,1.1808,1.1732,1.1733,50635
2020-10-07,1.1734,1.1782,1.1725,1.1763,46612
2020-10-08,1.1762,1.1782,1.1732,1.1758,39212
2020-10-09,1.1759,1.1830,1.1755,1.1829,40290
2020-10-12,1.1817,1.1826,1.1787,1.1812,34400
2020-10-13,1.1812,1.1816,1.1730,1.1745,40707
2020-10-14,1.1745,1.1771,1.1720,1.1745,41998
2020-10-15,1.1745,1.1758,1.1688,1.1707,46911
2020-10-16,1.1707,1.1746,1.1694,1.1716,41654
2020-10-19,1.1720,1.1794,1.1703,1.1769,38192
2020-10-20,1.1769,1.1841,1.1760,1.1821,38813
2020-10-21,1.1821,1.1881,1.1821,1.1860,47267
2020-10-22,1.1858,1.1867,1.1811,1.1818,41611
2020-10-23,1.1818,1.1865,1.1787,1.1860,41119
2020-10-26,1.1855,1.1855,1.1803,1.1809,41221
2020-10-27,1.1809,1.1839,1.1782,1.1787,37585
2020-10-28,1.1787,1.1788,1.1718,1.1745,48573
2020-10-29,1.1745,1.1759,1.1650,1.1674,50814
2020-10-30,1.1674,1.1704,1.1640,1.1646,50353
2020-11-02,1.1647,1.1656,1.1622,1.1640,42757
2020-11-03,1.1641,1.1740,1.1632,1.1715,38341
2020-11-04,1.1715,1.1770,1.1602,1.1724,91397
2020-11-05,1.1724,1.1860,1.1711,1.1827,85434
2020-11-06,1.1827,1.1891,1.1795,1.1875,80267
2020-11-09,1.1887,1.1920,1.1795,1.1813,102576
2020-11-10,1.1812,1.1843,1.1780,1.1814,88041
2020-11-11,1.1814,1.1833,1.1745,1.1777,53264
2020-11-12,1.1777,1.1823,1.1759,1.1805,57097
2020-11-13,1.1805,1.1837,1.1799,1.1833,45110
2020-11-16,1.1840,1.1869,1.1814,1.1852,57741
2020-11-17,1.1851,1.1894,1.1843,1.1861,43717
2020-11-18,1.1862,1.1891,1.1849,1.1853,49423
2020-11-19,1.1853,1.1883,1.1816,1.1875,53540
2020-11-20,1.1875,1.1891,1.1850,1.1859,44971
2020-11-23,1.1850,1.1906,1.1800,1.1840,49370
2020-11-24,1.1840,1.1896,1.1836,1.1890,49664
2020-11-25,1.1890,1.1930,1.1882,1.1916,56219
2020-11-26,1.1916,1.1941,1.1885,1.1913,34494
2020-11-27,1.1912,1.1963,1.1907,1.1959,38264
2020-11-30,1.1960,1.2003,1.1924,1.1926,57731
2020-12-01,1.1926,1.2077,1.1925,1.2069,58891
2020-12-02,1.2069,1.2118,1.2040,1.2114,69133
2020-12-03,1.2114,1.2175,1.2101,1.2147,74096
2020-12-04,1.2145,1.2177,1.2110,1.2120,76974
2020-12-07,1.2130,1.2166,1.2079,1.2109,77841
2020-12-08,1.2109,1.2134,1.2096,1.2102,71978
2020-12-09,1.2102,1.2147,1.2059,1.2080,72315
2020-12-10,1.2079,1.2159,1.2074,1.2140,85474
2020-12-11,1.2136,1.2163,1.2105,1.2112,71031
2020-12-14,1.2137,1.2177,1.2116,1.2143,65850
2020-12-15,1.2143,1.2169,1.2121,1.2150,65615
2020-12-16,1.2149,1.2212,1.2125,1.2198,76468
2020-12-17,1.2199,1.2273,1.2190,1.2268,65915
2020-12-18,1.2268,1.2272,1.2226,1.2254,58548
2020-12-21,1.2217,1.2253,1.2130,1.2242,103141
2020-12-22,1.2243,1.2257,1.2152,1.2162,79150
2020-12-23,1.2162,1.2221,1.2154,1.2186,79543
2020-12-24,1.2186,1.2216,1.2177,1.2181,47758
2020-12-28,1.2170,1.2251,1.2170,1.2216,65208
2020-12-29,1.2216,1.2275,1.2207,1.2248,56037
2020-12-30,1.2247,1.2310,1.2247,1.2296,66896
2020-12-31,1.2296,1.2309,1.2213,1.2215,58559
2021-01-04,1.2240,1.2310,1.2228,1.2247,85620
2021-01-05,1.2247,1.2306,1.2243,1.2296,75380
2021-01-06,1.2297,1.2349,1.2266,1.2325,118259
2021-01-07,1.2326,1.2344,1.2245,1.2271,84749
2021-01-08,1.2271,1.2285,1.2193,1.2222,100138
2021-01-11,1.2212,1.2228,1.2132,1.2150,79581
2021-01-12,1.2150,1.2210,1.2137,1.2206,70628
2021-01-13,1.2206,1.2223,1.2140,1.2157,70247
2021-01-14,1.2157,1.2178,1.2111,1.2154,82002
2021-01-15,1.2154,1.2163,1.2075,1.2077,71372
2021-01-18,1.2081,1.2087,1.2054,1.2076,51965
2021-01-19,1.2077,1.2145,1.2074,1.2128,59302
2021-01-20,1.2128,1.2158,1.2077,1.2105,63393
2021-01-21,1.2104,1.2173,1.2102,1.2164,65018
2021-01-22,1.2159,1.2189,1.2151,1.2170,57094
2021-01-25,1.2170,1.2183,1.2116,1.2141,54371
2021-01-26,1.2137,1.2176,1.2108,1.2159,51913
2021-01-27,1.2160,1.2170,1.2059,1.2110,74814
2021-01-28,1.2109,1.2142,1.2081,1.2121,76561
2021-01-29,1.2121,1.2156,1.2094,1.2135,75639
2021-02-01,1.2130,1.2136,1.2056,1.2059,63743
2021-02-02,1.2059,1.2088,1.2012,1.2043,58989
2021-02-03,1.2042,1.2050,1.2004,1.2035,49377
2021-02-04,1.2035,1.2043,1.1957,1.1962,51807
2021-02-05,1.1962,1.2050,1.1952,1.2049,67841
2021-02-08,1.2043,1.2066,1.2020,1.2049,59895
2021-02-09,1.2049,1.2122,1.2047,1.2117,64758
2021-02-10,1.2117,1.2144,1.2109,1.2117,48674
2021-02-11,1.2117,1.2149,1.2113,1.2130,46803
2021-02-12,1.2130,1.2135,1.2082,1.2119,55276
2021-02-15,1.2124,1.2145,1.2117,1.2127,39844
2021-02-16,1.2127,1.2169,1.2095,1.2105,63015
2021-02-17,1.2105,1.2109,1.2023,1.2037,69997
2021-02-18,1.2035,1.2094,1.2035,1.2091,60510
2021-02-19,1.2091,1.2144,1.2082,1.2117,59796
2021-02-22,1.2113,1.2169,1.2091,1.2155,66651
2021-02-23,1.2156,1.2180,1.2135,1.2149,64676
2021-02-24,1.2149,1.2174,1.2109,1.2167,83207
2021-02-25,1.2164,1.2243,1.2156,1.2174,106775
2021-02-26,1.2173,1.2183,1.2062,1.2073,129271
2021-03-01,1.2069,1.2101,1.2028,1.2049,83306
2021-03-02,1.2049,1.2094,1.1991,1.2089,80054
2021-03-03,1.2090,1.2113,1.2043,1.2063,71671
2021-03-04,1.2063,1.2066,1.1962,1.1969,93524
2021-03-05,1.1968,1.1977,1.1893,1.1912,96968
2021-03-08,1.1917,1.1932,1.1844,1.1846,100880
2021-03-09,1.1846,1.1916,1.1836,1.1900,94052
2021-03-10,1.1900,1.1930,1.1869,1.1928,87767
2021-03-11,1.1928,1.1990,1.1916,1.1985,86008
2021-03-12,1.1985,1.1989,1.1910,1.1952,83666
2021-03-15,1.1947,1.1967,1.1911,1.1927,67450
2021-03-16,1.1927,1.1952,1.1882,1.1901,67321
2021-03-17,1.1901,1.1985,1.1886,1.1980,71533
2021-03-18,1.1980,1.1989,1.1906,1.1913,85787
2021-03-19,1.1913,1.1937,1.1874,1.1904,73391
2021-03-22,1.1883,1.1947,1.1874,1.1933,61205
2021-03-23,1.1934,1.1941,1.1842,1.1848,64329
2021-03-24,1.1848,1.1852,1.1810,1.1812,64871
2021-03-25,1.1812,1.1828,1.1762,1.1768,72966
2021-03-26,1.1768,1.1805,1.1768,1.1793,53288
2021-03-29,1.1789,1.1794,1.1761,1.1764,59703
2021-03-30,1.1764,1.1774,1.1711,1.1717,56334
2021-03-31,1.1717,1.1760,1.1704,1.1730,60218
2021-04-01,1.1730,1.1780,1.1712,1.1776,54081
2021-04-02,1.1776,1.1786,1.1749,1.1761,25975
2021-04-05,1.1754,1.1820,1.1738,1.1812,35619
2021-04-06,1.1812,1.1878,1.1795,1.1874,54221
2021-04-07,1.1873,1.1915,1.1861,1.1867,64421
2021-04-08,1.1867,1.1927,1.1861,1.1912,52471
2021-04-09,1.1912,1.1920,1.1867,1.1901,53194
2021-04-12,1.1888,1.1919,1.1871,1.1910,53836
2021-04-13,1.1909,1.1956,1.1878,1.1947,64190
2021-04-14,1.1948,1.1987,1.1946,1.1978,46298
2021-04-15,1.1978,1.1993,1.1956,1.1966,44581
2021-04-16,1.1965,1.1995,1.1950,1.1981,39119
2021-04-19,1.1972,1.2048,1.1943,1.2037,47784
2021-04-20,1.2036,1.2080,1.2022,1.2034,47965
2021-04-21,1.2034,1.2044,1.1998,1.2034,40554
2021-04-22,1.2034,1.2069,1.1994,1.2014,50069
2021-04-23,1.2014,1.2100,1.2013,1.2097,41892
2021-04-26,1.2092,1.2117,1.2061,1.2084,42446
2021-04-27,1.2085,1.2093,1.2057,1.2089,38426
2021-04-28,1.2090,1.2135,1.2056,1.2125,50256
2021-04-29,1.2125,1.2150,1.2102,1.2119,46298
2021-04-30,1.2119,1.2127,1.2017,1.2021,46828
2021-05-03,1.2030,1.2076,1.2013,1.2063,37322
2021-05-04,1.2063,1.2064,1.1999,1.2012,50615
2021-05-05,1.2012,1.2027,1.1986,1.2004,40778
2021-05-06,1.2004,1.2072,1.1993,1.2065,44831
2021-05-07,1.2065,1.2171,1.2053,1.2162,58468
2021-05-10,1.2160,1.2178,1.2128,1.2128,51513
2021-05-11,1.2128,1.2182,1.2123,1.2147,57217
2021-05-12,1.2147,1.2152,1.2066,1.2070,69534
2021-05-13,1.2072,1.2106,1.2051,1.2079,65958
2021-05-14,1.2079,1.2148,1.2071,1.2144,49976
2021-05-17,1.2132,1.2169,1.2126,1.2151,46428
2021-05-18,1.2151,1.2234,1.2148,1.2222,49583
2021-05-19,1.2222,1.2245,1.2160,1.2174,75108
2021-05-20,1.2174,1.2229,1.2169,1.2227,55450
2021-05-21,1.2227,1.2240,1.2161,1.2181,58463
2021-05-24,1.2178,1.2230,1.2172,1.2215,57085
2021-05-25,1.2215,1.2266,1.2212,1.2250,61602
2021-05-26,1.2249,1.2263,1.2182,1.2192,58587
2021-05-27,1.2191,1.2215,1.2175,1.2193,59404
2021-05-28,1.2193,1.2205,1.2133,1.2190,60110
2021-05-31,1.2199,1.2231,1.2183,1.2225,36694
2021-06-01,1.2225,1.2254,1.2212,1.2213,52448
2021-06-02,1.2212,1.2227,1.2164,1.2210,53793
2021-06-03,1.2210,1.2214,1.2118,1.2127,59299
2021-06-04,1.2126,1.2186,1.2104,1.2166,56073
2021-06-07,1.2160,1.2202,1.2145,1.2189,40542
2021-06-08,1.2189,1.2194,1.2164,1.2173,48682
2021-06-09,1.2172,1.2218,1.2171,1.2179,42992
2021-06-10,1.2179,1.2195,1.2143,1.2175,66547
2021-06-11,1.2175,1.2193,1.2093,1.2106,54807
2021-06-14,1.2103,1.2130,1.2094,1.2120,46944
2021-06-15,1.2119,1.2147,1.2101,1.2126,50679
2021-06-16,1.2126,1.2135,1.1994,1.1994,66416
2021-06-17,1.1994,1.2006,1.1892,1.1907,90570
2021-06-18,1.1906,1.1925,1.1854,1.1860,81407
2021-06-21,1.1855,1.1921,1.1848,1.1919,87967
2021-06-22,1.1917,1.1952,1.1881,1.1941,68415
2021-06-23,1.1938,1.1970,1.1912,1.1926,66823
2021-06-24,1.1925,1.1956,1.1918,1.1931,65027
2021-06-25,1.1931,1.1975,1.1926,1.1937,59055
2021-06-28,1.1932,1.1945,1.1903,1.1924,60674
2021-06-29,1.1923,1.1930,1.1878,1.1896,61593
2021-06-30,1.1895,1.1909,1.1845,1.1856,70561
2021-07-01,1.1856,1.1884,1.1837,1.1850,70316
2021-07-02,1.1849,1.1874,1.1807,1.1865,71827
2021-07-05,1.1858,1.1881,1.1851,1.1863,47260
2021-07-06,1.1862,1.1895,1.1807,1.1823,79642
2021-07-07,1.1824,1.1836,1.1782,1.1790,75932
2021-07-08,1.1790,1.1868,1.1784,1.1845,90999
2021-07-09,1.1844,1.1881,1.1825,1.1877,73949
2021-07-12,1.1871,1.1880,1.1836,1.1861,56598
2021-07-13,1.1859,1.1875,1.1772,1.1777,69168
2021-07-14,1.1776,1.1839,1.1772,1.1836,70801
2021-07-15,1.1835,1.1851,1.1796,1.1812,74081
2021-07-16,1.1812,1.1822,1.1792,1.1805,70772
2021-07-19,1.1805,1.1824,1.1764,1.1799,80957
2021-07-20,1.1798,1.1803,1.1756,1.1781,70566
2021-07-21,1.1780,1.1805,1.1752,1.1795,56519
2021-07-22,1.1791,1.1830,1.1758,1.1771,64812
2021-07-23,1.1770,1.1786,1.1754,1.1769,49090
2021-07-26,1.1768,1.1817,1.1764,1.1803,53860
2021-07-27,1.1803,1.1841,1.1770,1.1817,64421
2021-07-28,1.1816,1.1849,1.1772,1.1844,64207
2021-07-29,1.1843,1.1893,1.1840,1.1886,49044
2021-07-30,1.1886,1.1909,1.1852,1.1873,54242
2021-08-02,1.1864,1.1897,1.1859,1.1869,47011
2021-08-03,1.1867,1.1893,1.1854,1.1864,49688
2021-08-04,1.1863,1.1900,1.1833,1.1837,48391
2021-08-05,1.1836,1.1857,1.1828,1.1833,47001
2021-08-06,1.1832,1.1836,1.1754,1.1761,47467
2021-08-09,1.1757,1.1769,1.1735,1.1736,47081
2021-08-10,1.1736,1.1743,1.1710,1.1720,41851
2021-08-11,1.1718,1.1754,1.1706,1.1739,45441
2021-08-12,1.1738,1.1748,1.1724,1.1730,36888
2021-08-13,1.1729,1.1805,1.1728,1.1796,35375
2021-08-16,1.1794,1.1801,1.1767,1.1777,37488
2021-08-17,1.1776,1.1784,1.1708,1.1708,50070
2021-08-18,1.1709,1.1743,1.1694,1.1711,48811
2021-08-19,1.1709,1.1718,1.1666,1.1676,59625
2021-08-20,1.1675,1.1704,1.1664,1.1700,42854
2021-08-23,1.1690,1.1750,1.1690,1.1746,42138
2021-08-24,1.1745,1.1765,1.1727,1.1756,40186
2021-08-25,1.1754,1.1774,1.1726,1.1772,45250
2021-08-26,1.1771,1.1779,1.1746,1.1751,49613
2021-08-27,1.1751,1.1803,1.1735,1.1795,54550
2021-08-30,1.1793,1.1810,1.1783,1.1796,36224
2021-08-31,1.1796,1.1845,1.1794,1.1808,56492
2021-09-01,1.1808,1.1857,1.1794,1.1838,50142
2021-09-02,1.1837,1.1876,1.1834,1.1874,42004
2021-09-03,1.1874,1.1909,1.1866,1.1877,53226
2021-09-06,1.1877,1.1886,1.1856,1.1870,29883
2021-09-07,1.1867,1.1885,1.1837,1.1840,54549
2021-09-08,1.1836,1.1851,1.1802,1.1815,64756
2021-09-09,1.1812,1.1841,1.1805,1.1824,68564
2021-09-10,1.1823,1.1851,1.1809,1.1811,52650
2021-09-13,1.1814,1.1817,1.1770,1.1810,51815
2021-09-14,1.1809,1.1846,1.1800,1.1803,58490
2021-09-15,1.1801,1.1832,1.1799,1.1817,58073
2021-09-16,1.1815,1.1821,1.1751,1.1765,58283
2021-09-17,1.1767,1.1789,1.1724,1.1725,56213
2021-09-20,1.1727,1.1736,1.1700,1.1726,58444
2021-09-21,1.1725,1.1749,1.1715,1.1725,58514
2021-09-22,1.1724,1.1756,1.1684,1.1687,72571
2021-09-23,1.1686,1.1750,1.1683,1.1738,68536
2021-09-24,1.1738,1.1748,1.1701,1.1721,51401
2021-09-27,1.1725,1.1725,1.1685,1.1695,57807
2021-09-28,1.1694,1.1703,1.1668,1.1683,64793
2021-09-29,1.1683,1.1690,1.1589,1.1597,68964
2021-09-30,1.1596,1.1610,1.1563,1.1577,68517
2021-10-01,1.1574,1.1607,1.1563,1.1593,66777
2021-10-04,1.1592,1.1640,1.1588,1.1619,54990
2021-10-05,1.1618,1.1622,1.1581,1.1597,50533
2021-10-06,1.1596,1.1602,1.1529,1.1556,63394
2021-10-07,1.1554,1.1572,1.1547,1.1553,50611
2021-10-08,1.1553,1.1586,1.1541,1.1574,59970
2021-10-11,1.1566,1.1587,1.1549,1.1552,46485
2021-10-12,1.1552,1.1570,1.1524,1.1529,57798
2021-10-13,1.1529,1.1597,1.1525,1.1594,67602
2021-10-14,1.1590,1.1624,1.1584,1.1596,56588
2021-10-15,1.1595,1.1619,1.1588,1.1598,61186
2021-10-18,1.1598,1.1622,1.1572,1.1610,63554
2021-10-19,1.1609,1.1669,1.1607,1.1633,60549
2021-10-20,1.1630,1.1659,1.1617,1.1650,61774
2021-10-21,1.1648,1.1667,1.1619,1.1624,65189
2021-10-22,1.1620,1.1655,1.1619,1.1644,65172
2021-10-25,1.1638,1.1665,1.1591,1.1608,59725
2021-10-26,1.1608,1.1626,1.1585,1.1596,54975
2021-10-27,1.1596,1.1626,1.1585,1.1603,66553
2021-10-28,1.1602,1.1692,1.1582,1.1680,82814
2021-10-29,1.1678,1.1690,1.1535,1.1562,82169
2021-11-01,1.1563,1.1609,1.1546,1.1604,51339
2021-11-02,1.1603,1.1613,1.1575,1.1578,56326
2021-11-03,1.1577,1.1616,1.1562,1.1613,69529
2021-11-04,1.1611,1.1616,1.1528,1.1554,65259
2021-11-05,1.1554,1.1573,1.1513,1.1566,68123
2021-11-08,1.1560,1.1595,1.1550,1.1586,54555
2021-11-09,1.1584,1.1609,1.1570,1.1593,67294
2021-11-10,1.1591,1.1595,1.1476,1.1478,85955
2021-11-11,1.1477,1.1488,1.1443,1.1449,53727
2021-11-12,1.1448,1.1462,1.1433,1.1443,57609
2021-11-15,1.1446,1.1464,1.1356,1.1367,64282
2021-11-16,1.1367,1.1385,1.1309,1.1319,75709
2021-11-17,1.1318,1.1332,1.1263,1.1319,76999
2021-11-18,1.1318,1.1374,1.1314,1.1370,69758
2021-11-19,1.1369,1.1372,1.1250,1.1283,90206
2021-11-22,1.1288,1.1290,1.1231,1.1236,81667
2021-11-23,1.1236,1.1275,1.1226,1.1247,81541
2021-11-24,1.1246,1.1255,1.1186,1.1198,86483
2021-11-25,1.1196,1.1230,1.1195,1.1208,48236
2021-11-26,1.1206,1.1330,1.1204,1.1321,113571
2021-11-29,1.1300,1.1311,1.1258,1.1290,75004
2021-11-30,1.1288,1.1383,1.1235,1.1338,108745
2021-12-01,1.1335,1.1360,1.1302,1.1319,89859
2021-12-02,1.1318,1.1348,1.1295,1.1301,75866
2021-12-03,1.1300,1.1334,1.1267,1.1308,86551
2021-12-06,1.1300,1.1310,1.1266,1.1285,57613
2021-12-07,1.1282,1.1298,1.1227,1.1267,59940
2021-12-08,1.1266,1.1355,1.1263,1.1342,71543
2021-12-09,1.1342,1.1345,1.1278,1.1292,61604
2021-12-10,1.1292,1.1324,1.1265,1.1316,59302
2021-12-13,1.1308,1.1319,1.1260,1.1284,54396
2021-12-14,1.1281,1.1324,1.1254,1.1258,54577
2021-12-15,1.1258,1.1299,1.1222,1.1292,71257
2021-12-16,1.1290,1.1360,1.1281,1.1330,72728
2021-12-17,1.1330,1.1349,1.1234,1.1237,63293
2021-12-20,1.1236,1.1304,1.1234,1.1277,60766
2021-12-21,1.1274,1.1303,1.1261,1.1282,54441
2021-12-22,1.1282,1.1342,1.1264,1.1326,52866
2021-12-23,1.1325,1.1342,1.1290,1.1326,49430
2021-12-24,1.1326,1.1343,1.1304,1.1320,53499
2021-12-27,1.1302,1.1334,1.1302,1.1326,37691
2021-12-28,1.1326,1.1333,1.1289,1.1308,40037
2021-12-29,1.1308,1.1369,1.1273,1.1348,51231
2021-12-30,1.1344,1.1360,1.1299,1.1326,50314
2021-12-31,1.1324,1.1386,1.1303,1.1376,39263
2022-01-03,1.1369,1.1378,1.1280,1.1297,53813
2022-01-04,1.1296,1.1323,1.1272,1.1286,62525
2022-01-05,1.1285,1.1347,1.1277,1.1314,61289
2022-01-06,1.1311,1.1332,1.1285,1.1298,67251
2022-01-07,1.1296,1.1365,1.1290,1.1359,49836
2022-01-10,1.1355,1.1360,1.1285,1.1325,53457
2022-01-11,1.1323,1.1375,1.1313,1.1367,49386
2022-01-12,1.1365,1.1453,1.1355,1.1441,51872
2022-01-13,1.1440,1.1482,1.1436,1.1454,53078
2022-01-14,1.1453,1.1483,1.1399,1.1415,59882
2022-01-17,1.1412,1.1434,1.1391,1.1406,34611
2022-01-18,1.1406,1.1422,1.1315,1.1326,68363
2022-01-19,1.1325,1.1357,1.1316,1.1342,58174
2022-01-20,1.1339,1.1369,1.1303,1.1311,59448
2022-01-21,1.1309,1.1360,1.1301,1.1342,60447
2022-01-24,1.1337,1.1345,1.1291,1.1325,70762
2022-01-25,1.1323,1.1328,1.1263,1.1301,63243
2022-01-26,1.1299,1.1311,1.1235,1.1240,75069
2022-01-27,1.1240,1.1243,1.1131,1.1144,83832
2022-01-28,1.1143,1.1174,1.1121,1.1147,78407
2022-01-31,1.1141,1.1248,1.1138,1.1233,74328
2022-02-01,1.1232,1.1279,1.1221,1.1272,72903
2022-02-02,1.1272,1.1330,1.1267,1.1303,61143
2022-02-03,1.1302,1.1451,1.1266,1.1439,97250
2022-02-04,1.1439,1.1484,1.1412,1.1451,96664
2022-02-07,1.1457,1.1461,1.1415,1.1442,76500
2022-02-08,1.1441,1.1449,1.1396,1.1416,67506
2022-02-09,1.1413,1.1448,1.1402,1.1423,59971
2022-02-10,1.1421,1.1495,1.1375,1.1427,98683
2022-02-11,1.1426,1.1429,1.1330,1.1348,110096
2022-02-14,1.1338,1.1369,1.1280,1.1306,108728
2022-02-15,1.1303,1.1368,1.1299,1.1358,87080
2022-02-16,1.1357,1.1396,1.1345,1.1372,77435
2022-02-17,1.1371,1.1386,1.1323,1.1361,98839
2022-02-18,1.1358,1.1377,1.1314,1.1323,76510
2022-02-21,1.1315,1.1391,1.1306,1.1309,55985
2022-02-22,1.1307,1.1367,1.1288,1.1324,102907
2022-02-23,1.1325,1.1359,1.1301,1.1305,64439
2022-02-24,1.1302,1.1309,1.1106,1.1192,171175
2022-02-25,1.1191,1.1274,1.1166,1.1272,113512
2022-02-28,1.1130,1.1246,1.1124,1.1218,138468
2022-03-01,1.1218,1.1233,1.1090,1.1123,114181
2022-03-02,1.1125,1.1143,1.1057,1.1118,129648
2022-03-03,1.1116,1.1120,1.1033,1.1066,99725
2022-03-04,1.1065,1.1068,1.0885,1.0931,129366
