time,open,high,low,close,volume
2012-12-04,132.2440,132.2920,131.5380,131.8150,84896
2012-12-05,131.8160,132.7310,131.6580,132.6070,66085
2012-12-06,132.6050,132.8860,132.0350,132.1700,82919
2012-12-07,132.1740,132.5850,131.6660,132.2550,78776
2012-12-10,132.3600,132.4360,131.6570,132.3370,73449
2012-12-11,132.3550,133.0540,132.3130,132.9810,75329
2012-12-12,132.9780,134.6000,132.8780,134.2110,86587
2012-12-13,134.2100,135.0590,134.1120,134.6820,89388
2012-12-14,134.6810,135.3820,134.2860,135.0170,90102
2012-12-17,136.1490,136.1900,135.4310,135.8370,93171
2012-12-18,135.8390,136.9140,135.8030,136.8720,88853
2012-12-19,136.8730,137.8350,136.2890,136.6220,96403
2012-12-20,136.6230,137.5120,136.2020,137.2550,92193
2012-12-21,137.2560,137.3720,135.8650,136.1890,94471
2012-12-24,136.3210,136.9240,136.2210,136.7440,58125
2012-12-26,137.5190,138.2030,137.3950,137.9100,60849
2012-12-27,137.9100,139.1500,137.8870,138.9100,98260
2012-12-28,138.8960,139.4930,138.1770,138.6690,91692
2012-12-31,138.7200,140.9340,138.6570,140.6560,66713
2013-01-01,140.9170,141.1150,140.7050,141.0850,1182
2013-01-02,141.0830,142.7330,140.5330,141.9080,105042
2013-01-03,141.9070,141.9450,140.1580,140.6020,93447
2013-01-04,140.6010,141.7870,140.4500,141.6150,101393
2013-01-07,141.9980,142.0030,140.4860,141.0230,97247
2013-01-08,141.0250,141.4330,139.3720,139.4330,100826
2013-01-09,139.4290,141.0840,139.4150,140.9760,103221
2013-01-10,140.9750,144.0040,140.8310,143.7180,111533
2013-01-11,143.7200,144.3720,142.9910,143.8140,106364
2013-01-14,144.3400,144.7690,142.8290,143.7930,101760
2013-01-15,143.7910,144.1460,141.6370,142.6290,116234
2013-01-16,142.6280,142.6720,140.4920,141.6710,114676
2013-01-17,141.6700,144.2170,140.8340,143.8830,123237
2013-01-18,143.8830,144.0730,142.5000,142.9000,112586
2013-01-21,142.9060,143.0060,141.7360,142.2120,95478
2013-01-22,142.2140,142.7510,139.7810,140.5460,119382
2013-01-23,140.5450,140.8170,139.2400,140.1230,110858
2013-01-24,140.1240,142.8840,139.8410,142.7570,112988
2013-01-25,142.7550,144.2250,142.4540,143.5660,107038
2013-01-28,143.6780,143.9450,142.1370,142.2130,104092
2013-01-29,142.2080,143.1020,141.8610,142.9820,106580
2013-01-30,142.9810,144.1680,142.8640,143.8180,107829
2013-01-31,143.8100,145.5330,143.4110,145.4570,108412
2013-02-01,145.4550,146.4630,144.8830,145.6180,115682
2013-02-04,145.7630,146.5870,144.8280,145.0370,111176
2013-02-05,145.0360,147.2260,144.9050,146.7380,118775
2013-02-06,146.7370,147.2240,145.9330,146.4600,116773
2013-02-07,146.4590,147.9480,145.9750,147.2430,116700
2013-02-08,147.2450,147.2520,145.0430,146.4650,111328
2013-02-11,146.1550,147.8720,145.9460,147.4540,105304
2013-02-12,147.4550,147.7320,145.2680,146.1410,116191
2013-02-13,146.1390,146.4270,144.7040,144.8240,110763
2013-02-14,144.8250,145.3470,143.5510,143.9020,113326
2013-02-15,143.9010,145.6250,142.7500,144.9780,113698
2013-02-18,145.3390,145.8300,144.9950,145.2380,89649
2013-02-19,145.2410,145.3370,143.8530,144.2700,88484
2013-02-20,144.2710,144.7050,142.4150,142.7460,103298
2013-02-21,142.7470,142.9200,141.3190,141.7770,108742
2013-02-22,141.7750,143.0140,141.5200,141.6210,99807
2013-02-25,142.3380,142.7820,137.8770,139.7350,120506
2013-02-26,139.7370,140.5480,137.8760,139.1230,126242
2013-02-27,139.1150,139.9100,138.1370,139.7690,114992
2013-02-28,139.7670,140.8750,139.4570,140.4640,105369
2013-03-01,140.4680,140.9010,139.1030,140.6960,101675
2013-03-04,140.6090,141.3380,140.1970,141.2730,12823
2013-03-05,141.2660,141.4260,140.5650,141.1760,14368
2013-03-06,141.1710,141.4900,140.5420,140.8170,32177
2013-03-07,140.8190,142.9980,140.5890,142.4920,62677
2013-03-08,142.4940,144.6060,142.4510,143.2140,49053
2013-03-11,143.3540,144.1100,142.8120,144.0470,45436
2013-03-12,144.0470,144.1290,142.0060,142.8420,62076
2013-03-13,142.8410,143.8150,142.6380,143.2900,61630
2013-03-14,143.2890,145.0190,143.0210,144.8870,62583
2013-03-15,144.8920,145.8670,143.7990,143.9970,63080
2013-03-18,143.3770,144.3440,142.3530,143.9520,69866
2013-03-19,143.9560,144.6290,143.1590,143.4070,67066
2013-03-20,143.4030,145.2550,143.2270,144.9750,67801
2013-03-21,144.9780,145.2130,143.4450,144.2460,72663
2013-03-22,144.2480,144.5380,143.0200,143.8570,63218
2013-03-25,144.1540,144.7760,141.8870,142.9830,69968
2013-03-26,142.9880,143.5370,142.4710,143.4830,62686
2013-03-27,143.4820,143.8040,142.0430,142.7260,60393
2013-03-28,142.7270,143.2440,142.2020,143.2210,61836
2013-03-29,143.2170,143.2710,142.5800,143.2220,39755
2013-04-01,143.2220,143.3940,141.6890,141.9110,42844
2013-04-02,141.9110,142.0800,140.9520,141.0260,54084
2013-04-03,141.0240,141.5240,140.4600,140.8420,52119
2013-04-04,140.8460,146.8620,140.3800,146.7460,73238
2013-04-05,146.7470,150.0390,145.9510,149.5580,79612
2013-04-08,150.6060,151.8510,150.2760,151.8360,75285
2013-04-09,151.8410,152.3800,150.5550,151.9320,73686
2013-04-10,151.9320,153.0410,151.3800,152.9620,64492
2013-04-11,152.9620,153.8510,152.2880,153.5270,64826
2013-04-12,153.5200,153.5200,150.5400,150.8700,65177
2013-04-15,150.8210,151.7210,146.4240,147.6680,85335
2013-04-16,147.6820,150.2840,147.5700,150.2440,82881
2013-04-17,150.2080,151.1570,148.1080,149.7480,83454
2013-04-18,149.7460,150.4740,148.7300,150.0610,77806
2013-04-19,150.0600,152.5120,149.8670,151.5280,69335
2013-04-22,151.9590,152.2150,150.8980,151.7910,63929
2013-04-23,151.7910,152.0180,149.9670,151.3940,69950
2013-04-24,151.3830,152.2960,151.0920,151.9160,62359
2013-04-25,151.9160,153.7670,151.4310,153.2920,65343
2013-04-26,153.2860,153.4180,151.1150,151.6890,75319
2013-04-29,151.6490,152.2040,151.0400,151.5660,55258
2013-04-30,151.5660,151.9740,150.7460,151.2690,61175
2013-05-01,151.2700,152.2320,150.8450,151.3090,55069
2013-05-02,151.3110,153.2370,150.9440,152.0680,62598
2013-05-03,152.0720,154.6760,152.0480,154.1310,55713
2013-05-06,154.3140,154.7860,154.1490,154.3420,40492
2013-05-07,154.3420,154.4880,153.0120,153.1970,56746
2013-05-08,153.1970,154.1120,152.7320,153.7420,58707
2013-05-09,153.7390,155.8040,153.2630,155.4470,66582
2013-05-10,155.4470,156.6770,155.3230,156.0310,74425
2013-05-13,156.2750,156.7590,155.5620,155.7120,65779
2013-05-14,155.7090,156.0610,154.9690,155.6250,69076
2013-05-15,155.6280,156.4610,155.4060,155.6720,71938
2013-05-16,155.6800,156.5080,155.3590,156.1210,71388
2013-05-17,156.1310,156.6990,155.6810,156.5110,65774
2013-05-20,155.9120,156.2920,155.5800,156.0190,67052
2013-05-21,156.0190,156.5370,155.1270,155.2910,68796
2013-05-22,155.2870,156.0990,154.5540,155.1140,87612
2013-05-23,155.1150,155.5830,151.7930,154.0640,121050
2013-05-24,154.0640,154.7460,152.2890,153.0800,107906
2013-05-27,153.1590,153.2520,152.3530,152.7080,65481
2013-05-28,152.7150,154.6560,152.6390,153.7470,106412
2013-05-29,153.7710,154.0390,152.2330,152.9770,114720
2013-05-30,152.9770,154.0180,152.2560,153.5020,118398
2013-05-31,153.5000,154.2260,152.3720,152.5890,113881
2013-06-03,152.8010,153.2420,151.9380,152.3210,104629
2013-06-04,152.3330,153.8030,152.3220,153.2030,101988
2013-06-05,153.2140,153.7470,152.3920,152.7370,112887
2013-06-06,152.5700,153.5660,150.2970,151.2340,111103
2013-06-07,151.2350,152.0060,148.1610,151.6980,133982
2013-06-10,151.8950,154.1830,151.7400,153.7500,102644
2013-06-11,153.7480,154.1880,149.3440,150.1890,125301
2013-06-12,150.1890,152.0090,149.2930,150.5210,109807
2013-06-13,150.5090,150.5650,147.0910,149.8780,126200
2013-06-14,150.2770,150.3920,147.4090,147.6510,115345
2013-06-17,147.9820,149.4450,147.9770,148.7870,89840
2013-06-18,148.7980,149.5840,148.4290,149.1740,93594
2013-06-19,149.1790,150.3060,148.2660,149.1200,96970
2013-06-20,149.1190,151.9230,148.8680,150.8680,130175
2013-06-21,150.8680,151.9220,149.7490,150.8690,112177
2013-06-24,150.8210,151.7370,149.7120,150.8350,115379
2013-06-25,150.8240,151.4550,149.6680,151.0730,103207
2013-06-26,151.0950,151.3840,149.2480,149.7260,100788
2013-06-27,149.6190,150.5710,149.3650,150.0320,84852
2013-06-28,150.0300,151.1380,149.9700,150.7410,93313
2013-07-01,150.8590,152.0640,150.8230,151.5770,79137
2013-07-02,151.5770,152.7280,151.2490,152.4750,82174
2013-07-03,152.4750,153.0160,151.2350,152.7020,93530
2013-07-04,152.7050,152.8670,150.2880,150.8750,75059
2013-07-05,150.8730,151.1130,149.4840,150.5750,87701
2013-07-08,150.6470,151.1310,150.1970,150.8040,79353
2013-07-09,150.8030,151.6030,149.7780,150.2520,87219
2013-07-10,150.2610,150.3640,148.7720,149.8830,97020
2013-07-11,149.8800,150.6240,148.9400,150.3040,122788
2013-07-12,150.3040,150.6640,149.4190,149.7590,77794
2013-07-15,150.0340,151.2600,149.6840,150.9140,67752
2013-07-16,150.9070,151.1100,149.7970,150.1900,83249
2013-07-17,150.1960,152.0530,149.9210,151.5020,85642
2013-07-18,151.4750,153.1320,151.3680,153.0600,83472
2013-07-19,153.0520,153.6590,152.1680,153.4300,83034
2013-07-22,153.2080,153.5920,152.3580,152.9610,78919
2013-07-23,152.9640,153.6660,152.3290,152.9220,82133
2013-07-24,152.9220,154.0430,152.8070,153.5470,81958
2013-07-25,153.5470,153.8220,152.2530,152.6810,92400
2013-07-26,152.7080,152.8290,150.7230,151.1330,85965
2013-07-29,151.1770,151.1920,149.9970,150.2110,81317
2013-07-30,150.2140,150.9170,149.1870,149.3730,78839
2013-07-31,149.3730,149.5130,148.2850,148.6090,93188
2013-08-01,148.6190,150.6810,148.2460,150.4230,85908
2013-08-02,150.4180,151.5390,150.2040,151.2490,83117
2013-08-05,151.2700,151.4900,150.3230,150.8620,74537
2013-08-06,150.8730,151.4330,149.8870,150.0620,79189
2013-08-07,150.0620,150.6930,147.6000,149.2660,97190
2013-08-08,149.2660,150.3080,148.9280,150.0800,86222
2013-08-09,150.0730,150.6550,149.0480,149.0480,72208
2013-08-12,149.2860,150.1680,148.8520,150.1150,69470
2013-08-13,150.1130,152.0840,150.0470,151.7390,82334
2013-08-14,151.7390,152.5800,151.1930,151.9440,76083
2013-08-15,151.9480,153.2360,151.4870,152.1280,97199
2013-08-16,152.1310,152.7480,151.7780,152.3780,74667
2013-08-19,152.5830,153.5680,152.2040,152.7480,72804
2013-08-20,152.7480,153.1100,151.7320,152.4050,81352
2013-08-21,152.4030,153.6380,152.1150,152.9570,84361
2013-08-22,152.9670,154.0130,152.6480,153.9180,80350
2013-08-23,153.9030,154.6650,153.4130,153.6530,72333
2013-08-26,153.6010,153.9710,153.2340,153.3330,52931
2013-08-27,153.3460,153.4830,150.6980,150.8150,83523
2013-08-28,150.8260,151.8890,150.4680,151.6880,81418
2013-08-29,151.6780,152.6590,151.5000,152.4180,76438
2013-08-30,152.4180,152.6590,151.6770,152.0080,70362
2013-09-02,152.5730,154.9230,152.4100,154.4780,61947
2013-09-03,154.4780,155.4380,154.4280,154.8890,70719
2013-09-04,154.9080,155.9950,154.7560,155.8430,65290
2013-09-05,155.8480,156.4210,155.4920,156.1460,67112
2013-09-06,156.1460,156.2110,154.1370,154.8680,58392
2013-09-09,155.9340,156.6330,155.5020,156.3240,61972
2013-09-10,156.3190,158.0540,156.1730,157.9130,64172
2013-09-11,157.9170,158.5390,157.5100,158.1780,66935
2013-09-12,158.1680,158.2030,156.6950,157.2550,67971
2013-09-13,157.2550,157.9670,157.1950,157.7130,59948
2013-09-16,157.4580,157.9280,157.3180,157.5180,56873
2013-09-17,157.5180,158.1530,157.4070,157.6630,56094
2013-09-18,157.6730,158.3760,157.3380,158.3580,65077
2013-09-19,158.3610,159.9750,158.1780,159.3340,74977
2013-09-20,159.3390,159.6840,158.9170,158.9170,58279
2013-09-23,158.8120,159.0410,158.1970,158.4820,52602
2013-09-24,158.4900,158.9570,157.3430,157.9630,60366
2013-09-25,157.9840,158.8170,157.3690,158.2570,59635
2013-09-26,158.2600,159.2630,158.0170,158.7340,64729
2013-09-27,158.7230,159.0870,158.2540,158.4770,60606
2013-09-30,157.8480,159.4190,157.3920,158.9880,71244
2013-10-01,158.9810,159.9430,158.4440,158.7070,73163
2013-10-02,158.7020,158.8050,157.4970,158.0480,68529
2013-10-03,158.0460,158.8380,156.7040,157.0950,68614
2013-10-04,157.1000,157.3660,155.7190,156.0120,64861
2013-10-07,155.9060,156.1740,155.3970,155.5670,64701
2013-10-08,155.5770,156.6510,155.4340,155.8070,65697
2013-10-09,155.8110,156.5540,154.7200,155.3180,68633
2013-10-10,155.3270,157.0220,155.2940,156.9560,64950
2013-10-11,156.9580,157.5170,156.4320,157.1440,59586
2013-10-14,156.8360,157.7060,156.8070,157.6320,41273
2013-10-15,157.6320,157.7040,156.7640,157.0780,63613
2013-10-16,157.1050,158.0260,156.9300,157.6100,68434
2013-10-17,157.6310,158.2950,157.0660,158.2070,70519
2013-10-18,158.1980,158.6720,157.9660,157.9710,56185
2013-10-21,158.3840,158.7600,158.1900,158.4770,50117
2013-10-22,158.4960,159.5260,158.2890,159.2150,54613
2013-10-23,159.2150,159.3620,156.8620,157.3170,68954
2013-10-24,157.3210,158.1970,157.0480,157.6590,66743
2013-10-25,157.6760,157.9540,157.1300,157.4320,65282
2013-10-28,157.7180,158.2990,157.5720,157.6220,53825
2013-10-29,157.6190,157.6670,156.7530,157.5560,65982
2013-10-30,157.5560,158.1740,157.3400,157.8770,62263
2013-10-31,157.8830,157.9540,157.2800,157.7790,68213
2013-11-01,157.7790,157.7950,156.8220,157.0810,63129
2013-11-04,157.1810,157.6760,157.0960,157.4720,41978
2013-11-05,157.4740,158.2470,156.6350,158.1020,61551
2013-11-06,158.1020,158.9870,157.9220,158.6080,53044
2013-11-07,158.6090,159.2690,157.3020,158.0220,70562
2013-11-08,158.0180,158.8520,157.5410,158.6000,65825
2013-11-11,158.7280,158.8220,158.3380,158.5260,51399
2013-11-12,158.5250,159.2270,158.0250,158.3540,68783
2013-11-13,158.3520,159.4220,157.9810,159.2620,67453
2013-11-14,159.2600,160.9100,159.0880,160.7270,75350
2013-11-15,160.7250,161.6470,160.6600,161.4320,62325
2013-11-18,161.6170,161.7540,160.7250,160.9770,60046
2013-11-19,160.9850,161.6090,160.4020,161.4730,66697
2013-11-20,161.4700,161.7150,160.8430,161.0970,73617
2013-11-21,161.0980,163.9170,161.0210,163.8270,75168
2013-11-22,163.8250,164.3630,163.5050,164.2430,65047
2013-11-25,164.4190,165.2820,163.8240,164.0920,57392
2013-11-26,164.0890,164.3830,163.6740,164.2150,52661
2013-11-27,164.2100,166.5690,164.0240,166.4960,61161
2013-11-28,166.5210,167.3140,165.9600,167.1020,54063
2013-11-29,167.0980,167.8900,166.8470,167.5820,67952
2013-12-02,167.8400,168.7900,167.7570,168.3210,65892
2013-12-03,168.3190,169.1360,167.3360,167.8410,74688
2013-12-04,167.8410,168.3850,166.8710,167.5990,85223
2013-12-05,167.6050,167.7680,165.8690,166.3080,81989
2013-12-06,166.3080,168.2520,166.0090,168.1820,70546
2013-12-09,168.5860,169.7270,168.1160,169.6090,62713
2013-12-10,169.6070,170.0550,168.6720,169.1870,65077
2013-12-11,169.1860,169.3510,167.5360,167.7880,68674
2013-12-12,167.7890,169.3510,167.6330,169.2450,69506
2013-12-13,169.2780,169.8200,167.7090,168.1000,67671
2013-12-16,168.1980,168.4310,167.3430,168.0010,62937
2013-12-17,167.9990,168.1650,166.5810,166.9230,56270
2013-12-18,166.9140,171.1820,166.8640,170.8010,71859
2013-12-19,170.8030,170.8400,169.9080,170.5490,66145
2013-12-20,170.5490,171.0520,169.7710,169.9540,59534
2013-12-23,169.8730,170.4310,169.7660,170.3080,41066
2013-12-24,170.2990,170.8120,170.1300,170.6690,36739
2013-12-26,171.6210,172.1900,171.5070,172.0210,24110
2013-12-27,172.0280,173.9370,171.9560,173.3270,50886
2013-12-30,173.6210,173.8540,173.0370,173.2830,45228
2013-12-31,173.2830,174.5120,172.8240,174.3500,41247
2014-01-01,174.3410,174.6530,174.3210,174.6500,3845
2014-01-02,174.6500,174.8440,171.8270,172.3780,88273
2014-01-03,172.3780,172.5020,171.0420,172.0920,65876
2014-01-06,172.0700,172.2270,170.4020,171.0800,72638
2014-01-07,171.0800,171.7090,170.8270,171.6780,66680
2014-01-08,171.6760,172.8350,171.4990,172.4410,69690
2014-01-09,172.4390,173.1190,172.1910,172.6790,61961
2014-01-10,172.6790,173.0260,171.2450,171.6520,60627
2014-01-13,171.5810,171.6600,168.3410,168.8300,65822
2014-01-14,168.8300,171.4440,168.8210,171.3310,68995
2014-01-15,171.3340,171.5820,170.4320,171.1460,63633
2014-01-16,171.1440,171.7840,170.1930,170.5730,63288
2014-01-17,170.5910,171.8680,170.1740,171.2770,58645
2014-01-20,171.1960,171.4780,170.3000,171.1410,50645
2014-01-21,171.1170,172.3680,171.0620,171.8250,63213
2014-01-22,171.8230,173.2910,171.3190,173.2010,67066
2014-01-23,173.1930,173.6440,171.2030,171.9620,80559
2014-01-24,171.9680,172.3120,168.4350,168.4350,87755
2014-01-27,168.1710,170.5270,167.9160,170.1640,85446
2014-01-28,170.1660,171.3740,169.9360,171.2050,73608
2014-01-29,171.2070,171.4560,168.6870,169.1230,81795
2014-01-30,169.1200,169.7730,168.1650,169.5210,77278
2014-01-31,169.5220,169.7460,167.5420,167.5680,77847
2014-02-03,167.8100,168.2200,164.2850,164.9070,82208
2014-02-04,164.9140,166.0410,163.8800,165.8880,82043
2014-02-05,165.8800,166.1490,163.9500,165.5610,101930
2014-02-06,165.5610,166.8190,165.0430,166.3920,96531
2014-02-07,166.3920,168.0370,166.1420,167.9210,88106
2014-02-10,168.3550,168.4350,167.1960,167.6730,57292
2014-02-11,167.6750,169.0820,167.5010,168.8030,60069
2014-02-12,168.8180,170.4220,168.3180,170.3180,67786
2014-02-13,170.3180,170.3770,169.2340,170.3010,71585
2014-02-14,170.3200,170.5930,169.1160,170.4620,67541
2014-02-17,170.4660,171.0660,169.8950,170.3890,53132
2014-02-18,170.3840,171.8760,170.2130,170.7850,71987
2014-02-19,170.8000,171.1560,169.6040,170.6530,66567
2014-02-20,170.6610,170.7790,169.2240,170.4380,73080
2014-02-21,170.4350,171.7270,170.1220,170.2670,65234
2014-02-24,170.5690,170.8530,169.8540,170.6890,64311
2014-02-25,170.6820,171.0820,170.0720,170.4450,65489
2014-02-26,170.4480,170.9420,169.9470,170.5930,67820
2014-02-27,170.5900,170.8230,169.0540,170.5060,71483
2014-02-28,170.4990,171.1960,169.3790,170.3470,76733
2014-03-03,169.8790,169.9820,168.8200,169.0200,74041
2014-03-04,169.0150,170.5070,168.9580,170.3350,66449
2014-03-05,170.3350,171.3860,170.1440,171.1620,60877
2014-03-06,171.1580,172.8280,171.0510,172.5360,65376
2014-03-07,172.5330,173.5810,172.0410,172.5420,95561
2014-03-10,172.5130,172.8630,171.5290,171.9380,120564
2014-03-11,171.9360,172.1150,170.9320,171.0770,121810
2014-03-12,171.0770,171.4410,170.1590,170.7460,136891
2014-03-13,170.7470,171.6260,168.7040,169.3270,177285
2014-03-14,169.3280,169.3300,167.9330,168.7010,166552
2014-03-17,168.6070,169.5980,168.5030,169.3620,119725
2014-03-18,169.3650,169.5930,167.7670,168.2420,136398
2014-03-19,168.2420,169.6980,168.0670,169.2520,136681
2014-03-20,169.2540,169.7130,168.7030,169.0030,133534
2014-03-21,169.0050,169.1040,168.0910,168.6000,100212
2014-03-24,168.5090,169.4320,168.3220,168.6190,122648
2014-03-25,168.6200,169.2720,168.3740,169.1100,125077
2014-03-26,169.1100,169.6770,168.8940,169.1470,121252
2014-03-27,169.1450,170.3220,168.6270,169.7180,144881
2014-03-28,169.7180,171.3080,169.5480,171.0520,116135
2014-03-31,171.2280,172.1120,170.9760,171.9980,135192
2014-04-01,171.9960,172.5090,171.7420,172.4340,112868
2014-04-02,172.4340,172.9940,172.2910,172.6640,112059
2014-04-03,172.6640,173.1380,172.1500,172.4520,120862
2014-04-04,172.4520,172.4970,171.0000,171.1030,127538
2014-04-07,171.2390,171.5940,170.6690,171.1710,91669
2014-04-08,171.1670,171.5530,170.0090,170.6140,160372
2014-04-09,170.6100,171.3100,170.4850,171.2390,129062
2014-04-10,171.2370,171.6230,170.0810,170.2540,95396
2014-04-11,170.2540,170.9060,169.4970,170.0270,92585
2014-04-14,170.0510,170.5060,169.5810,170.3440,79578
2014-04-15,170.3490,170.6690,169.4960,170.3650,88555
2014-04-16,170.3650,172.0970,170.2980,171.7020,75163
2014-04-17,171.7030,172.1050,171.4490,171.9500,64382
2014-04-18,171.9680,172.1790,171.7830,171.9580,24000
2014-04-21,172.1050,172.4890,172.0050,172.3280,34961
2014-04-22,172.3300,172.7360,172.0100,172.5970,62078
2014-04-23,172.6020,172.7890,171.3540,172.0410,70600
2014-04-24,172.0350,172.1840,171.4750,171.8300,73655
2014-04-25,171.8320,172.2580,171.3780,171.6290,61296
2014-04-28,171.6070,172.5730,171.2570,172.2570,69784
2014-04-29,172.2680,172.9050,172.2260,172.7230,63817
2014-04-30,172.7160,172.7160,171.9340,172.4780,83387
2014-05-01,172.4820,172.9290,172.3930,172.7840,46609
2014-05-02,172.7840,173.4610,172.3410,172.3440,74499
2014-05-05,172.5420,172.5570,171.7720,172.3080,41580
2014-05-06,172.3030,172.9450,172.1970,172.6740,81245
2014-05-07,172.6730,172.9820,172.1420,172.7100,116766
2014-05-08,172.7090,172.8480,171.8610,172.1130,104217
2014-05-09,172.1090,172.2960,171.2170,171.6070,78059
2014-05-12,171.5560,172.5010,171.5400,172.2920,65267
2014-05-13,172.2930,172.7310,171.9120,172.0650,84749
2014-05-14,172.0630,172.3530,170.5990,170.7460,75714
2014-05-15,170.7470,171.0190,170.1610,170.5350,75999
2014-05-16,170.5310,170.9800,170.2170,170.6040,66752
2014-05-19,170.7580,170.9500,170.0200,170.6090,56831
2014-05-20,170.6100,170.9200,170.3750,170.5730,53178
2014-05-21,170.5700,171.4750,169.8050,171.3770,64664
2014-05-22,171.3720,171.8460,171.2160,171.6360,69300
2014-05-23,171.6360,171.7920,171.2720,171.5440,61975
2014-05-26,171.6450,171.7830,171.4590,171.6470,35132
2014-05-27,171.6470,171.9590,171.2670,171.4810,54440
2014-05-28,171.4780,171.4850,169.8790,170.1310,53272
2014-05-29,170.1320,170.1830,169.5250,170.0420,54518
2014-05-30,170.0440,170.6910,169.7740,170.4450,52132
2014-06-02,170.6310,171.6160,170.4340,171.4380,66381
2014-06-03,171.4430,171.8120,171.2670,171.7290,66020
2014-06-04,171.7280,172.0670,171.3540,171.9170,66809
2014-06-05,171.9130,172.3060,171.6020,172.1990,72348
2014-06-06,172.2000,172.4970,171.8250,172.1480,66383
2014-06-09,172.3760,172.5340,171.9950,172.3020,53169
2014-06-10,172.2980,172.3280,171.3450,171.4770,64035
2014-06-11,171.4730,171.7970,170.9570,171.2340,63337
2014-06-12,171.2330,172.3160,171.0220,172.1950,65065
2014-06-13,172.1910,173.3490,172.1080,173.0970,59834
2014-06-16,173.1720,173.2220,172.7230,172.8850,56931
2014-06-17,172.8830,173.4390,172.8180,173.2820,59818
2014-06-18,173.2820,173.7770,172.8520,173.1970,66979
2014-06-19,173.1880,173.7790,173.0030,173.6870,65750
2014-06-20,173.6970,174.0860,173.5370,173.6600,54044
2014-06-23,173.7220,173.8180,173.1720,173.5190,51376
2014-06-24,173.5150,173.7070,172.9320,173.1630,58134
2014-06-25,173.1570,173.1940,172.7230,172.9230,55599
2014-06-26,172.9270,173.4350,172.6030,173.0990,60165
2014-06-27,173.0980,173.1550,172.4540,172.6870,56442
2014-06-30,172.7670,173.3950,172.3660,173.3110,51364
2014-07-01,173.3120,174.2800,173.2550,174.1350,44155
2014-07-02,174.1320,174.7850,173.9880,174.6600,40835
2014-07-03,174.6580,175.3640,174.4950,175.2840,46885
2014-07-04,175.2840,175.3430,174.8240,175.0550,37071
2014-07-07,175.1630,175.2470,174.2760,174.5110,40479
2014-07-08,174.5150,174.5470,173.7150,173.9380,43044
2014-07-09,173.9370,174.4070,173.7980,174.3580,46691
2014-07-10,174.3590,174.3590,172.9540,173.5680,49091
2014-07-11,173.5670,173.7980,173.1140,173.2310,63295
2014-07-14,173.4930,174.0080,173.3460,173.4890,77537
2014-07-15,173.4890,174.5460,173.2800,174.2980,83445
2014-07-16,174.2990,174.4370,173.9980,174.2160,48132
2014-07-17,174.2170,174.2460,172.8780,172.9740,52278
2014-07-18,172.9700,173.5820,172.6690,173.0010,51143
2014-07-21,173.0870,173.2270,172.7890,173.1250,47130
2014-07-22,173.1200,173.4620,172.9690,173.1540,73524
2014-07-23,173.1540,173.3310,172.5970,173.0180,81515
2014-07-24,173.0100,173.0510,172.6220,172.9310,83234
2014-07-25,172.9310,173.1620,172.6400,172.6550,79036
2014-07-28,172.7940,173.0840,172.7470,172.9520,66567
2014-07-29,172.9490,173.1990,172.7180,173.0170,83781
2014-07-30,173.0110,174.1790,172.9060,173.8490,76171
2014-07-31,173.8490,173.9960,173.3930,173.5580,60967
2014-08-01,173.5550,173.8450,172.3780,172.5310,64916
2014-08-04,172.5670,173.0010,172.4310,172.8920,58171
2014-08-05,172.8900,173.4960,172.7680,173.2390,70555
2014-08-06,173.2360,173.2660,171.5580,172.0820,83814
2014-08-07,172.0820,172.6120,171.6960,171.8590,85237
2014-08-08,171.8560,171.9030,170.6940,171.0870,104006
2014-08-11,171.2650,171.6120,171.2250,171.5420,56228
2014-08-12,171.5400,171.9620,171.3740,171.8790,59072
2014-08-13,171.8770,172.5970,170.8470,170.9230,76235
2014-08-14,170.9240,171.2210,170.6480,170.9780,65101
2014-08-15,170.9740,171.4400,170.4220,170.8210,68834
2014-08-18,171.1140,171.6670,171.0200,171.5550,47174
2014-08-19,171.5540,171.6290,170.6920,171.0030,60580
2014-08-20,171.0050,172.3000,170.9760,172.0700,84257
2014-08-21,172.0710,172.3840,171.8750,172.1360,64134
2014-08-22,172.1370,172.6180,171.6100,172.1860,68919
2014-08-25,172.3530,172.6800,172.2920,172.3970,59834
2014-08-26,172.3940,172.5800,172.0860,172.1710,71872
2014-08-27,172.1640,172.5230,172.0570,172.1540,73127
2014-08-28,172.1540,172.2860,171.6680,172.0400,70847
2014-08-29,172.0410,172.8070,171.9460,172.6890,60249
2014-09-01,172.7770,173.4040,172.7260,173.2510,48223
2014-09-02,173.2530,173.9450,173.0030,173.0820,87619
2014-09-03,173.0820,173.3670,172.3820,172.5890,85469
2014-09-04,172.5870,172.7740,171.6460,171.8260,96413
2014-09-05,171.8260,172.2660,170.9810,171.5310,98207
2014-09-08,170.1910,171.1070,169.3440,170.5340,106217
2014-09-09,170.5410,171.5300,170.5360,171.0390,113816
2014-09-10,171.0400,173.2690,171.0130,173.0660,101017
2014-09-11,173.0970,174.2440,172.7690,174.1560,98302
2014-09-12,174.1610,174.6650,173.6980,174.5490,102283
2014-09-15,174.5580,174.6160,173.8430,173.9440,73492
2014-09-16,173.9440,174.4850,172.9890,174.3310,99022
2014-09-17,174.3310,176.5680,174.1420,176.3680,107299
2014-09-18,176.3640,178.9600,176.2220,178.7860,112426
2014-09-19,178.7700,180.7130,177.4570,177.5570,383841
2014-09-22,177.6130,178.3550,177.5220,178.0460,177188
2014-09-23,178.0490,178.7420,176.6470,178.4240,93979
2014-09-24,178.4170,178.4510,177.6410,178.1810,93576
2014-09-25,178.1860,178.5020,177.1380,177.4420,110846
2014-09-26,177.4460,178.1090,177.1490,177.5550,97449
2014-09-29,177.5540,178.1850,177.3660,177.7660,100924
2014-09-30,177.7690,178.1130,177.3650,177.7210,106421
2014-10-01,177.7230,178.1280,176.1770,176.3640,116364
2014-10-02,176.3600,176.6500,174.3190,175.0610,135190
2014-10-03,175.0570,175.9110,174.9830,175.2770,100510
2014-10-06,175.2550,175.3620,174.4690,174.8630,85085
2014-10-07,174.8580,175.1490,173.6910,174.0850,125058
2014-10-08,174.0880,174.9710,173.4400,174.7330,129327
2014-10-09,174.7390,175.0070,173.5820,173.7830,130792
2014-10-10,173.7830,174.0040,172.7400,173.0590,107059
2014-10-13,172.7820,173.0210,171.7310,171.9600,110823
2014-10-14,171.9630,172.4840,169.9280,170.3970,117996
2014-10-15,170.3930,171.1500,168.0170,169.7140,159066
2014-10-16,169.7120,171.2200,168.4630,170.8350,154707
2014-10-17,170.8320,172.0450,170.2010,171.9940,111925
2014-10-20,172.2810,172.9900,172.2100,172.8320,104218
2014-10-21,172.8330,172.8630,171.7830,172.5750,113930
2014-10-22,172.5750,172.5940,171.0570,171.9680,100560
2014-10-23,171.9680,173.6470,171.6920,173.5770,105202
2014-10-24,173.5730,174.0040,172.9550,173.9570,99536
2014-10-27,174.0870,174.1900,173.3780,173.7530,110821
2014-10-28,173.7590,174.7310,173.6810,174.4120,93222
2014-10-29,174.4120,174.6780,173.9100,174.2260,97855
2014-10-30,174.2250,175.1500,173.9750,174.8700,112952
2014-10-31,174.8710,179.8040,174.6530,179.6450,141664
2014-11-03,180.3970,182.5100,179.6440,181.7620,132877
2014-11-04,181.7990,182.0080,181.1080,181.5450,136707
2014-11-05,181.5450,183.4270,181.5290,183.0950,148796
2014-11-06,183.0950,184.3160,181.8540,182.4370,163874
2014-11-07,182.4320,182.8660,181.2100,181.8490,150208
2014-11-10,181.7740,182.2450,181.0650,181.9460,118090
2014-11-11,181.9420,184.6520,181.7520,184.3480,128949
2014-11-12,184.3470,184.5410,181.9580,182.2270,155870
2014-11-13,182.2240,182.7760,181.5410,181.7960,124629
2014-11-14,181.7930,182.6580,181.5930,182.1090,123335
2014-11-17,182.6760,183.3750,181.0870,182.3840,110135
2014-11-18,182.3830,183.2620,182.2360,182.6340,97942
2014-11-19,182.6340,185.4440,182.5200,185.2830,86795
2014-11-20,185.2830,186.1240,184.9460,185.5520,80072
2014-11-21,185.5440,185.6820,183.9660,184.3900,74632
2014-11-24,184.2460,185.9470,184.0510,185.7160,68839
2014-11-25,185.7480,186.0690,184.5170,185.2710,85704
2014-11-26,185.2960,186.0960,184.7620,185.8790,87130
2014-11-27,185.9020,185.9250,185.0080,185.1750,54911
2014-11-28,185.1900,185.9120,185.1900,185.5000,83769
2014-12-01,185.7340,186.3200,185.0330,186.2080,88306
2014-12-02,186.2060,186.9190,186.0180,186.4100,79737
2014-12-03,186.3980,188.1860,186.2660,187.8620,76052
2014-12-04,187.8890,188.2280,187.5860,187.7120,77379
2014-12-05,187.7180,189.7090,187.2800,189.2820,80412
2014-12-08,189.1510,189.6750,188.4240,188.8740,78546
2014-12-09,188.7210,189.2020,185.1920,187.5110,84130
2014-12-10,187.4210,187.8240,184.9610,185.1250,86526
2014-12-11,185.0410,187.7490,184.9640,186.6210,80054
2014-12-12,186.4180,187.3530,185.5950,186.5660,78953
2014-12-15,186.1950,187.0480,183.8400,184.0050,87177
2014-12-16,184.1920,185.0860,181.5760,183.1520,91175
2014-12-17,183.1630,185.0190,182.9950,184.7460,86397
2014-12-18,184.5450,186.7240,184.4190,186.1730,72551
2014-12-19,186.1530,187.2390,186.0410,186.6530,68845
2014-12-22,186.7420,187.5420,186.4970,187.1230,206669
2014-12-23,187.1170,187.4770,186.4770,187.2810,204050
2014-12-24,187.2810,187.4470,186.6190,187.3130,153806
2014-12-26,187.0140,187.4490,186.9820,187.1990,89610
2014-12-29,187.2780,187.7950,187.0410,187.1950,81749
2014-12-30,187.1380,187.2700,184.9490,185.6770,60574
2014-12-31,185.8330,186.9970,185.6900,186.7030,39854
2015-01-02,187.1430,187.2970,184.2930,184.5940,81062
2015-01-05,184.3070,184.3950,181.6960,182.3770,136415
2015-01-06,182.3770,182.4140,179.2090,179.2620,147422
2015-01-07,179.2610,180.6370,179.1170,180.1280,143369
2015-01-08,180.1240,180.9220,179.9670,180.4820,118644
2015-01-09,180.4820,180.9060,179.4520,179.4930,127026
2015-01-12,179.5400,180.5260,179.0060,179.4740,123365
2015-01-13,179.4810,180.0720,178.0730,178.7190,148337
2015-01-14,178.7220,178.8380,176.8280,178.6790,157122
2015-01-15,178.6760,179.5600,176.2520,176.2520,158421
2015-01-16,176.2620,178.3010,175.7750,178.0080,157928
2015-01-19,177.7390,178.3450,176.9750,177.5710,82814
2015-01-20,177.6440,180.2600,177.5010,179.8550,95432
2015-01-21,179.9130,179.9130,177.0360,178.5670,105708
2015-01-22,178.6040,179.1880,177.1910,177.7790,104128
2015-01-23,177.8300,178.4850,176.1220,176.4510,106315
2015-01-26,176.3570,178.9010,175.7250,178.5370,90577
2015-01-27,178.5900,179.4070,177.8350,179.0980,102935
2015-01-28,179.0980,179.3560,177.6320,177.8880,110983
2015-01-29,177.8900,178.9170,177.6840,178.1540,108239
2015-01-30,178.1960,178.5290,176.0970,176.8380,104017
2015-02-02,176.5000,177.7140,176.1010,176.8080,106416
2015-02-03,176.7440,178.3790,175.4830,178.2780,111603
2015-02-04,178.3030,179.2740,177.5810,178.0120,109459
2015-02-05,178.0090,180.3900,177.7180,180.1060,122164
2015-02-06,180.1050,181.7990,179.5490,181.4210,110221
2015-02-09,181.2410,181.6150,180.1540,180.4590,104371
2015-02-10,180.4950,182.2450,180.2450,182.1440,106674
2015-02-11,182.1340,183.9540,181.9890,183.5160,101965
2015-02-12,183.5140,184.1630,181.1990,183.2060,114688
2015-02-13,183.2040,183.3450,182.4750,182.5740,104915
2015-02-16,182.6820,183.2100,181.5050,181.9780,94062
2015-02-17,181.9790,183.3680,181.5660,183.0520,107899
2015-02-18,183.0450,184.1890,182.5880,183.3210,112376
2015-02-19,183.3200,184.0260,183.0170,183.3160,101323
2015-02-20,183.3220,183.6570,181.6590,183.1930,107612
2015-02-23,183.3370,184.0060,182.6010,183.6250,90203
2015-02-24,183.6140,184.7160,183.5300,183.7990,98773
2015-02-25,183.8140,184.6580,183.5250,184.5440,95063
2015-02-26,184.5050,185.0170,183.5910,183.9350,96872
2015-02-27,183.9360,185.0000,183.5370,184.6580,99377
2015-03-02,184.5420,184.9110,184.1530,184.5710,89949
2015-03-03,184.5620,184.7110,183.6510,183.8780,92563
2015-03-04,183.8760,183.9790,182.5260,182.6510,93496
2015-03-05,182.6520,183.7010,182.3850,183.0450,93777
2015-03-06,183.0400,183.2430,181.4670,181.6630,98880
2015-03-09,181.6190,183.5830,181.5120,183.3450,90516
2015-03-10,183.3440,183.9100,182.2650,182.3900,111173
2015-03-11,182.4120,183.1350,180.7790,181.3350,113088
2015-03-12,181.3430,181.7760,180.1910,180.5260,99354
2015-03-13,180.5280,180.7410,178.2270,178.9110,101490
2015-03-16,178.8400,180.1980,178.8400,179.9260,92399
2015-03-17,179.9230,180.1310,178.5380,178.8920,106601
2015-03-18,178.8930,181.0190,177.1470,179.7920,115852
2015-03-19,179.7700,179.8960,177.7030,178.2020,121152
2015-03-20,178.2030,180.0760,177.9200,179.4330,107165
2015-03-23,179.4290,179.6680,178.1320,178.9830,101762
2015-03-24,178.9810,179.1820,177.4990,177.7070,97767
2015-03-25,177.7110,178.3560,177.5270,177.8180,82548
2015-03-26,177.8170,177.9060,176.4610,177.0290,115451
2015-03-27,177.0280,177.9140,176.6820,177.1260,103855
2015-03-30,177.4110,178.1860,176.6610,177.7910,96547
2015-03-31,177.7880,178.2970,177.0930,177.9320,86605
2015-04-01,177.8990,178.4160,176.7660,177.4780,92262
2015-04-02,177.4600,177.9400,176.7580,177.4830,86051
2015-04-03,177.4860,177.9280,177.0720,177.4810,56441
2015-04-06,177.2720,178.2690,177.1550,177.8410,45561
2015-04-07,177.8240,179.1770,177.7020,178.0620,93056
2015-04-08,178.0520,179.2830,177.6240,178.5680,98730
2015-04-09,178.5500,179.0760,177.1000,177.3660,91872
2015-04-10,177.3710,177.5230,175.6690,175.8300,89001
2015-04-13,175.8300,176.5230,175.2830,176.2590,89308
2015-04-14,176.2630,176.6060,174.8710,176.4420,105731
2015-04-15,176.4340,176.9490,175.6890,176.8550,103961
2015-04-16,176.8550,178.0160,176.5440,177.5910,120979
2015-04-17,177.5910,178.7230,177.4390,177.8910,108996
2015-04-20,177.8910,178.1920,177.1860,177.7010,92951
2015-04-21,177.7010,178.8950,177.4750,178.5590,133508
2015-04-22,178.5590,180.3950,178.4540,180.2620,149920
2015-04-23,180.2620,180.4500,179.3000,180.0700,150876
2015-04-24,180.0700,181.0030,179.6480,180.6930,155227
2015-04-27,180.3880,181.5710,180.2930,181.3270,130355
2015-04-28,181.2450,182.3930,180.6640,182.3690,141365
2015-04-29,182.2950,184.1120,182.1100,183.7550,167864
2015-04-30,183.7210,184.1460,182.5730,183.3000,203002
2015-05-01,183.2480,184.4560,181.7720,181.9250,131630
2015-05-04,182.0410,182.2930,181.3980,181.6430,81938
2015-05-05,181.6140,182.7700,181.4430,181.9470,21910
2015-05-06,181.9010,182.5160,181.4510,182.0240,46914
2015-05-07,182.0220,182.9750,180.9430,182.5180,18824
2015-05-08,182.5110,186.0150,182.5110,184.9070,28128
2015-05-11,184.8750,187.3790,184.5610,187.1140,80829
2015-05-12,187.1360,188.3540,186.7080,187.8010,136746
2015-05-13,187.7890,188.5790,187.0130,187.5660,107525
2015-05-14,187.5810,188.5130,187.3480,187.9670,128394
2015-05-15,187.9380,188.5950,187.6600,187.7590,91714
2015-05-18,187.7400,188.2630,187.2920,187.7790,101285
2015-05-19,187.7840,187.9530,185.9400,187.1630,126639
2015-05-20,187.1560,188.5940,187.0650,188.4600,142352
2015-05-21,188.4650,189.9970,187.9310,189.5290,128168
2015-05-22,189.5470,189.6400,187.9210,188.3390,120278
2015-05-25,187.9630,188.5840,187.7800,188.0160,79315
2015-05-26,188.0120,189.6460,187.8690,189.3380,127840
2015-05-27,189.3130,190.3280,189.1940,189.8160,139102
2015-05-28,189.8230,190.6880,189.2630,189.7870,150692
2015-05-29,189.7870,189.9870,188.6790,189.6900,136065
2015-06-01,189.7580,189.9710,188.5220,189.6270,149272
2015-06-02,189.6360,190.5230,189.1090,190.3790,213523
2015-06-03,190.3780,190.7840,189.5230,190.5540,131415
2015-06-04,190.5530,191.6730,189.8550,191.0110,60503
2015-06-05,190.9910,191.9450,190.7110,191.7620,202328
2015-06-08,191.7490,191.8490,190.6720,191.0210,186410
2015-06-09,191.0390,191.3490,189.5140,191.2680,204766
2015-06-10,191.2770,191.6000,188.9580,190.4510,255939
2015-06-11,190.4480,191.9400,190.2800,191.4900,198246
2015-06-12,191.5350,192.2130,191.2340,192.0030,154929
2015-06-15,191.4980,192.6050,191.4000,192.4870,130556
2015-06-16,192.5040,193.1380,192.0550,193.0110,171064
2015-06-17,193.0100,195.6360,192.9480,195.3760,203828
2015-06-18,195.3710,195.8230,194.3340,195.2180,224891
2015-06-19,195.2210,195.4900,194.5990,194.7580,169634
2015-06-22,195.1500,195.5610,194.6080,195.1800,179989
2015-06-23,195.1810,195.4840,194.5730,194.9360,194732
2015-06-24,194.9360,195.8700,194.2460,194.4690,188975
2015-06-25,194.4810,194.7480,193.4690,194.6440,185854
2015-06-26,194.6450,195.2430,193.9280,194.9830,180638
2015-06-29,192.6870,193.5150,191.2870,192.8170,261539
2015-06-30,192.8120,193.0040,191.7000,192.4030,224576
2015-07-01,192.4140,192.9130,191.8620,192.3180,202054
2015-07-02,192.3050,192.9240,191.9240,192.0410,171245
2015-07-03,192.0210,192.4990,190.8970,191.1690,147068
2015-07-06,189.5860,191.6440,189.3930,191.2030,173522
2015-07-07,191.2020,191.5480,188.2190,189.4110,198214
2015-07-08,189.4190,189.4840,184.9660,185.3950,219904
2015-07-09,185.3920,187.3350,185.1280,186.5730,190186
2015-07-10,186.5730,190.7470,186.4890,190.4500,185360
2015-07-13,189.6350,192.3180,189.6350,191.0810,177762
2015-07-14,191.0830,192.9260,190.5370,192.8890,167592
2015-07-15,192.8890,193.7480,192.6590,193.5060,173977
2015-07-16,193.4700,193.9200,193.0220,193.7640,174136
2015-07-17,193.7390,194.3640,192.8580,193.5780,135364
2015-07-20,193.4580,193.9340,193.0410,193.3710,130931
2015-07-21,193.3680,193.8540,192.5150,192.6580,201421
2015-07-22,192.6150,193.9720,192.2920,193.5010,272677
2015-07-23,193.4680,193.9080,191.9220,192.1840,192098
2015-07-24,192.1310,192.4520,191.6380,192.0510,136092
2015-07-27,191.9520,192.1860,190.9950,191.7400,157168
2015-07-28,191.7400,193.2190,191.4370,192.8670,155235
2015-07-29,192.9140,194.1570,192.5520,193.3860,159563
2015-07-30,193.2540,194.5750,193.1840,193.6480,162958
2015-07-31,193.5860,193.9890,193.1500,193.4290,178676
2015-08-03,193.6120,194.2280,193.0310,193.2960,155803
2015-08-04,193.2800,193.8140,193.0350,193.5190,175193
2015-08-05,193.5070,195.2090,193.1860,194.7070,181683
2015-08-06,194.6980,195.2400,193.1120,193.4450,156903
2015-08-07,193.3930,193.7710,191.9670,192.3880,160279
2015-08-10,192.2540,194.4450,192.2520,194.2190,131007
2015-08-11,194.2330,194.9820,193.9660,194.6970,179227
2015-08-12,194.7630,195.0140,193.4080,193.8160,201103
2015-08-13,193.8300,194.7200,193.6570,194.1280,155139
2015-08-14,194.1500,194.5550,193.8330,194.4310,139275
2015-08-17,194.4860,195.1530,193.7180,193.7440,134148
2015-08-18,193.7570,195.2620,193.5220,194.7170,147013
2015-08-19,194.7430,195.0200,193.9620,193.9690,176144
2015-08-20,194.0070,194.5270,193.2780,193.4920,181849
2015-08-21,193.5210,193.7440,191.3090,191.3910,215728
2015-08-24,191.0440,191.4040,183.1940,186.6880,303774
2015-08-25,186.7210,189.9840,186.0600,186.3500,302114
2015-08-26,186.3380,188.0800,184.1420,185.1360,275466
2015-08-27,185.2530,186.8190,185.2240,186.3040,244253
2015-08-28,186.3210,187.3590,185.3640,187.2970,206961
2015-08-31,187.4170,187.4190,185.8410,185.9730,153406
2015-09-01,185.9270,186.2160,182.5300,182.6720,224535
2015-09-02,182.6070,184.2700,182.4560,184.0540,211743
2015-09-03,184.0430,184.6970,182.6670,183.1300,185517
2015-09-04,183.1250,183.3280,180.4520,180.4930,204357
2015-09-07,180.4130,182.5120,180.3700,182.1180,164886
2015-09-08,182.2140,184.9540,181.7980,184.4250,201032
2015-09-09,184.3270,186.4160,184.3270,185.1630,218932
2015-09-10,185.0500,187.3190,184.2310,186.2520,242108
2015-09-11,186.1760,186.8590,185.6850,185.9880,184736
2015-09-14,185.8810,186.6260,184.5960,185.3660,177067
2015-09-15,185.3650,186.0860,184.2050,184.7190,186308
2015-09-16,184.7330,187.1830,184.2250,186.7250,183016
2015-09-17,186.7020,188.2660,186.6860,187.0490,196445
2015-09-18,187.0390,187.3580,185.9270,186.1830,223883
2015-09-21,186.4190,187.3180,186.0010,186.9260,186274
2015-09-22,186.8920,187.0100,184.0890,184.5580,190556
2015-09-23,184.5170,184.6460,182.9030,183.2870,198035
2015-09-24,183.2680,183.5430,181.6020,182.9630,230169
2015-09-25,183.0270,184.4160,182.6270,182.9790,229531
2015-09-28,183.0030,183.2920,181.6260,181.9260,205807
2015-09-29,181.9120,182.5120,180.9410,181.3880,234441
2015-09-30,181.3650,183.0320,180.8360,181.3230,207992
2015-10-01,181.3330,182.0170,181.0690,181.4010,202104
2015-10-02,181.3910,182.5720,180.6460,181.9410,214014
2015-10-05,182.2840,183.1880,181.8570,182.4070,203311
2015-10-06,182.3850,183.2590,181.9660,183.0110,159325
2015-10-07,182.9960,184.0400,182.4890,183.8140,176990
2015-10-08,183.7610,184.2580,182.9950,184.0250,168108
2015-10-09,184.0060,184.8380,183.9210,184.1390,159952
2015-10-12,184.0610,184.6810,183.9250,184.1980,108228
2015-10-13,184.1800,184.3370,181.8230,182.5560,154731
2015-10-14,182.5360,184.3190,182.3150,183.8920,180429
2015-10-15,183.8440,184.3510,182.7460,183.7830,185381
2015-10-16,183.7090,184.7140,183.5830,184.3660,151344
2015-10-19,184.3140,185.0870,183.8190,184.7810,151938
2015-10-20,184.7510,185.5760,184.6300,185.0670,141295
2015-10-21,184.9990,185.5540,184.7150,184.8790,140244
2015-10-22,184.7990,185.8980,184.4810,185.7630,158672
2015-10-23,185.7390,186.2910,185.2480,185.9110,170342
2015-10-26,185.9260,185.9970,185.1260,185.6990,141336
2015-10-27,185.6990,185.8660,183.9180,184.2240,143243
2015-10-28,184.2260,185.0290,183.8820,184.8620,151942
2015-10-29,184.8690,185.5410,184.0870,185.3330,151828
2015-10-30,185.3400,186.7140,184.2990,186.0630,172995
2015-11-02,185.9620,186.9570,185.5400,186.1260,128273
2015-11-03,186.1230,186.8760,185.8630,186.6980,124986
2015-11-04,186.6330,187.3030,186.4700,186.9570,154357
2015-11-05,186.9870,187.6790,184.9520,185.1120,167347
2015-11-06,185.0850,185.8110,184.2930,185.3080,165508
2015-11-09,185.4720,186.5960,185.3620,186.1340,169410
2015-11-10,186.1080,186.4970,185.8780,186.1840,154610
2015-11-11,186.0720,187.0380,185.9380,186.8740,138080
2015-11-12,186.8110,187.4980,186.5320,186.6990,170185
2015-11-13,186.6910,187.0240,186.3960,186.6950,158707
2015-11-16,186.1090,187.4470,185.9810,187.1730,157090
2015-11-17,187.2020,187.9740,186.8460,187.7560,153080
2015-11-18,187.7420,188.2740,187.2730,188.2680,141365
2015-11-19,188.3140,188.7970,187.5620,187.8560,161413
2015-11-20,187.8120,188.0760,186.4470,186.4800,142528
2015-11-23,186.5080,186.9600,185.6360,185.7260,145919
2015-11-24,185.7770,185.9890,184.3140,184.7480,164213
2015-11-25,184.7450,185.7970,184.4860,185.6030,163304
2015-11-26,185.3440,185.6380,184.6430,185.1180,120915
2015-11-27,185.0730,185.3060,184.2320,184.4340,125174
2015-11-30,184.6160,185.6410,184.3380,185.3240,126474
2015-12-01,185.2380,186.0080,184.9350,185.2780,141366
2015-12-02,185.1980,185.6290,183.9560,184.2520,143099
2015-12-03,184.1870,185.8840,183.9960,185.6110,182836
2015-12-04,185.6100,186.2570,185.1120,185.8980,176830
2015-12-07,186.0720,186.3300,185.4560,185.7110,120617
2015-12-08,185.6510,185.7390,183.7500,184.4570,142306
2015-12-09,184.4200,185.3770,183.6810,184.2850,162530
2015-12-10,184.2730,184.9560,183.3570,184.2910,146428
2015-12-11,184.2330,185.0450,183.5520,184.0900,152054
2015-12-14,184.4500,184.4630,182.1110,183.1590,172198
2015-12-15,183.1430,184.2100,182.5740,182.9840,154813
2015-12-16,182.8730,183.7270,182.4130,183.3120,168697
2015-12-17,183.2590,183.6610,182.3600,182.5830,153366
2015-12-18,182.5420,183.9200,180.3130,180.3130,170288
2015-12-21,180.4920,181.2100,179.9300,180.3270,136911
2015-12-22,180.2680,180.6040,179.0180,179.4880,116476
2015-12-23,179.4430,180.1480,179.2980,179.7760,93843
2015-12-24,179.6090,179.9510,178.9480,179.7500,71594
2015-12-28,179.0650,180.0360,178.9590,179.0920,79524
2015-12-29,179.1060,179.5310,178.1100,178.4310,101815
2015-12-30,178.4270,179.0250,178.2350,178.4970,80307
2015-12-31,178.5010,178.6970,177.0830,177.0990,66571
2016-01-04,177.0720,177.3560,174.9290,175.7890,172723
2016-01-05,175.6890,176.1510,174.0730,174.6730,159397
2016-01-06,174.6590,174.9140,173.0860,173.3070,195286
2016-01-07,173.2750,173.7550,170.7390,171.9560,200865
2016-01-08,171.9210,173.3590,170.1550,170.1570,197168
2016-01-11,170.1080,172.2680,169.3520,171.2320,193719
2016-01-12,171.1840,171.6840,169.1550,169.9360,183200
2016-01-13,169.8520,171.2780,169.4880,169.4920,185866
2016-01-14,169.5290,170.5030,168.8150,170.1070,197858
2016-01-15,170.0850,170.5610,166.2300,166.7150,194688
2016-01-18,166.2930,168.1410,166.2930,167.0770,160425
2016-01-19,167.0830,169.0900,166.3210,166.5160,199058
2016-01-20,166.4570,166.8110,163.9630,165.9160,224866
2016-01-21,165.9240,167.6990,164.4410,167.3480,232965
2016-01-22,167.3230,170.3460,167.0640,169.3490,181193
2016-01-25,169.2310,169.9970,168.2940,168.5220,168890
2016-01-26,168.5440,170.2530,166.9640,169.9050,175488
2016-01-27,169.9060,170.0440,168.5540,168.9010,194288
2016-01-28,168.8490,171.1420,168.6610,170.5850,185668
2016-01-29,170.5250,174.1630,170.0750,172.4720,224947
2016-02-01,172.7560,175.0040,172.4070,174.5920,172951
2016-02-02,174.5730,174.6600,172.7370,172.8230,178696
2016-02-03,172.7940,173.7370,171.0310,172.1390,228353
2016-02-04,172.1390,172.4560,170.0160,170.3240,239039
2016-02-05,170.3440,170.5160,168.9710,169.3400,186879
2016-02-08,169.1200,170.6210,165.9550,167.1510,204424
2016-02-09,167.1340,167.1950,164.5360,166.5690,250367
2016-02-10,166.5230,167.6230,164.4050,164.5420,249502
2016-02-11,164.5350,165.0460,159.7790,162.7220,236015
2016-02-12,162.7220,164.7670,161.6530,163.9850,201318
2016-02-15,164.2320,165.7440,164.1130,165.3320,155446
2016-02-16,165.3040,166.0730,162.4240,163.1080,169988
2016-02-17,163.0580,163.8730,161.5490,163.0100,163806
2016-02-18,163.0000,163.9530,162.0280,162.2880,156184
2016-02-19,162.2870,162.4900,160.7160,162.0830,158432
2016-02-22,160.4780,161.5460,159.1210,159.7550,166761
2016-02-23,159.6270,159.9060,156.9500,157.1370,173405
2016-02-24,157.1540,157.2950,154.7020,156.1820,190253
2016-02-25,156.1870,157.8910,155.7680,157.7290,190774
2016-02-26,157.7190,158.5420,157.1880,157.9980,181625
2016-02-29,157.9100,157.9680,156.1870,156.7680,193351
2016-03-01,156.7650,159.5080,156.1350,159.0060,181969
2016-03-02,158.9950,160.5560,158.7230,159.7450,200076
2016-03-03,159.7190,161.2800,159.6170,161.1350,168017
2016-03-04,161.1600,162.4260,160.4170,161.8630,150493
2016-03-07,161.9060,162.2170,160.3630,161.8010,129799
2016-03-08,161.7650,161.8510,159.5820,160.0830,154215
2016-03-09,160.0530,161.3400,159.4640,161.0600,146178
2016-03-10,161.0980,162.8730,160.7080,161.6500,180227
2016-03-11,161.5470,164.0820,161.0410,163.5690,134190
2016-03-14,163.7190,163.9660,162.5780,162.7070,118044
2016-03-15,162.7190,162.9260,159.5330,160.1610,149093
2016-03-16,160.1640,160.9010,159.6160,160.5640,151098
2016-03-17,160.5620,161.5650,158.9980,161.2420,169238
2016-03-18,161.2840,161.7690,160.3410,161.4450,127079
2016-03-21,161.2540,161.3420,160.1220,160.8550,107105
2016-03-22,160.8450,161.4800,158.4310,159.6940,143815
2016-03-23,159.6890,160.0020,158.4790,158.6390,140971
2016-03-24,158.6370,159.8400,158.4340,159.6520,124063
2016-03-25,159.6510,160.1950,159.3120,159.5290,51766
2016-03-28,159.8680,161.7130,159.7260,161.6510,62957
2016-03-29,161.6870,162.4870,161.3250,162.0750,145291
2016-03-30,161.9850,162.5640,161.3320,161.6600,152317
2016-03-31,161.5850,162.0140,160.8750,161.6460,142457
2016-04-01,161.6170,161.7160,158.6920,158.7170,159144
2016-04-04,158.6280,159.5720,158.1520,158.7690,131294
2016-04-05,158.7180,158.8360,155.7110,156.2090,157552
2016-04-06,156.1670,156.6400,154.5180,155.0140,164912
2016-04-07,155.0140,155.3250,151.6390,152.0440,195988
2016-04-08,152.0520,154.2230,151.9090,152.5760,162837
2016-04-11,152.3650,154.4530,151.9500,153.6890,150937
2016-04-12,153.6550,155.5060,153.4820,154.8980,159800
2016-04-13,154.9040,155.7450,154.6660,155.2750,155705
2016-04-14,155.2650,155.3560,153.8780,154.8030,141413
2016-04-15,154.8070,155.2970,154.0690,154.3680,117277
2016-04-18,153.5360,155.6970,152.5020,155.3250,133332
2016-04-19,155.2580,157.6990,155.2350,157.1990,131075
2016-04-20,157.1000,157.8630,156.1800,157.4020,142213
2016-04-21,157.3960,158.3630,156.5970,156.7530,141168
2016-04-22,156.7440,161.2380,156.5040,160.5440,151204
2016-04-25,161.7170,161.8150,160.0020,161.0010,131525
2016-04-26,160.9970,162.6890,160.4400,162.2660,129625
2016-04-27,162.2310,162.7970,161.5820,161.9960,129208
2016-04-28,161.9820,162.5660,157.0590,157.8860,158753
2016-04-29,157.8530,158.0410,155.2360,155.3020,147904
2016-05-02,154.9000,156.6440,154.9000,156.0970,128714
2016-05-03,156.1280,156.1560,154.4110,154.9330,157540
2016-05-04,154.8760,156.1630,154.3990,155.0680,153367
2016-05-05,155.0820,155.8470,154.8520,155.3390,114463
2016-05-06,155.3080,155.6100,153.6170,154.4640,141858
2016-05-09,154.3330,156.4230,154.2920,156.0360,129147
2016-05-10,156.0420,157.9090,156.0130,157.7910,128163
2016-05-11,157.7870,157.9900,156.3900,156.5890,118526
2016-05-12,156.5700,158.4760,156.2390,157.4850,136442
2016-05-13,157.4050,157.6240,155.6500,155.6600,139801
2016-05-16,155.7960,157.0730,155.6560,156.9960,112425
2016-05-17,156.9600,158.9630,156.9270,157.8060,133495
2016-05-18,157.7940,160.8660,157.0050,160.8340,172324
2016-05-19,160.8010,161.6220,160.1150,160.6320,163087
2016-05-20,160.5380,161.0500,159.5070,159.5800,133289
2016-05-23,159.5920,159.8090,158.0310,158.1750,134033
2016-05-24,158.1590,161.0370,158.0790,160.9330,136382
2016-05-25,160.9440,162.5110,160.4190,161.9470,138376
2016-05-26,161.8000,162.1600,160.7040,160.9890,142007
2016-05-27,160.9890,161.4050,160.1430,161.1510,109305
2016-05-30,161.2880,162.8820,161.1930,162.6510,99091
2016-05-31,162.6570,163.8770,159.8310,160.3140,165840
2016-06-01,160.3080,160.6480,157.2050,157.8660,184762
2016-06-02,157.8930,157.9460,156.5650,157.0030,172778
2016-06-03,156.9260,157.2600,154.5560,154.6090,219634
2016-06-06,154.1920,155.6330,152.9340,155.2830,193256
2016-06-07,155.2450,157.9440,154.9780,156.0900,163469
2016-06-08,156.0100,156.2430,154.9360,155.1470,163627
2016-06-09,155.1460,155.3120,153.6380,154.7370,169220
2016-06-10,154.7760,155.0140,151.4830,152.4310,174812
2016-06-13,152.2700,152.3710,149.4500,151.5290,203784
2016-06-14,151.3630,151.5050,149.1730,149.7040,197869
2016-06-15,149.6610,151.1650,149.3040,150.5450,180795
2016-06-16,150.5190,150.6250,145.3740,148.0410,216128
2016-06-17,148.0350,149.9020,147.9720,149.1550,189452
2016-06-20,151.4310,153.6250,150.8790,152.5500,187857
2016-06-21,152.4940,154.3770,151.8860,153.4650,184044
2016-06-22,153.3290,154.5590,152.8340,153.4960,170348
2016-06-23,153.4970,158.1940,153.3100,157.5760,171790
2016-06-24,157.5750,160.0860,133.2290,139.5900,247729
2016-06-27,136.2740,137.8220,133.3120,134.8790,260037
2016-06-28,134.7160,137.4330,134.2660,137.0330,173394
2016-06-29,136.9720,139.0020,135.8510,138.0200,171353
2016-06-30,138.0820,138.8340,135.8820,137.3090,191259
2016-07-01,137.2280,137.6560,135.7540,135.9290,139777
2016-07-04,135.9210,136.7930,135.8420,136.1980,109458
2016-07-05,136.1550,136.2520,132.0090,132.4550,159852
2016-07-06,132.4360,132.4990,128.7560,130.9610,198357
2016-07-07,130.8950,131.9330,129.5610,130.0100,171655
2016-07-08,130.0000,130.8810,129.6270,129.7400,153106
2016-07-11,130.2440,133.7380,130.1020,133.5730,154426
2016-07-12,133.1030,139.4600,132.9750,138.6110,181424
2016-07-13,138.5930,139.4990,136.8940,137.3690,176249
2016-07-14,137.2900,142.0960,136.3680,140.5080,181464
2016-07-15,140.5180,143.2200,137.7930,138.1480,159575
2016-07-18,138.9850,141.2840,138.3070,140.6770,127114
2016-07-19,140.6500,141.0640,138.4660,139.0640,141912
2016-07-20,139.0940,141.4740,138.3200,141.1490,130238
2016-07-21,141.0980,142.3810,139.0660,139.9960,161211
2016-07-22,139.9290,141.0740,138.4180,139.0130,140581
2016-07-25,139.4560,140.1190,138.7450,139.0050,115472
2016-07-26,138.9640,139.0960,135.9580,137.3580,143922
2016-07-27,137.3010,139.9000,137.1440,139.3540,160727
2016-07-28,139.2740,139.4450,137.4580,138.5320,136024
2016-07-29,138.5660,139.2230,134.8500,134.9210,170752
2016-08-01,135.1410,136.2410,134.4930,134.9170,127130
2016-08-02,134.8690,135.5550,133.8860,134.7160,146657
2016-08-03,134.6200,135.4270,134.1570,134.8690,137707
2016-08-04,134.8700,135.2350,132.5360,132.5980,137184
2016-08-05,132.6310,133.2260,132.2200,132.9990,113065
2016-08-08,133.2560,134.0060,133.0890,133.5960,92209
2016-08-09,133.5620,133.6660,132.0790,132.4190,94982
2016-08-10,132.4400,132.8110,131.5430,131.7010,113812
2016-08-11,131.6910,132.2390,130.9920,132.0460,102913
2016-08-12,132.0620,132.5150,130.3480,130.8040,110419
2016-08-15,130.6580,131.1990,129.9590,130.4110,99020
2016-08-16,130.4030,130.8740,129.0540,130.8370,143007
2016-08-17,130.7760,131.7930,130.2660,130.7390,140711
2016-08-18,130.7040,132.2430,129.9940,131.4840,145701
2016-08-19,131.4900,132.0060,130.3280,131.0120,126060
2016-08-22,131.4740,132.1420,131.1160,131.7740,131400
2016-08-23,131.7620,132.3060,131.4310,132.2770,117489
2016-08-24,132.2400,133.2870,131.9580,132.8950,115884
2016-08-25,132.8940,133.2690,132.3370,132.5690,95190
2016-08-26,132.5510,133.8600,132.3230,133.5880,136728
2016-08-29,133.8840,134.3770,133.4080,133.5290,100450
2016-08-30,133.5060,134.8570,133.3190,134.6630,122619
2016-08-31,134.5820,135.8850,134.5650,135.8470,128916
2016-09-01,135.8530,138.0130,135.3860,136.9470,138094
2016-09-02,136.8200,138.8150,136.6320,137.7390,141461
2016-09-05,138.3520,138.4490,137.3120,137.5040,105011
2016-09-06,137.5330,138.3040,136.8500,137.1140,135300
2016-09-07,136.9530,137.1020,135.3790,135.6930,138737
2016-09-08,135.6950,136.4180,134.9990,136.2340,139724
2016-09-09,136.0550,137.1190,135.7200,135.8810,148002
2016-09-12,136.0050,136.2160,135.0660,135.7780,149044
2016-09-13,135.7580,136.0620,134.4580,135.2780,162352
2016-09-14,135.2510,136.6100,134.8960,135.5380,147737
2016-09-15,135.4560,136.1160,134.5570,135.1240,159648
2016-09-16,135.0700,135.2330,132.8800,132.8800,136050
2016-09-19,132.7700,133.4610,132.4210,132.7700,112818
2016-09-20,132.7890,133.0870,131.6330,132.0760,133354
2016-09-21,132.0750,133.2420,130.3960,130.7280,190935
2016-09-22,130.6690,132.2530,130.5290,131.7170,135358
2016-09-23,131.5940,132.2740,130.4400,130.5830,142199
2016-09-26,130.8640,131.2180,129.6780,130.1330,120051
2016-09-27,130.1440,131.1990,129.6130,130.7380,156874
2016-09-28,130.7340,131.2670,130.4580,131.0330,138362
2016-09-29,131.0130,132.4190,130.6630,130.9650,163622
2016-09-30,130.9210,131.9380,130.4090,131.4380,163780
2016-10-03,130.7010,131.4890,130.0590,130.4930,136467
2016-10-04,130.4630,131.3400,130.2890,130.9680,177373
2016-10-05,130.8850,132.2170,130.4830,131.9080,145424
2016-10-06,131.8960,132.0570,131.0650,131.1210,144310
2016-10-07,131.1190,131.2200,116.0820,127.8740,220941
2016-10-10,127.9350,128.5920,127.4610,128.0640,127845
2016-10-11,128.0230,128.3540,124.8110,125.4780,183305
2016-10-12,125.4510,127.6860,125.2760,127.1910,191200
2016-10-13,127.0160,127.4560,125.9020,127.0440,161732
2016-10-14,127.0190,127.9140,126.5090,126.5090,176587
2016-10-17,126.7540,127.0470,126.2390,126.5280,151212
2016-10-18,126.5200,128.1530,126.3630,127.7080,146282
2016-10-19,127.6840,127.8720,126.5870,127.0850,140516
2016-10-20,127.0200,127.5690,126.5690,127.3450,145598
2016-10-21,127.3360,127.6670,126.1060,126.8070,134150
2016-10-24,126.8800,127.5550,126.6000,127.4690,116797
2016-10-25,127.4590,127.9290,126.5850,127.0030,154728
2016-10-26,126.9600,127.9700,126.6100,127.9140,138272
2016-10-27,127.9140,128.4050,127.4020,128.0140,168930
2016-10-28,127.9940,128.2650,127.2270,127.2740,191515
2016-10-31,127.4180,128.4790,127.4180,128.2060,146409
2016-11-01,128.2100,129.0140,127.1130,127.4000,168690
2016-11-02,127.4000,127.4860,126.7050,127.1060,197402
2016-11-03,127.1000,128.8990,126.4670,128.3180,189832
2016-11-04,128.3180,129.4390,128.2440,128.7200,160233
2016-11-07,129.3890,130.2200,129.2180,129.4940,155104
2016-11-08,129.4250,130.3400,129.2530,130.2090,145901
2016-11-09,130.1250,131.7010,126.6810,131.0680,381162
2016-11-10,131.0710,134.3120,130.2700,134.0370,249130
2016-11-11,134.0440,134.9020,133.4140,133.9660,229413
2016-11-14,134.2560,135.6110,134.0700,135.3550,220641
2016-11-15,135.3640,136.5460,134.1690,135.9650,179705
2016-11-16,135.9550,136.7460,135.6170,135.6780,166110
2016-11-17,135.6990,136.8790,134.9840,136.6510,194940
2016-11-18,136.6250,137.5680,135.3910,136.5130,224603
2016-11-21,138.1440,138.8480,136.2670,138.3610,214662
2016-11-22,138.3060,138.8270,137.6120,138.0430,191358
2016-11-23,138.0350,140.3320,137.2560,139.8730,176613
2016-11-24,139.8240,141.2860,139.6140,141.0630,152913
2016-11-25,141.0470,141.7260,139.9460,140.9830,186707
2016-11-28,140.4840,140.9110,138.8410,138.9510,214154
2016-11-29,138.8340,141.3570,138.4940,140.3570,194976
2016-11-30,140.3650,143.2410,139.9570,143.1010,231566
2016-12-01,143.0740,145.1780,142.6270,143.5870,212782
2016-12-02,143.6060,144.6520,142.8950,144.1990,180138
2016-12-05,143.2800,146.0190,142.4990,144.9040,210166
2016-12-06,144.9010,145.6110,144.1440,144.4760,147464
2016-12-07,144.4240,144.7820,142.9780,143.6050,136553
2016-12-08,143.5780,144.4540,143.0700,143.4780,172560
2016-12-09,143.4040,145.1050,143.2720,144.6990,152644
2016-12-12,145.1060,146.3620,144.8980,145.7570,154711
2016-12-13,145.7510,146.6910,145.4780,145.7770,165733
2016-12-14,145.7810,147.2740,145.1800,147.0170,187142
2016-12-15,147.0100,148.4450,146.3330,146.7190,264279
2016-12-16,146.7070,147.3050,146.2440,146.8780,237408
2016-12-19,147.1550,147.2490,144.5120,145.0910,212394
2016-12-20,145.1260,146.3400,144.9050,145.7370,206515
2016-12-21,145.7000,145.8530,144.8730,145.1790,176087
2016-12-22,145.1940,145.5680,144.2940,144.2980,167914
2016-12-23,144.2940,144.4820,143.4840,143.7470,131391
2016-12-26,143.7400,143.9610,143.2770,143.7550,12830
2016-12-27,143.6660,144.2460,143.5290,144.0380,107689
2016-12-28,143.9960,144.6830,142.9920,143.3250,151645
2016-12-29,143.2580,143.3390,142.1530,142.8780,175054
2016-12-30,142.7790,144.6010,142.6710,144.3480,203254
2017-01-02,143.8780,144.9480,143.8300,144.2220,103829
2017-01-03,144.2190,145.3830,143.5130,144.0790,199402
2017-01-04,144.0200,144.9360,143.6730,144.4150,216421
2017-01-05,144.3350,144.6360,142.4780,143.1660,277950
2017-01-06,143.1220,144.0330,142.9630,143.6430,231247
2017-01-09,143.3440,143.8410,141.0400,141.0810,213579
2017-01-10,141.0340,141.4320,140.1640,140.9330,237885
2017-01-11,140.9110,141.4580,139.9290,140.9180,266296
2017-01-12,140.8010,140.9750,138.9070,139.4580,290226
2017-01-13,139.4050,140.5600,139.0790,139.0800,240355
2017-01-16,137.1320,138.1370,136.4460,137.4830,207782
2017-01-17,137.5050,140.1240,137.0440,139.7770,298972
2017-01-18,139.6960,140.6600,139.1220,140.5000,267982
2017-01-19,140.4980,142.1620,140.3450,141.7210,270746
2017-01-20,141.7320,142.0580,141.1580,141.4490,267885
2017-01-23,141.5060,142.0680,140.7460,141.2140,263725
2017-01-24,141.2030,142.5010,140.7560,142.4410,241206
2017-01-25,142.4170,143.6960,141.8120,143.0630,249961
2017-01-26,143.0430,144.5120,142.8710,144.1860,246200
2017-01-27,144.2160,144.7730,143.9800,144.3380,214660
2017-01-30,144.2540,144.5960,141.6570,142.0080,219757
2017-01-31,141.9170,142.4490,140.4300,141.8340,268905
2017-02-01,141.8060,144.1130,141.6330,143.2800,247690
2017-02-02,143.2740,143.5120,140.7480,141.2400,250478
2017-02-03,141.2260,141.9650,140.1840,140.1840,231522
2017-02-06,140.3650,140.7450,139.2010,139.2430,216051
2017-02-07,139.2390,140.5890,138.5250,140.5280,226067
2017-02-08,140.5380,140.6650,139.7880,140.3460,228355
2017-02-09,140.3380,141.7960,140.0190,141.4840,213687
2017-02-10,141.4570,142.3570,140.9240,140.9930,220762
2017-02-13,141.5910,142.6010,141.3750,142.4120,197830
2017-02-14,142.4040,142.7040,141.0030,142.3830,218493
2017-02-15,142.4520,142.7970,141.8280,142.1990,208218
2017-02-16,142.1560,142.4490,141.2350,141.3790,205628
2017-02-17,141.3290,141.9340,139.6150,139.6810,191420
2017-02-20,139.9900,141.2470,139.9900,140.8660,149179
2017-02-21,140.8820,141.8510,140.8420,141.7710,200238
2017-02-22,141.7110,142.0210,140.4620,141.0620,220436
2017-02-23,141.0260,141.5350,140.6730,141.3730,201943
2017-02-24,141.3000,141.7560,139.3040,139.3570,204244
2017-02-27,139.8130,140.3600,138.9930,140.1680,214172
2017-02-28,140.1760,140.3090,138.8140,139.5860,210530
2017-03-01,139.5160,140.7240,139.4830,139.7620,251584
2017-03-02,139.7740,140.7380,139.7030,140.3660,207981
2017-03-03,140.3030,140.4870,139.5900,139.8340,212914
2017-03-06,139.9130,140.3100,139.2660,139.3360,176858
2017-03-07,139.3360,139.6210,138.7150,139.0150,179828
2017-03-08,138.9480,139.6500,138.4270,139.1080,202437
2017-03-09,139.1030,140.0200,139.0410,139.8040,234879
2017-03-10,139.8140,140.5270,139.3510,139.4570,226295
2017-03-13,139.6440,140.4820,139.4910,140.3020,201345
2017-03-14,140.3020,140.4050,139.1410,139.4440,197554
2017-03-15,139.4430,140.6030,139.1040,139.4030,208348
2017-03-16,139.4050,140.1730,138.5440,140.0170,242261
2017-03-17,140.0120,140.4540,139.1440,139.6280,192301
2017-03-20,139.5340,140.1280,138.8830,139.0120,167699
2017-03-21,139.0150,140.3970,138.9030,139.3950,228935
2017-03-22,139.3940,139.4790,137.7450,138.8310,243708
2017-03-23,138.8310,139.3140,138.2840,138.8890,230892
2017-03-24,138.8910,139.1480,138.2900,138.6160,205823
2017-03-27,138.4290,139.0950,138.0280,138.9390,219083
2017-03-28,138.9170,139.3850,138.0320,138.3850,200452
2017-03-29,138.2900,138.4900,137.5060,138.0390,216823
2017-03-30,138.0410,139.5900,137.7320,139.5040,199298
2017-03-31,139.4880,140.0750,138.9650,139.5080,217145
2017-04-03,139.6550,139.8890,138.2910,138.4330,187339
2017-04-04,138.4210,138.4760,137.0730,137.7180,191878
2017-04-05,137.7060,139.0270,137.4440,138.1690,198278
2017-04-06,138.1600,138.7040,137.7060,138.1370,177752
2017-04-07,138.0950,138.3260,136.9380,137.2010,218519
2017-04-10,137.4580,138.2490,137.3580,137.6850,144781
2017-04-11,137.6320,137.7170,136.8310,136.8740,184219
2017-04-12,136.8550,137.3280,136.5090,136.6760,199752
2017-04-13,136.6020,137.1010,136.3210,136.3660,190818
2017-04-14,136.3920,136.6160,135.8840,135.8890,96683
2017-04-17,136.2050,136.9650,135.5850,136.8050,121116
2017-04-18,136.7470,140.0160,136.1320,139.1840,213284
2017-04-19,139.1660,140.1760,138.9170,139.0470,192116
2017-04-20,139.0450,140.3280,138.9830,140.0500,179050
2017-04-21,140.0490,140.1360,139.1780,139.5260,161434
2017-04-24,141.7670,141.8100,140.1790,140.4120,193574
2017-04-25,140.4040,142.6410,140.0410,142.5870,174564
2017-04-26,142.5360,143.4960,142.3180,142.6690,199675
2017-04-27,142.6520,143.8770,142.5610,143.5260,184026
2017-04-28,143.5260,144.4780,143.2860,144.3540,168128
2017-05-01,143.8510,144.6080,143.7900,144.1140,115562
2017-05-02,144.0940,145.1070,144.0100,144.9260,152857
2017-05-03,144.8190,145.3430,144.4990,145.0670,153643
2017-05-04,145.0100,145.7140,144.6420,145.2870,175834
2017-05-05,145.2760,146.4270,144.7950,146.0850,168278
2017-05-08,146.6440,146.6580,145.6460,146.5120,173213
2017-05-09,146.5090,147.8650,146.4300,147.3600,175660
2017-05-10,147.3530,148.0920,147.1070,147.8390,176624
2017-05-11,147.8390,147.9210,146.1270,146.7050,176045
2017-05-12,146.7050,146.7820,145.7890,145.9580,157740
2017-05-15,145.7550,146.9860,145.7550,146.6800,156430
2017-05-16,146.6830,147.1020,145.8070,146.0550,175377
2017-05-17,146.0490,146.1030,143.6200,143.7160,229681
2017-05-18,143.7160,144.8170,143.3390,144.1920,277988
2017-05-19,144.2040,145.3700,143.8110,144.9330,194737
2017-05-22,144.2970,145.0720,144.1150,144.6790,165353
2017-05-23,144.6600,145.1320,143.7540,144.8580,184347
2017-05-24,144.8320,145.4010,144.4930,144.6200,165514
2017-05-25,144.6200,145.4280,144.5210,144.7350,149761
2017-05-26,144.7280,144.7400,142.1140,142.2500,166110
2017-05-29,142.3000,143.0690,142.3000,142.7910,95286
2017-05-30,142.7940,143.0820,141.8100,142.5240,154470
2017-05-31,142.5240,142.8990,141.4710,142.7530,187119
2017-06-01,142.7540,143.6900,142.5000,143.3910,170442
2017-06-02,143.3930,143.9420,142.0070,142.3180,160899
2017-06-05,141.8760,143.0880,141.8680,142.5380,124261
2017-06-06,142.4130,142.6400,140.7010,141.2480,172035
2017-06-07,141.1670,142.3670,140.7290,142.3030,172954
2017-06-08,142.3030,142.7510,141.7310,142.4880,167794
2017-06-09,140.1740,141.1390,139.4940,140.4330,236074
2017-06-12,140.1990,140.7860,138.6570,139.1470,165474
2017-06-13,139.0300,140.3860,139.0100,140.3380,148829
2017-06-14,140.2840,140.8880,139.0950,139.6930,197345
2017-06-15,139.6850,141.5740,139.1800,141.4950,193321
2017-06-16,141.4620,142.3230,141.3410,141.5020,167543
2017-06-19,141.4770,142.3250,141.3070,142.0330,148412
2017-06-20,142.0210,142.5310,140.5710,140.6950,161465
2017-06-21,140.7210,141.7430,139.8370,141.1000,155478
2017-06-22,141.1000,141.2220,140.4550,141.1520,146534
2017-06-23,141.1450,141.8750,141.0010,141.3330,134373
2017-06-26,141.5270,142.3550,141.4730,142.2940,130818
2017-06-27,142.2320,144.2020,141.9520,143.9360,165553
2017-06-28,143.9130,145.5090,143.2540,145.1570,179361
2017-06-29,145.1260,146.5200,145.0850,145.8380,177395
2017-06-30,145.7910,146.5350,145.1230,146.2710,146170
2017-07-03,145.7690,146.9200,145.7690,146.7660,140243
2017-07-04,146.6190,146.8470,145.9700,146.3180,131973
2017-07-05,146.2180,146.7870,145.9980,146.4400,155993
2017-07-06,146.4650,147.2570,146.0380,146.8070,154374
2017-07-07,146.7070,147.5990,146.3810,146.6400,161727
2017-07-10,146.6480,147.4390,146.6480,146.8500,131131
2017-07-11,146.8210,147.7600,146.1600,146.3520,156351
2017-07-12,146.2480,146.4050,145.2550,145.7420,186035
2017-07-13,145.7420,146.8570,145.5360,146.5740,174717
2017-07-14,146.5060,147.5590,145.9980,147.2860,165356
2017-07-17,147.3160,147.5950,146.7450,147.0210,150616
2017-07-18,146.9540,147.3140,145.3840,146.0810,195240
2017-07-19,146.1240,146.3140,145.2450,145.6710,160071
2017-07-20,145.6880,146.2590,144.6820,145.1140,201277
2017-07-21,145.1140,145.3140,144.0430,144.3390,172019
2017-07-24,144.2510,145.0000,144.0130,144.7430,167390
2017-07-25,144.7230,145.8780,144.4510,145.8190,178915
2017-07-26,145.8190,146.3980,145.4810,145.7170,193533
2017-07-27,145.7170,146.5450,145.1140,145.3840,236711
2017-07-28,145.3840,145.7590,144.9950,145.2820,216882
2017-07-31,145.2260,145.8230,144.8040,145.6440,188784
2017-08-01,145.6430,146.1500,145.3920,145.7460,194083
2017-08-02,145.5990,146.7410,145.5990,146.4310,182139
2017-08-03,146.3790,146.7860,144.3780,144.5030,188514
2017-08-04,144.5050,145.2590,144.2140,144.2480,163862
2017-08-07,144.2820,144.7020,144.1720,144.3250,132817
2017-08-08,144.3190,144.4480,143.1700,143.3210,144396
2017-08-09,143.3150,143.3670,142.2580,143.1110,176810
2017-08-10,143.1110,143.3240,141.6300,141.7250,179521
2017-08-11,141.6610,142.0610,141.2380,141.9980,189701
2017-08-14,141.7080,142.3270,141.7080,142.1880,69493
2017-08-15,142.1880,143.1780,141.9610,142.4460,185941
2017-08-16,142.3620,143.0820,141.7110,142.0080,154921
2017-08-17,142.0140,142.0290,140.8410,140.9890,178217
2017-08-18,140.9940,141.0890,139.7730,140.4350,177275
2017-08-21,140.5210,140.8280,140.0920,140.5620,125574
2017-08-22,140.5110,141.0250,140.0460,140.4530,119008
2017-08-23,140.4820,140.7790,139.4240,139.5500,133918
2017-08-24,139.5070,140.4230,139.2820,140.2230,133919
2017-08-25,140.1950,140.8500,140.1200,140.7630,138503
2017-08-28,140.9830,141.4000,140.4250,141.2900,92717
2017-08-29,141.2380,141.9880,139.9930,141.6680,184146
2017-08-30,141.5980,142.7630,141.5380,142.5200,140803
2017-08-31,142.5200,142.8920,141.5390,142.1540,150836
2017-09-01,141.8500,142.9960,141.8500,142.8220,136451
2017-09-04,141.9080,142.4830,141.5590,141.7630,108635
2017-09-05,141.7630,141.9170,141.1750,141.7170,154466
2017-09-06,141.7470,142.6690,141.3540,142.5450,149209
2017-09-07,142.5450,142.6660,141.4710,142.1460,156018
2017-09-08,142.1460,142.5320,141.3320,142.2170,170986
2017-09-11,142.5900,144.1520,142.5310,144.1450,126144
2017-09-12,143.9710,146.5400,143.8850,146.3020,152634
2017-09-13,146.3020,146.6590,145.6450,145.9000,125570
2017-09-14,145.9000,148.3440,145.1620,147.6490,153742
2017-09-15,147.6350,151.5440,146.6080,150.6070,178470
2017-09-18,150.5400,151.5140,150.1420,150.5400,132956
2017-09-19,150.5400,151.5900,150.1300,150.6660,150540
2017-09-20,150.6660,152.1680,150.4240,151.4020,152487
2017-09-21,151.4020,152.8540,151.3690,152.6630,154628
2017-09-22,152.6630,152.7600,150.6580,151.0620,154343
2017-09-25,151.3220,152.2680,149.7460,150.4080,156265
2017-09-26,150.4060,151.0710,149.9860,151.0120,154057
2017-09-27,151.0070,151.6020,150.5270,150.9850,177569
2017-09-28,150.9890,151.5780,150.4670,150.9490,138446
2017-09-29,150.9490,151.2780,150.1960,150.5710,113136
2017-10-02,150.4060,150.9610,149.2760,149.6320,107559
2017-10-03,149.6320,150.2390,149.2920,149.3650,105653
2017-10-04,149.3650,149.9050,149.0330,149.3750,97875
2017-10-05,149.3750,149.4590,147.6810,147.9810,94246
2017-10-06,147.9810,148.0260,147.0380,147.0620,113471
2017-10-09,147.2720,148.5500,146.9340,148.0400,71486
2017-10-10,148.0400,148.5190,147.7340,148.4430,99409
2017-10-11,148.4430,148.8480,147.8430,148.7110,89468
2017-10-12,148.7110,149.1560,147.2880,148.8490,102187
2017-10-13,148.8470,149.2630,148.3050,148.3050,106102
2017-10-16,148.5550,148.9630,148.1620,148.6360,84792
2017-10-17,148.6360,149.0580,147.7730,147.9600,100953
2017-10-18,147.9600,149.1210,147.8830,149.1180,99455
2017-10-19,149.1180,149.4350,147.8880,148.0340,121631
2017-10-20,148.0340,149.8240,147.9830,149.6670,117958
2017-10-23,150.1310,150.4880,149.4720,149.6900,103106
2017-10-24,149.6900,150.0880,149.1290,149.5080,107209
2017-10-25,149.5080,151.3930,149.2810,150.7560,128671
2017-10-26,150.7560,150.8970,149.7610,149.9720,111626
2017-10-27,149.9800,150.0350,148.8790,149.2070,110889
2017-10-30,149.1620,150.0130,149.0870,149.4590,91492
2017-10-31,149.4560,151.0670,149.1900,150.9320,102507
2017-11-01,150.9110,151.9340,150.8710,151.2000,115492
2017-11-02,151.2000,151.5140,148.6630,148.9430,122611
2017-11-03,148.9430,149.5350,148.7050,149.1090,99576
2017-11-06,148.9780,149.8990,148.9750,149.7250,106999
2017-11-07,149.7250,150.3220,149.6530,150.0570,104996
2017-11-08,150.0570,150.1100,148.5380,149.3020,98576
2017-11-09,149.3020,149.6940,148.4380,149.1320,138712
2017-11-10,149.1320,149.9980,148.8350,149.7120,114331
2017-11-13,149.4070,149.6730,148.0560,149.0000,110128
2017-11-14,149.0000,149.5670,148.6170,149.3480,115058
2017-11-15,149.3480,149.3590,148.0970,148.6260,155853
2017-11-16,148.6260,149.4570,148.5060,149.1420,122339
2017-11-17,149.1420,149.3180,147.9300,148.1260,133449
2017-11-20,148.1690,149.2300,147.6300,149.0340,134629
2017-11-21,149.0340,149.3680,148.6140,148.8140,109583
2017-11-22,148.8140,148.9660,148.0130,148.1560,112292
2017-11-23,148.1560,148.4770,147.8090,147.9690,81459
2017-11-24,147.9700,148.9830,147.8890,148.5750,99592
2017-11-27,148.5350,148.8650,147.8340,147.9110,121972
2017-11-28,147.9110,149.2810,146.9710,148.6520,146532
2017-11-29,148.6270,150.4370,148.5820,150.0480,153745
2017-11-30,150.0480,152.4060,149.9780,152.1780,187294
2017-12-01,152.1780,152.4820,150.5730,150.9890,210216
2017-12-04,151.4700,152.9460,151.2360,151.4910,165154
2017-12-05,151.4910,151.8140,150.5270,151.3090,134756
2017-12-06,151.3650,151.3820,149.7580,150.3160,162176
2017-12-07,150.3160,152.4600,150.1380,152.3360,131946
2017-12-08,152.3360,153.4070,151.6320,151.9780,142201
2017-12-11,151.8960,152.3420,151.2340,151.4450,119949
2017-12-12,151.4360,151.7580,151.0270,151.2050,110852
2017-12-13,151.2050,151.5100,150.4610,151.0110,123826
2017-12-14,151.0110,151.8920,150.3670,150.8890,151876
2017-12-15,150.8890,151.0190,149.4120,149.9620,145800
2017-12-18,149.9920,151.0250,149.6160,150.6070,186134
2017-12-19,150.5990,151.2700,150.3660,151.0910,198498
2017-12-20,151.0910,152.0150,151.0590,151.6430,187486
2017-12-21,151.6430,151.9180,151.2620,151.6710,178939
2017-12-22,151.6710,151.8520,151.1840,151.3660,135566
2017-12-26,151.4760,151.5580,151.1850,151.4280,103487
2017-12-27,151.4280,152.0880,151.3310,151.7980,180059
2017-12-28,151.7980,151.9820,151.4870,151.5970,117012
2017-12-29,151.5970,152.5110,151.5280,152.1710,171869
2018-01-02,152.1000,152.7350,151.8650,152.5700,167165
2018-01-03,152.5700,152.8250,151.7480,152.0270,174909
2018-01-04,152.0260,152.9770,151.9610,152.7520,191929
2018-01-05,152.7520,153.6370,152.7050,153.4160,199716
2018-01-08,153.3890,153.6690,152.8690,153.4060,151010
2018-01-09,153.4060,153.5730,151.9450,152.5080,197082
2018-01-10,152.5040,152.5990,150.3590,150.4900,246470
2018-01-11,150.4900,151.0050,150.1910,150.5410,234378
2018-01-12,150.5410,152.6750,150.5070,152.4510,268346
2018-01-15,152.4940,152.8070,151.9310,152.3740,216054
2018-01-16,152.3740,153.0990,152.0460,152.2910,238145
2018-01-17,152.2920,154.2860,152.1420,153.8840,277951
2018-01-18,153.8550,154.5790,153.6190,154.3140,266526
2018-01-19,154.3000,154.4240,153.1090,153.5410,247651
2018-01-22,153.4620,155.2500,153.4080,155.1240,197493
2018-01-23,155.1240,155.4030,153.7290,154.3930,250008
2018-01-24,154.3930,155.7050,154.1260,155.4560,308164
2018-01-25,155.4580,156.0840,154.4240,154.5970,392001
2018-01-26,154.5970,155.8540,153.4250,153.7660,322320
2018-01-29,153.6550,154.0210,152.8230,153.3330,279907
2018-01-30,153.3330,154.0840,151.9660,153.8660,300973
2018-01-31,153.8660,155.3440,153.5610,154.9180,325723
2018-02-01,154.9180,156.4420,154.5470,155.9770,289999
2018-02-02,155.9770,156.6080,155.4180,155.5510,330937
2018-02-05,155.3870,155.5500,152.2110,152.2120,384217
2018-02-06,152.2120,152.9070,151.2010,152.7910,541304
2018-02-07,152.7910,153.1230,151.3250,151.6840,366902
2018-02-08,151.6850,154.0440,150.8070,151.2840,534037
2018-02-09,151.2350,152.7530,148.9130,150.4060,582052
2018-02-12,150.2820,150.8260,149.6600,150.3100,315120
2018-02-13,150.3100,150.6190,148.9750,149.7610,310182
2018-02-14,149.7610,150.0270,147.9620,149.7240,382259
2018-02-15,149.7240,150.1840,148.9240,149.6020,360390
2018-02-16,149.6020,149.9640,148.7770,148.9770,308390
2018-02-19,148.9540,149.4690,148.8780,149.1720,220933
2018-02-20,149.1720,150.3820,149.0650,150.1750,252388
2018-02-21,150.1750,150.9340,149.4140,149.9640,305899
2018-02-22,149.9660,149.9810,148.5380,148.9100,290046
2018-02-23,148.9070,149.5170,148.6410,149.3170,237112
2018-02-26,149.9120,150.0100,148.9990,149.3000,259956
2018-02-27,149.3000,149.8120,148.8360,149.2490,269800
2018-02-28,149.2470,149.5160,146.7210,146.7590,285351
2018-03-01,146.7590,147.4840,146.0070,146.3240,350995
2018-03-02,146.2980,146.4460,144.9820,145.9460,322783
2018-03-05,145.5630,147.1230,145.0800,147.0450,329411
2018-03-06,147.0450,148.0110,146.5530,147.3290,282523
2018-03-07,147.3290,147.5690,146.2310,147.3130,318964
2018-03-08,147.3130,147.6590,146.3690,146.6150,285266
2018-03-09,146.6150,148.5450,146.6070,147.9210,301032
2018-03-12,147.8720,148.2110,147.4120,148.0000,228718
2018-03-13,148.0000,149.3800,147.7640,148.6720,268501
2018-03-14,148.6720,149.1650,147.7500,148.4620,263761
2018-03-15,148.4610,148.5020,147.4440,148.2070,287836
2018-03-16,148.2080,148.2340,147.2470,147.7940,236455
2018-03-19,147.7200,149.6820,147.0470,148.6980,369311
2018-03-20,148.6980,149.7920,148.5730,149.1390,340350
2018-03-21,149.1390,150.3060,148.9510,149.9410,251550
2018-03-22,149.9410,150.1820,148.2710,148.4840,323673
2018-03-23,148.4840,148.9710,147.6700,147.9970,325740
2018-03-26,147.8940,150.1080,147.8790,149.9620,240289
2018-03-27,149.9390,150.4950,148.9330,149.1010,242810
2018-03-28,148.9130,150.5930,148.9090,150.3470,379969
2018-03-29,150.3470,150.4660,149.0230,149.1730,320190
2018-03-30,149.1730,149.4550,148.8120,148.9680,277463
2018-04-02,148.8090,149.6720,148.3820,148.7010,173582
2018-04-03,148.7010,149.9580,148.4930,149.8280,216384
2018-04-04,149.8350,150.4260,148.7980,150.3050,152780
2018-04-05,150.3260,150.6850,149.9590,150.3650,124618
2018-04-06,150.3400,151.2230,149.8810,150.6600,177287
2018-04-09,150.6210,151.4920,150.4900,150.8160,123675
2018-04-10,150.8120,152.1360,150.7070,151.9470,142663
2018-04-11,151.9340,152.2430,151.2760,151.3680,124625
2018-04-12,151.3240,152.8770,151.1680,152.6350,136711
2018-04-13,152.6450,153.8510,152.5790,152.7970,116570
2018-04-16,153.0240,153.7610,152.6510,153.5610,104580
2018-04-17,153.5520,153.7530,152.7820,152.8380,100314
2018-04-18,152.8360,153.6280,152.0580,152.2740,102747
2018-04-19,152.2400,152.9580,151.0850,151.1950,125777
2018-04-20,151.2090,151.7020,150.6910,150.7360,123797
2018-04-23,150.8640,151.6400,150.7310,151.5150,113522
2018-04-24,151.5070,152.5990,151.4060,152.0720,117197
2018-04-25,152.0400,152.5680,152.0390,152.3980,142396
2018-04-26,152.3700,152.7290,151.9730,152.0680,190656
2018-04-27,152.0270,152.2790,150.2250,150.3100,194254
2018-04-30,150.1710,150.8430,149.8360,150.4040,139429
2018-05-01,150.4050,150.6330,149.1470,149.5610,156658
2018-05-02,149.5610,150.1240,149.0060,149.0830,189531
2018-05-03,149.0750,149.4650,147.6000,148.2000,203219
2018-05-04,148.2000,148.2940,147.0580,147.5460,193733
2018-05-07,147.6430,148.2630,147.3410,147.8720,117199
2018-05-08,147.8720,148.0760,147.0500,147.8360,173863
2018-05-09,147.8360,149.1950,147.6980,148.6390,169298
2018-05-10,148.6390,149.3080,147.4790,147.8440,209953
2018-05-11,147.8460,148.4870,147.5810,148.1130,140441
2018-05-14,147.9790,149.0680,147.9150,148.6190,115597
2018-05-15,148.6150,149.1970,148.3760,148.9890,162101
2018-05-16,148.8950,149.0640,148.1810,148.8620,170853
2018-05-17,148.8260,149.8340,148.7620,149.6740,170602
2018-05-18,149.6760,150.0080,149.0900,149.1810,123809
2018-05-21,149.2320,149.6550,148.8120,149.0290,120266
2018-05-22,149.0290,149.7260,148.7670,148.8980,141788
2018-05-23,148.9020,149.0000,145.9440,146.8690,229576
2018-05-24,146.8410,147.2660,145.6880,146.1400,191310
2018-05-25,146.1330,146.7240,145.2780,145.4290,205193
2018-05-28,146.1000,146.1800,145.3190,145.5980,127214
2018-05-29,145.5780,145.7080,143.1940,144.0010,252566
2018-05-30,144.0470,145.0560,143.5960,144.6410,179466
2018-05-31,144.6440,145.3110,144.1230,144.6430,167799
2018-06-01,144.6050,146.3030,144.4860,146.1760,140104
2018-06-04,145.9050,146.8980,145.8360,146.1900,109392
2018-06-05,146.1730,147.0930,146.0300,146.9380,118070
2018-06-06,146.8540,148.0040,146.8390,147.7580,108936
2018-06-07,147.7350,148.1150,146.9040,147.2280,130089
2018-06-08,147.1800,147.4390,146.0910,146.9210,129509
2018-06-11,146.5090,147.8440,146.5090,147.1490,90652
2018-06-12,147.1310,147.9860,147.1160,147.5620,120288
2018-06-13,147.5750,147.8950,147.2090,147.5620,107906
2018-06-14,147.5060,147.8480,146.6210,146.6530,136644
2018-06-15,146.7040,147.0670,146.2920,146.9250,126624
2018-06-18,146.8460,146.9970,146.1000,146.4020,90880
2018-06-19,146.3830,146.4700,144.3840,144.9550,145260
2018-06-20,144.9820,145.6200,144.5820,145.3010,111885
2018-06-21,145.3010,146.2170,144.5900,145.5280,152108
2018-06-22,145.5420,146.6490,145.4250,145.8820,128337
2018-06-25,145.5470,146.1810,144.6950,145.6840,127483
2018-06-26,145.7120,145.7640,144.9700,145.4580,128823
2018-06-27,145.4440,145.6600,144.5150,144.5460,155018
2018-06-28,144.5380,144.6780,143.7680,144.4780,153851
2018-06-29,144.4540,146.3290,144.3410,146.2840,145251
2018-07-02,145.7040,146.4900,145.1840,145.7250,135852
2018-07-03,145.7180,146.3850,145.2820,145.8220,115342
2018-07-04,145.8140,146.3610,145.5600,146.0640,151979
2018-07-05,145.8540,146.8700,145.7380,146.2630,153778
2018-07-06,146.0490,146.7950,145.9290,146.7860,104857
2018-07-09,147.0170,147.6130,146.0910,146.9170,140666
2018-07-10,146.9000,147.7920,146.7980,147.2740,119052
2018-07-11,147.3110,148.1140,146.8000,147.8450,159541
2018-07-12,147.8250,148.8980,147.7720,148.5660,118476
2018-07-13,148.4870,148.7260,147.6400,148.6940,121689
2018-07-16,148.4100,149.3120,148.3850,148.5820,79960
2018-07-17,148.5990,149.0890,147.5600,148.0160,119475
2018-07-18,148.0010,148.2290,146.8650,147.4420,111762
2018-07-19,147.4330,147.5990,146.1560,146.3400,139238
2018-07-20,146.3410,146.6600,145.9720,146.3170,138955
2018-07-23,146.1220,146.4130,145.6590,145.8240,107437
2018-07-24,145.8220,146.3130,145.4370,146.1410,101189
2018-07-25,146.1430,146.5060,145.7500,146.3280,110761
2018-07-26,146.3120,146.5010,145.7450,145.7730,107287
2018-07-27,145.7620,145.8060,145.2520,145.4780,87922
2018-07-30,145.4220,145.9080,145.2460,145.8050,78784
2018-07-31,145.7870,147.0010,145.3370,146.7730,114027
2018-08-01,146.7950,147.1340,146.2970,146.6380,104080
2018-08-02,146.5320,146.6360,144.9830,145.3090,97987
2018-08-03,145.3110,145.5330,144.4960,144.6700,84077
2018-08-06,144.6030,144.7190,144.0280,144.1810,58969
2018-08-07,144.1660,144.4230,143.7910,144.0980,66583
2018-08-08,144.0900,144.2620,142.7120,142.9300,75970
2018-08-09,142.9310,143.4760,142.3330,142.4350,76036
2018-08-10,142.4640,142.5480,140.9190,141.6470,128081
2018-08-13,140.7150,141.8190,140.2240,141.3100,115160
2018-08-14,141.2790,142.4580,140.9880,141.3780,95133
2018-08-15,141.3710,141.7530,139.8810,140.5750,105403
2018-08-16,140.5320,141.3110,140.1920,140.9240,107010
2018-08-17,140.9030,141.1510,140.2100,140.9000,89171
2018-08-20,140.9060,141.2050,140.7020,140.8220,65645
2018-08-21,140.7880,142.6630,140.6470,142.2500,84745
2018-08-22,142.1280,142.7830,141.9320,142.7010,82184
2018-08-23,142.6930,142.9930,142.4080,142.4990,76761
2018-08-24,142.5170,143.2250,142.4630,142.9000,83506
2018-08-27,142.8900,143.2680,142.5100,143.1820,62456
2018-08-28,143.1670,143.6510,143.0310,143.0940,77838
2018-08-29,143.0940,145.5500,142.8060,145.4520,91831
2018-08-30,145.4360,145.6680,144.3290,144.3300,90706
2018-08-31,144.3030,144.6830,143.4780,143.9370,97139
2018-09-03,143.3800,143.7010,142.8210,142.9590,76173
2018-09-04,142.8920,143.3640,142.5770,143.1890,86871
2018-09-05,143.1720,144.9500,142.6370,143.9050,99798
2018-09-06,143.8540,144.2270,142.9240,143.1500,94625
2018-09-07,143.1470,144.4200,142.5920,143.4090,106979
2018-09-10,143.4670,145.0130,143.0560,144.7020,75777
2018-09-11,144.6980,145.9120,144.3230,145.4420,82802
2018-09-12,145.3640,145.6370,144.6580,145.0680,83184
2018-09-13,145.0820,146.8030,144.9980,146.6760,84367
2018-09-14,146.6720,147.0030,146.2400,146.4190,80845
2018-09-17,146.3020,147.4480,146.2970,147.1300,75346
2018-09-18,147.1280,147.8960,146.7640,147.7170,99166
2018-09-19,147.7180,148.5180,147.1780,147.5480,89479
2018-09-20,147.4710,149.2710,147.3280,149.2060,102058
2018-09-21,149.1300,149.6980,146.9740,147.1730,94106
2018-09-24,146.9900,148.2850,146.9290,147.9310,75816
2018-09-25,147.9360,149.0080,147.7900,148.8670,85014
2018-09-26,148.8620,149.0790,148.2630,148.3630,92839
2018-09-27,148.3630,148.7140,147.5800,148.2000,98342
2018-09-28,148.2000,148.6270,147.5230,148.1120,88446
2018-10-01,148.2880,149.4090,148.1530,148.5220,80521
2018-10-02,148.5410,148.7050,147.1780,147.4710,94596
2018-10-03,147.4470,148.5700,147.2490,148.2120,106206
2018-10-04,148.1450,148.6190,147.6870,148.2630,117287
2018-10-05,148.2660,149.2520,148.0630,149.1210,135534
2018-10-08,149.2450,149.4930,147.4780,148.1740,116496
2018-10-09,148.1180,148.7300,147.3320,148.4340,148255
2018-10-10,148.4290,149.2890,148.0420,148.0740,136002
2018-10-11,148.0600,148.7640,147.7970,148.4150,206165
2018-10-12,148.2570,148.9880,147.1450,147.5780,147696
2018-10-15,146.7170,147.4120,146.4920,146.9700,135257
2018-10-16,146.9730,148.3890,146.8260,147.9080,122503
2018-10-17,147.8990,148.2370,147.0370,147.6950,123792
2018-10-18,147.6770,147.7540,145.7980,146.0260,135666
2018-10-19,146.0110,147.3160,145.9840,147.0260,131360
2018-10-22,147.0070,147.5630,146.0280,146.1810,120465
2018-10-23,146.1990,146.3880,145.2730,145.9590,153912
2018-10-24,145.9550,146.2870,144.4160,144.5600,162223
2018-10-25,144.5560,145.0220,144.0110,144.0580,159143
2018-10-26,144.0340,144.1590,142.7560,143.4930,191557
2018-10-29,143.4850,144.3870,143.3230,143.7830,146024
2018-10-30,143.7830,144.3750,143.1980,143.6930,146132
2018-10-31,143.6930,145.1170,143.6010,144.2010,125675
2018-11-01,144.2010,146.8770,144.0080,146.3570,133648
2018-11-02,146.3570,147.2400,146.2700,146.7590,138801
2018-11-05,147.3400,147.7900,146.8370,147.6030,98226
2018-11-06,147.5460,148.6970,147.2850,148.5680,106234
2018-11-07,148.5230,149.2140,148.3150,148.9450,148974
2018-11-08,148.9910,149.4700,148.5890,148.9660,123401
2018-11-09,148.9620,149.0340,147.4810,147.6420,116688
2018-11-12,146.9810,147.5620,146.0510,146.2440,136569
2018-11-13,146.2440,148.7140,145.9760,147.5690,153656
2018-11-14,147.5730,148.4140,146.3020,147.5520,163888
2018-11-15,147.5740,147.9090,144.2320,145.1080,178695
2018-11-16,145.0850,145.4320,144.5800,144.6620,132111
2018-11-19,144.6630,145.3000,144.2750,144.6230,108944
2018-11-20,144.6070,144.8980,144.0010,144.1620,122696
2018-11-21,144.1480,144.8750,144.0040,144.4250,102658
2018-11-22,144.4460,145.9370,144.2440,145.3960,93925
2018-11-23,145.3910,145.5100,144.3320,144.5430,94363
2018-11-26,144.7720,145.7230,144.6230,145.4580,118511
2018-11-27,145.4790,145.5160,144.5790,144.9730,133881
2018-11-28,144.9620,145.8230,144.8430,145.7610,115104
2018-11-29,145.7640,145.7850,144.4950,145.0780,117056
2018-11-30,145.0780,145.2730,144.6050,144.6410,108284
2018-12-03,144.7620,145.4960,144.1600,144.5900,112633
2018-12-04,144.5920,144.7480,142.8250,143.4380,145212
2018-12-05,143.3850,144.5190,143.2470,144.1110,96836
2018-12-06,144.1010,144.1480,143.2340,143.9900,163553
2018-12-07,143.9920,144.2030,143.2150,143.4460,132841
2018-12-10,143.0310,143.6910,141.1560,142.3770,155098
2018-12-11,142.3000,142.9160,141.4970,141.5340,139311
2018-12-12,141.5850,143.4300,141.4950,143.0250,155588
2018-12-13,142.9960,143.9160,142.7620,143.7450,118980
2018-12-14,143.7840,143.8370,142.3590,142.7090,121313
2018-12-17,142.7950,143.2210,142.1400,142.3550,130859
2018-12-18,142.3550,142.6390,141.9150,142.1810,128251
2018-12-19,142.2100,142.5190,141.5640,141.8150,151281
2018-12-20,141.8150,142.0900,140.5570,140.8210,176207
2018-12-21,140.8650,141.1470,140.2200,140.5050,163703
2018-12-24,140.2200,140.8330,139.9670,140.1700,113119
2018-12-26,140.2890,140.8540,139.7260,140.6580,70263
2018-12-27,140.6630,140.7980,139.7060,140.2880,183794
2018-12-28,140.3400,140.3520,139.4760,139.9800,115759
2018-12-31,139.9480,140.8590,139.5060,139.7040,85948
2019-01-02,139.3120,139.4790,137.2380,137.2380,130711
2019-01-03,137.2980,137.2980,131.7070,135.9490,194538
2019-01-04,136.0080,138.2840,135.7840,138.0440,168590
2019-01-07,137.9360,138.9260,137.5930,138.8680,124482
2019-01-08,138.8490,139.4180,137.9570,138.2310,118501
2019-01-09,138.2290,139.0950,137.7520,138.3000,141693
2019-01-10,138.3030,138.5210,137.4380,138.2190,103098
2019-01-11,138.2100,139.4660,137.6180,139.2970,129450
2019-01-14,139.4030,140.0360,138.5830,139.0850,114520
2019-01-15,139.1480,140.4110,137.3420,139.6990,147144
2019-01-16,139.7570,140.6840,138.9670,140.4740,109961
2019-01-17,140.4660,142.1960,139.4930,141.8430,116810
2019-01-18,141.8400,142.0640,141.0690,141.3100,100665
2019-01-21,141.1490,141.5130,140.6650,141.3430,90316
2019-01-22,141.3430,141.9140,140.6050,141.6420,100047
2019-01-23,141.6800,143.5400,141.5910,143.2010,102904
2019-01-24,143.2280,143.5310,142.6880,143.1840,108303
2019-01-25,143.1880,144.8210,143.0640,144.5600,112646
2019-01-28,144.3820,144.7000,143.5820,143.8250,92189
2019-01-29,143.8140,144.4720,142.7150,142.9040,119237
2019-01-30,142.8870,143.5810,142.7130,142.9750,108000
2019-01-31,142.9860,143.1940,142.2230,142.6800,98890
2019-02-01,142.6920,143.4760,142.0550,143.2120,92852
2019-02-04,143.0090,144.1530,143.0090,143.2240,94079
2019-02-05,143.2610,143.5360,142.0190,142.3720,75423
2019-02-06,142.3880,142.4960,141.7370,142.1470,77168
2019-02-07,142.1630,142.6080,141.1070,142.1890,97583
2019-02-08,142.2090,142.5010,141.8290,142.0080,69979
2019-02-11,141.7580,142.5390,141.7580,141.8830,85207
2019-02-12,141.9410,142.6160,141.8010,142.3800,83002
2019-02-13,142.3820,143.3150,142.3410,142.5610,79361
2019-02-14,142.5670,143.0120,141.2720,141.3530,99172
2019-02-15,141.3860,142.3850,140.9890,142.3090,99676
2019-02-18,142.4710,143.0030,142.3840,142.8790,90312
2019-02-19,142.9060,144.6830,142.4590,144.4660,93315
2019-02-20,144.4640,145.0260,144.1060,144.6300,98935
2019-02-21,144.6440,144.9080,144.0630,144.3090,122019
2019-02-22,144.2970,144.7300,143.7630,144.4500,102587
2019-02-25,144.5850,145.6530,144.3200,145.4150,118645
2019-02-26,145.4250,147.0440,145.3840,146.4970,133930
2019-02-27,146.4970,148.0270,146.1450,147.6730,121932
2019-02-28,147.7020,148.2500,146.9640,147.6900,117415
2019-03-01,147.6920,148.5540,147.4980,147.8020,113332
2019-03-04,148.1320,148.2920,147.0850,147.2270,120927
2019-03-05,147.2760,147.7690,146.5870,147.4160,117106
2019-03-06,147.4270,147.4270,146.6730,147.1490,107519
2019-03-07,147.1910,147.2640,145.7680,145.9250,108918
2019-03-08,145.9470,146.1650,144.2980,144.6700,129920
2019-03-11,144.2990,146.6750,143.7040,146.6590,131462
2019-03-12,146.6590,147.7880,144.5590,145.5380,153238
2019-03-13,145.5390,148.7070,145.3430,148.1120,129119
2019-03-14,148.1120,148.8560,147.3650,148.0120,138675
2019-03-15,148.0110,148.3600,147.4040,148.1670,113845
2019-03-18,148.1940,148.3700,146.9960,147.5850,102131
2019-03-19,147.5840,148.0380,147.5010,147.7480,96353
2019-03-20,147.7480,148.0680,145.8630,145.9360,131148
2019-03-21,145.9360,146.3800,144.1150,145.3110,137825
2019-03-22,145.3970,145.7290,144.5140,145.1720,138833
2019-03-25,145.2890,145.7790,144.6180,145.0660,143724
2019-03-26,145.0660,146.4500,144.9950,146.0480,123549
2019-03-27,146.0480,146.4880,145.2740,145.3160,153173
2019-03-28,145.3160,145.6340,144.1820,144.3160,144667
2019-03-29,144.3150,145.4700,143.8100,144.3690,130241
2019-04-01,144.7400,146.3310,144.3680,145.8660,115165
2019-04-02,145.8710,146.4240,144.9150,146.1220,118672
2019-04-03,146.1710,147.1760,146.0070,146.6390,116122
2019-04-04,146.6640,146.9400,145.6600,145.9380,102011
2019-04-05,145.9620,146.5300,145.0830,145.5690,91303
2019-04-08,145.5100,145.7580,145.0810,145.5710,85476
2019-04-09,145.5810,146.0350,144.7650,145.0030,94752
2019-04-10,145.0400,145.9170,144.8680,145.2480,90725
2019-04-11,145.2820,145.9330,145.0660,145.6970,91236
2019-04-12,145.6970,146.9960,145.6710,146.3810,92892
2019-04-15,146.3180,146.9790,146.3170,146.7130,68610
2019-04-16,146.7370,146.7370,145.9950,146.1090,91240
2019-04-17,146.1390,146.2830,145.8190,146.0080,88322
2019-04-18,146.0740,146.1280,145.2690,145.2760,94464
2019-04-19,145.3450,145.5510,145.2290,145.2290,197586
2019-04-22,145.2790,145.4950,145.1980,145.2530,38419
2019-04-23,145.2620,145.6080,144.5670,144.6610,83060
2019-04-24,144.7030,145.0050,144.3810,144.6860,95468
2019-04-25,144.7040,144.9760,143.7760,143.9580,96428
2019-04-26,143.9900,144.4400,143.7510,144.1450,101999
2019-04-29,144.1110,144.7000,144.0420,144.3960,72716
2019-04-30,144.4010,145.3620,144.0300,145.2090,111465
2019-05-01,145.2870,145.6860,145.1110,145.3330,90248
2019-05-02,145.3390,145.8600,145.0700,145.2540,120401
2019-05-03,145.2540,146.4900,144.7890,146.3510,120947
2019-05-06,145.3540,145.9250,144.9710,145.0330,131969
2019-05-07,145.0250,145.3510,143.8460,144.0760,133524
2019-05-08,144.1000,144.1710,143.0270,143.1460,152186
2019-05-09,143.1360,143.2250,142.2130,142.6880,146788
2019-05-10,142.7160,143.2220,142.4940,142.9660,164089
2019-05-13,142.6020,142.8540,141.1860,141.5810,142125
2019-05-14,141.6310,142.1580,141.3460,141.4020,119122
2019-05-15,141.3900,141.6260,140.1860,140.7040,136294
2019-05-16,140.7120,140.7730,140.1860,140.4910,114223
2019-05-17,140.5300,140.6670,139.5290,139.9080,139984
2019-05-20,140.1670,140.5130,139.6800,139.9880,113866
2019-05-21,140.0040,141.7210,139.6310,140.3430,131394
2019-05-22,140.3450,140.6850,139.2980,139.6710,119188
2019-05-23,139.6920,139.7100,138.5100,138.6800,143542
2019-05-24,138.7040,139.4740,138.4900,138.8980,128093
2019-05-27,139.0940,139.6250,138.6590,138.7890,108997
2019-05-28,138.7920,138.9940,138.2700,138.3380,141056
2019-05-29,138.3620,138.5660,137.8520,138.3250,143433
2019-05-30,138.3190,138.7190,138.0390,138.1500,116533
2019-05-31,138.2170,138.2170,136.6130,136.7660,163996
2019-06-03,136.6620,137.1050,136.5990,136.8190,150624
2019-06-04,136.8170,137.4550,136.5410,137.2780,151028
2019-06-05,137.3270,137.7660,137.1940,137.5460,150122
2019-06-06,137.5190,137.7950,136.9710,137.5120,147178
2019-06-07,137.5470,138.1510,137.4660,137.8100,140843
2019-06-10,138.0020,138.2400,137.4630,137.5070,124177
2019-06-11,137.4840,138.3110,137.4790,138.0090,140825
2019-06-12,138.0520,138.2250,137.5410,137.6390,147363
2019-06-13,137.6600,137.7640,137.0810,137.2930,130705
2019-06-14,137.2920,137.4060,136.4950,136.6340,151580
2019-06-17,136.4610,136.9150,135.9850,136.0200,112116
2019-06-18,136.0160,136.2310,135.3600,136.1490,165982
2019-06-19,136.1500,136.9880,135.7660,136.6170,156882
2019-06-20,136.6440,137.1580,136.1820,136.2360,198598
2019-06-21,136.2360,136.8200,135.9270,136.7780,180064
2019-06-24,136.6200,137.1110,136.4710,136.6550,133030
2019-06-25,136.6510,136.8270,135.7890,135.9360,161401
2019-06-26,135.9490,136.8760,135.8350,136.7190,161872
2019-06-27,136.7050,137.3180,136.4010,136.5220,152787
2019-06-28,136.5340,137.1850,136.2520,137.0090,136517
2019-07-01,136.9800,137.7700,136.7220,137.0180,152812
2019-07-02,137.0200,137.1200,135.8380,135.8430,136044
2019-07-03,135.8200,135.8990,135.1540,135.5200,122228
2019-07-04,135.5210,135.7010,135.4220,135.5830,75217
2019-07-05,135.5840,136.0270,135.4690,135.8420,124011
2019-07-08,135.7650,136.1210,135.5310,136.0380,40798
2019-07-09,136.0160,136.2760,135.3850,135.6200,76920
2019-07-10,135.6170,136.0470,135.4760,135.6170,95493
2019-07-11,135.6170,136.0460,135.0730,135.8200,91260
2019-07-12,135.8140,136.0090,135.4950,135.6710,79179
2019-07-15,135.2780,135.8340,134.9430,135.0360,73944
2019-07-16,135.0370,135.2530,133.9570,134.2660,92672
2019-07-17,134.2580,134.6130,133.9640,134.1910,80139
2019-07-18,134.1910,134.8180,133.8420,134.5670,97464
2019-07-19,134.5720,134.9990,134.5240,134.5970,93713
2019-07-22,134.5500,135.0800,134.4020,134.5250,86225
2019-07-23,134.5160,134.9770,134.3070,134.5820,88096
2019-07-24,134.5730,135.2700,134.2370,135.0270,88740
2019-07-25,135.0280,135.6630,134.7030,135.2380,83899
2019-07-26,135.2370,135.3830,134.5160,134.5370,64970
2019-07-29,134.4130,134.5580,132.8400,132.8780,67989
2019-07-30,132.8850,133.0640,131.5920,131.9300,101773
2019-07-31,131.9560,132.9860,131.8370,132.2250,116155
2019-08-01,132.2250,132.5440,130.1460,130.1780,133446
2019-08-02,130.1780,130.4120,129.0680,129.5980,171314
2019-08-05,129.1700,129.5910,128.1610,128.6080,174321
2019-08-06,128.6000,130.0570,128.1000,129.4790,171292
2019-08-07,129.4770,129.5710,128.2100,128.9990,185992
2019-08-08,128.9990,129.3220,128.2690,128.6540,126788
2019-08-09,128.6500,128.7370,126.9610,127.0480,118544
2019-08-12,127.1010,127.5100,126.5360,127.1220,124008
2019-08-13,127.1370,129.2110,126.7930,128.6830,140849
2019-08-14,128.6800,128.7430,127.4840,127.6480,155994
2019-08-15,127.6490,128.9750,127.4590,128.1680,166508
2019-08-16,128.2150,129.5650,128.0270,129.1610,120747
2019-08-19,129.0890,129.5250,128.9620,129.2870,97720
2019-08-20,129.2830,129.6260,128.2530,129.2130,112124
2019-08-21,129.2300,129.6620,128.8740,129.2260,105644
2019-08-22,129.2360,130.6850,128.7460,130.3670,113712
2019-08-23,130.3670,130.5590,128.9810,129.4370,143503
2019-08-26,128.7440,130.1360,128.1770,129.6220,202011
2019-08-27,129.6210,130.3780,128.9980,129.8960,151544
2019-08-28,129.8880,130.0580,128.4570,129.5260,152391
2019-08-29,129.5280,130.0240,128.9600,129.7130,140617
2019-08-30,129.6870,129.8190,129.0800,129.2340,131516
2019-09-02,128.7080,129.3060,127.8620,128.0930,98515
2019-09-03,128.0800,128.2420,126.6660,127.9880,152865
2019-09-04,127.9880,130.4260,127.7700,130.2930,146622
2019-09-05,130.2850,132.1500,129.9030,131.8120,147459
2019-09-06,131.8180,132.1170,131.2450,131.3330,128683
2019-09-09,131.0390,132.5440,130.8010,132.3560,106821
2019-09-10,132.3560,132.9010,132.0060,132.8320,95338
2019-09-11,132.8320,133.3540,132.6640,132.8660,97388
2019-09-12,132.8660,133.6330,132.1610,133.3040,111500
2019-09-13,133.3040,135.1850,133.2620,135.0490,91868
2019-09-16,135.0460,135.0460,133.8640,134.3540,102189
2019-09-17,134.3540,135.4160,133.9780,135.1000,97029
2019-09-18,135.0850,135.6490,134.5820,135.2020,86602
2019-09-19,135.1900,135.5060,134.2540,135.2510,93194
2019-09-20,135.2450,135.8560,134.0560,134.0890,81762
2019-09-23,134.2500,134.5390,133.3400,133.6630,88833
2019-09-24,133.6480,134.5930,133.5380,133.7260,107283
2019-09-25,133.7260,133.9940,132.8310,133.0350,93445
2019-09-26,133.0430,133.2820,132.3720,132.8350,77140
2019-09-27,132.8930,133.2710,132.3140,132.6150,83869
2019-09-30,132.6100,133.3290,132.4700,132.8210,72517
2019-10-01,132.7990,133.3490,131.7740,132.5220,92892
2019-10-02,132.4830,132.6090,131.5660,131.8070,84020
2019-10-03,131.8180,132.5380,131.4720,131.7750,91168
2019-10-04,131.7330,131.9820,131.2720,131.8230,74531
2019-10-07,131.2160,132.2330,131.2160,131.7720,69150
2019-10-08,131.7760,132.1100,130.4220,130.7980,89676
2019-10-09,130.7960,131.8270,130.6420,131.1570,76051
2019-10-10,131.1570,134.5450,130.7210,134.2660,110435
2019-10-11,134.2590,137.8930,133.8940,137.1260,96554
2019-10-14,136.7490,137.1600,135.4890,136.6320,76285
2019-10-15,136.6270,139.3060,136.4380,139.1350,98094
2019-10-16,139.0890,140.0930,137.5000,139.5190,99866
2019-10-17,139.4590,141.4850,138.6240,140.0150,117732
2019-10-18,140.0240,140.6310,139.3440,140.6190,74806
2019-10-21,140.3400,141.3510,139.4590,140.7160,76450
2019-10-22,140.7020,141.1100,139.5080,139.6170,82910
2019-10-23,139.6170,140.4240,139.0830,140.2770,79582
2019-10-24,140.2620,140.7340,138.8650,139.5360,81325
2019-10-25,139.5350,139.7990,139.0210,139.4250,62441
2019-10-28,139.2790,140.2500,139.2560,140.1430,56366
2019-10-29,140.1430,140.5320,139.4650,140.0520,65536
2019-10-30,140.0520,140.4990,139.9480,140.4110,68855
2019-10-31,140.4110,140.6860,139.6010,139.6490,74280
2019-11-01,139.6490,140.1430,139.6330,139.8990,59933
2019-11-04,139.8890,140.2300,139.8370,139.8510,48834
2019-11-05,139.8490,140.7400,139.8070,140.5850,65833
2019-11-06,140.5850,140.6670,139.8650,140.0630,58578
2019-11-07,140.0620,140.5250,139.4860,140.0110,73054
2019-11-08,139.9650,140.2000,139.4090,139.5250,60241
2019-11-11,139.5410,140.4780,139.3580,140.1300,48391
2019-11-12,140.1190,140.5810,139.9360,139.9750,62677
2019-11-13,139.9760,140.2450,139.4330,139.7940,62350
2019-11-14,139.7990,139.8710,139.3890,139.6210,60054
2019-11-15,139.6100,140.4570,139.5710,140.3060,53459
2019-11-18,140.5470,141.5640,140.3460,140.7420,61225
2019-11-19,140.7400,140.9260,140.1000,140.2560,58501
2019-11-20,140.2400,140.4790,139.6700,140.3130,66493
2019-11-21,140.3140,140.9170,139.9670,140.1670,75950
2019-11-22,140.1650,140.5150,139.3080,139.3620,59805
2019-11-25,139.6190,140.6180,139.5590,140.4550,55033
2019-11-26,140.4330,140.8970,139.9830,140.2330,63029
2019-11-27,140.2320,141.5370,140.0410,141.5110,62923
2019-11-28,141.5060,141.8430,141.2440,141.3710,53056
2019-11-29,141.3610,141.6770,141.1070,141.5100,60096
2019-12-02,141.3710,141.8110,140.9330,140.9490,64597
2019-12-03,140.9960,141.7050,140.9110,141.1070,72325
2019-12-04,141.1070,142.7790,140.8250,142.6270,74587
2019-12-05,142.6190,143.2430,142.5680,143.0810,63350
2019-12-06,143.0810,143.1390,142.3630,142.5880,61877
2019-12-09,142.6610,143.0940,142.5520,142.5900,58539
2019-12-10,142.5800,143.6560,142.5610,142.9930,63008
2019-12-11,142.9870,143.3680,142.5430,143.2190,69588
2019-12-12,143.2270,144.1420,142.4730,143.8750,84377
2019-12-13,143.8800,147.9540,143.8110,145.7990,110121
2019-12-16,145.7630,146.8030,145.7140,146.0240,66399
2019-12-17,145.9760,146.0850,143.4680,143.7030,76444
2019-12-18,143.7020,143.8540,143.0660,143.2270,71914
2019-12-19,143.2280,143.8600,141.9680,142.2610,77506
2019-12-20,142.2600,143.0430,142.0830,142.2830,61789
2019-12-23,142.0030,142.5310,141.1530,141.4550,51103
2019-12-24,141.4540,141.8380,141.2980,141.6000,45798
2019-12-26,142.2410,142.7220,141.9830,142.4710,33037
2019-12-27,142.4250,143.6340,142.0300,143.2490,45984
2019-12-30,142.9210,143.4200,142.5790,142.7550,68473
2019-12-31,142.7520,144.3550,142.4210,143.9270,53882
2020-01-02,143.5920,143.9370,142.2570,142.5810,55496
2020-01-03,142.5960,142.7750,140.9940,141.3440,87199
2020-01-06,141.1090,142.7800,140.8230,142.6670,73663
2020-01-07,142.6650,143.2830,142.0120,142.2650,74556
2020-01-08,142.2250,143.1040,141.1160,142.8230,114577
2020-01-09,142.7890,143.4510,142.4200,143.0860,68587
2020-01-10,143.0880,143.4910,142.8870,143.0480,60891
2020-01-13,142.7770,142.9640,142.3610,142.7830,58702
2020-01-14,142.7820,143.4280,142.4480,143.1600,70842
2020-01-15,143.1290,143.3820,142.6520,143.2710,63281
2020-01-16,143.2680,144.1330,143.1910,144.0410,62460
2020-01-17,144.0410,144.5260,143.2840,143.3100,63819
2020-01-20,143.1110,143.3570,142.7990,143.3170,36330
2020-01-21,143.3160,143.9680,142.8560,143.3410,64901
2020-01-22,143.2940,144.6060,143.2510,144.3020,64996
2020-01-23,144.3000,144.4060,143.2040,143.6450,66539
2020-01-24,143.6450,144.4010,142.7110,142.8260,68120
2020-01-27,142.4040,142.7440,142.0520,142.1450,75009
2020-01-28,142.1580,142.4500,141.4750,142.1790,61126
2020-01-29,142.1560,142.3470,141.7040,141.8980,56780
2020-01-30,141.9120,142.7060,141.2540,142.6420,87070
2020-01-31,142.6420,143.2830,142.4560,143.1020,78992
2020-02-03,142.8200,143.1000,141.0650,141.1990,81130
2020-02-04,141.1990,142.8340,140.9210,142.7070,79265
2020-02-05,142.7070,143.3720,142.2200,142.7670,81913
2020-02-06,142.7850,142.8150,142.0870,142.1590,67187
2020-02-07,142.1590,142.3660,141.3860,141.4130,74919
2020-02-10,141.3370,142.0840,141.2330,141.7470,67539
2020-02-11,141.7260,142.4580,141.6550,142.1800,64664
2020-02-12,142.1790,142.8830,142.0940,142.6200,63834
2020-02-13,142.6220,143.4750,142.1420,143.1770,85487
2020-02-14,143.1760,143.4040,142.7630,143.2180,65574
2020-02-17,143.0990,143.3640,142.8380,142.8760,55530
2020-02-18,142.8780,143.2260,142.3120,142.7970,76511
2020-02-19,142.7970,144.1630,142.7420,143.8630,73845
2020-02-20,143.8110,144.5990,143.5950,144.3840,79610
2020-02-21,144.3840,144.9500,143.7190,144.5550,80250
2020-02-24,144.0620,144.6200,142.6270,143.1390,109155
2020-02-25,143.0720,143.6400,142.9410,143.2930,129452
2020-02-26,143.2890,143.7160,142.2340,142.4030,135516
2020-02-27,142.3360,142.5470,141.1640,141.1900,153018
2020-02-28,141.1810,141.4060,137.5210,138.5440,183144
2020-03-02,137.5280,139.1810,137.1460,138.1210,160994
2020-03-03,138.1210,138.5630,136.9320,137.1540,153183
2020-03-04,137.1530,138.4350,137.0060,138.3770,124556
2020-03-05,138.3750,138.6750,137.3640,137.3960,114488
2020-03-06,137.3940,137.7320,136.4330,137.4230,159963
2020-03-09,136.5120,136.8300,132.5630,133.8570,329880
2020-03-10,133.8550,137.1930,133.6810,135.5740,370781
2020-03-11,135.5690,136.5330,133.5620,133.8210,234441
2020-03-12,133.8710,134.3160,131.2710,131.7700,206801
2020-03-13,131.7900,134.3000,131.2060,132.7200,234326
2020-03-16,132.7430,132.9190,128.8970,129.8850,220416
2020-03-17,129.8840,131.2050,128.5720,129.7440,248758
2020-03-18,129.7680,130.3200,124.0320,125.2080,226749
2020-03-19,125.1280,129.5590,124.7240,127.0880,250959
2020-03-20,127.0880,132.0280,126.3630,128.5770,209476
2020-03-23,129.3570,129.4060,127.3250,128.2470,194342
2020-03-24,128.2470,131.4160,127.5390,130.4500,183631
2020-03-25,130.4620,133.3940,129.8480,132.0450,169601
2020-03-26,132.0450,133.8120,130.5740,132.9690,191442
2020-03-27,132.9690,134.7030,132.1110,134.6540,177871
2020-03-30,133.6900,134.4010,132.7420,133.8520,136842
2020-03-31,133.8520,134.6120,132.9260,133.4900,137630
2020-04-01,133.4710,133.7970,132.4790,132.5800,119263
2020-04-02,132.5800,133.9420,132.3600,133.7050,114004
2020-04-03,133.7050,134.0830,132.5400,133.0420,115852
2020-04-06,132.3960,134.5160,132.3840,133.5430,108466
2020-04-07,133.5440,134.9750,132.9220,134.0840,126515
2020-04-08,134.0840,135.0180,133.6890,134.6830,97534
2020-04-09,134.6500,135.7500,134.3930,134.9570,101792
2020-04-10,134.9670,135.3940,134.7790,134.8160,30306
2020-04-13,134.9690,135.2160,134.5020,134.7300,75415
2020-04-14,134.7300,135.4910,134.5730,135.3180,81511
2020-04-15,135.3180,135.3310,133.6310,134.4880,87170
2020-04-16,134.4830,134.8780,133.7150,134.4100,91216
2020-04-17,134.4110,134.9620,133.8980,134.4980,100599
2020-04-20,134.1110,134.7210,133.7820,133.8250,79332
2020-04-21,133.7780,134.0580,131.9060,132.3990,99616
2020-04-22,132.4000,133.2960,132.0420,132.8760,80078
2020-04-23,132.8710,133.6760,132.3950,132.7980,97056
2020-04-24,132.7990,133.1490,132.3910,132.9170,78120
2020-04-27,132.9460,133.5660,132.8130,133.2250,65526
2020-04-28,133.2070,133.5530,132.7220,132.7510,70067
2020-04-29,132.7260,133.0040,131.9410,132.9290,72064
2020-04-30,132.9030,135.4470,132.6200,134.8680,90206
2020-05-01,134.8660,135.0740,133.3650,133.5620,70417
2020-05-04,133.2830,133.4420,132.5200,132.7420,72156
2020-05-05,132.7400,133.1720,132.3790,132.3790,65152
2020-05-06,132.3560,132.6450,130.8320,130.9240,71691
2020-05-07,130.9330,132.0190,130.6440,131.2050,79948
2020-05-08,131.2040,132.6830,131.1510,132.3540,67276
2020-05-11,132.0730,133.1850,131.8780,132.6950,80105
2020-05-12,132.6810,132.8580,131.2920,131.2940,86368
2020-05-13,131.2860,131.9330,130.6490,130.8020,90211
2020-05-14,130.7910,131.3000,130.1390,131.0780,84935
2020-05-15,131.0690,131.4160,129.6420,129.6880,81214
2020-05-18,129.4080,131.2780,129.2510,130.8530,76580
2020-05-19,130.8410,132.5060,130.7440,131.9200,80946
2020-05-20,131.9120,132.4180,131.4410,131.5540,73985
2020-05-21,131.5510,131.9470,131.2140,131.4540,73546
2020-05-22,131.4530,131.7700,130.6690,130.9170,64603
2020-05-25,130.9080,131.4070,130.8520,131.1450,54417
2020-05-26,131.1380,133.0370,131.1210,132.5990,73499
2020-05-27,132.5320,133.0000,131.6300,132.0320,91248
2020-05-28,132.0250,132.8770,131.8260,132.5330,83019
2020-05-29,132.5360,133.4570,131.7760,133.1100,105772
2020-06-01,132.6860,134.5300,132.6860,134.3290,90862
2020-06-02,134.3070,136.5190,134.2140,136.3580,94673
2020-06-03,136.3560,137.3870,136.2390,136.9040,104057
2020-06-04,136.8950,137.8050,135.9490,137.4490,106640
2020-06-05,137.4230,139.7370,137.2660,138.8160,108540
2020-06-08,138.9650,139.5780,137.4210,137.9230,89885
2020-06-09,137.9070,138.2370,136.2280,137.0780,102880
2020-06-10,137.0820,137.4150,136.4590,136.5510,109872
2020-06-11,136.5280,136.5840,134.4580,134.6330,129676
2020-06-12,134.5690,136.0430,133.7910,134.7040,131515
2020-06-15,134.2030,135.3100,133.5010,135.2800,117337
2020-06-16,135.2830,136.3460,134.7220,134.9150,112758
2020-06-17,134.9050,135.2170,134.0600,134.3230,91751
2020-06-18,134.3200,134.5190,132.3860,132.8600,96115
2020-06-19,132.8670,133.2470,131.9320,131.9770,85966
2020-06-22,131.7410,133.4150,131.7410,133.2650,80385
2020-06-23,133.2630,133.9840,132.5980,133.3450,95657
2020-06-24,133.3330,133.6130,132.6780,132.9250,99188
2020-06-25,132.9050,133.6090,132.7840,133.1070,87943
2020-06-26,133.0840,133.2650,132.0370,132.2700,85159
2020-06-29,132.0680,132.6780,131.9480,132.2850,79913
2020-06-30,132.2810,133.8830,132.0110,133.8160,79349
2020-07-01,133.8030,134.2180,132.9430,134.0560,80440
2020-07-02,134.0500,134.7030,133.7780,134.0190,75841
2020-07-03,133.9640,134.2010,133.6960,134.1640,62418
2020-07-06,134.0220,134.6680,133.8330,134.0440,70107
2020-07-07,133.9840,135.4090,133.9640,134.8280,76983
2020-07-08,134.8270,135.4200,134.5740,135.2380,76993
2020-07-09,135.2380,135.9190,135.0460,135.1320,79546
2020-07-10,135.1270,135.1980,134.2830,134.9210,73801
2020-07-13,134.8920,135.4810,134.5850,134.6940,71097
2020-07-14,134.6830,134.7710,133.9780,134.6030,85289
2020-07-15,134.5830,135.0860,134.4650,134.5920,75055
2020-07-16,134.5750,135.1770,134.0510,134.6170,72241
2020-07-17,134.4650,134.9030,134.1210,134.4780,58283
2020-07-20,134.3240,135.9080,134.3020,135.7960,65933
2020-07-21,135.7690,136.4400,135.6410,135.9600,60320
2020-07-22,135.9380,136.6210,135.2830,136.4420,71268
2020-07-23,136.4400,136.6190,135.8400,136.1330,69281
2020-07-24,136.1310,136.2270,134.9960,135.7840,75608
2020-07-27,135.6240,135.8210,135.1430,135.7210,73766
2020-07-28,135.7080,136.1230,135.3210,135.8930,76873
2020-07-29,135.8840,136.4630,135.6700,136.3460,76134
2020-07-30,136.3440,137.3860,136.0630,137.1430,90136
2020-07-31,137.1430,139.1990,136.7850,138.5820,107484
2020-08-03,138.2640,139.0170,137.7440,138.5160,98672
2020-08-04,138.5160,138.8750,137.8020,138.1810,75180
2020-08-05,138.1480,138.9990,137.9730,138.4740,76704
2020-08-06,138.4900,139.2280,138.3220,138.7130,87485
2020-08-07,138.6980,138.7560,137.8360,138.2370,83649
2020-08-10,138.2210,138.6430,138.0600,138.5130,58370
2020-08-11,138.5080,139.4970,138.3220,138.9360,79823
2020-08-12,138.9510,139.6180,138.7860,139.3250,81280
2020-08-13,139.3150,140.2010,139.0870,139.7080,69914
2020-08-14,139.6860,140.0080,139.3380,139.5050,57100
2020-08-17,139.4230,139.6810,138.7310,138.8950,58589
2020-08-18,138.8950,139.6370,138.5930,139.5330,73032
2020-08-19,139.5210,139.9480,138.7890,138.9670,76302
2020-08-20,138.9130,139.8700,138.5630,139.7930,87825
2020-08-21,139.7970,139.9440,138.2470,138.4990,78238
2020-08-24,138.3300,138.9990,138.2880,138.4230,61309
2020-08-25,138.3980,140.0280,138.3440,139.8920,73322
2020-08-26,139.8950,140.3020,139.6300,139.9940,66817
2020-08-27,139.9890,140.8540,139.6910,140.6420,88474
2020-08-28,140.6540,141.6070,140.0170,140.6400,93300
2020-08-31,140.5890,142.0400,140.4870,141.5750,80931
2020-09-01,141.5530,142.7120,141.3260,141.7870,89581
2020-09-02,141.7880,141.9600,141.0150,141.7570,74614
2020-09-03,141.7630,141.8670,140.4700,141.0060,81972
2020-09-04,141.0100,141.4320,140.1100,141.0350,78277
2020-09-07,140.8240,140.9890,139.5890,139.8470,52156
2020-09-08,139.8000,139.9750,137.6100,137.6140,73988
2020-09-09,137.6220,138.3540,136.7360,138.0290,77897
2020-09-10,137.9700,138.3530,135.5610,135.8850,85992
2020-09-11,135.8830,136.5860,135.5700,135.8250,77001
2020-09-14,135.5600,136.5830,135.5080,135.8080,59195
2020-09-15,135.8020,136.4330,135.4160,135.8850,55003
2020-09-16,135.8840,136.4650,135.5510,136.0830,71603
2020-09-17,136.0900,136.2110,134.5630,135.8640,75044
2020-09-18,135.8650,136.1550,134.9510,135.1190,62351
2020-09-21,135.0560,135.3300,133.5330,134.1030,71623
2020-09-22,134.1090,134.3830,133.0280,133.5660,71248
2020-09-23,133.5630,134.6170,133.1340,134.0670,81500
2020-09-24,134.0840,134.6630,133.6040,134.2550,84570
2020-09-25,134.3450,134.8230,133.8270,134.4970,69366
2020-09-28,134.6220,136.2240,134.3590,135.3350,66644
2020-09-29,135.3430,136.2520,135.3430,135.8380,71640
2020-09-30,135.8380,136.5390,135.1760,136.1860,87974
2020-10-01,136.2400,137.0080,135.3560,135.9730,86458
2020-10-02,136.0340,136.3880,135.0440,136.2620,92212
2020-10-05,136.0430,137.3420,135.9830,137.2390,67822
2020-10-06,137.2210,137.4410,135.9310,135.9450,74797
2020-10-07,135.9450,136.9870,135.8640,136.8550,70001
2020-10-08,136.8430,137.3990,136.6780,137.1520,64997
2020-10-09,137.1480,137.8290,136.7840,137.8290,62744
2020-10-12,137.7350,137.8190,137.2140,137.5790,56254
2020-10-13,137.6170,137.7710,136.3690,136.4310,63532
2020-10-14,136.4290,137.3270,135.6600,136.8330,65131
2020-10-15,136.8240,137.1690,135.7660,136.0820,71240
2020-10-16,136.1220,136.4110,135.3370,136.0430,63317
2020-10-19,135.8750,137.2420,135.8490,136.4640,60730
2020-10-20,136.4640,137.0330,136.3090,136.6010,63977
2020-10-21,136.5760,137.6600,136.3730,137.4610,73492
2020-10-22,137.4690,137.5860,136.9580,137.1330,62269
2020-10-23,137.1330,137.3710,136.3690,136.5860,61907
2020-10-26,136.6060,137.0570,136.2940,136.4690,63347
2020-10-27,136.4900,136.5870,136.1120,136.2570,60061
2020-10-28,136.2570,136.2750,134.8800,135.4180,90567
2020-10-29,135.4170,135.9460,134.6360,135.1730,86320
2020-10-30,135.1730,135.8010,134.4000,135.5430,88413
2020-11-02,135.0100,135.4280,134.8710,135.2560,61316
2020-11-03,135.2560,136.6880,135.1500,136.3660,66756
2020-11-04,136.3720,137.3720,135.3630,135.6730,127320
2020-11-05,135.7060,136.3090,135.0750,136.0670,125353
2020-11-06,136.0410,136.2420,135.4630,135.9070,117850
2020-11-09,135.8710,138.9100,135.7150,138.6880,136465
2020-11-10,138.6880,139.7720,138.1630,139.7000,133229
2020-11-11,139.6980,140.3150,139.2050,139.3590,97028
2020-11-12,139.3600,139.4370,137.7460,137.8490,96332
2020-11-13,137.8440,138.5110,137.5420,138.0670,84873
2020-11-16,137.8010,138.8710,137.6620,137.9460,93390
2020-11-17,137.9470,138.3570,137.8130,137.9950,91673
2020-11-18,137.9940,138.1990,137.7060,137.7260,84942
2020-11-19,137.7920,137.9970,137.1950,137.5790,93796
2020-11-20,137.5790,138.0560,137.3830,137.9960,82648
2020-11-23,137.8280,139.3390,137.8090,139.2200,91381
2020-11-24,139.2210,139.8400,139.0690,139.5130,98437
2020-11-25,139.5130,139.8560,138.9980,139.7810,94106
2020-11-26,139.6280,139.8440,138.9260,139.2400,64427
2020-11-27,139.2660,139.2930,138.2740,138.4650,76620
2020-11-30,138.5370,139.4680,138.3280,138.9660,98264
2020-12-01,138.9340,140.3110,138.8320,139.9790,93505
2020-12-02,139.9790,140.4440,138.8890,139.5350,100189
2020-12-03,139.5350,140.2870,139.4060,139.6430,99017
2020-12-04,139.6430,140.7070,139.4440,139.9700,99335
2020-12-07,139.5950,139.8740,137.9030,139.1760,97089
2020-12-08,139.1510,139.3750,138.4070,139.0950,105039
2020-12-09,139.0950,140.3320,139.0090,139.6650,88144
2020-12-10,139.4650,139.7870,138.3850,138.5280,103868
2020-12-11,138.5250,138.7300,136.7860,137.6240,93087
2020-12-14,138.6720,139.4340,138.2660,138.6320,95965
2020-12-15,138.5860,139.6070,138.2790,139.5740,89158
2020-12-16,139.5210,140.0630,139.1450,139.7580,92223
2020-12-17,139.7710,140.4480,139.5750,140.0570,83056
2020-12-18,140.0290,140.3250,139.3130,139.4440,81099
2020-12-21,138.6620,139.5280,136.9630,139.0580,117008
2020-12-22,139.0680,139.1430,137.9950,138.4280,97219
2020-12-23,138.4290,140.3160,138.2280,139.7250,96188
2020-12-24,139.7210,141.2090,139.5150,140.3070,54271
2020-12-28,140.1930,140.5710,139.4750,139.5630,74633
2020-12-29,139.5310,140.1670,139.4900,139.8670,68355
2020-12-30,139.8410,140.6660,139.6930,140.5720,89073
2020-12-31,140.5790,141.2280,140.3050,141.1850,80599
2021-01-04,140.6570,141.3070,139.6890,139.9030,103139
2021-01-05,139.9020,140.1520,139.5090,139.9640,101518
2021-01-06,139.9630,140.5780,139.7460,140.2170,129645
2021-01-07,140.1960,140.9980,140.0560,140.7510,103426
2021-01-08,140.7550,141.3730,140.6500,140.9890,108440
2021-01-11,140.6500,141.0010,140.3390,140.8780,92863
2021-01-12,140.8790,142.0290,140.6750,141.7690,91934
2021-01-13,141.7950,142.2540,141.5280,141.6370,83567
2021-01-14,141.6340,142.2360,141.5870,142.0750,90616
2021-01-15,142.0640,142.1180,140.9560,141.0700,82780
2021-01-18,140.9580,141.2070,140.3560,140.8620,64966
2021-01-19,140.8700,141.7340,140.7450,141.5630,77964
2021-01-20,141.5680,142.3340,141.0760,141.3290,82749
2021-01-21,141.3260,142.2170,141.2830,142.1080,80614
2021-01-22,142.1190,142.2020,141.5100,141.9770,72229
2021-01-25,141.9400,142.3220,141.6540,141.8700,76733
2021-01-26,141.8690,142.4560,141.2780,142.3050,74877
2021-01-27,142.3050,142.8610,142.1950,142.4810,84935
2021-01-28,142.4280,143.2700,142.1900,143.0410,92337
2021-01-29,143.0410,143.9570,142.8090,143.4620,100628
2021-02-01,143.5420,144.1030,143.3220,143.3490,84760
2021-02-02,143.3490,143.7780,143.1300,143.4630,78453
2021-02-03,143.4650,143.6860,143.1110,143.2870,68060
2021-02-04,143.2990,144.3650,142.8370,144.2610,75075
2021-02-05,144.2610,144.8910,143.9840,144.7530,71090
2021-02-08,144.4130,144.9290,144.3900,144.5280,66417
2021-02-09,144.5190,144.6690,144.0320,144.4700,73651
2021-02-10,144.4740,145.0640,144.3700,144.6520,69511
2021-02-11,144.6370,144.9020,144.5630,144.6580,95657
2021-02-12,144.6970,145.4810,144.4980,145.3560,120223
2021-02-15,145.2140,146.6350,145.2070,146.4790,106900
2021-02-16,146.4600,147.4620,146.3640,147.4080,151376
2021-02-17,147.4070,147.5690,146.4190,146.6530,161838
2021-02-18,146.5800,147.7860,146.5500,147.6920,144898
2021-02-19,147.6960,148.1590,147.2850,147.6390,142010
2021-02-22,147.5890,148.2930,147.5440,147.7460,133982
2021-02-23,147.7400,148.6120,147.6000,148.4710,127251
2021-02-24,148.4680,150.1170,148.2680,149.7100,166775
2021-02-25,149.7010,150.4400,148.4800,148.8020,208002
2021-02-26,148.9490,149.1660,147.4040,148.3940,262421
2021-03-01,148.2880,149.2980,148.2640,148.6590,173467
2021-03-02,148.6580,149.1950,148.1130,148.8530,134207
2021-03-03,148.8550,149.6940,148.7640,149.2750,124929
2021-03-04,149.2730,150.7300,149.0460,149.9970,150278
2021-03-05,150.0030,150.3690,149.3580,149.8800,131209
2021-03-08,149.4120,150.6990,149.4120,150.4930,170533
2021-03-09,150.4810,151.2790,150.3570,150.6310,169388
2021-03-10,150.6500,151.1880,150.4000,150.9330,151526
2021-03-11,150.9260,151.8330,150.8740,151.7890,141806
2021-03-12,151.7840,152.2350,151.2280,151.7530,139690
2021-03-15,151.6640,152.1150,151.1990,151.7020,126921
2021-03-16,151.6990,151.7500,150.7870,151.4050,120867
2021-03-17,151.4050,152.0680,151.3410,151.9460,126314
2021-03-18,151.9400,152.5480,151.4570,151.6940,143362
2021-03-19,151.6960,151.8030,150.5650,150.9350,131142
2021-03-22,150.3750,150.9310,150.2670,150.8330,109150
2021-03-23,150.8320,150.8740,149.0810,149.3430,124345
2021-03-24,149.3430,149.4440,148.5280,148.7730,118452
2021-03-25,148.7800,150.0550,148.7590,149.9550,121453
2021-03-26,149.9550,151.5440,149.9130,151.2620,106119
2021-03-29,151.0080,151.8080,150.5800,151.0730,111773
2021-03-30,151.0550,151.9410,150.9840,151.6130,109474
2021-03-31,151.6040,152.7830,151.3420,152.5640,82409
2021-04-01,152.5190,153.0670,152.2920,152.9830,71477
2021-04-02,152.9760,153.1980,152.6970,152.9290,55000
2021-04-05,152.8050,153.3630,152.8050,153.1110,68681
2021-04-06,153.0890,153.4130,151.6790,151.6920,100748
2021-04-07,151.6850,152.0710,150.6560,150.8890,106921
2021-04-08,150.8810,151.0880,149.8830,150.0420,93840
2021-04-09,150.0440,150.9330,149.5920,150.2580,96385
2021-04-12,150.1550,150.5880,149.7570,150.2790,82260
2021-04-13,150.2790,150.8270,149.6690,149.9650,99340
2021-04-14,149.9580,150.4560,149.5840,150.0590,77779
2021-04-15,150.0560,150.2010,149.6840,149.9030,71255
2021-04-16,149.9200,150.5740,149.3830,150.5690,70822
2021-04-19,150.3850,151.3210,149.8910,151.2550,91048
2021-04-20,151.2550,151.9810,150.5600,150.6200,81602
2021-04-21,150.6170,150.9700,150.0430,150.5050,71724
2021-04-22,150.4510,150.6500,149.3920,149.3920,74020
2021-04-23,149.3920,149.9510,149.0590,149.7740,70885
2021-04-26,149.5990,150.3790,149.5360,150.2040,69313
2021-04-27,150.1920,151.2480,150.1110,151.2140,64088
2021-04-28,151.1700,151.5680,151.0080,151.2730,78343
2021-04-29,151.2810,152.4060,151.0970,151.8240,72765
2021-04-30,151.8190,152.1130,150.8730,151.0100,74639
2021-05-03,150.7030,151.9290,150.6760,151.6830,59976
2021-05-04,151.6880,152.0560,150.9960,151.8130,85510
2021-05-05,151.8150,152.2300,151.6320,151.7950,64779
2021-05-06,151.7950,152.1220,151.2470,151.5240,89124
2021-05-07,151.4530,152.1140,151.2630,151.9000,92925
2021-05-10,151.9930,154.0230,151.9090,153.5220,96629
2021-05-11,153.5870,153.9600,153.1480,153.5850,96935
2021-05-12,153.5480,154.4320,153.4870,154.0890,101334
2021-05-13,154.0830,154.3350,153.4670,153.7470,95201
2021-05-14,153.7470,154.2850,153.5600,154.1600,72729
2021-05-17,153.9360,154.4640,153.7320,154.3150,73521
2021-05-18,154.2490,154.8300,154.2180,154.4620,78606
2021-05-19,154.4640,154.8100,153.5390,154.1390,105033
2021-05-20,154.1450,154.4130,153.6230,154.3310,84680
2021-05-21,154.3370,154.6750,154.0110,154.1660,78879
2021-05-24,153.9340,154.1930,153.7690,153.9020,76804
2021-05-25,153.9160,154.4490,153.7340,153.8720,93290
2021-05-26,153.8730,154.3440,153.7730,154.0700,84729
2021-05-27,154.0650,156.0740,153.8400,155.9520,104364
2021-05-28,155.8470,156.0580,155.5870,155.8790,101350
2021-05-31,155.4800,155.9140,155.2980,155.6330,67518
2021-06-01,155.6280,155.9400,154.8380,154.8380,92233
2021-06-02,154.8360,155.5010,154.7500,155.1980,90202
2021-06-03,155.1970,155.8180,155.1410,155.5400,95875
2021-06-04,155.5600,155.7580,155.0320,155.1300,87148
2021-06-07,155.0480,155.2840,154.5480,154.8940,80815
2021-06-08,154.8840,155.0910,154.5550,154.9770,82920
2021-06-09,154.9690,155.3150,154.4800,154.7080,70128
2021-06-10,154.7080,155.2140,154.1310,154.9510,97293
2021-06-11,154.9530,155.2080,154.6390,154.7940,83741
2021-06-14,154.4650,155.3460,154.3200,155.2700,77696
2021-06-15,155.2720,155.4840,154.5360,155.0120,78984
2021-06-16,154.9940,155.3810,154.6680,154.8360,86122
2021-06-17,154.7840,155.0170,153.1380,153.4120,110701
2021-06-18,153.4120,153.7750,151.9880,152.0560,98444
2021-06-21,152.0270,153.7320,151.3120,153.6130,118776
2021-06-22,153.6130,154.4670,153.0940,154.3060,90859
2021-06-23,154.1750,155.1550,154.1130,154.8790,96837
2021-06-24,154.8760,155.1430,153.8260,154.3270,99417
2021-06-25,154.3210,154.5330,153.5990,153.7800,83103
2021-06-28,153.7850,154.2270,153.3880,153.5600,84553
2021-06-29,153.5600,153.5870,152.6140,152.8520,89107
2021-06-30,152.8520,153.7540,152.6640,153.6460,102740
2021-07-01,153.6470,153.9740,153.3510,153.4870,92384
2021-07-02,153.4870,153.7230,153.0830,153.5650,95335
2021-07-05,153.3560,153.7470,153.3440,153.5070,77592
2021-07-06,153.4110,154.0730,152.3540,152.6010,106742
2021-07-07,152.6030,153.1720,152.2870,152.6380,114024
2021-07-08,152.6020,152.7400,150.6650,151.3330,128151
2021-07-09,151.1190,153.0780,150.9270,153.0490,106289
2021-07-12,152.8240,153.3420,152.4070,153.1850,77712
2021-07-13,153.1890,153.4850,152.4100,152.7450,88169
2021-07-14,152.7430,153.2960,152.3360,152.3810,90865
2021-07-15,152.3750,152.8020,151.6080,151.8430,98037
2021-07-16,151.8430,152.6090,151.4250,151.5220,88008
2021-07-19,151.3540,151.6850,149.3270,149.6440,122732
2021-07-20,149.6590,149.9740,148.4590,149.6550,108742
2021-07-21,149.5400,151.3420,149.2880,151.1910,92187
2021-07-22,151.1910,151.9120,150.7360,151.6090,90756
2021-07-23,151.6030,152.1600,151.4050,151.9640,82654
2021-07-26,151.7580,152.6060,151.4010,152.4840,83977
2021-07-27,152.4840,152.5800,151.5730,152.2840,95949
2021-07-28,152.3040,152.9920,152.1180,152.7620,91478
2021-07-29,152.7540,153.4430,152.5130,152.7520,76538
2021-07-30,152.7490,153.2120,152.4390,152.5030,74240
2021-08-02,152.2790,152.8580,151.5340,151.6800,70112
2021-08-03,151.6800,152.1970,151.1670,151.6810,74547
2021-08-04,151.6840,152.5090,151.5130,152.0310,77970
2021-08-05,152.0320,153.0290,151.9850,152.8430,72876
2021-08-06,152.8420,153.2460,152.6540,152.9200,64157
2021-08-09,152.8010,153.0680,152.5760,152.7430,67586
2021-08-10,152.7430,153.3110,152.6120,152.9560,59414
2021-08-11,152.9560,153.2950,152.8290,153.0480,63727
2021-08-12,153.0700,153.1980,152.3290,152.4630,53093
2021-08-13,152.2900,152.5490,151.9250,152.0030,48305
2021-08-16,151.7590,152.1970,150.9210,151.2270,63486
2021-08-17,151.2270,151.3350,150.3500,150.5850,70569
2021-08-18,150.4280,151.4080,150.2290,150.9600,67221
2021-08-19,150.9600,151.2130,149.5970,149.5970,84772
2021-08-20,149.5970,149.8840,149.1850,149.5770,68182
2021-08-23,149.2700,150.7570,149.2700,150.4460,65350
2021-08-24,150.3710,151.0120,150.0560,150.5050,61068
2021-08-25,150.4590,151.4580,150.3520,151.3460,66107
2021-08-26,151.3030,151.5920,150.6140,150.8040,79229
2021-08-27,150.7660,151.5160,150.4570,151.1210,74824
2021-08-30,151.0490,151.2860,150.9480,151.2040,53435
2021-08-31,151.1760,151.5910,151.0620,151.3120,87486
2021-09-01,151.2800,151.9490,151.1000,151.4580,79713
2021-09-02,151.4580,152.1980,151.3480,152.0490,65089
2021-09-03,152.0330,152.2940,151.7780,152.0460,81649
2021-09-06,151.9020,152.2580,151.7970,151.9650,46311
2021-09-07,151.9300,152.2190,151.4960,151.9890,81143
2021-09-08,151.9530,152.0910,151.4660,151.8140,107259
2021-09-09,151.7910,152.1680,151.4200,151.7690,112613
2021-09-10,151.7260,152.6370,151.7010,151.9990,89251
2021-09-13,151.8060,152.3250,151.8060,152.1960,101684
2021-09-14,152.0690,152.8470,151.3220,151.4620,94866
2021-09-15,151.4190,151.5590,150.8280,151.3550,93632
2021-09-16,151.3500,151.5650,150.8720,151.3250,88657
2021-09-17,151.3310,151.9300,150.9560,150.9590,89624
2021-09-20,150.8160,151.1410,149.1780,149.3870,99834
2021-09-21,149.3870,150.1360,148.9520,149.1690,103941
2021-09-22,149.1270,149.9550,149.0100,149.4610,112030
2021-09-23,149.4640,151.4800,149.3490,151.3460,112487
2021-09-24,151.3470,151.7350,151.0000,151.3990,92849
2021-09-27,151.2190,152.1960,151.1190,152.0160,96791
2021-09-28,152.0420,152.5710,150.5410,150.9010,128856
2021-09-29,150.9010,151.1980,149.9090,150.3070,124705
2021-09-30,150.2740,150.9480,149.8000,149.9070,129250
2021-10-01,149.8620,150.7420,149.2260,150.4260,149908
2021-10-04,150.3840,151.5250,150.1850,150.9590,129079
2021-10-05,150.9580,152.0510,150.7450,151.8940,114429
2021-10-06,151.8940,152.1520,150.8130,151.3070,145725
2021-10-07,151.2760,152.0870,151.0290,151.9730,98765
2021-10-08,151.9450,152.9380,151.8590,152.8380,110720
2021-10-11,152.6060,154.5080,152.6030,154.0050,100169
2021-10-12,154.0000,154.8220,153.6840,154.3430,112562
2021-10-13,154.2560,154.9550,154.1080,154.6580,110744
2021-10-14,154.6220,155.7410,154.5130,155.4050,89295
2021-10-15,155.3930,157.4140,155.3380,157.0310,101022
2021-10-18,157.0200,157.3560,156.6080,156.9020,103285
2021-10-19,156.8530,158.0550,156.7710,157.7650,91879
2021-10-20,157.7210,158.2160,157.0080,158.0100,86107
2021-10-21,157.7410,158.2020,156.7750,157.1890,101323
2021-10-22,157.1300,157.6620,155.9230,156.1520,128649
2021-10-25,155.9720,156.8170,155.9650,156.5530,100147
2021-10-26,156.5090,157.7700,156.4440,157.1320,78294
2021-10-27,157.1320,157.2700,155.7020,156.4270,100623
2021-10-28,156.3350,156.7050,155.9150,156.5820,111325
2021-10-29,156.5820,157.0990,155.7850,156.0420,106456
2021-11-01,156.0910,156.4910,155.6080,155.7710,91162
2021-11-02,155.7280,155.8840,154.6580,155.1490,93861
2021-11-03,155.1150,156.0680,154.9620,155.9770,90348
2021-11-04,155.9470,156.2460,153.1160,153.5410,101700
2021-11-05,153.5210,153.7790,152.8080,153.0210,102330
2021-11-08,152.7880,153.6530,152.7030,153.5540,89639
2021-11-09,153.5090,153.6330,152.7360,152.9820,109567
2021-11-10,153.0130,153.7390,152.5720,152.6720,125153
2021-11-11,152.6420,153.0130,152.3870,152.5100,87101
2021-11-12,152.4660,152.9310,152.3690,152.8050,88649
2021-11-15,152.6780,153.2790,152.6230,153.0760,92557
2021-11-16,153.0760,154.1920,152.9390,154.1670,106607
2021-11-17,154.1510,154.7300,153.7350,153.9510,99853
2021-11-18,153.6940,154.2740,153.6850,154.1900,93031
2021-11-19,154.2220,154.4450,152.5180,153.3080,121129
2021-11-22,153.0780,154.0560,153.0450,153.8670,103829
2021-11-23,153.8520,154.2140,153.2750,154.0160,120764
2021-11-24,154.0160,154.1480,153.3640,153.8050,123147
2021-11-25,153.8110,154.0600,153.4110,153.6930,77891
2021-11-26,153.5770,153.6690,150.7040,151.1390,176114
2021-11-29,151.4230,151.9100,150.6830,151.1360,142433
2021-11-30,151.0980,151.6250,149.7230,150.4790,179687
2021-12-01,150.4360,151.4320,149.6130,149.7400,150510
2021-12-02,149.7400,150.7970,149.5180,150.5460,142048
2021-12-03,150.5290,150.7560,148.9680,149.2880,139104
2021-12-06,149.2040,150.6050,149.1440,150.4930,116876
2021-12-07,150.4490,151.1190,150.1240,150.4120,106470
2021-12-08,150.3650,150.6980,149.3400,150.0980,126330
2021-12-09,150.0980,150.3110,149.4850,149.9890,112084
2021-12-10,150.0540,150.5100,149.6670,150.3800,104558
2021-12-13,150.0790,150.7520,149.8690,150.0480,100264
2021-12-14,150.0420,150.5810,149.7620,150.4490,87209
2021-12-15,150.4490,151.3050,150.2710,151.2340,100354
2021-12-16,151.2080,152.6290,151.0000,151.4510,113747
2021-12-17,151.4510,151.7150,150.4170,150.5040,105346
2021-12-20,150.2540,150.5460,149.5230,150.0380,103662
2021-12-21,150.0760,151.4090,149.8910,151.3380,73890
2021-12-22,151.3380,152.5810,151.0960,152.2880,72474
2021-12-23,152.2380,153.7010,152.1940,153.3780,61809
2021-12-24,153.3330,153.5590,153.0430,153.1850,84143
2021-12-27,152.9280,154.4540,152.9280,154.3700,50263
2021-12-28,154.3700,154.5720,153.9980,154.2110,52140
2021-12-29,154.1650,155.1280,154.0450,155.0470,60512
2021-12-30,155.0360,155.6600,154.8900,155.3250,62761
2021-12-31,155.3420,156.0090,154.9850,155.6240,54698
2022-01-03,155.6360,155.9180,154.8840,155.4430,62101
2022-01-04,155.4430,157.4290,155.2190,157.1400,82916
2022-01-05,157.1090,157.7650,156.5730,157.3820,82907
2022-01-06,157.3470,157.4690,156.0830,156.7100,102555
2022-01-07,156.6600,157.1910,156.6500,157.0510,76116
2022-01-10,156.8630,157.3720,155.9400,156.3790,86293
2022-01-11,156.3550,157.3120,156.2100,157.1820,83474
2022-01-12,157.1770,157.7060,156.7530,157.0290,80361
2022-01-13,156.9990,157.4580,156.3070,156.4920,76644
2022-01-14,156.4700,156.6400,155.4570,156.2210,96319
2022-01-17,155.9260,156.7090,155.9260,156.4130,57300
2022-01-18,156.4130,156.9040,155.4700,155.7720,111418
2022-01-19,155.8020,156.2300,155.4020,155.6070,110242
2022-01-20,155.5850,156.0630,155.1060,155.1620,99877
2022-01-21,155.0640,155.2180,153.9020,154.0730,117359
2022-01-24,153.8960,154.4890,152.9030,153.7030,135580
2022-01-25,153.6760,154.0130,153.1160,153.7390,128641
2022-01-26,153.7170,154.7400,153.6170,154.3620,121249
2022-01-27,154.3600,154.7170,153.8160,154.3700,147094
2022-01-28,154.2970,154.9570,154.0880,154.3500,130019
2022-01-31,154.3260,155.3300,154.3240,154.7900,117052
2022-02-01,154.7180,155.2070,154.4870,155.0780,115797
2022-02-02,155.0580,155.4360,154.8070,155.3410,99040
2022-02-03,155.3950,156.5020,155.0410,156.3130,134967
2022-02-04,156.1370,156.5010,155.5600,155.8180,121996
2022-02-07,156.0040,156.2200,155.1330,155.7860,107885
2022-02-08,155.6910,156.7190,155.6060,156.4680,100489
2022-02-09,156.4260,156.8530,156.1940,156.3420,91914
2022-02-10,156.3280,158.0670,156.1930,157.2630,147494
2022-02-11,157.2190,157.7100,155.8520,156.5260,147174
2022-02-14,156.1980,156.8600,155.3020,156.3510,154134
2022-02-15,156.1920,156.8290,155.9610,156.4760,123137
2022-02-16,156.4300,157.1090,156.3460,156.8500,125573
2022-02-17,156.7200,156.9930,156.0430,156.4810,149402
2022-02-18,156.4540,157.2870,156.2110,156.3640,127402
2022-02-21,156.1090,156.7420,155.9790,156.0370,93854
2022-02-22,156.0120,156.5040,155.5020,156.3070,159766
2022-02-23,156.2950,156.7750,155.6000,155.7600,109999
2022-02-24,155.7490,155.8910,153.3670,154.5050,238870
2022-02-25,154.5180,155.1790,154.1520,154.9250,163036
2022-02-28,153.4770,154.9960,153.4620,154.2530,173717
2022-03-01,154.2630,154.6860,152.6560,153.1350,146153
2022-03-02,153.1330,154.9160,152.8140,154.8450,162309
2022-03-03,154.8140,155.2280,153.8650,154.1020,128149
2022-03-04,154.0590,154.2250,151.4650,152.0010,162503
