time,open,high,low,close,volume
2012-12-04,1.6094,1.6130,1.6086,1.6100,53379
2012-12-05,1.6100,1.6118,1.6082,1.6091,49718
2012-12-06,1.6092,1.6127,1.6035,1.6041,56703
2012-12-07,1.6041,1.6060,1.6002,1.6037,55445
2012-12-10,1.6034,1.6096,1.6013,1.6075,46446
2012-12-11,1.6074,1.6121,1.6068,1.6115,49632
2012-12-12,1.6115,1.6171,1.6094,1.6137,52561
2012-12-13,1.6137,1.6153,1.6084,1.6110,51590
2012-12-14,1.6110,1.6177,1.6103,1.6172,51933
2012-12-17,1.6180,1.6216,1.6157,1.6198,49365
2012-12-18,1.6198,1.6269,1.6195,1.6245,48318
2012-12-19,1.6245,1.6306,1.6238,1.6249,55493
2012-12-20,1.6250,1.6295,1.6241,1.6275,53755
2012-12-21,1.6276,1.6276,1.6151,1.6169,57777
2012-12-24,1.6157,1.6206,1.6101,1.6132,37739
2012-12-26,1.6126,1.6170,1.6107,1.6133,36363
2012-12-27,1.6134,1.6202,1.6066,1.6100,54446
2012-12-28,1.6101,1.6170,1.6078,1.6145,44096
2012-12-31,1.6164,1.6274,1.6133,1.6241,37577
2013-01-01,1.6243,1.6257,1.6224,1.6251,1213
2013-01-02,1.6252,1.6381,1.6225,1.6252,72806
2013-01-03,1.6252,1.6253,1.6057,1.6082,48285
2013-01-04,1.6082,1.6099,1.6010,1.6068,49710
2013-01-07,1.6077,1.6127,1.6020,1.6127,47491
2013-01-08,1.6126,1.6127,1.6029,1.6058,46960
2013-01-09,1.6058,1.6075,1.5993,1.6016,48890
2013-01-10,1.6016,1.6176,1.6004,1.6162,57297
2013-01-11,1.6163,1.6170,1.6089,1.6127,50853
2013-01-14,1.6128,1.6154,1.6032,1.6073,50512
2013-01-15,1.6072,1.6100,1.6032,1.6060,60638
2013-01-16,1.6060,1.6080,1.5975,1.5998,58007
2013-01-17,1.5998,1.6039,1.5955,1.5997,62096
2013-01-18,1.5996,1.5998,1.5854,1.5866,60040
2013-01-21,1.5853,1.5893,1.5806,1.5835,46861
2013-01-22,1.5835,1.5883,1.5809,1.5837,59866
2013-01-23,1.5837,1.5892,1.5802,1.5830,54863
2013-01-24,1.5830,1.5851,1.5756,1.5789,55151
2013-01-25,1.5790,1.5826,1.5745,1.5796,55334
2013-01-28,1.5778,1.5785,1.5674,1.5690,51300
2013-01-29,1.5690,1.5773,1.5690,1.5757,51625
2013-01-30,1.5757,1.5815,1.5726,1.5795,55078
2013-01-31,1.5795,1.5875,1.5775,1.5859,54861
2013-02-01,1.5859,1.5878,1.5690,1.5691,61632
2013-02-04,1.5704,1.5771,1.5693,1.5750,52970
2013-02-05,1.5750,1.5804,1.5630,1.5660,58701
2013-02-06,1.5660,1.5678,1.5630,1.5663,53654
2013-02-07,1.5662,1.5767,1.5645,1.5713,61930
2013-02-08,1.5713,1.5843,1.5705,1.5797,55947
2013-02-11,1.5790,1.5809,1.5645,1.5648,51118
2013-02-12,1.5648,1.5683,1.5573,1.5678,56112
2013-02-13,1.5677,1.5688,1.5524,1.5537,54307
2013-02-14,1.5537,1.5542,1.5475,1.5494,53243
2013-02-15,1.5494,1.5549,1.5462,1.5516,36231
2013-02-18,1.5499,1.5508,1.5438,1.5469,30857
2013-02-19,1.5469,1.5503,1.5414,1.5421,29314
2013-02-20,1.5422,1.5450,1.5193,1.5236,34814
2013-02-21,1.5237,1.5273,1.5131,1.5251,38712
2013-02-22,1.5251,1.5319,1.5160,1.5160,32582
2013-02-25,1.5107,1.5198,1.5087,1.5163,43525
2013-02-26,1.5163,1.5218,1.5113,1.5129,41781
2013-02-27,1.5129,1.5188,1.5080,1.5160,37734
2013-02-28,1.5160,1.5222,1.5149,1.5167,33602
2013-03-01,1.5167,1.5185,1.4986,1.5036,35976
2013-03-04,1.5030,1.5116,1.5000,1.5114,15844
2013-03-05,1.5114,1.5198,1.5094,1.5125,14373
2013-03-06,1.5125,1.5152,1.4966,1.4983,26220
2013-03-07,1.4982,1.5082,1.4967,1.5012,49989
2013-03-08,1.5012,1.5047,1.4886,1.4922,34841
2013-03-11,1.4908,1.4943,1.4866,1.4909,33624
2013-03-12,1.4909,1.4916,1.4829,1.4897,41195
2013-03-13,1.4897,1.4981,1.4892,1.4920,44758
2013-03-14,1.4920,1.5118,1.4915,1.5083,50541
2013-03-15,1.5083,1.5176,1.5068,1.5113,48825
2013-03-18,1.5110,1.5144,1.5071,1.5093,53289
2013-03-19,1.5093,1.5144,1.5073,1.5092,54273
2013-03-20,1.5092,1.5186,1.5027,1.5091,55074
2013-03-21,1.5091,1.5209,1.5088,1.5171,52481
2013-03-22,1.5171,1.5247,1.5171,1.5227,44737
2013-03-25,1.5234,1.5260,1.5143,1.5175,52992
2013-03-26,1.5175,1.5207,1.5135,1.5163,43615
2013-03-27,1.5163,1.5181,1.5092,1.5128,44933
2013-03-28,1.5128,1.5200,1.5112,1.5191,45674
2013-03-29,1.5191,1.5218,1.5177,1.5196,28016
2013-04-01,1.5197,1.5241,1.5177,1.5226,24266
2013-04-02,1.5226,1.5258,1.5099,1.5104,42226
2013-04-03,1.5104,1.5158,1.5075,1.5132,39703
2013-04-04,1.5132,1.5245,1.5033,1.5228,50964
2013-04-05,1.5229,1.5363,1.5199,1.5336,47209
2013-04-08,1.5329,1.5350,1.5239,1.5265,42403
2013-04-09,1.5265,1.5341,1.5250,1.5319,46081
2013-04-10,1.5319,1.5343,1.5292,1.5326,41823
2013-04-11,1.5326,1.5411,1.5317,1.5385,46975
2013-04-12,1.5385,1.5409,1.5337,1.5339,42731
2013-04-15,1.5338,1.5384,1.5270,1.5292,52647
2013-04-16,1.5292,1.5379,1.5272,1.5366,54658
2013-04-17,1.5366,1.5369,1.5216,1.5241,55989
2013-04-18,1.5241,1.5312,1.5218,1.5280,50671
2013-04-19,1.5280,1.5368,1.5224,1.5229,46114
2013-04-22,1.5231,1.5295,1.5204,1.5288,40967
2013-04-23,1.5287,1.5297,1.5196,1.5236,44410
2013-04-24,1.5236,1.5287,1.5226,1.5265,42656
2013-04-25,1.5265,1.5480,1.5265,1.5434,46727
2013-04-26,1.5434,1.5498,1.5419,1.5475,41159
2013-04-29,1.5483,1.5546,1.5477,1.5493,36564
2013-04-30,1.5493,1.5567,1.5467,1.5535,38913
2013-05-01,1.5535,1.5605,1.5526,1.5554,38792
2013-05-02,1.5555,1.5590,1.5496,1.5532,44261
2013-05-03,1.5532,1.5601,1.5481,1.5568,42189
2013-05-06,1.5566,1.5598,1.5521,1.5539,28460
2013-05-07,1.5539,1.5552,1.5447,1.5481,35262
2013-05-08,1.5481,1.5591,1.5470,1.5541,39078
2013-05-09,1.5541,1.5588,1.5426,1.5447,44877
2013-05-10,1.5447,1.5457,1.5314,1.5358,49176
2013-05-13,1.5355,1.5385,1.5278,1.5302,44058
2013-05-14,1.5302,1.5331,1.5206,1.5218,48531
2013-05-15,1.5219,1.5273,1.5174,1.5225,51324
2013-05-16,1.5225,1.5322,1.5198,1.5273,50457
2013-05-17,1.5274,1.5281,1.5158,1.5167,45860
2013-05-20,1.5186,1.5281,1.5166,1.5257,41223
2013-05-21,1.5258,1.5276,1.5112,1.5150,47395
2013-05-22,1.5150,1.5173,1.5020,1.5043,58799
2013-05-23,1.5043,1.5128,1.5014,1.5108,66485
2013-05-24,1.5108,1.5142,1.5064,1.5119,57522
2013-05-27,1.5130,1.5156,1.5087,1.5111,29640
2013-05-28,1.5110,1.5134,1.5027,1.5035,60463
2013-05-29,1.5035,1.5145,1.5008,1.5128,65888
2013-05-30,1.5127,1.5237,1.5110,1.5233,68759
2013-05-31,1.5233,1.5239,1.5140,1.5194,67341
2013-06-03,1.5198,1.5375,1.5192,1.5318,60893
2013-06-04,1.5318,1.5342,1.5273,1.5315,61118
2013-06-05,1.5315,1.5408,1.5292,1.5406,67876
2013-06-06,1.5404,1.5683,1.5381,1.5599,63420
2013-06-07,1.5599,1.5617,1.5488,1.5555,67708
2013-06-10,1.5516,1.5585,1.5495,1.5572,52282
2013-06-11,1.5571,1.5653,1.5521,1.5644,63840
2013-06-12,1.5645,1.5699,1.5633,1.5679,52755
2013-06-13,1.5679,1.5736,1.5644,1.5719,59335
2013-06-14,1.5718,1.5719,1.5616,1.5701,59487
2013-06-17,1.5711,1.5751,1.5680,1.5717,48931
2013-06-18,1.5717,1.5722,1.5565,1.5639,55409
2013-06-19,1.5639,1.5677,1.5450,1.5488,59168
2013-06-20,1.5488,1.5516,1.5414,1.5504,79351
2013-06-21,1.5504,1.5530,1.5368,1.5414,66917
2013-06-24,1.5394,1.5465,1.5344,1.5436,64686
2013-06-25,1.5435,1.5477,1.5397,1.5424,60379
2013-06-26,1.5424,1.5440,1.5297,1.5314,59506
2013-06-27,1.5314,1.5346,1.5202,1.5258,48551
2013-06-28,1.5258,1.5278,1.5165,1.5211,49330
2013-07-01,1.5207,1.5248,1.5183,1.5216,49411
2013-07-02,1.5216,1.5238,1.5136,1.5153,51995
2013-07-03,1.5153,1.5304,1.5130,1.5279,55696
2013-07-04,1.5279,1.5283,1.5056,1.5071,53896
2013-07-05,1.5072,1.5078,1.4860,1.4883,65057
2013-07-08,1.4878,1.4966,1.4858,1.4948,50385
2013-07-09,1.4948,1.4980,1.4813,1.4865,60762
2013-07-10,1.4866,1.5067,1.4845,1.5062,65867
2013-07-11,1.5062,1.5222,1.5034,1.5183,83057
2013-07-12,1.5182,1.5189,1.5076,1.5104,52691
2013-07-15,1.5108,1.5126,1.5027,1.5100,46505
2013-07-16,1.5100,1.5169,1.5044,1.5147,57077
2013-07-17,1.5147,1.5267,1.5079,1.5213,59174
2013-07-18,1.5213,1.5242,1.5158,1.5228,52108
2013-07-19,1.5228,1.5282,1.5196,1.5259,46556
2013-07-22,1.5261,1.5384,1.5257,1.5356,43400
2013-07-23,1.5356,1.5392,1.5326,1.5373,44858
2013-07-24,1.5373,1.5390,1.5289,1.5315,48179
2013-07-25,1.5317,1.5435,1.5263,1.5382,53822
2013-07-26,1.5382,1.5416,1.5356,1.5378,44579
2013-07-29,1.5384,1.5413,1.5329,1.5341,42702
2013-07-30,1.5341,1.5353,1.5223,1.5237,46538
2013-07-31,1.5237,1.5253,1.5126,1.5198,57561
2013-08-01,1.5204,1.5242,1.5110,1.5118,55767
2013-08-02,1.5118,1.5309,1.5102,1.5286,53168
2013-08-05,1.5283,1.5378,1.5259,1.5354,46378
2013-08-06,1.5354,1.5392,1.5332,1.5349,45978
2013-08-07,1.5349,1.5531,1.5205,1.5488,59721
2013-08-08,1.5489,1.5574,1.5485,1.5537,47387
2013-08-09,1.5536,1.5558,1.5497,1.5497,38388
2013-08-12,1.5503,1.5522,1.5457,1.5461,38355
2013-08-13,1.5461,1.5512,1.5427,1.5446,46826
2013-08-14,1.5447,1.5547,1.5422,1.5503,46782
2013-08-15,1.5503,1.5652,1.5502,1.5643,59538
2013-08-16,1.5643,1.5656,1.5607,1.5622,44614
2013-08-19,1.5630,1.5673,1.5609,1.5647,42495
2013-08-20,1.5647,1.5696,1.5628,1.5662,45605
2013-08-21,1.5663,1.5717,1.5637,1.5656,49697
2013-08-22,1.5656,1.5659,1.5563,1.5584,47540
2013-08-23,1.5584,1.5637,1.5538,1.5566,44324
2013-08-26,1.5575,1.5612,1.5556,1.5578,28322
2013-08-27,1.5578,1.5592,1.5481,1.5543,45210
2013-08-28,1.5544,1.5552,1.5428,1.5525,46768
2013-08-29,1.5525,1.5548,1.5482,1.5501,41880
2013-08-30,1.5501,1.5528,1.5463,1.5491,39160
2013-09-02,1.5518,1.5593,1.5505,1.5546,35055
2013-09-03,1.5546,1.5603,1.5522,1.5558,39536
2013-09-04,1.5559,1.5647,1.5556,1.5623,36149
2013-09-05,1.5623,1.5667,1.5573,1.5587,37253
2013-09-06,1.5588,1.5681,1.5563,1.5627,32118
2013-09-09,1.5628,1.5732,1.5626,1.5694,31848
2013-09-10,1.5693,1.5744,1.5685,1.5731,32898
2013-09-11,1.5731,1.5829,1.5718,1.5823,37254
2013-09-12,1.5823,1.5839,1.5776,1.5807,36945
2013-09-13,1.5807,1.5884,1.5776,1.5873,34704
2013-09-16,1.5932,1.5963,1.5894,1.5897,35292
2013-09-17,1.5897,1.5936,1.5886,1.5906,35410
2013-09-18,1.5906,1.6162,1.5892,1.6134,41207
2013-09-19,1.6134,1.6147,1.6022,1.6029,45880
2013-09-20,1.6029,1.6066,1.5986,1.6002,36219
2013-09-23,1.5999,1.6072,1.5998,1.6041,39003
2013-09-24,1.6041,1.6044,1.5955,1.6001,37154
2013-09-25,1.6001,1.6088,1.5979,1.6077,36698
2013-09-26,1.6077,1.6096,1.5999,1.6037,35510
2013-09-27,1.6037,1.6147,1.6030,1.6137,35529
2013-09-30,1.6142,1.6202,1.6128,1.6184,39375
2013-10-01,1.6184,1.6260,1.6182,1.6191,42342
2013-10-02,1.6191,1.6250,1.6162,1.6229,38093
2013-10-03,1.6229,1.6240,1.6154,1.6158,38181
2013-10-04,1.6158,1.6178,1.6005,1.6005,37554
2013-10-07,1.6025,1.6099,1.6025,1.6088,35365
2013-10-08,1.6088,1.6124,1.6020,1.6083,34638
2013-10-09,1.6083,1.6121,1.5916,1.5952,39281
2013-10-10,1.5953,1.5978,1.5914,1.5971,33045
2013-10-11,1.5971,1.6001,1.5923,1.5946,30855
2013-10-14,1.5967,1.6018,1.5954,1.5980,26001
2013-10-15,1.5980,1.6009,1.5915,1.5997,35725
2013-10-16,1.5996,1.6058,1.5894,1.5955,37951
2013-10-17,1.5955,1.6172,1.5940,1.6160,42594
2013-10-18,1.6161,1.6225,1.6142,1.6164,30775
2013-10-21,1.6171,1.6181,1.6132,1.6143,25818
2013-10-22,1.6144,1.6248,1.6115,1.6229,30973
2013-10-23,1.6229,1.6256,1.6120,1.6164,36120
2013-10-24,1.6164,1.6223,1.6137,1.6201,39337
2013-10-25,1.6201,1.6247,1.6150,1.6162,37280
2013-10-28,1.6173,1.6208,1.6124,1.6136,31358
2013-10-29,1.6136,1.6144,1.6023,1.6051,40785
2013-10-30,1.6050,1.6078,1.5998,1.6026,38189
2013-10-31,1.6027,1.6068,1.6006,1.6043,43881
2013-11-01,1.6043,1.6046,1.5909,1.5921,39196
2013-11-04,1.5927,1.5978,1.5903,1.5964,26333
2013-11-05,1.5964,1.6062,1.5948,1.6045,37535
2013-11-06,1.6046,1.6118,1.6041,1.6081,33053
2013-11-07,1.6081,1.6114,1.6010,1.6094,44614
2013-11-08,1.6094,1.6105,1.5957,1.6013,40773
2013-11-11,1.6007,1.6021,1.5965,1.5987,31687
2013-11-12,1.5987,1.5992,1.5854,1.5895,39888
2013-11-13,1.5895,1.6067,1.5878,1.6041,42358
2013-11-14,1.6042,1.6101,1.5989,1.6062,43702
2013-11-15,1.6061,1.6134,1.6048,1.6114,34090
2013-11-18,1.6120,1.6148,1.6081,1.6109,34137
2013-11-19,1.6109,1.6132,1.6059,1.6116,39180
2013-11-20,1.6116,1.6178,1.6087,1.6102,46643
2013-11-21,1.6101,1.6202,1.6072,1.6193,45774
2013-11-22,1.6193,1.6225,1.6177,1.6221,37199
2013-11-25,1.6235,1.6240,1.6133,1.6162,31330
2013-11-26,1.6161,1.6219,1.6139,1.6211,30224
2013-11-27,1.6211,1.6330,1.6197,1.6286,37613
2013-11-28,1.6286,1.6357,1.6277,1.6336,34085
2013-11-29,1.6336,1.6384,1.6314,1.6361,41095
2013-12-02,1.6374,1.6442,1.6343,1.6350,41751
2013-12-03,1.6351,1.6437,1.6346,1.6385,37999
2013-12-04,1.6385,1.6403,1.6326,1.6379,46834
2013-12-05,1.6378,1.6403,1.6300,1.6339,47389
2013-12-06,1.6339,1.6393,1.6292,1.6345,41007
2013-12-09,1.6346,1.6432,1.6323,1.6422,34336
2013-12-10,1.6422,1.6465,1.6419,1.6446,34274
2013-12-11,1.6446,1.6457,1.6339,1.6375,36289
2013-12-12,1.6376,1.6418,1.6321,1.6343,37819
2013-12-13,1.6343,1.6360,1.6262,1.6291,35409
2013-12-16,1.6305,1.6348,1.6289,1.6297,35572
2013-12-17,1.6297,1.6336,1.6218,1.6273,35738
2013-12-18,1.6272,1.6484,1.6269,1.6383,45970
2013-12-19,1.6383,1.6395,1.6335,1.6364,38821
2013-12-20,1.6364,1.6394,1.6316,1.6328,38535
2013-12-23,1.6327,1.6375,1.6321,1.6346,30344
2013-12-24,1.6346,1.6381,1.6322,1.6369,22742
2013-12-26,1.6379,1.6438,1.6371,1.6414,17716
2013-12-27,1.6414,1.6578,1.6405,1.6479,37946
2013-12-30,1.6488,1.6533,1.6460,1.6493,30958
2013-12-31,1.6493,1.6578,1.6474,1.6565,26346
2014-01-01,1.6562,1.6576,1.6558,1.6576,1611
2014-01-02,1.6574,1.6603,1.6411,1.6444,59468
2014-01-03,1.6444,1.6474,1.6395,1.6415,38685
2014-01-06,1.6411,1.6433,1.6337,1.6414,38500
2014-01-07,1.6414,1.6438,1.6374,1.6400,33355
2014-01-08,1.6400,1.6471,1.6377,1.6443,36585
2014-01-09,1.6442,1.6497,1.6441,1.6473,36491
2014-01-10,1.6473,1.6517,1.6380,1.6478,35549
2014-01-13,1.6487,1.6508,1.6347,1.6382,36981
2014-01-14,1.6382,1.6464,1.6367,1.6435,37687
2014-01-15,1.6435,1.6439,1.6322,1.6368,39526
2014-01-16,1.6368,1.6383,1.6315,1.6350,38073
2014-01-17,1.6351,1.6458,1.6309,1.6423,36484
2014-01-20,1.6415,1.6452,1.6395,1.6428,26128
2014-01-21,1.6427,1.6485,1.6399,1.6475,34637
2014-01-22,1.6474,1.6586,1.6450,1.6568,36991
2014-01-23,1.6568,1.6643,1.6557,1.6638,43822
2014-01-24,1.6638,1.6668,1.6477,1.6477,44348
2014-01-27,1.6475,1.6587,1.6474,1.6578,39166
2014-01-28,1.6578,1.6625,1.6536,1.6564,37203
2014-01-29,1.6564,1.6606,1.6525,1.6556,41605
2014-01-30,1.6555,1.6564,1.6445,1.6493,39876
2014-01-31,1.6493,1.6498,1.6427,1.6434,42216
2014-02-03,1.6430,1.6441,1.6290,1.6308,40865
2014-02-04,1.6309,1.6344,1.6257,1.6324,38926
2014-02-05,1.6324,1.6341,1.6252,1.6312,49577
2014-02-06,1.6312,1.6348,1.6272,1.6318,48654
2014-02-07,1.6318,1.6418,1.6300,1.6410,47675
2014-02-10,1.6408,1.6427,1.6383,1.6404,29255
2014-02-11,1.6405,1.6487,1.6392,1.6449,36598
2014-02-12,1.6449,1.6618,1.6425,1.6611,41737
2014-02-13,1.6610,1.6673,1.6600,1.6656,40620
2014-02-14,1.6656,1.6756,1.6644,1.6747,36170
2014-02-17,1.6758,1.6822,1.6695,1.6713,34050
2014-02-18,1.6713,1.6741,1.6656,1.6679,40575
2014-02-19,1.6680,1.6733,1.6637,1.6679,38245
2014-02-20,1.6680,1.6700,1.6625,1.6653,39303
2014-02-21,1.6651,1.6725,1.6612,1.6615,38164
2014-02-24,1.6632,1.6679,1.6583,1.6656,37208
2014-02-25,1.6655,1.6727,1.6642,1.6677,38596
2014-02-26,1.6677,1.6701,1.6622,1.6666,38861
2014-02-27,1.6666,1.6699,1.6617,1.6688,40561
2014-02-28,1.6688,1.6768,1.6676,1.6740,43562
2014-03-03,1.6741,1.6751,1.6653,1.6663,42327
2014-03-04,1.6663,1.6716,1.6640,1.6658,38097
2014-03-05,1.6658,1.6742,1.6656,1.6721,36378
2014-03-06,1.6721,1.6777,1.6685,1.6738,39452
2014-03-07,1.6738,1.6785,1.6706,1.6711,49948
2014-03-10,1.6721,1.6741,1.6622,1.6645,60499
2014-03-11,1.6645,1.6653,1.6596,1.6618,60878
2014-03-12,1.6618,1.6636,1.6568,1.6622,69034
2014-03-13,1.6622,1.6718,1.6606,1.6624,82226
2014-03-14,1.6624,1.6649,1.6587,1.6646,77255
2014-03-17,1.6634,1.6666,1.6604,1.6635,51928
2014-03-18,1.6635,1.6647,1.6545,1.6595,68151
2014-03-19,1.6595,1.6654,1.6508,1.6534,80301
2014-03-20,1.6534,1.6568,1.6480,1.6506,69707
2014-03-21,1.6506,1.6520,1.6475,1.6485,56148
2014-03-24,1.6485,1.6536,1.6465,1.6496,60387
2014-03-25,1.6495,1.6549,1.6481,1.6533,76554
2014-03-26,1.6533,1.6597,1.6509,1.6576,70456
2014-03-27,1.6576,1.6647,1.6555,1.6607,78764
2014-03-28,1.6607,1.6651,1.6599,1.6638,65450
2014-03-31,1.6642,1.6684,1.6611,1.6663,78625
2014-04-01,1.6663,1.6675,1.6618,1.6631,60587
2014-04-02,1.6631,1.6664,1.6620,1.6625,58505
2014-04-03,1.6625,1.6661,1.6570,1.6594,74248
2014-04-04,1.6594,1.6605,1.6554,1.6571,67412
2014-04-07,1.6571,1.6624,1.6565,1.6608,42330
2014-04-08,1.6608,1.6755,1.6606,1.6748,60744
2014-04-09,1.6748,1.6800,1.6724,1.6791,60421
2014-04-10,1.6791,1.6820,1.6754,1.6783,44594
2014-04-11,1.6783,1.6787,1.6717,1.6730,41459
2014-04-14,1.6737,1.6744,1.6697,1.6724,40123
2014-04-15,1.6724,1.6749,1.6660,1.6728,44255
2014-04-16,1.6728,1.6818,1.6720,1.6796,44687
2014-04-17,1.6796,1.6842,1.6787,1.6792,38257
2014-04-18,1.6793,1.6801,1.6774,1.6789,19059
2014-04-21,1.6801,1.6818,1.6783,1.6793,18308
2014-04-22,1.6793,1.6839,1.6786,1.6824,36194
2014-04-23,1.6824,1.6836,1.6762,1.6780,42502
2014-04-24,1.6779,1.6806,1.6765,1.6801,40050
2014-04-25,1.6801,1.6829,1.6790,1.6798,32509
2014-04-28,1.6803,1.6857,1.6777,1.6808,42552
2014-04-29,1.6808,1.6847,1.6793,1.6826,41366
2014-04-30,1.6825,1.6901,1.6807,1.6874,46914
2014-05-01,1.6874,1.6919,1.6871,1.6888,30687
2014-05-02,1.6888,1.6895,1.6822,1.6868,44212
2014-05-05,1.6874,1.6882,1.6853,1.6868,23896
2014-05-06,1.6867,1.6996,1.6866,1.6973,47708
2014-05-07,1.6973,1.6986,1.6951,1.6954,56892
2014-05-08,1.6954,1.6975,1.6923,1.6931,63062
2014-05-09,1.6931,1.6938,1.6832,1.6847,42832
2014-05-12,1.6847,1.6903,1.6847,1.6868,36842
2014-05-13,1.6867,1.6883,1.6819,1.6826,50835
2014-05-14,1.6827,1.6874,1.6753,1.6766,47601
2014-05-15,1.6766,1.6806,1.6732,1.6789,42327
2014-05-16,1.6789,1.6839,1.6783,1.6810,33226
2014-05-19,1.6823,1.6845,1.6805,1.6814,30250
2014-05-20,1.6814,1.6864,1.6802,1.6838,29573
2014-05-21,1.6838,1.6920,1.6832,1.6899,35659
2014-05-22,1.6899,1.6917,1.6851,1.6866,40043
2014-05-23,1.6867,1.6875,1.6812,1.6830,36262
2014-05-26,1.6834,1.6852,1.6826,1.6840,21586
2014-05-27,1.6840,1.6882,1.6782,1.6810,32349
2014-05-28,1.6810,1.6815,1.6697,1.6711,34595
2014-05-29,1.6711,1.6740,1.6692,1.6717,32576
2014-05-30,1.6717,1.6777,1.6715,1.6751,32026
2014-06-02,1.6760,1.6761,1.6725,1.6747,40019
2014-06-03,1.6746,1.6782,1.6730,1.6749,40780
2014-06-04,1.6748,1.6768,1.6699,1.6736,43122
2014-06-05,1.6735,1.6825,1.6722,1.6814,53358
2014-06-06,1.6814,1.6845,1.6781,1.6800,44364
2014-06-09,1.6808,1.6832,1.6784,1.6802,36462
2014-06-10,1.6801,1.6817,1.6743,1.6754,44878
2014-06-11,1.6754,1.6810,1.6738,1.6790,44563
2014-06-12,1.6789,1.6935,1.6787,1.6925,46740
2014-06-13,1.6925,1.6991,1.6922,1.6963,44331
2014-06-16,1.6975,1.7011,1.6959,1.6980,39032
2014-06-17,1.6980,1.6989,1.6938,1.6962,44509
2014-06-18,1.6961,1.7002,1.6919,1.6991,49651
2014-06-19,1.6991,1.7063,1.6984,1.7039,47869
2014-06-20,1.7039,1.7060,1.7003,1.7014,41158
2014-06-23,1.7021,1.7049,1.7001,1.7027,38903
2014-06-24,1.7026,1.7032,1.6966,1.6983,42450
2014-06-25,1.6984,1.7004,1.6952,1.6981,38302
2014-06-26,1.6982,1.7040,1.6971,1.7025,41034
2014-06-27,1.7025,1.7051,1.7006,1.7031,33855
2014-06-30,1.7034,1.7114,1.7008,1.7108,33582
2014-07-01,1.7109,1.7165,1.7095,1.7148,24912
2014-07-02,1.7148,1.7175,1.7139,1.7163,24491
2014-07-03,1.7163,1.7164,1.7106,1.7151,28316
2014-07-04,1.7151,1.7179,1.7131,1.7160,21617
2014-07-07,1.7163,1.7163,1.7108,1.7131,22575
2014-07-08,1.7131,1.7147,1.7085,1.7129,23527
2014-07-09,1.7129,1.7160,1.7094,1.7156,26602
2014-07-10,1.7155,1.7167,1.7105,1.7131,27005
2014-07-11,1.7131,1.7150,1.7088,1.7110,54439
2014-07-14,1.7121,1.7144,1.7070,1.7085,84378
2014-07-15,1.7085,1.7190,1.7059,1.7142,85963
2014-07-16,1.7142,1.7151,1.7113,1.7138,35637
2014-07-17,1.7137,1.7143,1.7085,1.7101,36124
2014-07-18,1.7100,1.7118,1.7036,1.7076,36961
2014-07-21,1.7081,1.7099,1.7055,1.7072,38442
2014-07-22,1.7072,1.7083,1.7041,1.7064,51449
2014-07-23,1.7064,1.7095,1.7024,1.7039,63136
2014-07-24,1.7038,1.7053,1.6966,1.6987,60396
2014-07-25,1.6986,1.6998,1.6961,1.6973,58019
2014-07-28,1.6976,1.7001,1.6972,1.6983,52101
2014-07-29,1.6982,1.6994,1.6933,1.6943,65350
2014-07-30,1.6943,1.6955,1.6889,1.6911,60743
2014-07-31,1.6911,1.6926,1.6856,1.6883,46769
2014-08-01,1.6883,1.6892,1.6803,1.6822,53393
2014-08-04,1.6824,1.6864,1.6813,1.6859,48022
2014-08-05,1.6859,1.6888,1.6845,1.6882,51936
2014-08-06,1.6882,1.6883,1.6821,1.6851,49896
2014-08-07,1.6851,1.6864,1.6823,1.6832,55071
2014-08-08,1.6832,1.6833,1.6766,1.6768,59528
2014-08-11,1.6774,1.6795,1.6770,1.6787,38178
2014-08-12,1.6787,1.6816,1.6757,1.6810,41917
2014-08-13,1.6810,1.6845,1.6685,1.6689,63003
2014-08-14,1.6688,1.6697,1.6657,1.6684,46313
2014-08-15,1.6684,1.6701,1.6676,1.6686,43568
2014-08-18,1.6715,1.6737,1.6712,1.6727,32236
2014-08-19,1.6726,1.6727,1.6611,1.6615,46201
2014-08-20,1.6615,1.6679,1.6589,1.6594,57648
2014-08-21,1.6593,1.6601,1.6564,1.6579,55980
2014-08-22,1.6579,1.6597,1.6561,1.6565,58829
2014-08-25,1.6542,1.6598,1.6539,1.6570,55161
2014-08-26,1.6570,1.6595,1.6538,1.6541,66857
2014-08-27,1.6541,1.6605,1.6537,1.6574,66451
2014-08-28,1.6574,1.6613,1.6567,1.6588,52791
2014-08-29,1.6588,1.6613,1.6562,1.6597,42069
2014-09-01,1.6589,1.6643,1.6585,1.6608,44989
2014-09-02,1.6608,1.6615,1.6467,1.6469,73616
2014-09-03,1.6469,1.6497,1.6440,1.6460,69787
2014-09-04,1.6459,1.6466,1.6306,1.6317,74045
2014-09-05,1.6316,1.6341,1.6281,1.6326,67103
2014-09-08,1.6186,1.6233,1.6093,1.6093,97496
2014-09-09,1.6094,1.6157,1.6059,1.6105,99269
2014-09-10,1.6104,1.6230,1.6052,1.6201,87303
2014-09-11,1.6203,1.6277,1.6185,1.6274,77082
2014-09-12,1.6274,1.6274,1.6205,1.6263,89688
2014-09-15,1.6270,1.6273,1.6221,1.6227,74362
2014-09-16,1.6227,1.6312,1.6162,1.6270,84274
2014-09-17,1.6270,1.6358,1.6249,1.6259,82892
2014-09-18,1.6258,1.6460,1.6246,1.6438,90659
2014-09-19,1.6439,1.6524,1.6284,1.6288,108972
2014-09-22,1.6291,1.6368,1.6290,1.6362,130122
2014-09-23,1.6362,1.6416,1.6303,1.6390,66797
2014-09-24,1.6390,1.6413,1.6327,1.6336,64477
2014-09-25,1.6337,1.6342,1.6276,1.6318,79011
2014-09-26,1.6318,1.6333,1.6238,1.6242,66152
2014-09-29,1.6238,1.6275,1.6214,1.6242,66539
2014-09-30,1.6242,1.6287,1.6166,1.6215,78790
2014-10-01,1.6215,1.6252,1.6162,1.6183,76980
2014-10-02,1.6182,1.6250,1.6113,1.6150,92921
2014-10-03,1.6150,1.6159,1.5952,1.5967,70660
2014-10-06,1.5968,1.6099,1.5954,1.6082,56893
2014-10-07,1.6081,1.6129,1.6026,1.6097,83936
2014-10-08,1.6097,1.6182,1.6032,1.6159,86852
2014-10-09,1.6159,1.6227,1.6105,1.6119,87662
2014-10-10,1.6119,1.6136,1.6009,1.6076,78653
2014-10-13,1.6068,1.6127,1.6051,1.6074,80493
2014-10-14,1.6074,1.6080,1.5897,1.5905,80032
2014-10-15,1.5905,1.6069,1.5875,1.6001,122122
2014-10-16,1.6001,1.6097,1.5941,1.6074,112103
2014-10-17,1.6074,1.6125,1.6030,1.6092,72698
2014-10-20,1.6094,1.6179,1.6079,1.6159,68458
2014-10-21,1.6159,1.6184,1.6109,1.6117,79135
2014-10-22,1.6117,1.6130,1.6011,1.6042,75590
2014-10-23,1.6042,1.6060,1.5994,1.6028,73369
2014-10-24,1.6028,1.6098,1.6016,1.6083,69410
2014-10-27,1.6093,1.6146,1.6086,1.6112,62145
2014-10-28,1.6112,1.6182,1.6088,1.6134,66326
2014-10-29,1.6134,1.6161,1.6002,1.6014,69463
2014-10-30,1.6014,1.6038,1.5951,1.5993,83159
2014-10-31,1.5993,1.6011,1.5941,1.5993,100878
2014-11-03,1.5972,1.6021,1.5926,1.5977,96171
2014-11-04,1.5977,1.6016,1.5965,1.6004,86382
2014-11-05,1.6005,1.6021,1.5868,1.5960,101222
2014-11-06,1.5960,1.6001,1.5824,1.5834,115028
2014-11-07,1.5834,1.5886,1.5789,1.5870,103379
2014-11-10,1.5881,1.5917,1.5839,1.5845,81812
2014-11-11,1.5845,1.5944,1.5835,1.5916,78599
2014-11-12,1.5916,1.5940,1.5759,1.5766,99518
2014-11-13,1.5765,1.5781,1.5693,1.5705,90511
2014-11-14,1.5705,1.5708,1.5593,1.5667,110452
2014-11-17,1.5666,1.5735,1.5619,1.5634,92334
2014-11-18,1.5635,1.5679,1.5619,1.5621,72383
2014-11-19,1.5621,1.5721,1.5590,1.5680,67894
2014-11-20,1.5680,1.5737,1.5632,1.5692,80938
2014-11-21,1.5692,1.5713,1.5625,1.5655,79104
2014-11-24,1.5636,1.5714,1.5628,1.5704,62333
2014-11-25,1.5707,1.5735,1.5648,1.5706,70739
2014-11-26,1.5708,1.5805,1.5679,1.5790,76035
2014-11-27,1.5789,1.5825,1.5716,1.5735,52198
2014-11-28,1.5735,1.5739,1.5614,1.5639,81571
2014-12-01,1.5640,1.5763,1.5585,1.5729,85145
2014-12-02,1.5729,1.5742,1.5631,1.5637,67896
2014-12-03,1.5635,1.5719,1.5619,1.5682,55180
2014-12-04,1.5686,1.5725,1.5643,1.5672,64946
2014-12-05,1.5672,1.5695,1.5568,1.5576,69449
2014-12-08,1.5558,1.5679,1.5541,1.5651,64580
2014-12-09,1.5645,1.5717,1.5626,1.5662,69506
2014-12-10,1.5666,1.5719,1.5647,1.5710,66433
2014-12-11,1.5715,1.5757,1.5652,1.5718,67641
2014-12-12,1.5732,1.5746,1.5694,1.5716,61579
2014-12-15,1.5714,1.5746,1.5601,1.5631,65356
2014-12-16,1.5636,1.5785,1.5608,1.5748,72907
2014-12-17,1.5747,1.5752,1.5541,1.5572,70735
2014-12-18,1.5561,1.5677,1.5549,1.5668,65129
2014-12-19,1.5667,1.5682,1.5605,1.5617,60892
2014-12-22,1.5625,1.5665,1.5573,1.5589,192514
2014-12-23,1.5589,1.5608,1.5485,1.5520,184793
2014-12-24,1.5520,1.5557,1.5504,1.5550,152160
2014-12-26,1.5558,1.5566,1.5536,1.5550,105236
2014-12-29,1.5559,1.5585,1.5507,1.5514,75090
2014-12-30,1.5511,1.5573,1.5500,1.5559,48534
2014-12-31,1.5558,1.5620,1.5549,1.5580,39007
2015-01-02,1.5544,1.5547,1.5324,1.5324,70780
2015-01-05,1.5299,1.5318,1.5172,1.5248,108979
2015-01-06,1.5248,1.5273,1.5140,1.5149,107006
2015-01-07,1.5149,1.5155,1.5054,1.5108,111304
2015-01-08,1.5108,1.5117,1.5034,1.5088,94075
2015-01-09,1.5088,1.5174,1.5076,1.5157,104093
2015-01-12,1.5177,1.5193,1.5098,1.5169,93714
2015-01-13,1.5170,1.5191,1.5077,1.5158,110581
2015-01-14,1.5158,1.5268,1.5144,1.5232,114133
2015-01-15,1.5232,1.5267,1.5149,1.5180,127237
2015-01-16,1.5181,1.5234,1.5074,1.5145,125329
2015-01-19,1.5127,1.5178,1.5108,1.5110,51772
2015-01-20,1.5111,1.5198,1.5058,1.5142,40874
2015-01-21,1.5142,1.5178,1.5075,1.5140,50415
2015-01-22,1.5140,1.5211,1.4971,1.5008,57253
2015-01-23,1.5009,1.5035,1.4950,1.4988,59924
2015-01-26,1.5008,1.5103,1.4986,1.5076,47625
2015-01-27,1.5075,1.5223,1.5059,1.5196,70437
2015-01-28,1.5192,1.5219,1.5130,1.5136,83169
2015-01-29,1.5135,1.5162,1.5018,1.5064,46843
2015-01-30,1.5063,1.5095,1.4988,1.5062,47062
2015-02-02,1.5093,1.5098,1.5005,1.5037,77250
2015-02-03,1.5038,1.5197,1.4988,1.5165,86690
2015-02-04,1.5165,1.5250,1.5138,1.5180,73098
2015-02-05,1.5180,1.5343,1.5164,1.5326,81400
2015-02-06,1.5326,1.5352,1.5210,1.5225,70972
2015-02-09,1.5227,1.5266,1.5200,1.5214,73909
2015-02-10,1.5213,1.5275,1.5196,1.5253,73791
2015-02-11,1.5253,1.5299,1.5218,1.5236,72072
2015-02-12,1.5235,1.5413,1.5209,1.5382,79397
2015-02-13,1.5382,1.5421,1.5371,1.5393,73170
2015-02-16,1.5418,1.5440,1.5339,1.5361,70974
2015-02-17,1.5361,1.5401,1.5316,1.5352,73475
2015-02-18,1.5352,1.5478,1.5341,1.5434,78140
2015-02-19,1.5434,1.5465,1.5404,1.5413,70165
2015-02-20,1.5412,1.5433,1.5343,1.5398,76045
2015-02-23,1.5395,1.5474,1.5332,1.5456,63625
2015-02-24,1.5455,1.5473,1.5404,1.5452,65712
2015-02-25,1.5453,1.5538,1.5447,1.5527,64527
2015-02-26,1.5528,1.5552,1.5394,1.5405,70077
2015-02-27,1.5405,1.5458,1.5384,1.5436,70621
2015-03-02,1.5415,1.5428,1.5351,1.5364,64072
2015-03-03,1.5365,1.5397,1.5344,1.5359,61215
2015-03-04,1.5359,1.5371,1.5252,1.5264,66344
2015-03-05,1.5264,1.5269,1.5215,1.5239,67554
2015-03-06,1.5240,1.5255,1.5031,1.5033,69856
2015-03-09,1.5034,1.5137,1.5033,1.5127,66438
2015-03-10,1.5127,1.5128,1.5028,1.5053,86182
2015-03-11,1.5054,1.5096,1.4893,1.4928,95567
2015-03-12,1.4928,1.5026,1.4849,1.4885,88081
2015-03-13,1.4884,1.4896,1.4699,1.4740,85528
2015-03-16,1.4734,1.4853,1.4734,1.4825,84136
2015-03-17,1.4823,1.4845,1.4724,1.4743,86285
2015-03-18,1.4743,1.5165,1.4635,1.4957,99161
2015-03-19,1.4956,1.5009,1.4688,1.4754,108127
2015-03-20,1.4754,1.4988,1.4722,1.4945,91424
2015-03-23,1.4972,1.4973,1.4838,1.4953,92693
2015-03-24,1.4953,1.4984,1.4841,1.4843,98379
2015-03-25,1.4844,1.4953,1.4830,1.4884,78715
2015-03-26,1.4884,1.4993,1.4806,1.4850,91846
2015-03-27,1.4850,1.4921,1.4796,1.4870,86753
2015-03-30,1.4883,1.4900,1.4753,1.4809,76570
2015-03-31,1.4808,1.4871,1.4754,1.4816,79845
2015-04-01,1.4817,1.4871,1.4739,1.4822,79563
2015-04-02,1.4823,1.4868,1.4776,1.4827,75990
2015-04-03,1.4827,1.4945,1.4809,1.4918,55162
2015-04-06,1.4918,1.4981,1.4870,1.4878,41574
2015-04-07,1.4877,1.4920,1.4802,1.4807,77935
2015-04-08,1.4807,1.4973,1.4807,1.4866,77993
2015-04-09,1.4865,1.4886,1.4685,1.4711,74435
2015-04-10,1.4711,1.4724,1.4587,1.4631,73860
2015-04-13,1.4631,1.4681,1.4565,1.4674,71071
2015-04-14,1.4675,1.4801,1.4603,1.4780,81043
2015-04-15,1.4780,1.4853,1.4700,1.4841,80617
2015-04-16,1.4841,1.4969,1.4811,1.4932,100135
2015-04-17,1.4932,1.5053,1.4915,1.4959,88033
2015-04-20,1.4959,1.4983,1.4887,1.4908,76220
2015-04-21,1.4908,1.4972,1.4856,1.4925,94903
2015-04-22,1.4925,1.5079,1.4913,1.5040,105696
2015-04-23,1.5040,1.5070,1.4959,1.5058,102206
2015-04-24,1.5058,1.5187,1.5027,1.5185,101526
2015-04-27,1.5175,1.5261,1.5107,1.5234,92943
2015-04-28,1.5230,1.5342,1.5172,1.5339,107603
2015-04-29,1.5338,1.5498,1.5327,1.5438,128457
2015-04-30,1.5437,1.5492,1.5303,1.5352,149116
2015-05-01,1.5349,1.5396,1.5114,1.5147,106499
2015-05-04,1.5143,1.5174,1.5090,1.5120,69783
2015-05-05,1.5120,1.5217,1.5090,1.5181,24244
2015-05-06,1.5179,1.5290,1.5151,1.5241,43336
2015-05-07,1.5241,1.5274,1.5165,1.5244,18854
2015-05-08,1.5247,1.5521,1.5245,1.5443,34842
2015-05-11,1.5448,1.5612,1.5393,1.5585,68349
2015-05-12,1.5584,1.5710,1.5556,1.5668,105687
2015-05-13,1.5668,1.5768,1.5633,1.5744,82150
2015-05-14,1.5744,1.5814,1.5728,1.5775,94140
2015-05-15,1.5775,1.5808,1.5700,1.5727,84612
2015-05-18,1.5738,1.5745,1.5637,1.5652,82942
2015-05-19,1.5652,1.5669,1.5445,1.5510,115886
2015-05-20,1.5512,1.5587,1.5472,1.5534,129773
2015-05-21,1.5534,1.5699,1.5524,1.5660,118719
2015-05-22,1.5660,1.5689,1.5459,1.5496,114775
2015-05-25,1.5476,1.5507,1.5455,1.5467,74320
2015-05-26,1.5468,1.5475,1.5353,1.5382,120644
2015-05-27,1.5382,1.5436,1.5301,1.5350,115885
2015-05-28,1.5353,1.5385,1.5260,1.5312,118310
2015-05-29,1.5313,1.5341,1.5236,1.5284,107611
2015-06-01,1.5292,1.5304,1.5170,1.5199,130503
2015-06-02,1.5195,1.5367,1.5178,1.5342,176119
2015-06-03,1.5341,1.5374,1.5252,1.5338,98438
2015-06-04,1.5338,1.5440,1.5304,1.5361,53614
2015-06-05,1.5359,1.5369,1.5190,1.5271,181459
2015-06-08,1.5269,1.5363,1.5221,1.5347,147392
2015-06-09,1.5347,1.5388,1.5257,1.5384,168159
2015-06-10,1.5385,1.5553,1.5368,1.5528,190949
2015-06-11,1.5528,1.5533,1.5420,1.5516,145496
2015-06-12,1.5516,1.5597,1.5466,1.5557,124323
2015-06-15,1.5549,1.5613,1.5487,1.5599,108890
2015-06-16,1.5601,1.5654,1.5541,1.5646,134795
2015-06-17,1.5646,1.5846,1.5625,1.5830,175856
2015-06-18,1.5830,1.5929,1.5805,1.5877,164473
2015-06-19,1.5878,1.5896,1.5835,1.5876,123394
2015-06-22,1.5871,1.5909,1.5805,1.5823,128068
2015-06-23,1.5823,1.5831,1.5708,1.5729,147163
2015-06-24,1.5728,1.5802,1.5667,1.5703,139027
2015-06-25,1.5704,1.5770,1.5676,1.5745,129095
2015-06-26,1.5747,1.5766,1.5708,1.5745,118889
2015-06-29,1.5696,1.5788,1.5661,1.5735,178051
2015-06-30,1.5736,1.5776,1.5692,1.5707,159509
2015-07-01,1.5704,1.5732,1.5588,1.5615,143648
2015-07-02,1.5614,1.5639,1.5562,1.5607,126635
2015-07-03,1.5606,1.5643,1.5556,1.5577,110686
2015-07-06,1.5542,1.5628,1.5531,1.5602,130863
2015-07-07,1.5601,1.5609,1.5413,1.5461,161835
2015-07-08,1.5461,1.5467,1.5330,1.5361,152386
2015-07-09,1.5360,1.5420,1.5343,1.5379,135178
2015-07-10,1.5379,1.5550,1.5363,1.5513,138794
2015-07-13,1.5503,1.5588,1.5481,1.5484,139820
2015-07-14,1.5484,1.5638,1.5450,1.5635,139133
2015-07-15,1.5635,1.5674,1.5576,1.5636,143617
2015-07-16,1.5636,1.5650,1.5560,1.5607,139086
2015-07-17,1.5606,1.5672,1.5553,1.5605,112037
2015-07-20,1.5600,1.5627,1.5538,1.5560,106655
2015-07-21,1.5559,1.5590,1.5528,1.5553,163222
2015-07-22,1.5552,1.5646,1.5544,1.5611,245776
2015-07-23,1.5608,1.5670,1.5501,1.5513,174514
2015-07-24,1.5515,1.5526,1.5466,1.5513,126885
2015-07-27,1.5509,1.5595,1.5490,1.5557,146634
2015-07-28,1.5557,1.5627,1.5528,1.5611,145125
2015-07-29,1.5611,1.5689,1.5587,1.5604,153730
2015-07-30,1.5599,1.5643,1.5562,1.5599,151221
2015-07-31,1.5597,1.5678,1.5549,1.5620,165980
2015-08-03,1.5629,1.5644,1.5565,1.5585,152249
2015-08-04,1.5582,1.5633,1.5557,1.5560,167560
2015-08-05,1.5559,1.5651,1.5525,1.5598,171399
2015-08-06,1.5597,1.5636,1.5467,1.5510,145070
2015-08-07,1.5507,1.5545,1.5424,1.5496,141089
2015-08-10,1.5484,1.5605,1.5458,1.5584,108001
2015-08-11,1.5590,1.5616,1.5555,1.5565,130739
2015-08-12,1.5570,1.5659,1.5534,1.5606,145525
2015-08-13,1.5609,1.5636,1.5573,1.5606,110876
2015-08-14,1.5605,1.5659,1.5588,1.5641,108039
2015-08-17,1.5651,1.5688,1.5578,1.5581,128345
2015-08-18,1.5580,1.5717,1.5562,1.5655,129141
2015-08-19,1.5658,1.5700,1.5635,1.5675,157707
2015-08-20,1.5675,1.5701,1.5606,1.5683,153235
2015-08-21,1.5685,1.5723,1.5657,1.5685,171418
2015-08-24,1.5676,1.5803,1.5630,1.5770,214072
2015-08-25,1.5773,1.5819,1.5681,1.5681,198211
2015-08-26,1.5685,1.5719,1.5452,1.5458,186870
2015-08-27,1.5457,1.5508,1.5370,1.5398,162348
2015-08-28,1.5399,1.5442,1.5335,1.5390,152379
2015-08-31,1.5410,1.5436,1.5339,1.5341,111228
2015-09-01,1.5338,1.5407,1.5299,1.5302,141849
2015-09-02,1.5301,1.5325,1.5264,1.5296,143596
2015-09-03,1.5295,1.5313,1.5219,1.5254,124522
2015-09-04,1.5252,1.5273,1.5164,1.5168,119699
2015-09-07,1.5175,1.5288,1.5171,1.5274,115085
2015-09-08,1.5272,1.5412,1.5269,1.5393,121761
2015-09-09,1.5387,1.5404,1.5349,1.5364,125800
2015-09-10,1.5364,1.5476,1.5338,1.5441,144820
2015-09-11,1.5439,1.5461,1.5400,1.5427,120495
2015-09-14,1.5426,1.5471,1.5372,1.5423,102103
2015-09-15,1.5422,1.5457,1.5329,1.5341,104950
2015-09-16,1.5342,1.5528,1.5330,1.5490,111791
2015-09-17,1.5488,1.5628,1.5486,1.5588,132880
2015-09-18,1.5588,1.5658,1.5514,1.5524,134294
2015-09-21,1.5523,1.5567,1.5480,1.5506,121151
2015-09-22,1.5504,1.5528,1.5340,1.5361,122247
2015-09-23,1.5363,1.5366,1.5220,1.5241,125816
2015-09-24,1.5242,1.5289,1.5200,1.5240,138395
2015-09-25,1.5237,1.5260,1.5135,1.5177,130137
2015-09-28,1.5191,1.5241,1.5157,1.5172,116170
2015-09-29,1.5172,1.5205,1.5129,1.5148,130140
2015-09-30,1.5148,1.5213,1.5107,1.5126,126168
2015-10-01,1.5126,1.5180,1.5106,1.5128,117311
2015-10-02,1.5127,1.5237,1.5127,1.5177,129698
2015-10-05,1.5187,1.5244,1.5136,1.5143,136540
2015-10-06,1.5143,1.5243,1.5139,1.5223,110014
2015-10-07,1.5224,1.5339,1.5218,1.5315,123553
2015-10-08,1.5315,1.5372,1.5261,1.5345,124585
2015-10-09,1.5346,1.5383,1.5300,1.5324,125054
2015-10-12,1.5304,1.5373,1.5304,1.5347,99932
2015-10-13,1.5346,1.5387,1.5200,1.5246,126569
2015-10-14,1.5245,1.5494,1.5245,1.5476,132104
2015-10-15,1.5472,1.5508,1.5414,1.5451,129979
2015-10-16,1.5446,1.5486,1.5430,1.5436,118991
2015-10-19,1.5430,1.5497,1.5427,1.5465,106224
2015-10-20,1.5462,1.5506,1.5435,1.5441,108657
2015-10-21,1.5441,1.5477,1.5412,1.5418,107715
2015-10-22,1.5415,1.5509,1.5345,1.5393,137597
2015-10-23,1.5391,1.5419,1.5306,1.5312,134046
2015-10-26,1.5308,1.5381,1.5306,1.5349,114130
2015-10-27,1.5349,1.5358,1.5282,1.5304,112033
2015-10-28,1.5304,1.5347,1.5248,1.5267,121147
2015-10-29,1.5267,1.5321,1.5242,1.5311,117775
2015-10-30,1.5312,1.5467,1.5309,1.5427,123272
2015-11-02,1.5445,1.5497,1.5404,1.5415,104735
2015-11-03,1.5415,1.5445,1.5359,1.5421,117346
2015-11-04,1.5419,1.5445,1.5360,1.5383,121916
2015-11-05,1.5386,1.5401,1.5205,1.5206,130891
2015-11-06,1.5205,1.5219,1.5027,1.5043,129309
2015-11-09,1.5040,1.5128,1.5038,1.5112,118567
2015-11-10,1.5112,1.5145,1.5091,1.5118,119436
2015-11-11,1.5111,1.5220,1.5111,1.5212,119142
2015-11-12,1.5208,1.5246,1.5173,1.5232,140332
2015-11-13,1.5228,1.5265,1.5187,1.5230,118994
2015-11-16,1.5224,1.5231,1.5181,1.5200,109325
2015-11-17,1.5200,1.5238,1.5154,1.5212,116843
2015-11-18,1.5212,1.5248,1.5187,1.5231,117914
2015-11-19,1.5236,1.5335,1.5227,1.5291,132315
2015-11-20,1.5291,1.5309,1.5182,1.5189,118798
2015-11-23,1.5169,1.5196,1.5109,1.5123,125896
2015-11-24,1.5122,1.5155,1.5053,1.5079,129238
2015-11-25,1.5080,1.5136,1.5056,1.5129,130618
2015-11-26,1.5119,1.5130,1.5065,1.5101,113892
2015-11-27,1.5099,1.5109,1.5029,1.5033,109561
2015-11-30,1.5032,1.5068,1.4993,1.5056,103607
2015-12-01,1.5053,1.5125,1.5050,1.5079,122016
2015-12-02,1.5080,1.5081,1.4894,1.4950,127463
2015-12-03,1.4942,1.5159,1.4904,1.5143,162013
2015-12-04,1.5141,1.5156,1.5077,1.5105,160409
2015-12-07,1.5107,1.5114,1.5044,1.5053,109142
2015-12-08,1.5053,1.5061,1.4956,1.5007,131245
2015-12-09,1.5005,1.5191,1.5004,1.5181,144230
2015-12-10,1.5175,1.5201,1.5111,1.5157,133041
2015-12-11,1.5158,1.5239,1.5125,1.5223,126796
2015-12-14,1.5225,1.5230,1.5107,1.5139,135733
2015-12-15,1.5140,1.5185,1.5029,1.5035,129933
2015-12-16,1.5035,1.5098,1.4959,1.5000,152539
2015-12-17,1.4996,1.5008,1.4865,1.4897,136514
2015-12-18,1.4893,1.4950,1.4885,1.4887,126414
2015-12-21,1.4890,1.4929,1.4877,1.4882,112885
2015-12-22,1.4881,1.4907,1.4805,1.4826,115406
2015-12-23,1.4823,1.4900,1.4818,1.4869,107451
2015-12-24,1.4868,1.4944,1.4844,1.4941,68809
2015-12-28,1.4901,1.4934,1.4873,1.4878,73994
2015-12-29,1.4873,1.4913,1.4785,1.4812,90393
2015-12-30,1.4814,1.4848,1.4792,1.4812,100134
2015-12-31,1.4812,1.4844,1.4731,1.4732,79502
2016-01-04,1.4731,1.4815,1.4663,1.4717,137540
2016-01-05,1.4712,1.4725,1.4637,1.4672,125023
2016-01-06,1.4671,1.4682,1.4602,1.4629,145273
2016-01-07,1.4626,1.4640,1.4533,1.4615,155114
2016-01-08,1.4613,1.4644,1.4506,1.4516,152092
2016-01-11,1.4514,1.4604,1.4491,1.4540,119108
2016-01-12,1.4539,1.4560,1.4352,1.4446,139239
2016-01-13,1.4446,1.4475,1.4380,1.4405,142231
2016-01-14,1.4404,1.4445,1.4360,1.4409,146084
2016-01-15,1.4410,1.4427,1.4251,1.4254,141735
2016-01-18,1.4247,1.4323,1.4237,1.4241,125373
2016-01-19,1.4242,1.4340,1.4129,1.4156,152307
2016-01-20,1.4152,1.4219,1.4125,1.4190,155487
2016-01-21,1.4187,1.4248,1.4079,1.4220,167066
2016-01-22,1.4217,1.4362,1.4204,1.4264,148346
2016-01-25,1.4260,1.4309,1.4223,1.4247,136384
2016-01-26,1.4247,1.4367,1.4173,1.4349,145815
2016-01-27,1.4348,1.4355,1.4229,1.4233,159506
2016-01-28,1.4232,1.4407,1.4231,1.4358,166445
2016-01-29,1.4358,1.4413,1.4149,1.4242,184565
2016-02-01,1.4238,1.4444,1.4228,1.4431,147851
2016-02-02,1.4431,1.4445,1.4326,1.4407,145056
2016-02-03,1.4406,1.4649,1.4383,1.4602,163777
2016-02-04,1.4594,1.4668,1.4529,1.4587,177912
2016-02-05,1.4588,1.4590,1.4451,1.4500,148273
2016-02-08,1.4479,1.4546,1.4351,1.4429,177956
2016-02-09,1.4429,1.4515,1.4378,1.4471,204021
2016-02-10,1.4468,1.4578,1.4440,1.4519,188717
2016-02-11,1.4521,1.4563,1.4382,1.4475,216125
2016-02-12,1.4473,1.4570,1.4443,1.4492,188502
2016-02-15,1.4489,1.4535,1.4413,1.4430,155034
2016-02-16,1.4428,1.4515,1.4275,1.4302,159060
2016-02-17,1.4298,1.4339,1.4235,1.4289,173420
2016-02-18,1.4286,1.4394,1.4256,1.4332,179051
2016-02-19,1.4335,1.4407,1.4246,1.4403,168990
2016-02-22,1.4261,1.4306,1.4057,1.4149,192004
2016-02-23,1.4147,1.4156,1.4007,1.4019,179716
2016-02-24,1.4017,1.4027,1.3878,1.3923,190464
2016-02-25,1.3924,1.3996,1.3899,1.3960,168087
2016-02-26,1.3961,1.4042,1.3853,1.3859,175115
2016-02-29,1.3856,1.3946,1.3835,1.3912,174425
2016-03-01,1.3912,1.4018,1.3904,1.3951,182198
2016-03-02,1.3952,1.4093,1.3914,1.4079,179259
2016-03-03,1.4075,1.4193,1.4032,1.4173,181687
2016-03-04,1.4174,1.4248,1.4107,1.4229,176437
2016-03-07,1.4215,1.4283,1.4134,1.4262,141513
2016-03-08,1.4261,1.4275,1.4173,1.4214,140878
2016-03-09,1.4212,1.4240,1.4177,1.4213,139445
2016-03-10,1.4215,1.4317,1.4117,1.4280,163358
2016-03-11,1.4282,1.4436,1.4254,1.4379,134849
2016-03-14,1.4373,1.4389,1.4292,1.4299,121056
2016-03-15,1.4300,1.4304,1.4136,1.4151,136080
2016-03-16,1.4151,1.4274,1.4053,1.4250,159577
2016-03-17,1.4250,1.4503,1.4221,1.4473,155009
2016-03-18,1.4475,1.4514,1.4410,1.4470,114163
2016-03-21,1.4460,1.4467,1.4365,1.4368,118180
2016-03-22,1.4369,1.4397,1.4190,1.4213,135094
2016-03-23,1.4213,1.4227,1.4082,1.4117,116166
2016-03-24,1.4117,1.4182,1.4057,1.4152,118134
2016-03-25,1.4152,1.4157,1.4109,1.4124,32101
2016-03-28,1.4130,1.4283,1.4120,1.4251,64943
2016-03-29,1.4252,1.4404,1.4194,1.4383,153036
2016-03-30,1.4377,1.4459,1.4360,1.4378,164077
2016-03-31,1.4374,1.4426,1.4325,1.4361,151476
2016-04-01,1.4358,1.4371,1.4170,1.4225,160043
2016-04-04,1.4218,1.4321,1.4190,1.4262,135473
2016-04-05,1.4256,1.4278,1.4121,1.4158,142711
2016-04-06,1.4157,1.4171,1.4005,1.4119,160172
2016-04-07,1.4119,1.4156,1.4048,1.4054,170416
2016-04-08,1.4054,1.4140,1.4040,1.4114,137690
2016-04-11,1.4114,1.4286,1.4105,1.4238,140036
2016-04-12,1.4234,1.4348,1.4196,1.4272,159586
2016-04-13,1.4272,1.4279,1.4192,1.4201,160744
2016-04-14,1.4201,1.4207,1.4090,1.4150,138080
2016-04-15,1.4149,1.4242,1.4132,1.4198,119603
2016-04-18,1.4189,1.4290,1.4131,1.4275,121303
2016-04-19,1.4274,1.4419,1.4270,1.4396,138771
2016-04-20,1.4388,1.4410,1.4329,1.4331,152296
2016-04-21,1.4325,1.4440,1.4299,1.4321,154516
2016-04-22,1.4320,1.4451,1.4314,1.4396,146006
2016-04-25,1.4458,1.4519,1.4402,1.4479,147798
2016-04-26,1.4478,1.4638,1.4478,1.4579,150908
2016-04-27,1.4578,1.4621,1.4473,1.4539,156317
2016-04-28,1.4539,1.4623,1.4523,1.4606,157435
2016-04-29,1.4606,1.4671,1.4576,1.4610,163948
2016-05-02,1.4586,1.4696,1.4584,1.4672,138897
2016-05-03,1.4672,1.4769,1.4529,1.4534,181378
2016-05-04,1.4532,1.4571,1.4461,1.4492,164158
2016-05-05,1.4488,1.4529,1.4444,1.4484,139253
2016-05-06,1.4481,1.4546,1.4414,1.4425,146328
2016-05-09,1.4412,1.4480,1.4374,1.4407,136970
2016-05-10,1.4403,1.4478,1.4388,1.4442,135008
2016-05-11,1.4441,1.4487,1.4394,1.4445,119868
2016-05-12,1.4444,1.4530,1.4406,1.4450,133882
2016-05-13,1.4446,1.4454,1.4340,1.4358,141503
2016-05-16,1.4347,1.4414,1.4332,1.4401,111859
2016-05-17,1.4398,1.4524,1.4396,1.4460,139486
2016-05-18,1.4455,1.4634,1.4403,1.4597,162918
2016-05-19,1.4595,1.4663,1.4561,1.4609,158754
2016-05-20,1.4608,1.4612,1.4485,1.4504,129472
2016-05-23,1.4498,1.4548,1.4442,1.4482,132405
2016-05-24,1.4479,1.4641,1.4473,1.4632,146380
2016-05-25,1.4632,1.4728,1.4600,1.4697,144454
2016-05-26,1.4694,1.4739,1.4640,1.4669,140667
2016-05-27,1.4667,1.4688,1.4604,1.4618,134059
2016-05-30,1.4606,1.4641,1.4587,1.4638,98383
2016-05-31,1.4640,1.4724,1.4464,1.4479,162903
2016-06-01,1.4476,1.4507,1.4385,1.4413,163912
2016-06-02,1.4414,1.4472,1.4406,1.4422,144984
2016-06-03,1.4418,1.4581,1.4398,1.4514,154836
2016-06-06,1.4467,1.4482,1.4351,1.4438,164261
2016-06-07,1.4440,1.4659,1.4434,1.4543,140972
2016-06-08,1.4537,1.4600,1.4500,1.4503,139057
2016-06-09,1.4503,1.4526,1.4446,1.4453,138991
2016-06-10,1.4451,1.4472,1.4179,1.4251,142984
2016-06-13,1.4256,1.4328,1.4115,1.4267,178173
2016-06-14,1.4257,1.4262,1.4090,1.4109,160911
2016-06-15,1.4106,1.4217,1.4089,1.4204,150827
2016-06-16,1.4204,1.4253,1.4012,1.4200,170419
2016-06-17,1.4201,1.4387,1.4197,1.4356,157686
2016-06-20,1.4466,1.4719,1.4434,1.4683,167137
2016-06-21,1.4683,1.4783,1.4616,1.4653,162176
2016-06-22,1.4647,1.4773,1.4641,1.4701,150858
2016-06-23,1.4705,1.4946,1.4697,1.4870,187155
2016-06-24,1.4866,1.5017,1.3229,1.3630,285186
2016-06-27,1.3423,1.3483,1.3120,1.3225,206428
2016-06-28,1.3224,1.3418,1.3201,1.3340,145296
2016-06-29,1.3339,1.3533,1.3286,1.3429,150574
2016-06-30,1.3385,1.3496,1.3205,1.3309,172988
2016-07-01,1.3302,1.3349,1.3243,1.3260,128561
2016-07-04,1.3240,1.3340,1.3235,1.3285,104318
2016-07-05,1.3281,1.3289,1.2999,1.3020,147640
2016-07-06,1.3019,1.3027,1.2795,1.2929,178930
2016-07-07,1.2921,1.3047,1.2875,1.2904,154020
2016-07-08,1.2902,1.3018,1.2880,1.2944,140871
2016-07-11,1.2945,1.3017,1.2850,1.2997,127511
2016-07-12,1.2982,1.3295,1.2972,1.3244,180774
2016-07-13,1.3244,1.3336,1.3133,1.3146,178768
2016-07-14,1.3142,1.3476,1.3104,1.3341,188215
2016-07-15,1.3338,1.3480,1.3131,1.3186,172645
2016-07-18,1.3186,1.3314,1.3182,1.3254,147038
2016-07-19,1.3251,1.3274,1.3073,1.3107,139332
2016-07-20,1.3109,1.3226,1.3064,1.3201,132084
2016-07-21,1.3199,1.3274,1.3155,1.3231,153117
2016-07-22,1.3217,1.3290,1.3078,1.3109,154037
2016-07-25,1.3141,1.3164,1.3094,1.3139,118478
2016-07-26,1.3134,1.3175,1.3056,1.3129,109482
2016-07-27,1.3119,1.3234,1.3071,1.3224,120123
2016-07-28,1.3219,1.3247,1.3116,1.3163,109214
2016-07-29,1.3159,1.3301,1.3148,1.3222,119498
2016-08-01,1.3219,1.3272,1.3162,1.3175,106799
2016-08-02,1.3173,1.3365,1.3171,1.3353,118226
2016-08-03,1.3348,1.3371,1.3280,1.3323,112472
2016-08-04,1.3324,1.3346,1.3102,1.3105,128470
2016-08-05,1.3097,1.3174,1.3021,1.3065,112306
2016-08-08,1.3071,1.3096,1.3027,1.3041,90689
2016-08-09,1.3038,1.3047,1.2955,1.3001,99658
2016-08-10,1.3001,1.3093,1.2990,1.3005,107743
2016-08-11,1.3005,1.3027,1.2935,1.2954,106121
2016-08-12,1.2951,1.3034,1.2902,1.2917,102626
2016-08-15,1.2919,1.2944,1.2865,1.2880,84311
2016-08-16,1.2876,1.3051,1.2874,1.3044,123898
2016-08-17,1.3041,1.3085,1.2975,1.3039,115899
2016-08-18,1.3038,1.3172,1.3031,1.3166,119060
2016-08-19,1.3166,1.3184,1.3022,1.3072,108980
2016-08-22,1.3048,1.3157,1.3034,1.3136,107919
2016-08-23,1.3134,1.3210,1.3128,1.3196,104834
2016-08-24,1.3191,1.3272,1.3161,1.3230,108098
2016-08-25,1.3230,1.3263,1.3168,1.3189,89063
2016-08-26,1.3187,1.3279,1.3121,1.3127,124123
2016-08-29,1.3118,1.3138,1.3059,1.3103,90251
2016-08-30,1.3101,1.3119,1.3059,1.3079,110705
2016-08-31,1.3073,1.3157,1.3066,1.3137,115377
2016-09-01,1.3140,1.3317,1.3127,1.3267,119276
2016-09-02,1.3258,1.3352,1.3246,1.3290,123514
2016-09-05,1.3292,1.3375,1.3287,1.3300,86904
2016-09-06,1.3294,1.3444,1.3294,1.3441,114531
2016-09-07,1.3430,1.3438,1.3318,1.3338,118077
2016-09-08,1.3331,1.3375,1.3283,1.3292,118810
2016-09-09,1.3290,1.3336,1.3239,1.3264,111263
2016-09-12,1.3261,1.3346,1.3234,1.3335,112820
2016-09-13,1.3332,1.3340,1.3167,1.3190,139512
2016-09-14,1.3169,1.3240,1.3138,1.3233,125413
2016-09-15,1.3225,1.3279,1.3179,1.3238,139405
2016-09-16,1.3235,1.3247,1.2995,1.2995,117303
2016-09-19,1.2999,1.3091,1.2991,1.3027,111760
2016-09-20,1.3025,1.3064,1.2947,1.2987,124247
2016-09-21,1.2987,1.3046,1.2944,1.3032,143154
2016-09-22,1.3025,1.3120,1.3025,1.3074,123639
2016-09-23,1.3074,1.3087,1.2914,1.2959,127715
2016-09-26,1.2964,1.2986,1.2916,1.2973,100741
2016-09-27,1.2974,1.3026,1.2936,1.3020,121015
2016-09-28,1.3022,1.3031,1.2979,1.3015,122725
2016-09-29,1.3015,1.3057,1.2954,1.2966,138617
2016-09-30,1.2964,1.3022,1.2936,1.2974,152192
2016-10-03,1.2917,1.2946,1.2817,1.2839,124209
2016-10-04,1.2838,1.2860,1.2719,1.2727,150775
2016-10-05,1.2723,1.2771,1.2685,1.2746,130299
2016-10-06,1.2746,1.2759,1.2601,1.2614,135491
2016-10-07,1.2613,1.2622,1.1475,1.2424,233317
2016-10-10,1.2395,1.2443,1.2344,1.2361,131688
2016-10-11,1.2361,1.2372,1.2089,1.2124,178729
2016-10-12,1.2122,1.2324,1.2104,1.2204,192916
2016-10-13,1.2204,1.2272,1.2132,1.2250,142166
2016-10-14,1.2252,1.2261,1.2167,1.2168,144630
2016-10-17,1.2156,1.2201,1.2135,1.2181,115132
2016-10-18,1.2178,1.2324,1.2176,1.2296,127467
2016-10-19,1.2293,1.2332,1.2253,1.2286,116894
2016-10-20,1.2286,1.2298,1.2209,1.2251,116168
2016-10-21,1.2250,1.2260,1.2171,1.2227,101622
2016-10-24,1.2220,1.2249,1.2185,1.2235,89090
2016-10-25,1.2236,1.2243,1.2082,1.2189,128087
2016-10-26,1.2182,1.2249,1.2156,1.2246,107116
2016-10-27,1.2243,1.2271,1.2148,1.2159,135810
2016-10-28,1.2157,1.2212,1.2113,1.2169,157610
2016-10-31,1.2187,1.2249,1.2143,1.2238,137717
2016-11-01,1.2238,1.2280,1.2205,1.2243,127613
2016-11-02,1.2243,1.2353,1.2220,1.2301,136336
2016-11-03,1.2300,1.2494,1.2296,1.2464,151861
2016-11-04,1.2463,1.2557,1.2449,1.2509,124563
2016-11-07,1.2456,1.2497,1.2378,1.2396,121030
2016-11-08,1.2390,1.2439,1.2360,1.2383,118130
2016-11-09,1.2380,1.2547,1.2352,1.2404,250885
2016-11-10,1.2406,1.2584,1.2377,1.2551,174762
2016-11-11,1.2544,1.2673,1.2525,1.2577,165986
2016-11-14,1.2560,1.2590,1.2444,1.2485,161550
2016-11-15,1.2487,1.2529,1.2379,1.2454,162481
2016-11-16,1.2454,1.2502,1.2409,1.2439,156855
2016-11-17,1.2445,1.2504,1.2408,1.2416,161259
2016-11-18,1.2416,1.2436,1.2302,1.2334,180090
2016-11-21,1.2342,1.2511,1.2312,1.2488,188018
2016-11-22,1.2488,1.2512,1.2384,1.2422,169504
2016-11-23,1.2414,1.2468,1.2360,1.2434,149102
2016-11-24,1.2429,1.2494,1.2401,1.2446,147933
2016-11-25,1.2445,1.2481,1.2415,1.2467,150978
2016-11-28,1.2455,1.2531,1.2385,1.2415,139539
2016-11-29,1.2403,1.2525,1.2388,1.2489,133224
2016-11-30,1.2486,1.2523,1.2419,1.2504,148103
2016-12-01,1.2503,1.2695,1.2500,1.2587,134978
2016-12-02,1.2590,1.2736,1.2570,1.2720,117065
2016-12-05,1.2678,1.2744,1.2624,1.2727,139485
2016-12-06,1.2727,1.2774,1.2656,1.2675,97972
2016-12-07,1.2669,1.2682,1.2569,1.2625,89397
2016-12-08,1.2622,1.2704,1.2548,1.2582,119995
2016-12-09,1.2574,1.2620,1.2552,1.2566,94914
2016-12-12,1.2578,1.2699,1.2566,1.2673,96778
2016-12-13,1.2676,1.2728,1.2653,1.2655,114243
2016-12-14,1.2657,1.2722,1.2529,1.2564,127656
2016-12-15,1.2555,1.2567,1.2376,1.2417,165511
2016-12-16,1.2412,1.2509,1.2382,1.2485,141160
2016-12-19,1.2475,1.2501,1.2354,1.2394,122796
2016-12-20,1.2398,1.2414,1.2312,1.2367,115944
2016-12-21,1.2359,1.2390,1.2323,1.2350,101364
2016-12-22,1.2349,1.2378,1.2276,1.2281,101896
2016-12-23,1.2281,1.2298,1.2228,1.2250,83642
2016-12-26,1.2282,1.2296,1.1959,1.2278,6721
2016-12-27,1.2275,1.2286,1.2240,1.2268,79135
2016-12-28,1.2261,1.2296,1.2200,1.2223,91707
2016-12-29,1.2220,1.2274,1.2208,1.2259,114472
2016-12-30,1.2257,1.2388,1.2245,1.2325,143008
2017-01-02,1.2326,1.2354,1.2263,1.2274,45965
2017-01-03,1.2267,1.2306,1.2199,1.2235,128054
2017-01-04,1.2229,1.2352,1.2220,1.2321,132832
2017-01-05,1.2318,1.2432,1.2269,1.2414,172773
2017-01-06,1.2408,1.2430,1.2261,1.2280,137117
2017-01-09,1.2248,1.2270,1.2124,1.2157,128673
2017-01-10,1.2157,1.2190,1.2107,1.2176,140449
2017-01-11,1.2173,1.2271,1.2037,1.2212,171672
2017-01-12,1.2202,1.2316,1.2152,1.2160,166604
2017-01-13,1.2154,1.2232,1.2120,1.2171,136762
2017-01-16,1.1990,1.2085,1.1986,1.2042,144547
2017-01-17,1.2042,1.2415,1.2016,1.2412,186319
2017-01-18,1.2409,1.2413,1.2253,1.2257,160682
2017-01-19,1.2257,1.2343,1.2249,1.2340,172537
2017-01-20,1.2338,1.2380,1.2260,1.2370,167700
2017-01-23,1.2372,1.2537,1.2368,1.2533,151194
2017-01-24,1.2533,1.2544,1.2418,1.2519,157457
2017-01-25,1.2519,1.2638,1.2491,1.2629,154321
2017-01-26,1.2633,1.2673,1.2556,1.2589,162377
2017-01-27,1.2590,1.2605,1.2516,1.2545,139211
2017-01-30,1.2577,1.2600,1.2465,1.2484,132345
2017-01-31,1.2478,1.2596,1.2412,1.2575,163129
2017-02-01,1.2578,1.2679,1.2542,1.2654,154970
2017-02-02,1.2654,1.2706,1.2518,1.2524,153586
2017-02-03,1.2521,1.2538,1.2459,1.2477,143327
2017-02-06,1.2484,1.2498,1.2427,1.2463,126032
2017-02-07,1.2467,1.2546,1.2346,1.2506,146924
2017-02-08,1.2506,1.2549,1.2474,1.2539,139897
2017-02-09,1.2539,1.2582,1.2491,1.2494,132379
2017-02-10,1.2493,1.2521,1.2439,1.2477,130673
2017-02-13,1.2466,1.2539,1.2460,1.2523,121929
2017-02-14,1.2521,1.2548,1.2443,1.2466,146999
2017-02-15,1.2465,1.2480,1.2383,1.2457,144065
2017-02-16,1.2457,1.2523,1.2453,1.2488,128554
2017-02-17,1.2481,1.2510,1.2387,1.2402,120802
2017-02-20,1.2401,1.2482,1.2401,1.2457,105367
2017-02-21,1.2457,1.2480,1.2401,1.2472,126349
2017-02-22,1.2470,1.2508,1.2417,1.2449,136967
2017-02-23,1.2442,1.2561,1.2427,1.2554,120626
2017-02-24,1.2551,1.2569,1.2447,1.2449,115889
2017-02-27,1.2467,1.2478,1.2383,1.2442,125639
2017-02-28,1.2441,1.2470,1.2374,1.2381,114937
2017-03-01,1.2374,1.2404,1.2279,1.2293,133843
2017-03-02,1.2286,1.2307,1.2242,1.2270,116615
2017-03-03,1.2265,1.2300,1.2214,1.2286,128493
2017-03-06,1.2279,1.2300,1.2224,1.2234,114180
2017-03-07,1.2234,1.2252,1.2169,1.2197,115714
2017-03-08,1.2196,1.2213,1.2139,1.2165,119636
2017-03-09,1.2165,1.2195,1.2133,1.2164,145435
2017-03-10,1.2164,1.2188,1.2134,1.2153,134895
2017-03-13,1.2169,1.2250,1.2156,1.2217,132538
2017-03-14,1.2218,1.2221,1.2109,1.2154,122299
2017-03-15,1.2154,1.2309,1.2147,1.2286,139737
2017-03-16,1.2286,1.2376,1.2241,1.2358,152188
2017-03-17,1.2358,1.2404,1.2324,1.2389,119665
2017-03-20,1.2388,1.2435,1.2334,1.2357,111454
2017-03-21,1.2357,1.2494,1.2340,1.2470,133277
2017-03-22,1.2474,1.2506,1.2422,1.2477,129854
2017-03-23,1.2477,1.2531,1.2463,1.2516,120367
2017-03-24,1.2516,1.2520,1.2460,1.2460,102501
2017-03-27,1.2490,1.2615,1.2487,1.2556,118542
2017-03-28,1.2553,1.2596,1.2441,1.2454,111860
2017-03-29,1.2443,1.2476,1.2376,1.2432,132349
2017-03-30,1.2430,1.2524,1.2402,1.2467,111673
2017-03-31,1.2467,1.2557,1.2433,1.2534,126665
2017-04-03,1.2542,1.2555,1.2465,1.2484,111885
2017-04-04,1.2480,1.2495,1.2418,1.2438,108879
2017-04-05,1.2437,1.2498,1.2422,1.2482,114098
2017-04-06,1.2481,1.2505,1.2450,1.2468,95051
2017-04-07,1.2468,1.2477,1.2358,1.2360,121493
2017-04-10,1.2378,1.2429,1.2365,1.2411,88107
2017-04-11,1.2408,1.2494,1.2403,1.2489,103290
2017-04-12,1.2488,1.2548,1.2479,1.2536,124655
2017-04-13,1.2533,1.2574,1.2500,1.2501,115834
2017-04-14,1.2508,1.2534,1.2497,1.2516,78285
2017-04-17,1.2529,1.2596,1.2523,1.2562,80015
2017-04-18,1.2562,1.2905,1.2515,1.2839,144759
2017-04-19,1.2837,1.2860,1.2769,1.2776,127207
2017-04-20,1.2776,1.2847,1.2771,1.2812,114232
2017-04-21,1.2811,1.2834,1.2756,1.2799,101586
2017-04-24,1.2822,1.2836,1.2772,1.2794,118670
2017-04-25,1.2794,1.2845,1.2774,1.2840,108483
2017-04-26,1.2840,1.2863,1.2804,1.2847,116706
2017-04-27,1.2845,1.2917,1.2838,1.2903,118320
2017-04-28,1.2902,1.2965,1.2888,1.2925,120173
2017-05-01,1.2932,1.2942,1.2882,1.2885,72387
2017-05-02,1.2884,1.2939,1.2864,1.2939,95449
2017-05-03,1.2934,1.2947,1.2865,1.2866,107012
2017-05-04,1.2865,1.2932,1.2830,1.2920,112970
2017-05-05,1.2919,1.2984,1.2900,1.2975,123060
2017-05-08,1.2982,1.2988,1.2929,1.2936,119637
2017-05-09,1.2936,1.2960,1.2902,1.2931,122892
2017-05-10,1.2930,1.2987,1.2926,1.2937,122660
2017-05-11,1.2937,1.2948,1.2849,1.2886,122701
2017-05-12,1.2885,1.2900,1.2844,1.2878,111835
2017-05-15,1.2882,1.2940,1.2881,1.2892,115478
2017-05-16,1.2892,1.2957,1.2865,1.2915,125912
2017-05-17,1.2915,1.2990,1.2906,1.2969,136735
2017-05-18,1.2969,1.3047,1.2888,1.2934,158527
2017-05-19,1.2933,1.3039,1.2914,1.3021,108345
2017-05-22,1.2993,1.3042,1.2965,1.2999,111876
2017-05-23,1.2998,1.3033,1.2952,1.2960,123913
2017-05-24,1.2960,1.2998,1.2926,1.2972,111922
2017-05-25,1.2972,1.3014,1.2931,1.2940,103853
2017-05-26,1.2940,1.2947,1.2775,1.2788,117167
2017-05-29,1.2793,1.2850,1.2793,1.2837,70040
2017-05-30,1.2837,1.2888,1.2793,1.2857,101811
2017-05-31,1.2857,1.2920,1.2768,1.2888,124620
2017-06-01,1.2888,1.2915,1.2829,1.2879,112290
2017-06-02,1.2879,1.2903,1.2845,1.2881,102841
2017-06-05,1.2855,1.2940,1.2855,1.2903,77881
2017-06-06,1.2902,1.2949,1.2871,1.2912,89503
2017-06-07,1.2905,1.2967,1.2887,1.2960,102882
2017-06-08,1.2960,1.2977,1.2908,1.2950,103061
2017-06-09,1.2766,1.2827,1.2635,1.2713,167284
2017-06-12,1.2709,1.2769,1.2638,1.2657,93809
2017-06-13,1.2653,1.2756,1.2641,1.2752,91305
2017-06-14,1.2747,1.2817,1.2723,1.2750,122657
2017-06-15,1.2752,1.2795,1.2690,1.2754,105955
2017-06-16,1.2750,1.2805,1.2749,1.2777,84101
2017-06-19,1.2770,1.2814,1.2723,1.2736,83192
2017-06-20,1.2736,1.2758,1.2603,1.2626,94070
2017-06-21,1.2626,1.2710,1.2589,1.2671,90245
2017-06-22,1.2671,1.2691,1.2653,1.2681,84096
2017-06-23,1.2680,1.2744,1.2675,1.2716,79439
2017-06-26,1.2735,1.2759,1.2706,1.2722,73151
2017-06-27,1.2718,1.2860,1.2716,1.2811,91285
2017-06-28,1.2814,1.2972,1.2793,1.2925,118287
2017-06-29,1.2924,1.3015,1.2923,1.3003,95737
2017-06-30,1.3003,1.3029,1.2944,1.3022,91470
2017-07-03,1.3004,1.3024,1.2931,1.2938,82179
2017-07-04,1.2935,1.2958,1.2912,1.2918,90997
2017-07-05,1.2913,1.2948,1.2893,1.2932,87173
2017-07-06,1.2931,1.2984,1.2919,1.2971,84501
2017-07-07,1.2964,1.2974,1.2866,1.2890,86599
2017-07-10,1.2881,1.2908,1.2854,1.2878,62339
2017-07-11,1.2874,1.2927,1.2830,1.2847,76064
2017-07-12,1.2837,1.2907,1.2811,1.2883,100283
2017-07-13,1.2881,1.2955,1.2880,1.2941,90024
2017-07-14,1.2936,1.3113,1.2935,1.3096,85698
2017-07-17,1.3096,1.3112,1.3046,1.3057,86654
2017-07-18,1.3052,1.3125,1.3004,1.3040,109578
2017-07-19,1.3039,1.3052,1.3010,1.3022,84687
2017-07-20,1.3018,1.3033,1.2932,1.2972,113672
2017-07-21,1.2973,1.3019,1.2953,1.2993,90037
2017-07-24,1.2987,1.3057,1.2987,1.3029,82728
2017-07-25,1.3029,1.3083,1.3007,1.3026,89275
2017-07-26,1.3027,1.3120,1.2999,1.3105,103683
2017-07-27,1.3105,1.3158,1.3051,1.3062,118752
2017-07-28,1.3063,1.3152,1.3061,1.3134,101569
2017-07-31,1.3125,1.3211,1.3097,1.3210,91238
2017-08-01,1.3210,1.3244,1.3190,1.3205,92525
2017-08-02,1.3205,1.3250,1.3191,1.3223,86315
2017-08-03,1.3221,1.3268,1.3112,1.3140,102963
2017-08-04,1.3136,1.3164,1.3023,1.3035,88459
2017-08-07,1.3034,1.3058,1.3013,1.3034,77485
2017-08-08,1.3033,1.3053,1.2952,1.2992,77906
2017-08-09,1.2988,1.3028,1.2968,1.3006,89884
2017-08-10,1.3006,1.3015,1.2951,1.2975,93585
2017-08-11,1.2976,1.3031,1.2939,1.3007,95028
2017-08-14,1.2991,1.3021,1.2956,1.2963,78093
2017-08-15,1.2963,1.2970,1.2846,1.2869,86023
2017-08-16,1.2867,1.2902,1.2841,1.2890,90838
2017-08-17,1.2890,1.2908,1.2852,1.2867,95446
2017-08-18,1.2868,1.2917,1.2831,1.2865,86224
2017-08-21,1.2854,1.2916,1.2850,1.2897,63075
2017-08-22,1.2898,1.2908,1.2810,1.2819,66616
2017-08-23,1.2821,1.2833,1.2779,1.2800,75963
2017-08-24,1.2796,1.2836,1.2774,1.2799,70199
2017-08-25,1.2799,1.2889,1.2793,1.2872,97786
2017-08-28,1.2919,1.2942,1.2873,1.2932,65520
2017-08-29,1.2930,1.2978,1.2914,1.2922,96766
2017-08-30,1.2917,1.2937,1.2878,1.2919,82357
2017-08-31,1.2921,1.2934,1.2852,1.2929,84027
2017-09-01,1.2922,1.2995,1.2905,1.2955,88198
2017-09-04,1.2951,1.2966,1.2912,1.2925,76407
2017-09-05,1.2925,1.3042,1.2908,1.3030,100504
2017-09-06,1.3028,1.3081,1.3018,1.3045,94067
2017-09-07,1.3045,1.3115,1.3032,1.3098,105658
2017-09-08,1.3098,1.3224,1.3094,1.3210,100072
2017-09-11,1.3186,1.3222,1.3160,1.3166,77622
2017-09-12,1.3162,1.3298,1.3159,1.3282,117100
2017-09-13,1.3282,1.3329,1.3183,1.3207,101471
2017-09-14,1.3207,1.3405,1.3149,1.3395,126060
2017-09-15,1.3395,1.3617,1.3381,1.3551,128343
2017-09-18,1.3558,1.3618,1.3465,1.3494,110886
2017-09-19,1.3494,1.3552,1.3468,1.3486,118521
2017-09-20,1.3486,1.3656,1.3452,1.3494,141721
2017-09-21,1.3494,1.3587,1.3471,1.3575,126431
2017-09-22,1.3575,1.3596,1.3450,1.3492,127723
2017-09-25,1.3486,1.3571,1.3431,1.3462,121945
2017-09-26,1.3462,1.3514,1.3409,1.3457,133792
2017-09-27,1.3457,1.3460,1.3363,1.3384,154084
2017-09-28,1.3384,1.3455,1.3342,1.3438,102526
2017-09-29,1.3438,1.3443,1.3350,1.3397,95255
2017-10-02,1.3369,1.3402,1.3256,1.3271,91594
2017-10-03,1.3271,1.3288,1.3222,1.3236,91236
2017-10-04,1.3236,1.3292,1.3233,1.3248,82226
2017-10-05,1.3248,1.3250,1.3108,1.3119,87405
2017-10-06,1.3119,1.3120,1.3027,1.3064,92342
2017-10-09,1.3087,1.3184,1.3075,1.3140,64602
2017-10-10,1.3140,1.3226,1.3131,1.3203,76094
2017-10-11,1.3203,1.3235,1.3175,1.3222,70600
2017-10-12,1.3222,1.3290,1.3121,1.3260,94663
2017-10-13,1.3260,1.3338,1.3248,1.3277,92110
2017-10-16,1.3287,1.3312,1.3225,1.3249,67156
2017-10-17,1.3249,1.3287,1.3154,1.3189,83647
2017-10-18,1.3189,1.3211,1.3140,1.3205,83133
2017-10-19,1.3205,1.3228,1.3130,1.3155,87710
2017-10-20,1.3155,1.3200,1.3088,1.3185,93161
2017-10-23,1.3185,1.3227,1.3157,1.3196,68973
2017-10-24,1.3196,1.3228,1.3113,1.3126,76658
2017-10-25,1.3126,1.3271,1.3110,1.3254,92155
2017-10-26,1.3254,1.3279,1.3147,1.3159,75681
2017-10-27,1.3160,1.3263,1.3070,1.3128,78555
2017-10-30,1.3108,1.3215,1.3108,1.3207,59657
2017-10-31,1.3208,1.3288,1.3191,1.3282,64558
2017-11-01,1.3282,1.3321,1.3240,1.3242,76585
2017-11-02,1.3243,1.3299,1.3043,1.3057,85886
2017-11-03,1.3057,1.3131,1.3039,1.3074,75111
2017-11-06,1.3069,1.3175,1.3058,1.3169,65752
2017-11-07,1.3169,1.3178,1.3109,1.3164,71096
2017-11-08,1.3163,1.3176,1.3086,1.3111,63555
2017-11-09,1.3111,1.3165,1.3085,1.3144,79689
2017-11-10,1.3144,1.3229,1.3112,1.3189,72998
2017-11-13,1.3165,1.3179,1.3062,1.3114,71784
2017-11-14,1.3114,1.3187,1.3074,1.3165,73936
2017-11-15,1.3165,1.3213,1.3130,1.3168,99707
2017-11-16,1.3169,1.3208,1.3135,1.3193,86231
2017-11-17,1.3193,1.3260,1.3169,1.3213,91924
2017-11-20,1.3215,1.3279,1.3186,1.3233,84159
2017-11-21,1.3233,1.3267,1.3209,1.3237,61529
2017-11-22,1.3237,1.3329,1.3212,1.3322,61449
2017-11-23,1.3322,1.3337,1.3284,1.3302,58764
2017-11-24,1.3302,1.3360,1.3278,1.3329,63935
2017-11-27,1.3321,1.3383,1.3310,1.3316,59984
2017-11-28,1.3315,1.3387,1.3221,1.3336,87716
2017-11-29,1.3336,1.3448,1.3322,1.3408,86158
2017-11-30,1.3408,1.3549,1.3406,1.3524,116479
2017-12-01,1.3524,1.3549,1.3444,1.3473,129123
2017-12-04,1.3432,1.3538,1.3412,1.3479,123046
2017-12-05,1.3479,1.3482,1.3370,1.3441,119714
2017-12-06,1.3441,1.3443,1.3358,1.3388,106778
2017-12-07,1.3388,1.3485,1.3320,1.3470,110766
2017-12-08,1.3470,1.3520,1.3356,1.3392,125168
2017-12-11,1.3380,1.3431,1.3330,1.3337,103338
2017-12-12,1.3337,1.3380,1.3302,1.3317,108125
2017-12-13,1.3317,1.3428,1.3311,1.3419,122592
2017-12-14,1.3419,1.3466,1.3285,1.3427,141934
2017-12-15,1.3426,1.3447,1.3301,1.3317,132134
2017-12-18,1.3307,1.3418,1.3307,1.3383,139733
2017-12-19,1.3383,1.3402,1.3331,1.3384,140942
2017-12-20,1.3384,1.3420,1.3372,1.3375,132416
2017-12-21,1.3374,1.3387,1.3332,1.3386,128772
2017-12-22,1.3386,1.3397,1.3346,1.3358,121526
2017-12-26,1.3372,1.3389,1.3347,1.3374,51536
2017-12-27,1.3374,1.3430,1.3367,1.3394,114325
2017-12-28,1.3394,1.3456,1.3393,1.3426,111449
2017-12-29,1.3426,1.3544,1.3426,1.3508,130232
2018-01-02,1.3505,1.3600,1.3488,1.3590,123697
2018-01-03,1.3587,1.3613,1.3494,1.3513,133360
2018-01-04,1.3513,1.3560,1.3505,1.3550,131512
2018-01-05,1.3550,1.3582,1.3523,1.3573,135603
2018-01-08,1.3569,1.3585,1.3523,1.3566,121092
2018-01-09,1.3567,1.3582,1.3505,1.3540,120795
2018-01-10,1.3540,1.3562,1.3482,1.3506,173518
2018-01-11,1.3506,1.3555,1.3458,1.3536,165339
2018-01-12,1.3536,1.3744,1.3532,1.3725,207305
2018-01-15,1.3727,1.3819,1.3724,1.3787,163920
2018-01-16,1.3787,1.3805,1.3742,1.3792,170446
2018-01-17,1.3792,1.3942,1.3756,1.3827,213276
2018-01-18,1.3827,1.3913,1.3805,1.3893,196288
2018-01-19,1.3892,1.3945,1.3839,1.3857,192197
2018-01-22,1.3893,1.3991,1.3857,1.3986,138807
2018-01-23,1.3985,1.4027,1.3916,1.3997,190708
2018-01-24,1.3997,1.4263,1.3997,1.4237,249461
2018-01-25,1.4237,1.4345,1.4083,1.4130,358974
2018-01-26,1.4130,1.4286,1.4108,1.4158,290605
2018-01-29,1.4138,1.4158,1.4025,1.4074,240346
2018-01-30,1.4074,1.4166,1.3980,1.4145,223767
2018-01-31,1.4145,1.4233,1.4121,1.4188,265750
2018-02-01,1.4188,1.4278,1.4151,1.4260,224316
2018-02-02,1.4260,1.4278,1.4101,1.4120,225683
2018-02-05,1.4102,1.4150,1.3954,1.3957,256727
2018-02-06,1.3956,1.3999,1.3836,1.3946,281325
2018-02-07,1.3946,1.3994,1.3848,1.3880,197659
2018-02-08,1.3880,1.4067,1.3845,1.3912,284207
2018-02-09,1.3912,1.3987,1.3764,1.3823,251533
2018-02-12,1.3806,1.3876,1.3795,1.3837,157966
2018-02-13,1.3835,1.3924,1.3832,1.3892,157727
2018-02-14,1.3893,1.4016,1.3800,1.3994,207477
2018-02-15,1.3994,1.4104,1.3993,1.4100,201846
2018-02-16,1.4100,1.4145,1.3996,1.4034,188840
2018-02-19,1.4012,1.4049,1.3959,1.3995,127921
2018-02-20,1.3995,1.4024,1.3931,1.3993,174171
2018-02-21,1.3993,1.4008,1.3904,1.3916,208038
2018-02-22,1.3916,1.3989,1.3857,1.3950,155057
2018-02-23,1.3950,1.4005,1.3904,1.3961,134363
2018-02-26,1.3987,1.4070,1.3928,1.3966,132774
2018-02-27,1.3967,1.3996,1.3857,1.3906,168586
2018-02-28,1.3906,1.3916,1.3757,1.3759,166972
2018-03-01,1.3760,1.3785,1.3712,1.3776,190505
2018-03-02,1.3776,1.3817,1.3755,1.3801,171982
2018-03-05,1.3796,1.3877,1.3766,1.3848,168579
2018-03-06,1.3848,1.3929,1.3816,1.3886,152141
2018-03-07,1.3886,1.3912,1.3846,1.3891,169919
2018-03-08,1.3891,1.3910,1.3781,1.3808,170907
2018-03-09,1.3808,1.3889,1.3788,1.3853,150671
2018-03-12,1.3850,1.3917,1.3841,1.3904,100659
2018-03-13,1.3904,1.3994,1.3874,1.3963,127085
2018-03-14,1.3963,1.3995,1.3925,1.3964,126630
2018-03-15,1.3964,1.3988,1.3921,1.3937,150092
2018-03-16,1.3937,1.3981,1.3889,1.3942,131187
2018-03-19,1.3945,1.4088,1.3913,1.4024,183363
2018-03-20,1.4024,1.4066,1.3982,1.4000,148724
2018-03-21,1.4000,1.4150,1.3998,1.4137,200448
2018-03-22,1.4137,1.4218,1.4076,1.4100,217873
2018-03-23,1.4100,1.4172,1.4085,1.4132,169945
2018-03-26,1.4132,1.4244,1.4130,1.4227,131975
2018-03-27,1.4227,1.4244,1.4066,1.4156,160686
2018-03-28,1.4156,1.4200,1.4070,1.4077,175447
2018-03-29,1.4077,1.4096,1.4010,1.4018,149454
2018-03-30,1.4017,1.4059,1.4012,1.4021,117490
2018-04-02,1.4013,1.4077,1.4002,1.4044,79779
2018-04-03,1.4044,1.4089,1.4021,1.4055,127130
2018-04-04,1.4055,1.4096,1.4015,1.4077,86507
2018-04-05,1.4079,1.4097,1.3966,1.4003,81775
2018-04-06,1.4000,1.4105,1.3983,1.4088,100041
2018-04-09,1.4082,1.4164,1.4078,1.4129,84822
2018-04-10,1.4129,1.4188,1.4120,1.4174,83454
2018-04-11,1.4175,1.4223,1.4161,1.4175,75345
2018-04-12,1.4173,1.4246,1.4145,1.4228,86457
2018-04-13,1.4225,1.4296,1.4220,1.4238,67806
2018-04-16,1.4238,1.4344,1.4230,1.4336,69511
2018-04-17,1.4334,1.4376,1.4282,1.4286,73820
2018-04-18,1.4286,1.4314,1.4173,1.4201,79853
2018-04-19,1.4200,1.4245,1.4068,1.4082,95212
2018-04-20,1.4083,1.4091,1.4001,1.4001,84049
2018-04-23,1.3998,1.4031,1.3926,1.3939,73132
2018-04-24,1.3938,1.3987,1.3918,1.3976,70272
2018-04-25,1.3972,1.3997,1.3923,1.3928,64369
2018-04-26,1.3923,1.3998,1.3895,1.3913,101477
2018-04-27,1.3915,1.3934,1.3747,1.3779,91437
2018-04-30,1.3770,1.3792,1.3712,1.3755,86517
2018-05-01,1.3755,1.3773,1.3588,1.3613,83657
2018-05-02,1.3613,1.3666,1.3555,1.3572,119544
2018-05-03,1.3571,1.3629,1.3538,1.3573,120784
2018-05-04,1.3573,1.3586,1.3486,1.3530,92353
2018-05-07,1.3530,1.3575,1.3515,1.3556,69246
2018-05-08,1.3556,1.3593,1.3484,1.3547,106487
2018-05-09,1.3547,1.3607,1.3499,1.3545,99791
2018-05-10,1.3545,1.3618,1.3460,1.3516,162472
2018-05-11,1.3512,1.3596,1.3502,1.3541,90461
2018-05-14,1.3534,1.3608,1.3529,1.3555,66890
2018-05-15,1.3555,1.3572,1.3451,1.3503,95856
2018-05-16,1.3501,1.3521,1.3455,1.3486,108126
2018-05-17,1.3482,1.3569,1.3474,1.3515,120707
2018-05-18,1.3515,1.3528,1.3455,1.3469,79641
2018-05-21,1.3459,1.3483,1.3391,1.3422,81668
2018-05-22,1.3422,1.3491,1.3412,1.3428,99215
2018-05-23,1.3427,1.3442,1.3305,1.3343,127472
2018-05-24,1.3340,1.3421,1.3334,1.3378,115298
2018-05-25,1.3379,1.3389,1.3292,1.3296,98948
2018-05-28,1.3312,1.3341,1.3296,1.3308,79278
2018-05-29,1.3308,1.3325,1.3204,1.3243,131511
2018-05-30,1.3242,1.3307,1.3238,1.3283,110604
2018-05-31,1.3283,1.3348,1.3277,1.3293,113669
2018-06-01,1.3293,1.3362,1.3254,1.3347,104933
2018-06-04,1.3332,1.3398,1.3294,1.3314,86714
2018-06-05,1.3312,1.3409,1.3302,1.3386,98435
2018-06-06,1.3378,1.3443,1.3375,1.3412,89002
2018-06-07,1.3410,1.3472,1.3371,1.3422,102276
2018-06-08,1.3422,1.3439,1.3354,1.3407,92826
2018-06-11,1.3404,1.3441,1.3344,1.3374,72291
2018-06-12,1.3374,1.3424,1.3342,1.3371,98282
2018-06-13,1.3373,1.3390,1.3308,1.3374,99853
2018-06-14,1.3374,1.3446,1.3256,1.3259,130535
2018-06-15,1.3259,1.3298,1.3211,1.3276,104135
2018-06-18,1.3261,1.3279,1.3226,1.3245,86093
2018-06-19,1.3244,1.3273,1.3150,1.3173,106706
2018-06-20,1.3172,1.3217,1.3147,1.3167,90967
2018-06-21,1.3168,1.3270,1.3102,1.3233,153830
2018-06-22,1.3229,1.3315,1.3229,1.3265,101208
2018-06-25,1.3249,1.3291,1.3221,1.3276,90242
2018-06-26,1.3276,1.3292,1.3192,1.3214,92851
2018-06-27,1.3226,1.3234,1.3106,1.3111,105418
2018-06-28,1.3111,1.3121,1.3049,1.3077,156198
2018-06-29,1.3077,1.3214,1.3067,1.3208,125842
2018-07-02,1.3194,1.3208,1.3095,1.3142,103320
2018-07-03,1.3141,1.3207,1.3115,1.3190,91630
2018-07-04,1.3190,1.3249,1.3171,1.3227,83124
2018-07-05,1.3211,1.3275,1.3204,1.3221,138736
2018-07-06,1.3207,1.3290,1.3203,1.3286,80773
2018-07-09,1.3315,1.3363,1.3188,1.3255,124664
2018-07-10,1.3256,1.3301,1.3223,1.3270,92016
2018-07-11,1.3266,1.3285,1.3199,1.3202,114340
2018-07-12,1.3202,1.3245,1.3180,1.3205,85267
2018-07-13,1.3204,1.3238,1.3102,1.3235,87502
2018-07-16,1.3222,1.3293,1.3216,1.3234,68402
2018-07-17,1.3233,1.3269,1.3068,1.3114,102691
2018-07-18,1.3113,1.3117,1.3010,1.3066,94078
2018-07-19,1.3066,1.3083,1.2957,1.3014,110375
2018-07-20,1.3014,1.3140,1.2995,1.3130,99625
2018-07-23,1.3120,1.3158,1.3082,1.3097,80760
2018-07-24,1.3096,1.3159,1.3071,1.3143,92343
2018-07-25,1.3143,1.3200,1.3132,1.3187,93184
2018-07-26,1.3189,1.3213,1.3105,1.3107,88299
2018-07-27,1.3109,1.3130,1.3081,1.3106,72861
2018-07-30,1.3108,1.3152,1.3097,1.3131,68631
2018-07-31,1.3129,1.3172,1.3089,1.3122,79435
2018-08-01,1.3119,1.3144,1.3095,1.3126,79065
2018-08-02,1.3125,1.3128,1.3014,1.3015,85262
2018-08-03,1.3013,1.3043,1.2975,1.3002,73856
2018-08-06,1.2999,1.3008,1.2919,1.2943,51394
2018-08-07,1.2944,1.2973,1.2923,1.2938,56920
2018-08-08,1.2936,1.2959,1.2853,1.2881,71556
2018-08-09,1.2878,1.2911,1.2818,1.2823,72867
2018-08-10,1.2827,1.2836,1.2722,1.2770,119598
2018-08-13,1.2740,1.2791,1.2729,1.2759,96457
2018-08-14,1.2767,1.2827,1.2704,1.2721,89346
2018-08-15,1.2720,1.2735,1.2661,1.2695,93109
2018-08-16,1.2694,1.2754,1.2685,1.2709,94623
2018-08-17,1.2711,1.2752,1.2676,1.2750,80056
2018-08-20,1.2741,1.2799,1.2729,1.2796,61468
2018-08-21,1.2795,1.2924,1.2792,1.2899,86669
2018-08-22,1.2896,1.2936,1.2868,1.2909,82835
2018-08-23,1.2909,1.2918,1.2804,1.2813,75797
2018-08-24,1.2809,1.2880,1.2799,1.2848,83450
2018-08-27,1.2836,1.2900,1.2828,1.2891,70943
2018-08-28,1.2878,1.2931,1.2861,1.2870,76997
2018-08-29,1.2870,1.3032,1.2845,1.3025,96823
2018-08-30,1.3023,1.3043,1.2984,1.3006,89761
2018-08-31,1.3010,1.3028,1.2944,1.2955,92560
2018-09-03,1.2914,1.2933,1.2854,1.2867,73217
2018-09-04,1.2867,1.2875,1.2810,1.2854,87081
2018-09-05,1.2853,1.2982,1.2785,1.2903,96891
2018-09-06,1.2902,1.2962,1.2896,1.2926,84030
2018-09-07,1.2926,1.3028,1.2908,1.2915,96425
2018-09-10,1.2922,1.3051,1.2896,1.3025,73496
2018-09-11,1.3025,1.3087,1.2963,1.3030,80889
2018-09-12,1.3029,1.3081,1.2978,1.3044,80981
2018-09-13,1.3044,1.3123,1.3026,1.3106,84305
2018-09-14,1.3106,1.3143,1.3056,1.3069,79330
2018-09-17,1.3068,1.3164,1.3066,1.3156,74815
2018-09-18,1.3156,1.3172,1.3118,1.3147,86448
2018-09-19,1.3147,1.3214,1.3097,1.3142,87824
2018-09-20,1.3136,1.3298,1.3134,1.3259,96982
2018-09-21,1.3260,1.3276,1.3054,1.3080,91825
2018-09-24,1.3075,1.3166,1.3062,1.3119,75739
2018-09-25,1.3119,1.3193,1.3094,1.3178,82773
2018-09-26,1.3181,1.3217,1.3138,1.3164,85943
2018-09-27,1.3163,1.3178,1.3073,1.3073,86278
2018-09-28,1.3073,1.3090,1.2999,1.3029,72351
2018-10-01,1.3038,1.3116,1.3012,1.3041,73469
2018-10-02,1.3041,1.3048,1.2940,1.2977,86967
2018-10-03,1.2976,1.3023,1.2923,1.2936,106621
2018-10-04,1.2938,1.3041,1.2921,1.3020,106176
2018-10-05,1.3020,1.3122,1.3003,1.3115,106468
2018-10-08,1.3114,1.3132,1.3028,1.3086,90475
2018-10-09,1.3081,1.3150,1.3032,1.3142,116577
2018-10-10,1.3140,1.3215,1.3132,1.3188,111251
2018-10-11,1.3190,1.3246,1.3181,1.3232,150255
2018-10-12,1.3226,1.3257,1.3146,1.3154,125682
2018-10-15,1.3084,1.3181,1.3079,1.3151,113661
2018-10-16,1.3151,1.3236,1.3137,1.3177,116619
2018-10-17,1.3176,1.3192,1.3099,1.3113,113391
2018-10-18,1.3111,1.3131,1.3015,1.3017,107438
2018-10-19,1.3016,1.3104,1.3011,1.3065,102173
2018-10-22,1.3063,1.3089,1.2956,1.2956,100118
2018-10-23,1.2956,1.3044,1.2936,1.2982,130869
2018-10-24,1.2982,1.2990,1.2867,1.2879,134108
2018-10-25,1.2878,1.2919,1.2796,1.2816,125959
2018-10-26,1.2814,1.2841,1.2776,1.2823,145016
2018-10-29,1.2824,1.2852,1.2791,1.2796,111194
2018-10-30,1.2796,1.2812,1.2694,1.2707,117855
2018-10-31,1.2707,1.2830,1.2700,1.2768,109519
2018-11-01,1.2768,1.3034,1.2763,1.2993,127592
2018-11-02,1.2994,1.3040,1.2951,1.2964,110876
2018-11-05,1.3023,1.3055,1.2964,1.3040,89761
2018-11-06,1.3036,1.3106,1.3020,1.3097,103385
2018-11-07,1.3095,1.3174,1.3073,1.3121,120165
2018-11-08,1.3124,1.3149,1.3044,1.3060,113725
2018-11-09,1.3060,1.3069,1.2958,1.2970,111609
2018-11-12,1.2914,1.2946,1.2827,1.2848,117543
2018-11-13,1.2847,1.3047,1.2836,1.2967,131381
2018-11-14,1.2967,1.3071,1.2880,1.2986,141436
2018-11-15,1.2987,1.3030,1.2722,1.2769,152861
2018-11-16,1.2764,1.2877,1.2759,1.2822,104480
2018-11-19,1.2831,1.2884,1.2794,1.2849,79857
2018-11-20,1.2849,1.2883,1.2776,1.2786,96042
2018-11-21,1.2786,1.2819,1.2763,1.2775,83227
2018-11-22,1.2778,1.2927,1.2767,1.2875,77457
2018-11-23,1.2875,1.2882,1.2798,1.2800,82766
2018-11-26,1.2822,1.2863,1.2795,1.2808,88466
2018-11-27,1.2807,1.2819,1.2725,1.2744,125973
2018-11-28,1.2742,1.2847,1.2732,1.2824,110010
2018-11-29,1.2823,1.2849,1.2755,1.2789,105361
2018-11-30,1.2784,1.2809,1.2734,1.2748,111805
2018-12-03,1.2743,1.2824,1.2698,1.2723,104171
2018-12-04,1.2723,1.2839,1.2658,1.2716,133399
2018-12-05,1.2715,1.2797,1.2671,1.2733,103002
2018-12-06,1.2733,1.2811,1.2699,1.2783,137182
2018-12-07,1.2782,1.2790,1.2710,1.2731,122266
2018-12-10,1.2703,1.2759,1.2506,1.2561,141363
2018-12-11,1.2559,1.2638,1.2479,1.2487,127484
2018-12-12,1.2487,1.2671,1.2476,1.2627,149684
2018-12-13,1.2626,1.2686,1.2604,1.2650,106021
2018-12-14,1.2650,1.2663,1.2529,1.2583,116180
2018-12-17,1.2599,1.2647,1.2544,1.2620,113250
2018-12-18,1.2613,1.2705,1.2609,1.2637,120072
2018-12-19,1.2639,1.2679,1.2606,1.2610,137820
2018-12-20,1.2609,1.2707,1.2607,1.2654,128917
2018-12-21,1.2654,1.2697,1.2617,1.2636,125877
2018-12-24,1.2620,1.2738,1.2620,1.2698,86691
2018-12-26,1.2707,1.2714,1.2630,1.2631,43198
2018-12-27,1.2631,1.2674,1.2615,1.2641,138679
2018-12-28,1.2644,1.2708,1.2634,1.2694,77358
2018-12-31,1.2691,1.2814,1.2679,1.2744,66809
2019-01-02,1.2730,1.2773,1.2580,1.2606,87996
2019-01-03,1.2606,1.2647,1.2395,1.2629,115003
2019-01-04,1.2637,1.2744,1.2615,1.2723,101736
2019-01-07,1.2716,1.2786,1.2707,1.2776,72681
2019-01-08,1.2773,1.2797,1.2706,1.2714,71449
2019-01-09,1.2714,1.2803,1.2707,1.2787,117342
2019-01-10,1.2788,1.2801,1.2727,1.2746,103013
2019-01-11,1.2750,1.2865,1.2709,1.2833,107719
2019-01-14,1.2850,1.2930,1.2817,1.2859,94675
2019-01-15,1.2866,1.2915,1.2668,1.2859,121705
2019-01-16,1.2858,1.2897,1.2824,1.2877,95215
2019-01-17,1.2877,1.3000,1.2831,1.2984,99133
2019-01-18,1.2984,1.2993,1.2856,1.2874,85586
2019-01-21,1.2871,1.2910,1.2830,1.2890,67824
2019-01-22,1.2892,1.2975,1.2854,1.2956,98000
2019-01-23,1.2956,1.3080,1.2941,1.3067,106109
2019-01-24,1.3068,1.3094,1.3012,1.3063,113263
2019-01-25,1.3061,1.3217,1.3056,1.3197,121057
2019-01-28,1.3184,1.3210,1.3136,1.3157,93298
2019-01-29,1.3156,1.3199,1.3055,1.3066,133728
2019-01-30,1.3066,1.3145,1.3054,1.3115,104746
2019-01-31,1.3114,1.3159,1.3093,1.3108,103506
2019-02-01,1.3110,1.3114,1.3043,1.3081,94369
2019-02-04,1.3061,1.3103,1.3028,1.3034,85946
2019-02-05,1.3034,1.3051,1.2924,1.2949,74779
2019-02-06,1.2950,1.2979,1.2925,1.2928,81083
2019-02-07,1.2928,1.2996,1.2853,1.2951,93369
2019-02-08,1.2951,1.2976,1.2920,1.2939,70523
2019-02-11,1.2928,1.2938,1.2845,1.2857,79140
2019-02-12,1.2860,1.2909,1.2832,1.2890,80491
2019-02-13,1.2894,1.2958,1.2844,1.2845,90868
2019-02-14,1.2845,1.2877,1.2772,1.2797,95885
2019-02-15,1.2799,1.2897,1.2784,1.2886,89987
2019-02-18,1.2902,1.2938,1.2891,1.2921,80135
2019-02-19,1.2922,1.3073,1.2895,1.3061,89069
2019-02-20,1.3062,1.3108,1.3011,1.3049,93491
2019-02-21,1.3050,1.3095,1.3025,1.3037,98331
2019-02-22,1.3036,1.3079,1.2967,1.3053,89591
2019-02-25,1.3068,1.3114,1.3045,1.3095,90146
2019-02-26,1.3095,1.3288,1.3095,1.3250,123475
2019-02-27,1.3250,1.3349,1.3233,1.3306,113098
2019-02-28,1.3309,1.3319,1.3253,1.3261,98639
2019-03-01,1.3261,1.3286,1.3171,1.3203,96932
2019-03-04,1.3243,1.3254,1.3166,1.3178,96930
2019-03-05,1.3180,1.3198,1.3097,1.3177,100519
2019-03-06,1.3178,1.3181,1.3123,1.3168,95691
2019-03-07,1.3170,1.3184,1.3068,1.3080,101136
2019-03-08,1.3081,1.3108,1.2989,1.3015,107756
2019-03-11,1.2983,1.3190,1.2959,1.3188,114560
2019-03-12,1.3188,1.3288,1.3004,1.3072,133632
2019-03-13,1.3072,1.3381,1.3061,1.3312,108347
2019-03-14,1.3312,1.3330,1.3207,1.3258,121374
2019-03-15,1.3258,1.3299,1.3202,1.3290,102372
2019-03-18,1.3295,1.3300,1.3184,1.3244,88483
2019-03-19,1.3244,1.3311,1.3240,1.3263,86598
2019-03-20,1.3263,1.3272,1.3146,1.3192,116390
2019-03-21,1.3193,1.3227,1.3003,1.3112,125658
2019-03-22,1.3112,1.3223,1.3080,1.3208,124016
2019-03-25,1.3209,1.3245,1.3159,1.3194,106442
2019-03-26,1.3194,1.3261,1.3157,1.3204,103578
2019-03-27,1.3204,1.3269,1.3154,1.3158,128729
2019-03-28,1.3159,1.3198,1.3034,1.3045,125841
2019-03-29,1.3045,1.3135,1.2977,1.3028,115519
2019-04-01,1.3038,1.3149,1.3005,1.3101,105818
2019-04-02,1.3103,1.3149,1.3013,1.3127,124462
2019-04-03,1.3133,1.3196,1.3120,1.3155,109777
2019-04-04,1.3156,1.3191,1.3059,1.3074,104127
2019-04-05,1.3074,1.3121,1.2986,1.3033,88409
2019-04-08,1.3034,1.3074,1.3021,1.3057,88629
2019-04-09,1.3061,1.3121,1.3030,1.3048,90517
2019-04-10,1.3051,1.3122,1.3037,1.3087,93960
2019-04-11,1.3088,1.3108,1.3050,1.3051,91892
2019-04-12,1.3052,1.3132,1.3050,1.3070,83179
2019-04-15,1.3071,1.3118,1.3067,1.3097,70968
2019-04-16,1.3099,1.3101,1.3042,1.3045,88614
2019-04-17,1.3047,1.3066,1.3028,1.3039,83357
2019-04-18,1.3039,1.3052,1.2978,1.2987,98399
2019-04-19,1.2984,1.3009,1.2980,1.2981,124171
2019-04-22,1.2981,1.2999,1.2974,1.2978,40714
2019-04-23,1.2978,1.3019,1.2928,1.2936,78364
2019-04-24,1.2936,1.2963,1.2887,1.2900,89067
2019-04-25,1.2899,1.2916,1.2865,1.2896,88293
2019-04-26,1.2896,1.2943,1.2874,1.2914,88461
2019-04-29,1.2915,1.2947,1.2903,1.2932,69302
2019-04-30,1.2930,1.3048,1.2920,1.3031,88245
2019-05-01,1.3036,1.3102,1.3028,1.3049,76078
2019-05-02,1.3048,1.3080,1.3017,1.3031,85285
2019-05-03,1.3031,1.3176,1.2988,1.3173,91351
2019-05-06,1.3143,1.3170,1.3080,1.3095,90261
2019-05-07,1.3094,1.3131,1.3039,1.3075,87041
2019-05-08,1.3073,1.3080,1.2986,1.3005,105510
2019-05-09,1.3006,1.3035,1.2967,1.3009,93568
2019-05-10,1.3003,1.3047,1.2991,1.3002,90628
2019-05-13,1.2992,1.3040,1.2940,1.2956,79428
2019-05-14,1.2958,1.2970,1.2903,1.2903,73250
2019-05-15,1.2903,1.2923,1.2826,1.2842,81675
2019-05-16,1.2841,1.2852,1.2787,1.2795,67855
2019-05-17,1.2795,1.2797,1.2712,1.2712,79550
2019-05-20,1.2729,1.2757,1.2714,1.2723,64746
2019-05-21,1.2721,1.2813,1.2685,1.2704,93214
2019-05-22,1.2704,1.2719,1.2624,1.2660,83341
2019-05-23,1.2660,1.2683,1.2605,1.2655,92780
2019-05-24,1.2657,1.2732,1.2647,1.2710,84474
2019-05-27,1.2726,1.2747,1.2667,1.2678,82794
2019-05-28,1.2677,1.2701,1.2649,1.2652,88759
2019-05-29,1.2652,1.2671,1.2611,1.2626,84257
2019-05-30,1.2625,1.2640,1.2580,1.2606,66481
2019-05-31,1.2608,1.2644,1.2558,1.2630,87627
2019-06-03,1.2629,1.2673,1.2610,1.2662,89093
2019-06-04,1.2663,1.2714,1.2641,1.2698,102006
2019-06-05,1.2699,1.2743,1.2680,1.2683,98655
2019-06-06,1.2681,1.2742,1.2668,1.2693,99364
2019-06-07,1.2691,1.2763,1.2685,1.2738,97881
2019-06-10,1.2723,1.2735,1.2652,1.2683,87114
2019-06-11,1.2686,1.2732,1.2670,1.2723,106334
2019-06-12,1.2722,1.2758,1.2681,1.2687,109489
2019-06-13,1.2688,1.2707,1.2662,1.2673,91293
2019-06-14,1.2673,1.2681,1.2579,1.2589,99614
2019-06-17,1.2578,1.2605,1.2531,1.2533,72045
2019-06-18,1.2533,1.2564,1.2505,1.2556,105706
2019-06-19,1.2556,1.2673,1.2542,1.2638,97481
2019-06-20,1.2642,1.2726,1.2626,1.2702,126205
2019-06-21,1.2700,1.2746,1.2642,1.2745,115569
2019-06-24,1.2732,1.2766,1.2708,1.2738,82413
2019-06-25,1.2738,1.2783,1.2671,1.2686,91214
2019-06-26,1.2688,1.2707,1.2662,1.2689,113963
2019-06-27,1.2689,1.2724,1.2661,1.2670,101660
2019-06-28,1.2672,1.2734,1.2660,1.2694,91940
2019-07-01,1.2694,1.2705,1.2631,1.2638,92799
2019-07-02,1.2638,1.2648,1.2583,1.2592,86481
2019-07-03,1.2592,1.2600,1.2556,1.2572,74163
2019-07-04,1.2570,1.2590,1.2557,1.2578,48133
2019-07-05,1.2578,1.2587,1.2481,1.2521,77576
2019-07-08,1.2524,1.2539,1.2500,1.2513,35806
2019-07-09,1.2513,1.2523,1.2439,1.2462,64488
2019-07-10,1.2462,1.2521,1.2444,1.2502,84780
2019-07-11,1.2499,1.2571,1.2497,1.2522,78412
2019-07-12,1.2522,1.2579,1.2518,1.2575,80309
2019-07-15,1.2540,1.2578,1.2510,1.2515,57846
2019-07-16,1.2516,1.2520,1.2396,1.2406,79740
2019-07-17,1.2405,1.2456,1.2382,1.2431,66428
2019-07-18,1.2431,1.2558,1.2426,1.2545,72332
2019-07-19,1.2545,1.2556,1.2476,1.2501,58940
2019-07-22,1.2490,1.2519,1.2455,1.2475,54242
2019-07-23,1.2475,1.2482,1.2418,1.2438,59271
2019-07-24,1.2438,1.2522,1.2426,1.2484,63439
2019-07-25,1.2483,1.2518,1.2436,1.2453,74532
2019-07-26,1.2454,1.2459,1.2376,1.2382,60149
2019-07-29,1.2374,1.2383,1.2212,1.2217,52073
2019-07-30,1.2217,1.2226,1.2119,1.2151,73529
2019-07-31,1.2151,1.2249,1.2133,1.2159,85051
2019-08-01,1.2156,1.2171,1.2079,1.2131,93462
2019-08-02,1.2131,1.2169,1.2090,1.2158,105843
2019-08-05,1.2116,1.2188,1.2101,1.2142,96295
2019-08-06,1.2141,1.2209,1.2135,1.2167,100439
2019-08-07,1.2167,1.2191,1.2121,1.2143,103395
2019-08-08,1.2140,1.2182,1.2095,1.2134,82901
2019-08-09,1.2130,1.2148,1.2022,1.2023,72020
2019-08-12,1.2040,1.2106,1.2015,1.2075,92111
2019-08-13,1.2075,1.2097,1.2042,1.2059,100831
2019-08-14,1.2059,1.2101,1.2044,1.2054,104029
2019-08-15,1.2054,1.2150,1.2050,1.2081,103277
2019-08-16,1.2086,1.2175,1.2076,1.2143,87332
2019-08-19,1.2147,1.2172,1.2104,1.2124,66623
2019-08-20,1.2125,1.2180,1.2064,1.2168,91649
2019-08-21,1.2168,1.2175,1.2112,1.2123,80625
2019-08-22,1.2128,1.2273,1.2108,1.2249,99158
2019-08-23,1.2249,1.2293,1.2194,1.2281,106529
2019-08-26,1.2268,1.2285,1.2208,1.2217,146283
2019-08-27,1.2217,1.2309,1.2208,1.2288,102936
2019-08-28,1.2289,1.2290,1.2155,1.2214,99107
2019-08-29,1.2212,1.2232,1.2172,1.2180,103683
2019-08-30,1.2180,1.2226,1.2139,1.2163,95937
2019-09-02,1.2140,1.2174,1.2035,1.2067,90240
2019-09-03,1.2067,1.2105,1.1958,1.2083,124163
2019-09-04,1.2083,1.2257,1.2058,1.2252,124935
2019-09-05,1.2251,1.2353,1.2210,1.2336,121983
2019-09-06,1.2330,1.2343,1.2279,1.2285,92787
2019-09-09,1.2271,1.2384,1.2233,1.2344,114272
2019-09-10,1.2344,1.2380,1.2307,1.2352,70143
2019-09-11,1.2352,1.2371,1.2312,1.2328,71318
2019-09-12,1.2328,1.2366,1.2283,1.2333,82260
2019-09-13,1.2333,1.2505,1.2327,1.2494,67815
2019-09-16,1.2497,1.2504,1.2399,1.2425,72028
2019-09-17,1.2425,1.2527,1.2392,1.2498,58740
2019-09-18,1.2498,1.2511,1.2438,1.2469,59822
2019-09-19,1.2469,1.2560,1.2437,1.2522,70104
2019-09-20,1.2522,1.2581,1.2459,1.2467,67214
2019-09-23,1.2464,1.2490,1.2412,1.2429,61008
2019-09-24,1.2429,1.2503,1.2414,1.2492,59000
2019-09-25,1.2492,1.2498,1.2347,1.2350,70017
2019-09-26,1.2350,1.2380,1.2303,1.2321,62865
2019-09-27,1.2321,1.2336,1.2270,1.2287,60628
2019-09-30,1.2278,1.2346,1.2275,1.2287,56869
2019-10-01,1.2287,1.2339,1.2204,1.2303,72554
2019-10-02,1.2304,1.2324,1.2226,1.2298,58986
2019-10-03,1.2300,1.2413,1.2265,1.2330,78813
2019-10-04,1.2326,1.2357,1.2276,1.2332,52462
2019-10-07,1.2301,1.2336,1.2287,1.2289,54737
2019-10-08,1.2290,1.2302,1.2195,1.2216,69792
2019-10-09,1.2216,1.2291,1.2197,1.2204,60646
2019-10-10,1.2204,1.2469,1.2202,1.2435,74713
2019-10-11,1.2435,1.2707,1.2408,1.2647,91504
2019-10-14,1.2621,1.2650,1.2516,1.2606,72155
2019-10-15,1.2606,1.2799,1.2598,1.2784,89626
2019-10-16,1.2780,1.2877,1.2657,1.2829,98171
2019-10-17,1.2829,1.2989,1.2749,1.2889,99995
2019-10-18,1.2889,1.2973,1.2839,1.2970,73898
2019-10-21,1.2948,1.3012,1.2874,1.2958,81851
2019-10-22,1.2958,1.3001,1.2862,1.2869,86614
2019-10-23,1.2869,1.2921,1.2841,1.2911,77540
2019-10-24,1.2909,1.2949,1.2788,1.2849,75128
2019-10-25,1.2849,1.2863,1.2804,1.2831,55359
2019-10-28,1.2813,1.2876,1.2811,1.2859,53034
2019-10-29,1.2859,1.2904,1.2806,1.2862,64336
2019-10-30,1.2862,1.2907,1.2845,1.2899,66880
2019-10-31,1.2899,1.2975,1.2897,1.2926,66700
2019-11-01,1.2926,1.2973,1.2926,1.2934,61745
2019-11-04,1.2926,1.2942,1.2876,1.2881,51070
2019-11-05,1.2881,1.2917,1.2859,1.2881,58683
2019-11-06,1.2881,1.2897,1.2844,1.2854,46769
2019-11-07,1.2854,1.2877,1.2794,1.2817,58326
2019-11-08,1.2816,1.2823,1.2768,1.2775,45053
2019-11-11,1.2773,1.2898,1.2773,1.2852,41155
2019-11-12,1.2852,1.2874,1.2815,1.2845,48362
2019-11-13,1.2843,1.2862,1.2821,1.2848,47063
2019-11-14,1.2848,1.2888,1.2825,1.2881,44822
2019-11-15,1.2880,1.2919,1.2867,1.2898,41237
2019-11-18,1.2920,1.2985,1.2907,1.2951,46080
2019-11-19,1.2950,1.2970,1.2910,1.2924,46279
2019-11-20,1.2923,1.2930,1.2887,1.2921,46902
2019-11-21,1.2921,1.2970,1.2893,1.2905,47224
2019-11-22,1.2905,1.2928,1.2823,1.2827,48705
2019-11-25,1.2852,1.2912,1.2841,1.2898,41855
2019-11-26,1.2898,1.2903,1.2835,1.2864,44920
2019-11-27,1.2863,1.2921,1.2827,1.2919,49316
2019-11-28,1.2919,1.2951,1.2899,1.2910,46127
2019-11-29,1.2910,1.2942,1.2879,1.2917,42834
2019-12-02,1.2909,1.2949,1.2896,1.2938,45311
2019-12-03,1.2939,1.3011,1.2930,1.2991,45379
2019-12-04,1.2991,1.3120,1.2982,1.3103,50629
2019-12-05,1.3103,1.3166,1.3101,1.3155,40544
2019-12-06,1.3155,1.3165,1.3100,1.3134,42399
2019-12-09,1.3134,1.3180,1.3131,1.3139,43170
2019-12-10,1.3138,1.3215,1.3133,1.3153,43912
2019-12-11,1.3154,1.3213,1.3105,1.3194,50571
2019-12-12,1.3194,1.3229,1.3049,1.3161,65097
2019-12-13,1.3160,1.3514,1.3160,1.3334,89680
2019-12-16,1.3335,1.3422,1.3321,1.3330,53946
2019-12-17,1.3330,1.3336,1.3099,1.3129,66664
2019-12-18,1.3127,1.3134,1.3059,1.3077,66957
2019-12-19,1.3077,1.3132,1.2990,1.3009,61621
2019-12-20,1.3009,1.3079,1.2978,1.3001,45944
2019-12-23,1.2994,1.3032,1.2905,1.2934,51664
2019-12-24,1.2933,1.2971,1.2922,1.2957,39195
2019-12-26,1.2985,1.3015,1.2959,1.2992,29246
2019-12-27,1.2992,1.3117,1.2968,1.3085,54542
2019-12-30,1.3069,1.3150,1.3066,1.3112,49982
2019-12-31,1.3112,1.3284,1.3105,1.3245,52886
2020-01-02,1.3209,1.3231,1.3115,1.3136,48916
2020-01-03,1.3136,1.3160,1.3053,1.3074,59795
2020-01-06,1.3078,1.3174,1.3062,1.3168,50184
2020-01-07,1.3168,1.3212,1.3095,1.3120,55737
2020-01-08,1.3118,1.3169,1.3080,1.3094,65260
2020-01-09,1.3094,1.3123,1.3013,1.3066,56120
2020-01-10,1.3066,1.3097,1.3042,1.3064,48542
2020-01-13,1.3036,1.3045,1.2961,1.2987,47464
2020-01-14,1.2987,1.3033,1.2954,1.3016,53505
2020-01-15,1.3015,1.3042,1.2985,1.3037,49886
2020-01-16,1.3037,1.3083,1.3025,1.3078,52227
2020-01-17,1.3078,1.3119,1.3008,1.3009,48664
2020-01-20,1.2998,1.3014,1.2962,1.3008,30729
2020-01-21,1.3008,1.3083,1.2995,1.3047,44734
2020-01-22,1.3047,1.3153,1.3034,1.3139,65605
2020-01-23,1.3139,1.3151,1.3097,1.3121,63668
2020-01-24,1.3121,1.3172,1.3056,1.3071,64938
2020-01-27,1.3075,1.3105,1.3040,1.3055,58664
2020-01-28,1.3057,1.3065,1.2975,1.3027,55509
2020-01-29,1.3027,1.3029,1.2989,1.3017,55576
2020-01-30,1.3019,1.3110,1.2978,1.3091,65249
2020-01-31,1.3091,1.3209,1.3082,1.3208,69507
2020-02-03,1.3170,1.3184,1.2983,1.2994,63750
2020-02-04,1.2994,1.3047,1.2941,1.3029,64479
2020-02-05,1.3029,1.3070,1.2956,1.3000,63619
2020-02-06,1.3002,1.3002,1.2921,1.2925,54083
2020-02-07,1.2926,1.2959,1.2881,1.2882,61264
2020-02-10,1.2886,1.2946,1.2872,1.2914,62085
2020-02-11,1.2913,1.2968,1.2894,1.2949,59098
2020-02-12,1.2951,1.2991,1.2945,1.2957,58281
2020-02-13,1.2957,1.3069,1.2944,1.3041,68228
2020-02-14,1.3038,1.3063,1.3001,1.3047,56498
2020-02-17,1.3032,1.3054,1.2997,1.3004,49400
2020-02-18,1.3004,1.3049,1.2971,1.2995,62288
2020-02-19,1.2995,1.3023,1.2908,1.2919,57909
2020-02-20,1.2919,1.2928,1.2849,1.2879,61033
2020-02-21,1.2880,1.2980,1.2875,1.2957,66386
2020-02-24,1.2943,1.2955,1.2887,1.2928,66933
2020-02-25,1.2929,1.3018,1.2914,1.3004,80121
2020-02-26,1.3004,1.3008,1.2895,1.2895,73940
2020-02-27,1.2897,1.2946,1.2860,1.2884,86909
2020-02-28,1.2884,1.2920,1.2726,1.2821,101153
2020-03-02,1.2792,1.2851,1.2740,1.2752,84743
2020-03-03,1.2752,1.2844,1.2738,1.2811,85409
2020-03-04,1.2810,1.2872,1.2770,1.2870,59390
2020-03-05,1.2870,1.2968,1.2860,1.2952,58349
2020-03-06,1.2953,1.3052,1.2937,1.3045,82330
2020-03-09,1.3075,1.3200,1.3034,1.3085,188792
2020-03-10,1.3085,1.3115,1.2858,1.2880,173248
2020-03-11,1.2880,1.2976,1.2802,1.2817,115489
2020-03-12,1.2819,1.2849,1.2490,1.2573,126863
2020-03-13,1.2573,1.2624,1.2266,1.2290,152633
2020-03-16,1.2411,1.2420,1.2202,1.2268,170248
2020-03-17,1.2266,1.2272,1.2002,1.2055,178035
2020-03-18,1.2055,1.2130,1.1452,1.1580,174594
2020-03-19,1.1578,1.1793,1.1419,1.1465,188137
2020-03-20,1.1465,1.1933,1.1410,1.1599,168903
2020-03-23,1.1675,1.1713,1.1446,1.1528,171688
2020-03-24,1.1528,1.1799,1.1475,1.1734,167644
2020-03-25,1.1734,1.1973,1.1638,1.1878,141114
2020-03-26,1.1878,1.2229,1.1776,1.2155,153930
2020-03-27,1.2155,1.2485,1.2130,1.2474,151946
2020-03-30,1.2417,1.2467,1.2317,1.2417,110477
2020-03-31,1.2404,1.2473,1.2244,1.2416,124197
2020-04-01,1.2422,1.2438,1.2330,1.2373,93664
2020-04-02,1.2373,1.2475,1.2350,1.2392,95238
2020-04-03,1.2395,1.2406,1.2205,1.2269,85528
2020-04-06,1.2220,1.2326,1.2209,1.2229,80623
2020-04-07,1.2228,1.2384,1.2165,1.2330,84701
2020-04-08,1.2329,1.2420,1.2288,1.2381,63135
2020-04-09,1.2375,1.2483,1.2360,1.2452,76642
2020-04-10,1.2449,1.2487,1.2432,1.2434,21062
2020-04-13,1.2454,1.2536,1.2449,1.2500,61683
2020-04-14,1.2500,1.2647,1.2490,1.2623,110741
2020-04-15,1.2612,1.2630,1.2436,1.2510,105125
2020-04-16,1.2511,1.2527,1.2408,1.2455,108131
2020-04-17,1.2455,1.2522,1.2406,1.2506,103885
2020-04-20,1.2492,1.2500,1.2416,1.2432,85781
2020-04-21,1.2432,1.2446,1.2247,1.2288,123399
2020-04-22,1.2277,1.2386,1.2274,1.2332,92136
2020-04-23,1.2332,1.2415,1.2307,1.2343,113842
2020-04-24,1.2343,1.2377,1.2298,1.2366,89239
2020-04-27,1.2361,1.2454,1.2359,1.2428,78707
2020-04-28,1.2426,1.2518,1.2403,1.2423,68288
2020-04-29,1.2420,1.2485,1.2389,1.2469,65500
2020-04-30,1.2465,1.2643,1.2429,1.2590,78636
2020-05-01,1.2589,1.2600,1.2483,1.2493,53973
2020-05-04,1.2482,1.2487,1.2405,1.2442,52665
2020-05-05,1.2442,1.2483,1.2420,1.2433,56872
2020-05-06,1.2432,1.2450,1.2335,1.2339,52422
2020-05-07,1.2339,1.2418,1.2266,1.2352,64340
2020-05-08,1.2352,1.2467,1.2338,1.2408,47377
2020-05-11,1.2395,1.2437,1.2283,1.2332,56439
2020-05-12,1.2329,1.2377,1.2255,1.2258,58582
2020-05-13,1.2256,1.2340,1.2210,1.2223,67905
2020-05-14,1.2218,1.2241,1.2165,1.2223,63126
2020-05-15,1.2222,1.2239,1.2101,1.2102,64170
2020-05-18,1.2085,1.2227,1.2074,1.2194,60389
2020-05-19,1.2193,1.2296,1.2184,1.2250,57938
2020-05-20,1.2250,1.2287,1.2221,1.2236,52724
2020-05-21,1.2236,1.2249,1.2185,1.2216,52692
2020-05-22,1.2215,1.2233,1.2161,1.2167,51656
2020-05-25,1.2172,1.2203,1.2163,1.2180,35930
2020-05-26,1.2180,1.2363,1.2176,1.2334,59540
2020-05-27,1.2325,1.2354,1.2204,1.2258,78677
2020-05-28,1.2260,1.2344,1.2233,1.2318,69580
2020-05-29,1.2314,1.2394,1.2290,1.2351,91364
2020-06-01,1.2323,1.2506,1.2323,1.2487,68129
2020-06-02,1.2486,1.2575,1.2478,1.2549,75153
2020-06-03,1.2549,1.2615,1.2543,1.2571,80318
2020-06-04,1.2571,1.2633,1.2500,1.2593,79214
2020-06-05,1.2595,1.2731,1.2583,1.2668,79793
2020-06-08,1.2669,1.2735,1.2628,1.2721,60121
2020-06-09,1.2722,1.2755,1.2617,1.2727,72125
2020-06-10,1.2730,1.2813,1.2706,1.2747,89342
2020-06-11,1.2745,1.2754,1.2586,1.2601,106433
2020-06-12,1.2599,1.2653,1.2473,1.2548,107536
2020-06-15,1.2509,1.2606,1.2454,1.2604,97262
2020-06-16,1.2604,1.2687,1.2552,1.2572,97769
2020-06-17,1.2572,1.2588,1.2511,1.2555,79626
2020-06-18,1.2553,1.2567,1.2401,1.2423,77475
2020-06-19,1.2423,1.2456,1.2344,1.2349,67081
2020-06-22,1.2341,1.2477,1.2335,1.2467,57113
2020-06-23,1.2467,1.2532,1.2432,1.2519,75438
2020-06-24,1.2518,1.2542,1.2414,1.2417,68408
2020-06-25,1.2417,1.2464,1.2389,1.2417,52017
2020-06-26,1.2417,1.2436,1.2314,1.2336,46146
2020-06-29,1.2323,1.2389,1.2251,1.2298,43305
2020-06-30,1.2298,1.2401,1.2257,1.2400,45476
2020-07-01,1.2399,1.2490,1.2359,1.2474,45853
2020-07-02,1.2473,1.2530,1.2456,1.2467,42752
2020-07-03,1.2465,1.2486,1.2437,1.2482,37015
2020-07-06,1.2460,1.2520,1.2460,1.2491,41218
2020-07-07,1.2490,1.2592,1.2463,1.2543,46857
2020-07-08,1.2539,1.2623,1.2508,1.2609,48464
2020-07-09,1.2609,1.2669,1.2592,1.2606,50443
2020-07-10,1.2605,1.2664,1.2566,1.2620,42285
2020-07-13,1.2616,1.2666,1.2550,1.2554,44807
2020-07-14,1.2553,1.2563,1.2480,1.2552,52031
2020-07-15,1.2551,1.2649,1.2547,1.2586,45666
2020-07-16,1.2586,1.2624,1.2519,1.2552,42717
2020-07-17,1.2552,1.2574,1.2511,1.2567,38739
2020-07-20,1.2544,1.2665,1.2518,1.2661,42824
2020-07-21,1.2661,1.2768,1.2650,1.2730,51261
2020-07-22,1.2730,1.2743,1.2644,1.2733,52449
2020-07-23,1.2732,1.2760,1.2673,1.2740,49232
2020-07-24,1.2739,1.2803,1.2717,1.2795,43990
2020-07-27,1.2790,1.2903,1.2777,1.2881,50389
2020-07-28,1.2880,1.2952,1.2838,1.2931,48102
2020-07-29,1.2930,1.3013,1.2912,1.2995,48284
2020-07-30,1.2994,1.3102,1.2944,1.3094,55615
2020-07-31,1.3093,1.3170,1.3070,1.3082,64544
2020-08-03,1.3075,1.3112,1.3004,1.3074,49534
2020-08-04,1.3075,1.3108,1.2981,1.3071,45509
2020-08-05,1.3070,1.3161,1.3054,1.3113,45731
2020-08-06,1.3112,1.3185,1.3111,1.3142,57801
2020-08-07,1.3140,1.3150,1.3009,1.3054,52997
2020-08-10,1.3059,1.3103,1.3018,1.3071,37274
2020-08-11,1.3071,1.3132,1.3041,1.3047,48075
2020-08-12,1.3050,1.3067,1.3005,1.3033,50391
2020-08-13,1.3032,1.3125,1.3024,1.3066,43025
2020-08-14,1.3065,1.3142,1.3048,1.3090,41452
2020-08-17,1.3083,1.3121,1.3074,1.3103,37064
2020-08-18,1.3102,1.3249,1.3095,1.3238,44985
2020-08-19,1.3237,1.3267,1.3094,1.3097,52283
2020-08-20,1.3097,1.3224,1.3064,1.3213,58861
2020-08-21,1.3213,1.3255,1.3059,1.3090,56611
2020-08-24,1.3082,1.3148,1.3054,1.3062,40942
2020-08-25,1.3061,1.3170,1.3055,1.3150,49544
2020-08-26,1.3149,1.3219,1.3117,1.3208,43677
2020-08-27,1.3208,1.3284,1.3161,1.3199,62066
2020-08-28,1.3201,1.3356,1.3186,1.3351,56687
2020-08-31,1.3345,1.3395,1.3301,1.3368,46789
2020-09-01,1.3367,1.3482,1.3356,1.3382,58853
2020-09-02,1.3382,1.3402,1.3283,1.3351,54241
2020-09-03,1.3350,1.3359,1.3242,1.3280,55896
2020-09-04,1.3280,1.3319,1.3175,1.3276,57417
2020-09-07,1.3257,1.3267,1.3140,1.3162,37329
2020-09-08,1.3162,1.3172,1.2979,1.2980,54797
2020-09-09,1.2982,1.3023,1.2885,1.3001,51520
2020-09-10,1.3002,1.3035,1.2772,1.2804,61751
2020-09-11,1.2803,1.2865,1.2762,1.2797,51416
2020-09-14,1.2780,1.2919,1.2774,1.2846,40210
2020-09-15,1.2845,1.2926,1.2815,1.2888,38272
2020-09-16,1.2888,1.3007,1.2875,1.2966,53304
2020-09-17,1.2968,1.2999,1.2864,1.2973,72146
2020-09-18,1.2973,1.3000,1.2914,1.2922,49955
2020-09-21,1.2928,1.2966,1.2775,1.2816,55388
2020-09-22,1.2817,1.2867,1.2711,1.2729,55748
2020-09-23,1.2730,1.2777,1.2675,1.2721,57296
2020-09-24,1.2722,1.2780,1.2690,1.2741,64597
2020-09-25,1.2741,1.2805,1.2687,1.2742,49349
2020-09-28,1.2762,1.2930,1.2751,1.2831,47024
2020-09-29,1.2832,1.2902,1.2822,1.2859,51005
2020-09-30,1.2860,1.2942,1.2805,1.2916,65681
2020-10-01,1.2917,1.2978,1.2818,1.2886,64828
2020-10-02,1.2892,1.2954,1.2836,1.2937,68874
2020-10-05,1.2925,1.2991,1.2899,1.2976,43189
2020-10-06,1.2977,1.3007,1.2866,1.2871,54072
2020-10-07,1.2871,1.2929,1.2844,1.2914,51294
2020-10-08,1.2913,1.2970,1.2891,1.2936,42978
2020-10-09,1.2936,1.3049,1.2920,1.3049,40878
2020-10-12,1.3024,1.3082,1.3005,1.3062,36161
2020-10-13,1.3064,1.3068,1.2922,1.2935,46380
2020-10-14,1.2935,1.3064,1.2862,1.3011,47092
2020-10-15,1.3011,1.3030,1.2890,1.2902,54018
2020-10-16,1.2902,1.2962,1.2856,1.2907,47472
2020-10-19,1.2895,1.3024,1.2893,1.2942,45210
2020-10-20,1.2942,1.2979,1.2911,1.2947,42365
2020-10-21,1.2946,1.3176,1.2937,1.3145,51246
2020-10-22,1.3142,1.3153,1.3070,1.3080,46147
2020-10-23,1.3089,1.3122,1.3019,1.3044,42094
2020-10-26,1.3053,1.3075,1.2993,1.3016,46920
2020-10-27,1.3016,1.3079,1.3000,1.3042,40904
2020-10-28,1.3042,1.3064,1.2916,1.2984,57852
2020-10-29,1.2982,1.3026,1.2880,1.2926,58312
2020-10-30,1.2926,1.2988,1.2899,1.2950,58672
2020-11-02,1.2922,1.2942,1.2853,1.2915,44970
2020-11-03,1.2915,1.3078,1.2907,1.3058,36867
2020-11-04,1.3057,1.3140,1.2914,1.2986,80452
2020-11-05,1.2986,1.3155,1.2929,1.3145,147876
2020-11-06,1.3145,1.3177,1.3092,1.3148,156946
2020-11-09,1.3155,1.3208,1.3118,1.3163,175614
2020-11-10,1.3163,1.3278,1.3154,1.3269,160629
2020-11-11,1.3269,1.3314,1.3191,1.3220,114931
2020-11-12,1.3220,1.3228,1.3106,1.3115,104698
2020-11-13,1.3114,1.3200,1.3109,1.3198,88619
2020-11-16,1.3160,1.3243,1.3159,1.3196,98178
2020-11-17,1.3197,1.3273,1.3179,1.3245,99231
2020-11-18,1.3245,1.3312,1.3243,1.3266,87068
2020-11-19,1.3271,1.3279,1.3196,1.3260,97012
2020-11-20,1.3260,1.3297,1.3245,1.3290,86940
2020-11-23,1.3287,1.3398,1.3264,1.3324,95921
2020-11-24,1.3325,1.3380,1.3293,1.3358,104800
2020-11-25,1.3359,1.3393,1.3304,1.3386,96349
2020-11-26,1.3372,1.3398,1.3322,1.3357,57715
2020-11-27,1.3357,1.3382,1.3288,1.3308,77611
2020-11-30,1.3327,1.3384,1.3305,1.3322,94300
2020-12-01,1.3320,1.3443,1.3316,1.3419,91787
2020-12-02,1.3420,1.3441,1.3287,1.3364,95733
2020-12-03,1.3366,1.3500,1.3347,1.3451,79110
2020-12-04,1.3440,1.3540,1.3411,1.3434,93549
2020-12-07,1.3409,1.3438,1.3224,1.3379,94156
2020-12-08,1.3377,1.3393,1.3289,1.3357,98828
2020-12-09,1.3354,1.3478,1.3349,1.3402,81621
2020-12-10,1.3402,1.3411,1.3245,1.3291,102405
2020-12-11,1.3295,1.3324,1.3134,1.3230,92613
2020-12-14,1.3343,1.3445,1.3290,1.3329,94306
2020-12-15,1.3324,1.3470,1.3280,1.3458,98818
2020-12-16,1.3457,1.3554,1.3434,1.3508,94769
2020-12-17,1.3508,1.3624,1.3495,1.3583,85801
2020-12-18,1.3585,1.3590,1.3471,1.3498,79259
2020-12-21,1.3395,1.3499,1.3188,1.3461,118344
2020-12-22,1.3462,1.3469,1.3304,1.3359,101867
2020-12-23,1.3359,1.3570,1.3352,1.3490,105108
2020-12-24,1.3491,1.3619,1.3488,1.3534,69180
2020-12-28,1.3544,1.3576,1.3429,1.3451,74871
2020-12-29,1.3451,1.3522,1.3439,1.3500,87063
2020-12-30,1.3500,1.3625,1.3490,1.3624,86197
2020-12-31,1.3623,1.3686,1.3604,1.3675,83170
2021-01-04,1.3645,1.3704,1.3542,1.3568,104056
2021-01-05,1.3568,1.3642,1.3554,1.3625,97393
2021-01-06,1.3625,1.3671,1.3538,1.3608,130167
2021-01-07,1.3606,1.3633,1.3533,1.3562,97410
2021-01-08,1.3563,1.3636,1.3538,1.3561,111871
2021-01-11,1.3540,1.3569,1.3451,1.3512,95423
2021-01-12,1.3511,1.3670,1.3504,1.3663,93047
2021-01-13,1.3662,1.3701,1.3612,1.3634,86416
2021-01-14,1.3635,1.3711,1.3616,1.3686,91933
2021-01-15,1.3686,1.3698,1.3572,1.3582,90213
2021-01-18,1.3587,1.3599,1.3520,1.3585,68189
2021-01-19,1.3585,1.3636,1.3573,1.3633,78451
2021-01-20,1.3629,1.3719,1.3622,1.3650,85549
2021-01-21,1.3651,1.3746,1.3648,1.3730,80449
2021-01-22,1.3731,1.3736,1.3636,1.3682,73034
2021-01-25,1.3679,1.3724,1.3649,1.3674,77208
2021-01-26,1.3674,1.3744,1.3610,1.3736,70048
2021-01-27,1.3736,1.3759,1.3659,1.3685,94235
2021-01-28,1.3685,1.3745,1.3630,1.3718,101305
2021-01-29,1.3719,1.3751,1.3657,1.3698,98298
2021-02-01,1.3703,1.3758,1.3656,1.3660,85137
2021-02-02,1.3660,1.3711,1.3611,1.3667,79984
2021-02-03,1.3667,1.3683,1.3619,1.3643,77118
2021-02-04,1.3643,1.3698,1.3565,1.3672,81986
2021-02-05,1.3672,1.3740,1.3660,1.3736,84121
2021-02-08,1.3717,1.3749,1.3680,1.3738,80436
2021-02-09,1.3738,1.3821,1.3731,1.3815,81855
2021-02-10,1.3815,1.3866,1.3802,1.3831,68324
2021-02-11,1.3830,1.3859,1.3800,1.3814,67360
2021-02-12,1.3813,1.3862,1.3776,1.3853,75991
2021-02-15,1.3846,1.3919,1.3846,1.3900,62853
2021-02-16,1.3900,1.3952,1.3869,1.3902,98552
2021-02-17,1.3901,1.3908,1.3830,1.3860,104013
2021-02-18,1.3863,1.3986,1.3840,1.3973,93173
2021-02-19,1.3973,1.4036,1.3951,1.4004,88575
2021-02-22,1.4009,1.4086,1.3980,1.4061,98081
2021-02-23,1.4061,1.4117,1.4054,1.4113,90005
2021-02-24,1.4112,1.4241,1.4082,1.4139,114088
2021-02-25,1.4138,1.4182,1.4000,1.4007,140714
2021-02-26,1.4009,1.4026,1.3888,1.3927,175108
2021-03-01,1.3928,1.3999,1.3904,1.3925,123418
2021-03-02,1.3924,1.3977,1.3859,1.3952,103137
2021-03-03,1.3951,1.4006,1.3921,1.3949,93768
2021-03-04,1.3948,1.4017,1.3880,1.3894,118092
2021-03-05,1.3893,1.3906,1.3778,1.3829,102544
2021-03-08,1.3798,1.3864,1.3798,1.3820,139361
2021-03-09,1.3820,1.3925,1.3801,1.3887,127174
2021-03-10,1.3885,1.3938,1.3845,1.3933,116565
2021-03-11,1.3933,1.3995,1.3917,1.3990,104527
2021-03-12,1.3989,1.4005,1.3863,1.3919,107228
2021-03-15,1.3917,1.3950,1.3853,1.3900,94265
2021-03-16,1.3900,1.3906,1.3809,1.3892,90777
2021-03-17,1.3892,1.3970,1.3850,1.3959,95970
2021-03-18,1.3959,1.4001,1.3897,1.3928,114472
2021-03-19,1.3928,1.3959,1.3830,1.3863,99995
2021-03-22,1.3837,1.3876,1.3817,1.3858,77649
2021-03-23,1.3858,1.3864,1.3740,1.3749,87848
2021-03-24,1.3749,1.3757,1.3674,1.3687,79756
2021-03-25,1.3687,1.3745,1.3670,1.3738,84825
2021-03-26,1.3738,1.3812,1.3732,1.3791,66464
2021-03-29,1.3776,1.3846,1.3755,1.3760,67536
2021-03-30,1.3760,1.3783,1.3706,1.3739,66153
2021-03-31,1.3739,1.3812,1.3716,1.3780,68626
2021-04-01,1.3782,1.3836,1.3746,1.3832,65157
2021-04-02,1.3832,1.3851,1.3810,1.3831,59311
2021-04-05,1.3810,1.3913,1.3810,1.3899,42332
2021-04-06,1.3899,1.3918,1.3802,1.3822,59929
2021-04-07,1.3822,1.3839,1.3724,1.3737,66480
2021-04-08,1.3737,1.3782,1.3718,1.3733,54799
2021-04-09,1.3732,1.3750,1.3670,1.3702,54094
2021-04-12,1.3701,1.3776,1.3668,1.3739,52659
2021-04-13,1.3740,1.3768,1.3693,1.3751,57974
2021-04-14,1.3750,1.3808,1.3746,1.3777,46068
2021-04-15,1.3777,1.3808,1.3761,1.3783,49938
2021-04-16,1.3782,1.3840,1.3716,1.3840,46776
2021-04-19,1.3824,1.3992,1.3809,1.3985,60799
2021-04-20,1.3985,1.4009,1.3926,1.3937,53523
2021-04-21,1.3937,1.3949,1.3886,1.3927,49579
2021-04-22,1.3927,1.3950,1.3824,1.3838,57259
2021-04-23,1.3838,1.3896,1.3830,1.3885,47414
2021-04-26,1.3869,1.3929,1.3864,1.3898,48121
2021-04-27,1.3898,1.3924,1.3859,1.3911,44130
2021-04-28,1.3911,1.3951,1.3861,1.3933,57540
2021-04-29,1.3933,1.3977,1.3927,1.3940,57206
2021-04-30,1.3940,1.3958,1.3803,1.3813,55150
2021-05-03,1.3807,1.3932,1.3797,1.3908,44596
2021-05-04,1.3908,1.3913,1.3838,1.3885,66494
2021-05-05,1.3886,1.3926,1.3876,1.3904,49297
2021-05-06,1.3905,1.3941,1.3857,1.3888,60052
2021-05-07,1.3888,1.4006,1.3882,1.3987,63862
2021-05-10,1.4004,1.4158,1.3994,1.4117,64391
2021-05-11,1.4117,1.4166,1.4104,1.4141,69324
2021-05-12,1.4141,1.4153,1.4050,1.4052,77579
2021-05-13,1.4052,1.4078,1.4006,1.4049,71362
2021-05-14,1.4049,1.4111,1.4036,1.4097,55757
2021-05-17,1.4094,1.4147,1.4078,1.4138,58020
2021-05-18,1.4136,1.4220,1.4130,1.4185,60879
2021-05-19,1.4186,1.4201,1.4100,1.4113,87478
2021-05-20,1.4113,1.4192,1.4101,1.4189,67175
2021-05-21,1.4189,1.4234,1.4141,1.4151,74035
2021-05-24,1.4141,1.4172,1.4112,1.4155,72344
2021-05-25,1.4155,1.4211,1.4116,1.4149,77592
2021-05-26,1.4149,1.4176,1.4112,1.4116,72102
2021-05-27,1.4117,1.4219,1.4091,1.4204,79555
2021-05-28,1.4203,1.4208,1.4136,1.4188,93219
2021-05-31,1.4174,1.4218,1.4164,1.4209,56182
2021-06-01,1.4209,1.4249,1.4147,1.4147,87524
2021-06-02,1.4147,1.4183,1.4112,1.4169,79231
2021-06-03,1.4169,1.4203,1.4086,1.4104,87842
2021-06-04,1.4104,1.4200,1.4083,1.4165,82651
2021-06-07,1.4153,1.4191,1.4111,1.4180,70474
2021-06-08,1.4180,1.4185,1.4121,1.4155,70483
2021-06-09,1.4155,1.4189,1.4110,1.4115,58488
2021-06-10,1.4113,1.4178,1.4073,1.4175,88058
2021-06-11,1.4176,1.4185,1.4096,1.4113,69973
2021-06-14,1.4094,1.4124,1.4070,1.4108,64116
2021-06-15,1.4106,1.4129,1.4034,1.4083,69053
2021-06-16,1.4081,1.4133,1.3982,1.3987,76444
2021-06-17,1.3985,1.4009,1.3896,1.3925,98640
2021-06-18,1.3923,1.3945,1.3792,1.3797,85454
2021-06-21,1.3794,1.3937,1.3786,1.3934,98520
2021-06-22,1.3933,1.3964,1.3860,1.3947,79823
2021-06-23,1.3945,1.4001,1.3924,1.3962,85334
2021-06-24,1.3962,1.3986,1.3890,1.3924,84381
2021-06-25,1.3922,1.3936,1.3872,1.3882,68767
2021-06-28,1.3869,1.3939,1.3869,1.3881,66410
2021-06-29,1.3879,1.3885,1.3814,1.3838,68034
2021-06-30,1.3836,1.3873,1.3799,1.3832,78479
2021-07-01,1.3830,1.3835,1.3753,1.3763,78040
2021-07-02,1.3760,1.3844,1.3732,1.3833,81494
2021-07-05,1.3815,1.3862,1.3815,1.3845,52563
2021-07-06,1.3844,1.3898,1.3773,1.3799,88159
2021-07-07,1.3799,1.3842,1.3754,1.3801,91411
2021-07-08,1.3799,1.3805,1.3742,1.3786,103148
2021-07-09,1.3785,1.3901,1.3755,1.3900,95030
2021-07-12,1.3888,1.3910,1.3839,1.3883,63511
2021-07-13,1.3880,1.3905,1.3800,1.3815,69080
2021-07-14,1.3813,1.3892,1.3802,1.3860,72391
2021-07-15,1.3859,1.3899,1.3805,1.3827,80362
2021-07-16,1.3825,1.3862,1.3760,1.3765,68129
2021-07-19,1.3762,1.3776,1.3655,1.3676,97325
2021-07-20,1.3675,1.3689,1.3572,1.3628,81704
2021-07-21,1.3626,1.3723,1.3591,1.3716,68186
2021-07-22,1.3714,1.3787,1.3691,1.3768,69280
2021-07-23,1.3766,1.3780,1.3720,1.3746,64967
2021-07-26,1.3752,1.3833,1.3737,1.3818,67174
2021-07-27,1.3816,1.3894,1.3767,1.3879,74665
2021-07-28,1.3877,1.3911,1.3843,1.3903,69406
2021-07-29,1.3901,1.3982,1.3898,1.3962,52882
2021-07-30,1.3960,1.3983,1.3887,1.3907,57825
2021-08-02,1.3891,1.3932,1.3876,1.3887,51441
2021-08-03,1.3885,1.3939,1.3870,1.3916,55199
2021-08-04,1.3914,1.3958,1.3886,1.3889,53446
2021-08-05,1.3888,1.3949,1.3872,1.3930,54628
2021-08-06,1.3927,1.3933,1.3861,1.3874,46149
2021-08-09,1.3869,1.3894,1.3841,1.3846,48863
2021-08-10,1.3847,1.3873,1.3828,1.3839,40653
2021-08-11,1.3836,1.3888,1.3803,1.3865,45137
2021-08-12,1.3867,1.3879,1.3795,1.3807,38648
2021-08-13,1.3804,1.3875,1.3791,1.3870,31019
2021-08-16,1.3849,1.3878,1.3828,1.3841,37997
2021-08-17,1.3840,1.3845,1.3726,1.3744,44858
2021-08-18,1.3739,1.3786,1.3724,1.3756,40776
2021-08-19,1.3754,1.3758,1.3632,1.3635,49391
2021-08-20,1.3635,1.3646,1.3602,1.3623,41071
2021-08-23,1.3609,1.3732,1.3608,1.3724,38589
2021-08-24,1.3722,1.3748,1.3694,1.3728,37615
2021-08-25,1.3727,1.3767,1.3697,1.3763,40706
2021-08-26,1.3761,1.3768,1.3689,1.3699,46009
2021-08-27,1.3697,1.3780,1.3680,1.3756,50054
2021-08-30,1.3751,1.3775,1.3734,1.3757,35296
2021-08-31,1.3756,1.3808,1.3743,1.3754,60312
2021-09-01,1.3753,1.3798,1.3730,1.3768,49793
2021-09-02,1.3768,1.3839,1.3765,1.3831,41536
2021-09-03,1.3832,1.3891,1.3818,1.3858,51197
2021-09-06,1.3854,1.3867,1.3819,1.3834,32732
2021-09-07,1.3832,1.3857,1.3768,1.3784,52051
2021-09-08,1.3781,1.3790,1.3726,1.3771,59473
2021-09-09,1.3771,1.3862,1.3753,1.3835,62580
2021-09-10,1.3835,1.3888,1.3825,1.3829,51028
2021-09-13,1.3822,1.3851,1.3797,1.3839,60032
2021-09-14,1.3837,1.3913,1.3803,1.3807,71959
2021-09-15,1.3806,1.3853,1.3792,1.3841,65057
2021-09-16,1.3839,1.3852,1.3764,1.3794,68707
2021-09-17,1.3791,1.3813,1.3726,1.3727,70609
2021-09-20,1.3725,1.3750,1.3641,1.3657,67117
2021-09-21,1.3658,1.3693,1.3641,1.3659,80175
2021-09-22,1.3658,1.3689,1.3609,1.3615,87955
2021-09-23,1.3615,1.3751,1.3609,1.3719,89935
2021-09-24,1.3718,1.3736,1.3658,1.3671,66186
2021-09-27,1.3664,1.3729,1.3657,1.3698,74688
2021-09-28,1.3698,1.3717,1.3520,1.3537,84958
2021-09-29,1.3535,1.3555,1.3412,1.3425,91870
2021-09-30,1.3424,1.3517,1.3416,1.3473,85852
2021-10-01,1.3471,1.3576,1.3433,1.3543,104235
2021-10-04,1.3542,1.3640,1.3532,1.3607,87095
2021-10-05,1.3606,1.3648,1.3584,1.3625,80438
2021-10-06,1.3623,1.3631,1.3544,1.3581,102954
2021-10-07,1.3580,1.3638,1.3570,1.3615,71095
2021-10-08,1.3614,1.3658,1.3583,1.3617,76490
2021-10-11,1.3614,1.3674,1.3584,1.3594,64760
2021-10-12,1.3593,1.3637,1.3569,1.3587,74361
2021-10-13,1.3586,1.3664,1.3575,1.3658,79341
2021-10-14,1.3656,1.3734,1.3650,1.3671,63142
2021-10-15,1.3670,1.3773,1.3667,1.3744,66921
2021-10-18,1.3744,1.3765,1.3709,1.3726,69613
2021-10-19,1.3726,1.3834,1.3720,1.3793,66229
2021-10-20,1.3790,1.3835,1.3742,1.3823,67139
2021-10-21,1.3821,1.3833,1.3776,1.3791,70979
2021-10-22,1.3789,1.3815,1.3736,1.3759,95483
2021-10-25,1.3737,1.3792,1.3737,1.3764,94582
2021-10-26,1.3764,1.3829,1.3757,1.3766,84815
2021-10-27,1.3762,1.3781,1.3709,1.3742,102619
2021-10-28,1.3739,1.3815,1.3722,1.3792,111555
2021-10-29,1.3792,1.3804,1.3668,1.3692,105326
2021-11-01,1.3681,1.3693,1.3642,1.3664,86460
2021-11-02,1.3664,1.3668,1.3605,1.3615,85631
2021-11-03,1.3613,1.3691,1.3607,1.3683,88068
2021-11-04,1.3683,1.3698,1.3471,1.3498,86362
2021-11-05,1.3495,1.3509,1.3424,1.3495,83922
2021-11-08,1.3481,1.3579,1.3450,1.3563,73915
2021-11-09,1.3563,1.3607,1.3524,1.3557,83371
2021-11-10,1.3557,1.3565,1.3400,1.3403,100547
2021-11-11,1.3400,1.3433,1.3358,1.3370,71584
2021-11-12,1.3366,1.3426,1.3353,1.3413,69021
2021-11-15,1.3405,1.3450,1.3403,1.3413,75652
2021-11-16,1.3410,1.3473,1.3405,1.3427,89286
2021-11-17,1.3427,1.3496,1.3396,1.3489,83660
2021-11-18,1.3488,1.3514,1.3463,1.3498,73746
2021-11-19,1.3495,1.3509,1.3407,1.3445,95937
2021-11-22,1.3438,1.3458,1.3384,1.3394,89864
2021-11-23,1.3394,1.3409,1.3342,1.3377,90035
2021-11-24,1.3376,1.3390,1.3315,1.3327,88530
2021-11-25,1.3326,1.3353,1.3305,1.3321,67738
2021-11-26,1.3319,1.3365,1.3278,1.3328,112907
2021-11-29,1.3328,1.3363,1.3287,1.3313,73042
2021-11-30,1.3312,1.3370,1.3194,1.3298,107882
2021-12-01,1.3297,1.3352,1.3261,1.3275,95317
2021-12-02,1.3274,1.3334,1.3268,1.3302,82574
2021-12-03,1.3297,1.3310,1.3209,1.3230,84164
2021-12-06,1.3212,1.3286,1.3211,1.3263,65538
2021-12-07,1.3260,1.3289,1.3209,1.3242,64246
2021-12-08,1.3241,1.3261,1.3160,1.3203,79455
2021-12-09,1.3204,1.3222,1.3171,1.3219,65340
2021-12-10,1.3218,1.3275,1.3187,1.3263,59651
2021-12-13,1.3250,1.3269,1.3206,1.3215,64953
2021-12-14,1.3211,1.3256,1.3191,1.3229,57528
2021-12-15,1.3227,1.3283,1.3172,1.3262,77660
2021-12-16,1.3258,1.3375,1.3241,1.3322,86299
2021-12-17,1.3318,1.3339,1.3230,1.3236,74124
2021-12-20,1.3236,1.3245,1.3173,1.3207,60223
2021-12-21,1.3206,1.3270,1.3197,1.3264,47499
2021-12-22,1.3263,1.3363,1.3240,1.3353,47877
2021-12-23,1.3352,1.3438,1.3340,1.3411,42390
2021-12-24,1.3411,1.3421,1.3390,1.3397,86943
2021-12-27,1.3380,1.3445,1.3380,1.3440,27958
2021-12-28,1.3439,1.3462,1.3415,1.3431,29340
2021-12-29,1.3430,1.3499,1.3408,1.3489,36276
2021-12-30,1.3485,1.3521,1.3454,1.3500,38471
2021-12-31,1.3498,1.3550,1.3465,1.3523,37625
2022-01-03,1.3526,1.3534,1.3431,1.3479,43098
2022-01-04,1.3476,1.3558,1.3460,1.3528,47410
2022-01-05,1.3525,1.3599,1.3520,1.3554,53442
2022-01-06,1.3552,1.3559,1.3490,1.3531,57135
2022-01-07,1.3531,1.3597,1.3525,1.3590,48614
2022-01-10,1.3566,1.3604,1.3532,1.3576,52787
2022-01-11,1.3575,1.3636,1.3561,1.3634,53876
2022-01-12,1.3633,1.3714,1.3621,1.3700,50043
2022-01-13,1.3700,1.3749,1.3698,1.3705,51844
2022-01-14,1.3705,1.3743,1.3653,1.3679,60036
2022-01-17,1.3665,1.3690,1.3637,1.3645,51587
2022-01-18,1.3644,1.3662,1.3573,1.3594,82325
2022-01-19,1.3593,1.3649,1.3588,1.3611,72429
2022-01-20,1.3610,1.3662,1.3587,1.3598,71159
2022-01-21,1.3598,1.3602,1.3546,1.3551,82492
2022-01-24,1.3545,1.3565,1.3440,1.3487,87791
2022-01-25,1.3486,1.3519,1.3436,1.3502,100174
2022-01-26,1.3499,1.3525,1.3444,1.3462,103684
2022-01-27,1.3462,1.3468,1.3358,1.3382,123264
2022-01-28,1.3380,1.3433,1.3365,1.3394,114947
2022-01-31,1.3391,1.3461,1.3386,1.3446,93435
2022-02-01,1.3444,1.3528,1.3434,1.3522,94612
2022-02-02,1.3519,1.3587,1.3514,1.3576,85894
2022-02-03,1.3573,1.3628,1.3538,1.3596,111490
2022-02-04,1.3594,1.3615,1.3505,1.3527,98214
2022-02-07,1.3534,1.3551,1.3491,1.3535,79501
2022-02-08,1.3536,1.3564,1.3507,1.3543,70388
2022-02-09,1.3543,1.3589,1.3527,1.3533,65377
2022-02-10,1.3532,1.3643,1.3523,1.3557,107047
2022-02-11,1.3557,1.3610,1.3514,1.3560,125374
2022-02-14,1.3543,1.3572,1.3495,1.3530,113220
2022-02-15,1.3527,1.3567,1.3486,1.3537,93173
2022-02-16,1.3537,1.3601,1.3527,1.3584,88263
2022-02-17,1.3583,1.3638,1.3555,1.3616,114888
2022-02-18,1.3613,1.3643,1.3573,1.3592,90542
2022-02-21,1.3578,1.3639,1.3578,1.3600,82820
2022-02-22,1.3598,1.3604,1.3538,1.3585,105989
2022-02-23,1.3583,1.3620,1.3536,1.3543,92395
2022-02-24,1.3540,1.3549,1.3273,1.3376,182335
2022-02-25,1.3375,1.3439,1.3367,1.3410,118744
2022-02-28,1.3322,1.3432,1.3322,1.3418,133689
2022-03-01,1.3417,1.3438,1.3302,1.3324,110638
2022-03-02,1.3322,1.3406,1.3271,1.3405,125789
2022-03-03,1.3403,1.3418,1.3317,1.3347,107707
2022-03-04,1.3342,1.3353,1.3202,1.3233,126486
