time,open,high,low,close,volume
2012-12-03,0.9274,0.9278,0.9241,0.9253,86089
2012-12-04,0.9252,0.9293,0.9245,0.9266,87664
2012-12-05,0.9266,0.9299,0.9250,0.9262,58495
2012-12-06,0.9262,0.9339,0.9255,0.9331,86884
2012-12-07,0.9331,0.9382,0.9319,0.9343,80612
2012-12-10,0.9364,0.9369,0.9326,0.9335,77400
2012-12-11,0.9335,0.9369,0.9316,0.9317,82001
2012-12-12,0.9317,0.9326,0.9243,0.9264,81279
2012-12-13,0.9264,0.9275,0.9225,0.9236,84226
2012-12-14,0.9236,0.9247,0.9165,0.9174,82486
2012-12-17,0.9166,0.9194,0.9165,0.9177,77786
2012-12-18,0.9178,0.9186,0.9123,0.9133,78218
2012-12-19,0.9133,0.9153,0.9087,0.9148,90114
2012-12-20,0.9148,0.9148,0.9083,0.9113,85306
2012-12-21,0.9113,0.9178,0.9113,0.9155,89328
2012-12-24,0.9163,0.9170,0.9124,0.9154,52664
2012-12-26,0.9154,0.9157,0.9111,0.9131,51518
2012-12-27,0.9131,0.9157,0.9094,0.9133,84732
2012-12-28,0.9133,0.9181,0.9116,0.9133,81261
2012-12-31,0.9135,0.9166,0.9120,0.9146,63853
2013-01-01,0.9148,0.9153,0.9129,0.9145,1448
2013-01-02,0.9144,0.9198,0.9077,0.9173,102137
2013-01-03,0.9173,0.9279,0.9173,0.9272,93634
2013-01-04,0.9272,0.9302,0.9231,0.9244,94519
2013-01-07,0.9242,0.9286,0.9203,0.9204,92507
2013-01-08,0.9204,0.9257,0.9201,0.9240,93897
2013-01-09,0.9240,0.9273,0.9231,0.9257,91555
2013-01-10,0.9257,0.9268,0.9128,0.9138,100280
2013-01-11,0.9138,0.9178,0.9110,0.9133,98954
2013-01-14,0.9140,0.9228,0.9119,0.9221,103408
2013-01-15,0.9221,0.9332,0.9210,0.9323,115655
2013-01-16,0.9323,0.9329,0.9285,0.9308,105900
2013-01-17,0.9308,0.9359,0.9297,0.9325,110883
2013-01-18,0.9325,0.9388,0.9304,0.9337,107699
2013-01-21,0.9347,0.9349,0.9307,0.9321,87011
2013-01-22,0.9320,0.9346,0.9274,0.9288,107982
2013-01-23,0.9288,0.9315,0.9276,0.9300,97392
2013-01-24,0.9300,0.9324,0.9279,0.9285,98107
2013-01-25,0.9285,0.9306,0.9222,0.9263,102705
2013-01-28,0.9271,0.9292,0.9257,0.9264,98270
2013-01-29,0.9265,0.9267,0.9193,0.9217,96713
2013-01-30,0.9217,0.9226,0.9093,0.9112,100490
2013-01-31,0.9112,0.9120,0.9075,0.9100,98830
2013-02-01,0.9100,0.9108,0.9021,0.9075,106566
2013-02-04,0.9083,0.9117,0.9072,0.9089,99001
2013-02-05,0.9089,0.9116,0.9071,0.9079,104748
2013-02-06,0.9079,0.9149,0.9056,0.9099,103806
2013-02-07,0.9099,0.9201,0.9065,0.9185,104741
2013-02-08,0.9185,0.9190,0.9155,0.9168,88882
2013-02-11,0.9174,0.9212,0.9156,0.9205,89609
2013-02-12,0.9205,0.9214,0.9150,0.9169,95213
2013-02-13,0.9169,0.9196,0.9152,0.9171,91259
2013-02-14,0.9171,0.9245,0.9167,0.9215,100347
2013-02-15,0.9214,0.9241,0.9204,0.9216,92308
2013-02-18,0.9225,0.9257,0.9210,0.9231,83626
2013-02-19,0.9231,0.9249,0.9214,0.9228,85410
2013-02-20,0.9228,0.9285,0.9183,0.9268,97967
2013-02-21,0.9269,0.9332,0.9269,0.9305,102840
2013-02-22,0.9304,0.9328,0.9283,0.9294,93690
2013-02-25,0.9310,0.9338,0.9232,0.9323,118406
2013-02-26,0.9323,0.9335,0.9286,0.9319,122489
2013-02-27,0.9320,0.9331,0.9285,0.9296,113934
2013-02-28,0.9296,0.9373,0.9280,0.9364,105430
2013-03-01,0.9364,0.9462,0.9351,0.9423,104848
2013-03-04,0.9423,0.9440,0.9406,0.9406,11677
2013-03-05,0.9407,0.9433,0.9393,0.9411,13485
2013-03-06,0.9412,0.9489,0.9402,0.9484,23936
2013-03-07,0.9484,0.9488,0.9410,0.9425,46479
2013-03-08,0.9425,0.9551,0.9417,0.9509,34812
2013-03-11,0.9524,0.9529,0.9466,0.9474,33184
2013-03-12,0.9474,0.9504,0.9436,0.9473,39250
2013-03-13,0.9473,0.9532,0.9429,0.9525,37214
2013-03-14,0.9525,0.9566,0.9451,0.9464,41640
2013-03-15,0.9465,0.9476,0.9379,0.9385,40015
2013-03-18,0.9443,0.9486,0.9416,0.9468,48917
2013-03-19,0.9468,0.9491,0.9425,0.9480,47626
2013-03-20,0.9480,0.9481,0.9411,0.9451,44013
2013-03-21,0.9451,0.9482,0.9438,0.9465,47029
2013-03-22,0.9465,0.9474,0.9396,0.9409,42499
2013-03-25,0.9410,0.9496,0.9351,0.9482,50809
2013-03-26,0.9481,0.9504,0.9472,0.9479,39052
2013-03-27,0.9479,0.9553,0.9476,0.9537,38148
2013-03-28,0.9537,0.9548,0.9466,0.9495,36252
2013-03-29,0.9494,0.9511,0.9480,0.9488,24154
2013-04-01,0.9496,0.9526,0.9456,0.9468,23141
2013-04-02,0.9468,0.9497,0.9444,0.9487,34207
2013-04-03,0.9487,0.9520,0.9442,0.9454,32441
2013-04-04,0.9453,0.9526,0.9382,0.9397,41458
2013-04-05,0.9398,0.9433,0.9313,0.9341,38666
2013-04-08,0.9339,0.9361,0.9328,0.9346,33758
2013-04-09,0.9346,0.9366,0.9307,0.9326,36629
2013-04-10,0.9326,0.9336,0.9294,0.9326,32249
2013-04-11,0.9326,0.9339,0.9278,0.9308,33128
2013-04-12,0.9308,0.9332,0.9264,0.9270,34543
2013-04-15,0.9275,0.9326,0.9268,0.9307,44486
2013-04-16,0.9307,0.9326,0.9207,0.9222,45773
2013-04-17,0.9222,0.9338,0.9206,0.9326,47221
2013-04-18,0.9326,0.9334,0.9289,0.9327,44500
2013-04-19,0.9327,0.9342,0.9276,0.9336,40144
2013-04-22,0.9324,0.9371,0.9314,0.9343,32764
2013-04-23,0.9343,0.9456,0.9327,0.9452,38450
2013-04-24,0.9452,0.9499,0.9443,0.9472,35970
2013-04-25,0.9473,0.9484,0.9422,0.9448,35647
2013-04-26,0.9448,0.9456,0.9402,0.9423,37655
2013-04-29,0.9411,0.9429,0.9354,0.9371,33419
2013-04-30,0.9371,0.9384,0.9278,0.9294,37122
2013-05-01,0.9294,0.9309,0.9247,0.9270,31999
2013-05-02,0.9270,0.9362,0.9264,0.9351,40114
2013-05-03,0.9351,0.9398,0.9303,0.9350,37719
2013-05-06,0.9352,0.9397,0.9338,0.9384,26519
2013-05-07,0.9384,0.9436,0.9366,0.9403,31200
2013-05-08,0.9403,0.9411,0.9337,0.9350,34529
2013-05-09,0.9350,0.9498,0.9333,0.9481,36786
2013-05-10,0.9481,0.9628,0.9476,0.9566,49348
2013-05-13,0.9585,0.9596,0.9547,0.9570,40595
2013-05-14,0.9571,0.9673,0.9521,0.9660,46461
2013-05-15,0.9660,0.9748,0.9643,0.9658,45288
2013-05-16,0.9659,0.9708,0.9578,0.9644,43487
2013-05-17,0.9644,0.9761,0.9637,0.9721,39802
2013-05-20,0.9698,0.9719,0.9648,0.9666,36860
2013-05-21,0.9666,0.9750,0.9654,0.9702,43779
2013-05-22,0.9702,0.9838,0.9679,0.9791,57304
2013-05-23,0.9791,0.9817,0.9634,0.9687,66888
2013-05-24,0.9687,0.9716,0.9590,0.9607,52442
2013-05-27,0.9618,0.9648,0.9592,0.9624,32352
2013-05-28,0.9624,0.9780,0.9624,0.9766,55056
2013-05-29,0.9766,0.9790,0.9600,0.9618,63490
2013-05-30,0.9619,0.9650,0.9526,0.9533,61699
2013-05-31,0.9533,0.9625,0.9511,0.9546,60558
2013-06-03,0.9573,0.9624,0.9408,0.9472,55021
2013-06-04,0.9472,0.9520,0.9453,0.9469,54356
2013-06-05,0.9470,0.9494,0.9395,0.9419,60061
2013-06-06,0.9421,0.9438,0.9225,0.9290,86483
2013-06-07,0.9290,0.9374,0.9248,0.9354,90110
2013-06-10,0.9370,0.9418,0.9318,0.9334,73931
2013-06-11,0.9336,0.9349,0.9224,0.9245,85921
2013-06-12,0.9245,0.9287,0.9173,0.9204,78385
2013-06-13,0.9206,0.9258,0.9130,0.9216,86904
2013-06-14,0.9221,0.9270,0.9196,0.9205,50413
2013-06-17,0.9218,0.9272,0.9214,0.9227,39312
2013-06-18,0.9227,0.9262,0.9175,0.9199,44212
2013-06-19,0.9199,0.9322,0.9180,0.9280,46602
2013-06-20,0.9280,0.9361,0.9251,0.9270,71070
2013-06-21,0.9270,0.9368,0.9242,0.9336,53073
2013-06-24,0.9355,0.9381,0.9310,0.9329,57971
2013-06-25,0.9329,0.9407,0.9319,0.9379,51328
2013-06-26,0.9379,0.9443,0.9372,0.9429,49785
2013-06-27,0.9428,0.9487,0.9406,0.9450,72106
2013-06-28,0.9450,0.9475,0.9411,0.9444,75206
2013-07-01,0.9447,0.9503,0.9438,0.9450,41084
2013-07-02,0.9450,0.9529,0.9445,0.9504,43232
2013-07-03,0.9504,0.9523,0.9446,0.9466,48385
2013-07-04,0.9466,0.9584,0.9459,0.9561,39214
2013-07-05,0.9560,0.9660,0.9560,0.9633,46396
2013-07-08,0.9657,0.9666,0.9625,0.9636,38472
2013-07-09,0.9636,0.9751,0.9633,0.9728,47040
2013-07-10,0.9728,0.9745,0.9534,0.9535,52113
2013-07-11,0.9535,0.9548,0.9404,0.9465,67956
2013-07-12,0.9466,0.9514,0.9438,0.9457,41797
2013-07-15,0.9457,0.9534,0.9456,0.9481,38863
2013-07-16,0.9481,0.9494,0.9379,0.9397,47683
2013-07-17,0.9397,0.9445,0.9359,0.9411,48614
2013-07-18,0.9411,0.9477,0.9405,0.9441,41790
2013-07-19,0.9441,0.9461,0.9397,0.9405,38254
2013-07-22,0.9413,0.9413,0.9322,0.9361,36662
2013-07-23,0.9361,0.9406,0.9342,0.9348,39435
2013-07-24,0.9348,0.9388,0.9340,0.9372,42298
2013-07-25,0.9372,0.9395,0.9283,0.9300,44103
2013-07-26,0.9300,0.9305,0.9264,0.9278,38167
2013-07-29,0.9284,0.9322,0.9270,0.9311,35534
2013-07-30,0.9311,0.9325,0.9273,0.9296,37254
2013-07-31,0.9296,0.9337,0.9228,0.9264,49081
2013-08-01,0.9264,0.9372,0.9253,0.9365,43415
2013-08-02,0.9365,0.9389,0.9274,0.9288,43181
2013-08-05,0.9289,0.9333,0.9268,0.9276,38664
2013-08-06,0.9276,0.9296,0.9238,0.9258,41376
2013-08-07,0.9258,0.9288,0.9207,0.9215,47558
2013-08-08,0.9215,0.9229,0.9175,0.9198,42192
2013-08-09,0.9198,0.9229,0.9190,0.9216,34602
2013-08-12,0.9221,0.9285,0.9216,0.9259,35906
2013-08-13,0.9259,0.9348,0.9257,0.9330,43540
2013-08-14,0.9331,0.9377,0.9323,0.9349,41063
2013-08-15,0.9349,0.9396,0.9247,0.9257,53699
2013-08-16,0.9257,0.9288,0.9217,0.9262,43918
2013-08-19,0.9260,0.9285,0.9228,0.9241,38156
2013-08-20,0.9241,0.9251,0.9147,0.9171,47007
2013-08-21,0.9171,0.9235,0.9162,0.9220,45999
2013-08-22,0.9220,0.9290,0.9220,0.9234,43175
2013-08-23,0.9234,0.9263,0.9190,0.9212,43232
2013-08-26,0.9207,0.9246,0.9207,0.9226,29330
2013-08-27,0.9226,0.9229,0.9171,0.9174,44462
2013-08-28,0.9174,0.9235,0.9170,0.9219,43817
2013-08-29,0.9219,0.9321,0.9218,0.9311,43824
2013-08-30,0.9311,0.9332,0.9289,0.9292,39574
2013-09-02,0.9312,0.9349,0.9310,0.9341,30403
2013-09-03,0.9342,0.9382,0.9342,0.9367,37069
2013-09-04,0.9367,0.9382,0.9347,0.9356,32138
2013-09-05,0.9355,0.9455,0.9353,0.9450,35683
2013-09-06,0.9450,0.9455,0.9346,0.9376,33037
2013-09-09,0.9382,0.9392,0.9301,0.9322,29866
2013-09-10,0.9322,0.9366,0.9316,0.9349,31582
2013-09-11,0.9349,0.9371,0.9285,0.9305,31806
2013-09-12,0.9305,0.9335,0.9272,0.9303,32516
2013-09-13,0.9303,0.9341,0.9281,0.9296,30011
2013-09-16,0.9245,0.9278,0.9235,0.9273,28907
2013-09-17,0.9273,0.9279,0.9252,0.9258,26062
2013-09-18,0.9258,0.9268,0.9109,0.9132,34608
2013-09-19,0.9132,0.9138,0.9090,0.9106,38438
2013-09-20,0.9106,0.9127,0.9089,0.9101,29915
2013-09-23,0.9098,0.9130,0.9084,0.9109,28988
2013-09-24,0.9109,0.9133,0.9099,0.9129,29801
2013-09-25,0.9129,0.9137,0.9078,0.9095,27506
2013-09-26,0.9095,0.9117,0.9087,0.9102,29743
2013-09-27,0.9102,0.9111,0.9021,0.9055,28921
2013-09-30,0.9067,0.9068,0.9025,0.9049,30734
2013-10-01,0.9050,0.9075,0.8992,0.9058,35943
2013-10-02,0.9058,0.9077,0.8994,0.9024,34969
2013-10-03,0.9024,0.9033,0.8967,0.8991,35844
2013-10-04,0.8991,0.9082,0.8978,0.9069,32762
2013-10-07,0.9065,0.9068,0.9016,0.9033,30926
2013-10-08,0.9032,0.9066,0.9023,0.9040,30993
2013-10-09,0.9040,0.9128,0.9015,0.9100,36104
2013-10-10,0.9100,0.9131,0.9082,0.9111,31380
2013-10-11,0.9111,0.9132,0.9070,0.9113,30006
2013-10-14,0.9097,0.9122,0.9064,0.9103,24706
2013-10-15,0.9104,0.9178,0.9093,0.9124,35589
2013-10-16,0.9124,0.9175,0.9098,0.9133,35262
2013-10-17,0.9133,0.9146,0.9008,0.9024,38323
2013-10-18,0.9024,0.9037,0.9004,0.9015,28858
2013-10-21,0.9018,0.9045,0.9005,0.9021,28891
2013-10-22,0.9021,0.9039,0.8940,0.8949,30815
2013-10-23,0.8950,0.8965,0.8911,0.8923,34773
2013-10-24,0.8923,0.8928,0.8890,0.8924,33955
2013-10-25,0.8924,0.8965,0.8892,0.8923,33104
2013-10-28,0.8924,0.8963,0.8921,0.8958,28740
2013-10-29,0.8959,0.9002,0.8943,0.8987,36940
2013-10-30,0.8987,0.9024,0.8950,0.9004,34321
2013-10-31,0.9004,0.9075,0.8989,0.9070,42346
2013-11-01,0.9070,0.9138,0.9068,0.9119,37026
2013-11-04,0.9120,0.9152,0.9091,0.9099,26131
2013-11-05,0.9099,0.9147,0.9094,0.9135,34011
2013-11-06,0.9135,0.9139,0.9098,0.9119,30257
2013-11-07,0.9119,0.9250,0.9109,0.9162,43372
2013-11-08,0.9162,0.9247,0.9154,0.9211,37985
2013-11-11,0.9222,0.9231,0.9189,0.9194,27635
2013-11-12,0.9195,0.9226,0.9155,0.9174,37386
2013-11-13,0.9175,0.9201,0.9124,0.9139,38167
2013-11-14,0.9139,0.9188,0.9131,0.9165,39526
2013-11-15,0.9165,0.9191,0.9130,0.9146,33048
2013-11-18,0.9147,0.9162,0.9095,0.9127,33374
2013-11-19,0.9127,0.9144,0.9103,0.9110,36815
2013-11-20,0.9110,0.9191,0.9079,0.9162,41402
2013-11-21,0.9162,0.9188,0.9125,0.9135,41109
2013-11-22,0.9135,0.9150,0.9062,0.9065,32692
2013-11-25,0.9066,0.9131,0.9062,0.9113,30025
2013-11-26,0.9113,0.9115,0.9059,0.9069,31386
2013-11-27,0.9069,0.9092,0.9041,0.9075,35643
2013-11-28,0.9075,0.9086,0.9041,0.9058,27546
2013-11-29,0.9058,0.9071,0.9028,0.9059,34938
2013-12-02,0.9061,0.9110,0.9043,0.9089,36007
2013-12-03,0.9089,0.9101,0.9021,0.9045,37951
2013-12-04,0.9045,0.9076,0.9013,0.9025,43673
2013-12-05,0.9025,0.9049,0.8957,0.8964,44396
2013-12-06,0.8963,0.8984,0.8910,0.8910,38075
2013-12-09,0.8917,0.8934,0.8895,0.8903,30436
2013-12-10,0.8903,0.8908,0.8850,0.8875,34614
2013-12-11,0.8875,0.8886,0.8840,0.8863,34177
2013-12-12,0.8863,0.8909,0.8848,0.8893,41057
2013-12-13,0.8892,0.8917,0.8881,0.8886,34520
2013-12-16,0.8894,0.8902,0.8846,0.8873,33021
2013-12-17,0.8872,0.8895,0.8832,0.8848,32954
2013-12-18,0.8848,0.8952,0.8840,0.8951,41617
2013-12-19,0.8951,0.8986,0.8934,0.8981,39630
2013-12-20,0.8981,0.9001,0.8932,0.8954,37406
2013-12-23,0.8959,0.8967,0.8918,0.8936,25711
2013-12-24,0.8935,0.8972,0.8935,0.8958,18424
2013-12-26,0.8960,0.8968,0.8949,0.8964,15847
2013-12-27,0.8964,0.8965,0.8800,0.8910,35376
2013-12-30,0.8908,0.8931,0.8860,0.8882,30979
2013-12-31,0.8882,0.8919,0.8866,0.8886,21521
2014-01-01,0.8915,0.8929,0.8911,0.8919,1490
2014-01-02,0.8919,0.9029,0.8908,0.8993,58601
2014-01-03,0.8993,0.9057,0.8989,0.9047,36636
2014-01-06,0.9048,0.9070,0.9020,0.9036,37547
2014-01-07,0.9037,0.9099,0.9037,0.9093,37250
2014-01-08,0.9092,0.9127,0.9076,0.9114,41079
2014-01-09,0.9113,0.9124,0.9063,0.9072,39618
2014-01-10,0.9072,0.9090,0.9005,0.9021,37119
2014-01-13,0.9021,0.9048,0.8986,0.8992,35677
2014-01-14,0.8992,0.9031,0.8986,0.9028,35830
2014-01-15,0.9028,0.9108,0.9026,0.9089,35367
2014-01-16,0.9089,0.9103,0.9032,0.9045,35747
2014-01-17,0.9045,0.9119,0.9044,0.9097,32260
2014-01-20,0.9108,0.9132,0.9089,0.9102,25869
2014-01-21,0.9102,0.9156,0.9084,0.9104,35146
2014-01-22,0.9103,0.9122,0.9089,0.9116,32345
2014-01-23,0.9115,0.9134,0.8964,0.8974,43023
2014-01-24,0.8974,0.8991,0.8903,0.8940,41385
2014-01-27,0.8942,0.8984,0.8932,0.8962,36978
2014-01-28,0.8962,0.9010,0.8954,0.9002,33865
2014-01-29,0.9002,0.9009,0.8935,0.8944,40910
2014-01-30,0.8944,0.9047,0.8944,0.9025,39188
2014-01-31,0.9025,0.9080,0.9008,0.9058,38849
2014-02-03,0.9064,0.9081,0.9004,0.9012,37855
2014-02-04,0.9012,0.9062,0.9008,0.9038,35357
2014-02-05,0.9038,0.9057,0.9004,0.9037,44087
2014-02-06,0.9037,0.9063,0.8968,0.9008,45050
2014-02-07,0.9008,0.9022,0.8960,0.8982,41934
2014-02-10,0.8983,0.8993,0.8959,0.8966,27016
2014-02-11,0.8966,0.8988,0.8940,0.8982,31245
2014-02-12,0.8982,0.9038,0.8968,0.9004,31086
2014-02-13,0.9004,0.9010,0.8918,0.8934,33593
2014-02-14,0.8934,0.8940,0.8903,0.8923,28959
2014-02-17,0.8919,0.8926,0.8900,0.8913,23215
2014-02-18,0.8913,0.8928,0.8869,0.8879,33260
2014-02-19,0.8878,0.8895,0.8856,0.8887,28898
2014-02-20,0.8887,0.8914,0.8859,0.8895,32232
2014-02-21,0.8895,0.8911,0.8867,0.8879,26841
2014-02-24,0.8873,0.8910,0.8853,0.8888,27395
2014-02-25,0.8888,0.8891,0.8854,0.8869,27600
2014-02-26,0.8869,0.8930,0.8866,0.8907,30421
2014-02-27,0.8907,0.8919,0.8871,0.8883,31464
2014-02-28,0.8883,0.8889,0.8777,0.8798,36097
2014-03-03,0.8783,0.8836,0.8782,0.8832,34228
2014-03-04,0.8832,0.8879,0.8824,0.8875,32041
2014-03-05,0.8875,0.8895,0.8860,0.8871,30452
2014-03-06,0.8871,0.8891,0.8795,0.8800,34016
2014-03-07,0.8799,0.8816,0.8756,0.8774,47357
2014-03-10,0.8780,0.8793,0.8761,0.8777,52115
2014-03-11,0.8777,0.8805,0.8766,0.8779,55966
2014-03-12,0.8779,0.8788,0.8734,0.8740,63998
2014-03-13,0.8740,0.8764,0.8699,0.8747,85992
2014-03-14,0.8747,0.8762,0.8703,0.8720,69806
2014-03-17,0.8726,0.8756,0.8714,0.8734,59570
2014-03-18,0.8734,0.8769,0.8724,0.8732,66358
2014-03-19,0.8731,0.8829,0.8730,0.8814,72995
2014-03-20,0.8814,0.8869,0.8800,0.8836,77416
2014-03-21,0.8836,0.8842,0.8815,0.8828,53689
2014-03-24,0.8827,0.8866,0.8787,0.8807,64028
2014-03-25,0.8807,0.8879,0.8801,0.8828,77780
2014-03-26,0.8828,0.8870,0.8826,0.8851,73339
2014-03-27,0.8851,0.8873,0.8841,0.8865,76194
2014-03-28,0.8865,0.8899,0.8848,0.8867,68710
2014-03-31,0.8868,0.8889,0.8824,0.8841,79213
2014-04-01,0.8841,0.8849,0.8815,0.8835,59777
2014-04-02,0.8835,0.8875,0.8819,0.8867,59269
2014-04-03,0.8867,0.8927,0.8843,0.8911,73210
2014-04-04,0.8911,0.8953,0.8904,0.8916,73074
2014-04-07,0.8919,0.8923,0.8872,0.8878,47748
2014-04-08,0.8878,0.8879,0.8826,0.8837,66218
2014-04-09,0.8837,0.8846,0.8789,0.8796,64328
2014-04-10,0.8796,0.8805,0.8751,0.8762,41975
2014-04-11,0.8762,0.8771,0.8743,0.8758,39793
2014-04-14,0.8768,0.8805,0.8764,0.8798,38015
2014-04-15,0.8798,0.8819,0.8783,0.8802,38353
2014-04-16,0.8802,0.8827,0.8781,0.8817,34278
2014-04-17,0.8817,0.8836,0.8777,0.8827,31390
2014-04-18,0.8828,0.8835,0.8823,0.8833,13268
2014-04-21,0.8831,0.8852,0.8819,0.8849,18379
2014-04-22,0.8849,0.8861,0.8832,0.8849,28866
2014-04-23,0.8849,0.8853,0.8807,0.8833,33636
2014-04-24,0.8833,0.8856,0.8813,0.8817,33458
2014-04-25,0.8817,0.8821,0.8802,0.8817,27376
2014-04-28,0.8807,0.8826,0.8770,0.8803,32461
2014-04-29,0.8803,0.8846,0.8786,0.8835,34822
2014-04-30,0.8835,0.8851,0.8791,0.8801,40934
2014-05-01,0.8801,0.8802,0.8782,0.8793,28186
2014-05-02,0.8792,0.8841,0.8773,0.8779,48708
2014-05-05,0.8775,0.8781,0.8766,0.8778,24468
2014-05-06,0.8778,0.8780,0.8721,0.8744,40632
2014-05-07,0.8744,0.8764,0.8734,0.8762,56498
2014-05-08,0.8762,0.8805,0.8703,0.8802,57406
2014-05-09,0.8802,0.8873,0.8800,0.8862,41317
2014-05-12,0.8867,0.8881,0.8858,0.8878,31956
2014-05-13,0.8877,0.8908,0.8865,0.8900,45226
2014-05-14,0.8900,0.8904,0.8883,0.8897,34494
2014-05-15,0.8897,0.8960,0.8882,0.8909,39339
2014-05-16,0.8909,0.8926,0.8898,0.8925,45465
2014-05-19,0.8921,0.8924,0.8904,0.8922,54336
2014-05-20,0.8922,0.8939,0.8913,0.8920,56085
2014-05-21,0.8920,0.8964,0.8897,0.8933,63018
2014-05-22,0.8932,0.8952,0.8923,0.8942,41937
2014-05-23,0.8942,0.8972,0.8941,0.8952,40970
2014-05-26,0.8959,0.8966,0.8939,0.8948,23558
2014-05-27,0.8948,0.8981,0.8937,0.8967,25678
2014-05-28,0.8967,0.8989,0.8964,0.8982,26901
2014-05-29,0.8982,0.8983,0.8955,0.8977,25625
2014-05-30,0.8977,0.8982,0.8932,0.8950,26763
2014-06-02,0.8953,0.8995,0.8952,0.8985,30776
2014-06-03,0.8985,0.8995,0.8951,0.8963,31507
2014-06-04,0.8963,0.8982,0.8949,0.8970,33227
2014-06-05,0.8970,0.9036,0.8908,0.8913,46146
2014-06-06,0.8913,0.8951,0.8909,0.8933,36323
2014-06-09,0.8931,0.8979,0.8919,0.8970,30215
2014-06-10,0.8971,0.9008,0.8964,0.8992,33897
2014-06-11,0.8992,0.9011,0.8980,0.8997,36092
2014-06-12,0.8997,0.9012,0.8970,0.8983,36433
2014-06-13,0.8983,0.9011,0.8960,0.8990,33258
2014-06-16,0.9000,0.9013,0.8965,0.8972,32775
2014-06-17,0.8972,0.9005,0.8964,0.8993,31030
2014-06-18,0.8994,0.8999,0.8955,0.8962,37317
2014-06-19,0.8962,0.8966,0.8910,0.8941,36047
2014-06-20,0.8941,0.8974,0.8924,0.8946,30400
2014-06-23,0.8952,0.8968,0.8940,0.8941,29804
2014-06-24,0.8941,0.8958,0.8925,0.8940,31471
2014-06-25,0.8940,0.8945,0.8908,0.8927,29007
2014-06-26,0.8927,0.8956,0.8921,0.8935,30215
2014-06-27,0.8935,0.8938,0.8905,0.8905,29739
2014-06-30,0.8908,0.8914,0.8862,0.8866,41429
2014-07-01,0.8866,0.8878,0.8856,0.8874,55320
2014-07-02,0.8874,0.8898,0.8872,0.8889,54175
2014-07-03,0.8889,0.8943,0.8886,0.8933,65119
2014-07-04,0.8933,0.8951,0.8930,0.8938,42561
2014-07-07,0.8944,0.8959,0.8929,0.8934,58124
2014-07-08,0.8933,0.8946,0.8921,0.8929,61253
2014-07-09,0.8929,0.8937,0.8905,0.8910,62913
2014-07-10,0.8910,0.8934,0.8902,0.8925,67758
2014-07-11,0.8925,0.8933,0.8911,0.8920,60566
2014-07-14,0.8920,0.8932,0.8898,0.8918,58515
2014-07-15,0.8918,0.8962,0.8911,0.8957,61316
2014-07-16,0.8957,0.8989,0.8955,0.8982,27073
2014-07-17,0.8982,0.8987,0.8969,0.8974,27889
2014-07-18,0.8974,0.9003,0.8970,0.8979,27740
2014-07-21,0.8977,0.8989,0.8970,0.8980,24548
2014-07-22,0.8980,0.9026,0.8977,0.9023,39990
2014-07-23,0.9023,0.9031,0.9015,0.9022,38282
2014-07-24,0.9022,0.9037,0.9007,0.9025,42576
2014-07-25,0.9025,0.9051,0.9017,0.9040,42366
2014-07-28,0.9046,0.9051,0.9035,0.9039,38469
2014-07-29,0.9039,0.9074,0.9036,0.9068,44909
2014-07-30,0.9068,0.9105,0.9064,0.9086,51234
2014-07-31,0.9086,0.9103,0.9075,0.9086,33101
2014-08-01,0.9086,0.9096,0.9040,0.9053,35977
2014-08-04,0.9056,0.9072,0.9056,0.9066,30775
2014-08-05,0.9066,0.9111,0.9064,0.9094,40028
2014-08-06,0.9094,0.9114,0.9070,0.9074,44491
2014-08-07,0.9074,0.9105,0.9066,0.9088,45572
2014-08-08,0.9088,0.9098,0.9032,0.9049,48712
2014-08-11,0.9055,0.9067,0.9055,0.9065,31317
2014-08-12,0.9065,0.9103,0.9064,0.9074,35093
2014-08-13,0.9074,0.9098,0.9041,0.9075,39851
2014-08-14,0.9075,0.9085,0.9034,0.9065,39243
2014-08-15,0.9066,0.9071,0.9018,0.9018,41188
2014-08-18,0.9033,0.9069,0.9025,0.9065,27290
2014-08-19,0.9065,0.9094,0.9056,0.9093,37117
2014-08-20,0.9093,0.9138,0.9090,0.9134,45032
2014-08-21,0.9134,0.9145,0.9110,0.9113,38747
2014-08-22,0.9113,0.9154,0.9103,0.9133,42256
2014-08-25,0.9173,0.9173,0.9142,0.9155,36485
2014-08-26,0.9156,0.9180,0.9137,0.9174,46239
2014-08-27,0.9174,0.9185,0.9137,0.9147,47346
2014-08-28,0.9147,0.9161,0.9125,0.9151,61307
2014-08-29,0.9150,0.9184,0.9139,0.9181,60483
2014-09-01,0.9186,0.9197,0.9177,0.9195,28845
2014-09-02,0.9195,0.9212,0.9187,0.9191,42935
2014-09-03,0.9191,0.9201,0.9176,0.9177,45752
2014-09-04,0.9177,0.9329,0.9176,0.9325,62742
2014-09-05,0.9325,0.9336,0.9283,0.9310,54855
2014-09-08,0.9310,0.9359,0.9307,0.9352,57986
2014-09-09,0.9352,0.9380,0.9315,0.9327,66117
2014-09-10,0.9327,0.9395,0.9319,0.9367,62746
2014-09-11,0.9366,0.9376,0.9336,0.9356,51329
2014-09-12,0.9356,0.9368,0.9320,0.9328,61955
2014-09-15,0.9333,0.9373,0.9331,0.9354,54220
2014-09-16,0.9354,0.9363,0.9301,0.9327,64178
2014-09-17,0.9326,0.9428,0.9323,0.9425,69935
2014-09-18,0.9424,0.9433,0.9332,0.9342,70317
2014-09-19,0.9342,0.9410,0.9334,0.9406,69694
2014-09-22,0.9411,0.9421,0.9376,0.9400,111543
2014-09-23,0.9400,0.9403,0.9353,0.9397,56715
2014-09-24,0.9397,0.9458,0.9389,0.9458,57777
2014-09-25,0.9457,0.9515,0.9452,0.9468,72336
2014-09-26,0.9468,0.9519,0.9460,0.9512,59627
2014-09-29,0.9516,0.9532,0.9489,0.9512,61237
2014-09-30,0.9512,0.9597,0.9499,0.9551,72112
2014-10-01,0.9551,0.9596,0.9545,0.9565,73776
2014-10-02,0.9565,0.9577,0.9517,0.9537,84718
2014-10-03,0.9537,0.9684,0.9537,0.9672,64096
2014-10-06,0.9677,0.9681,0.9567,0.9584,58666
2014-10-07,0.9584,0.9625,0.9556,0.9569,86142
2014-10-08,0.9568,0.9601,0.9510,0.9522,86315
2014-10-09,0.9522,0.9559,0.9469,0.9543,92306
2014-10-10,0.9543,0.9593,0.9527,0.9570,78750
2014-10-13,0.9568,0.9569,0.9468,0.9487,78268
2014-10-14,0.9487,0.9555,0.9482,0.9538,80794
2014-10-15,0.9538,0.9562,0.9360,0.9420,116116
2014-10-16,0.9420,0.9491,0.9401,0.9430,112606
2014-10-17,0.9430,0.9474,0.9406,0.9456,69908
2014-10-20,0.9466,0.9479,0.9414,0.9432,70272
2014-10-21,0.9432,0.9494,0.9397,0.9492,78167
2014-10-22,0.9492,0.9542,0.9472,0.9538,75078
2014-10-23,0.9539,0.9559,0.9517,0.9542,70958
2014-10-24,0.9542,0.9546,0.9497,0.9511,69545
2014-10-27,0.9515,0.9521,0.9476,0.9496,70493
2014-10-28,0.9497,0.9511,0.9445,0.9469,63500
2014-10-29,0.9469,0.9550,0.9441,0.9544,67391
2014-10-30,0.9545,0.9610,0.9542,0.9565,80242
2014-10-31,0.9565,0.9662,0.9557,0.9623,91915
2014-11-03,0.9642,0.9691,0.9634,0.9651,91264
2014-11-04,0.9652,0.9654,0.9579,0.9594,82919
2014-11-05,0.9594,0.9661,0.9583,0.9647,93644
2014-11-06,0.9647,0.9738,0.9603,0.9727,130988
2014-11-07,0.9727,0.9741,0.9650,0.9657,132005
2014-11-10,0.9650,0.9684,0.9616,0.9680,83175
2014-11-11,0.9679,0.9700,0.9624,0.9647,83107
2014-11-12,0.9647,0.9680,0.9622,0.9671,100158
2014-11-13,0.9671,0.9673,0.9622,0.9636,95690
2014-11-14,0.9636,0.9689,0.9574,0.9589,116651
2014-11-17,0.9595,0.9655,0.9552,0.9648,97688
2014-11-18,0.9648,0.9654,0.9574,0.9585,77478
2014-11-19,0.9585,0.9600,0.9530,0.9575,68320
2014-11-20,0.9575,0.9606,0.9552,0.9583,72977
2014-11-21,0.9583,0.9709,0.9563,0.9699,69728
2014-11-24,0.9726,0.9726,0.9662,0.9662,50965
2014-11-25,0.9662,0.9697,0.9634,0.9639,58288
2014-11-26,0.9639,0.9665,0.9595,0.9611,64121
2014-11-27,0.9611,0.9643,0.9598,0.9640,38941
2014-11-28,0.9640,0.9670,0.9621,0.9655,54154
2014-12-01,0.9657,0.9687,0.9615,0.9646,67686
2014-12-02,0.9645,0.9729,0.9641,0.9718,52303
2014-12-03,0.9719,0.9782,0.9714,0.9774,49339
2014-12-04,0.9775,0.9796,0.9649,0.9715,56668
2014-12-05,0.9711,0.9799,0.9702,0.9788,56338
2014-12-08,0.9774,0.9818,0.9738,0.9759,59504
2014-12-09,0.9758,0.9778,0.9653,0.9712,67848
2014-12-10,0.9699,0.9722,0.9662,0.9662,68677
2014-12-11,0.9654,0.9710,0.9627,0.9665,70088
2014-12-12,0.9663,0.9699,0.9619,0.9634,65949
2014-12-15,0.9587,0.9674,0.9587,0.9654,63822
2014-12-16,0.9649,0.9657,0.9553,0.9597,72423
2014-12-17,0.9596,0.9746,0.9590,0.9729,70709
2014-12-18,0.9728,0.9848,0.9715,0.9796,68018
2014-12-19,0.9785,0.9846,0.9784,0.9827,62469
2014-12-22,0.9840,0.9849,0.9805,0.9837,164866
2014-12-23,0.9837,0.9886,0.9825,0.9877,154865
2014-12-24,0.9877,0.9881,0.9839,0.9864,119581
2014-12-26,0.9844,0.9884,0.9844,0.9870,84026
2014-12-29,0.9871,0.9908,0.9843,0.9895,70240
2014-12-30,0.9894,0.9919,0.9868,0.9887,48032
2014-12-31,0.9878,0.9939,0.9878,0.9938,34148
2015-01-02,0.9929,1.0018,0.9927,1.0014,87310
2015-01-05,1.0063,1.0112,1.0032,1.0068,109808
2015-01-06,1.0068,1.0108,1.0040,1.0100,113132
2015-01-07,1.0100,1.0174,1.0093,1.0142,123995
2015-01-08,1.0142,1.0216,1.0136,1.0183,99502
2015-01-09,1.0183,1.0209,1.0137,1.0142,113819
2015-01-12,1.0135,1.0189,1.0117,1.0147,94847
2015-01-13,1.0148,1.0217,1.0125,1.0200,113322
2015-01-14,1.0200,1.0239,1.0136,1.0186,131222
2015-01-15,1.0185,1.0220,0.8189,0.8903,124348
2015-01-19,0.8609,0.8796,0.8551,0.8791,63234
2015-01-20,0.8795,0.8836,0.8684,0.8753,37163
2015-01-21,0.8753,0.8770,0.8498,0.8598,41756
2015-01-22,0.8595,0.8748,0.8524,0.8708,42501
2015-01-23,0.8708,0.8816,0.8678,0.8794,44029
2015-01-26,0.8796,0.9041,0.8762,0.9024,43936
2015-01-27,0.9024,0.9165,0.8932,0.9025,39566
2015-01-28,0.9026,0.9087,0.8982,0.9045,32017
2015-01-29,0.9046,0.9251,0.9040,0.9234,35371
2015-01-30,0.9234,0.9288,0.9169,0.9202,38110
2015-02-02,0.9264,0.9342,0.9197,0.9277,34310
2015-02-03,0.9278,0.9293,0.9183,0.9234,34264
2015-02-04,0.9233,0.9276,0.9204,0.9257,60019
2015-02-05,0.9257,0.9309,0.9203,0.9210,80187
2015-02-06,0.9209,0.9285,0.9158,0.9234,61852
2015-02-09,0.9263,0.9283,0.9193,0.9233,63972
2015-02-10,0.9233,0.9275,0.9212,0.9261,65271
2015-02-11,0.9262,0.9297,0.9227,0.9282,51081
2015-02-12,0.9284,0.9334,0.9254,0.9307,62867
2015-02-13,0.9307,0.9333,0.9267,0.9309,49623
2015-02-16,0.9307,0.9323,0.9281,0.9315,63102
2015-02-17,0.9315,0.9372,0.9289,0.9366,67771
2015-02-18,0.9365,0.9449,0.9312,0.9420,69174
2015-02-19,0.9421,0.9497,0.9383,0.9493,63749
2015-02-20,0.9494,0.9533,0.9371,0.9378,67867
2015-02-23,0.9405,0.9523,0.9384,0.9497,68522
2015-02-24,0.9493,0.9520,0.9467,0.9504,71842
2015-02-25,0.9504,0.9508,0.9463,0.9483,61002
2015-02-26,0.9483,0.9544,0.9448,0.9525,66159
2015-02-27,0.9525,0.9544,0.9448,0.9541,69060
2015-03-02,0.9528,0.9595,0.9528,0.9583,50811
2015-03-03,0.9583,0.9615,0.9556,0.9610,57768
2015-03-04,0.9611,0.9675,0.9590,0.9630,61747
2015-03-05,0.9629,0.9747,0.9626,0.9734,60635
2015-03-06,0.9734,0.9863,0.9719,0.9855,60562
2015-03-09,0.9865,0.9872,0.9823,0.9854,41352
2015-03-10,0.9855,0.9997,0.9853,0.9992,67201
2015-03-11,0.9992,1.0106,0.9967,1.0088,54051
2015-03-12,1.0088,1.0126,0.9979,1.0027,61795
2015-03-13,1.0028,1.0111,1.0024,1.0047,57498
2015-03-16,1.0048,1.0083,1.0023,1.0080,49062
2015-03-17,1.0081,1.0091,1.0010,1.0057,37545
2015-03-18,1.0059,1.0069,0.9627,0.9822,45823
2015-03-19,0.9823,0.9978,0.9770,0.9899,67195
2015-03-20,0.9899,0.9903,0.9725,0.9737,46272
2015-03-23,0.9742,0.9807,0.9636,0.9657,55973
2015-03-24,0.9655,0.9690,0.9532,0.9581,50343
2015-03-25,0.9584,0.9615,0.9550,0.9595,44038
2015-03-26,0.9595,0.9651,0.9486,0.9632,53167
2015-03-27,0.9632,0.9689,0.9553,0.9613,52634
2015-03-30,0.9613,0.9686,0.9602,0.9666,44849
2015-03-31,0.9665,0.9751,0.9652,0.9721,42416
2015-04-01,0.9718,0.9738,0.9640,0.9666,50651
2015-04-02,0.9665,0.9670,0.9557,0.9594,41143
2015-04-03,0.9592,0.9605,0.9476,0.9495,25880
2015-04-06,0.9514,0.9601,0.9495,0.9583,21488
2015-04-07,0.9583,0.9670,0.9552,0.9658,41281
2015-04-08,0.9656,0.9672,0.9595,0.9663,39474
2015-04-09,0.9659,0.9787,0.9657,0.9775,37860
2015-04-10,0.9775,0.9834,0.9748,0.9786,31929
2015-04-13,0.9786,0.9860,0.9757,0.9778,36502
2015-04-14,0.9773,0.9792,0.9670,0.9719,46396
2015-04-15,0.9719,0.9769,0.9635,0.9645,50022
2015-04-16,0.9645,0.9710,0.9540,0.9559,73651
2015-04-17,0.9559,0.9584,0.9494,0.9513,63834
2015-04-20,0.9513,0.9599,0.9500,0.9560,52837
2015-04-21,0.9560,0.9624,0.9505,0.9549,65082
2015-04-22,0.9549,0.9713,0.9500,0.9712,79352
2015-04-23,0.9712,0.9719,0.9530,0.9546,78895
2015-04-24,0.9546,0.9574,0.9510,0.9533,74911
2015-04-27,0.9539,0.9584,0.9492,0.9549,66020
2015-04-28,0.9545,0.9598,0.9504,0.9558,73404
2015-04-29,0.9548,0.9572,0.9340,0.9393,84413
2015-04-30,0.9392,0.9447,0.9308,0.9325,103759
2015-05-01,0.9320,0.9352,0.9277,0.9325,66941
2015-05-04,0.9334,0.9384,0.9313,0.9334,44682
2015-05-05,0.9333,0.9413,0.9239,0.9264,16409
2015-05-06,0.9263,0.9281,0.9114,0.9156,42561
2015-05-07,0.9155,0.9226,0.9073,0.9217,14323
2015-05-08,0.9217,0.9323,0.9203,0.9319,21407
2015-05-11,0.9314,0.9354,0.9296,0.9341,34535
2015-05-12,0.9341,0.9358,0.9211,0.9293,77074
2015-05-13,0.9289,0.9294,0.9154,0.9167,65892
2015-05-14,0.9166,0.9177,0.9078,0.9121,80395
2015-05-15,0.9120,0.9255,0.9115,0.9155,58787
2015-05-18,0.9156,0.9264,0.9148,0.9262,37394
2015-05-19,0.9263,0.9384,0.9246,0.9367,79353
2015-05-20,0.9366,0.9405,0.9340,0.9369,93556
2015-05-21,0.9369,0.9382,0.9306,0.9367,84405
2015-05-22,0.9367,0.9456,0.9287,0.9434,78279
2015-05-25,0.9429,0.9456,0.9405,0.9450,43364
2015-05-26,0.9450,0.9536,0.9446,0.9532,85152
2015-05-27,0.9533,0.9543,0.9467,0.9494,82269
2015-05-28,0.9494,0.9512,0.9418,0.9437,90126
2015-05-29,0.9435,0.9479,0.9348,0.9401,86475
2015-06-01,0.9402,0.9484,0.9390,0.9459,89853
2015-06-02,0.9458,0.9468,0.9308,0.9331,114937
2015-06-03,0.9328,0.9422,0.9303,0.9337,72624
2015-06-04,0.9337,0.9371,0.9278,0.9336,38029
2015-06-05,0.9334,0.9501,0.9298,0.9390,127863
2015-06-08,0.9409,0.9429,0.9256,0.9274,101878
2015-06-09,0.9272,0.9332,0.9246,0.9305,111238
2015-06-10,0.9304,0.9325,0.9233,0.9312,126603
2015-06-11,0.9312,0.9406,0.9299,0.9331,103865
2015-06-12,0.9328,0.9391,0.9241,0.9286,94737
2015-06-15,0.9297,0.9384,0.9274,0.9292,80006
2015-06-16,0.9294,0.9335,0.9272,0.9321,68998
2015-06-17,0.9321,0.9325,0.9197,0.9218,90620
2015-06-18,0.9216,0.9245,0.9151,0.9213,97953
2015-06-19,0.9213,0.9249,0.9163,0.9181,75281
2015-06-22,0.9168,0.9225,0.9157,0.9214,85078
2015-06-23,0.9213,0.9388,0.9208,0.9337,90160
2015-06-24,0.9338,0.9369,0.9281,0.9336,91971
2015-06-25,0.9335,0.9415,0.9325,0.9364,80137
2015-06-26,0.9364,0.9373,0.9300,0.9335,77359
2015-06-29,0.9379,0.9427,0.9243,0.9249,121013
2015-06-30,0.9248,0.9381,0.9246,0.9351,100233
2015-07-01,0.9364,0.9489,0.9342,0.9479,86033
2015-07-02,0.9480,0.9504,0.9418,0.9434,102470
2015-07-03,0.9433,0.9441,0.9396,0.9398,79453
2015-07-06,0.9430,0.9472,0.9407,0.9424,109333
2015-07-07,0.9425,0.9515,0.9420,0.9465,112679
2015-07-08,0.9465,0.9509,0.9408,0.9450,113030
2015-07-09,0.9450,0.9515,0.9425,0.9476,103483
2015-07-10,0.9476,0.9489,0.9329,0.9382,107885
2015-07-13,0.9406,0.9503,0.9367,0.9502,95261
2015-07-14,0.9502,0.9532,0.9401,0.9446,94474
2015-07-15,0.9446,0.9547,0.9442,0.9519,90974
2015-07-16,0.9518,0.9583,0.9515,0.9577,98483
2015-07-17,0.9576,0.9618,0.9557,0.9615,85765
2015-07-20,0.9611,0.9648,0.9600,0.9645,83844
2015-07-21,0.9645,0.9648,0.9560,0.9582,143418
2015-07-22,0.9582,0.9632,0.9561,0.9597,197485
2015-07-23,0.9597,0.9602,0.9525,0.9597,109427
2015-07-24,0.9587,0.9635,0.9573,0.9624,79319
2015-07-27,0.9621,0.9633,0.9530,0.9625,85589
2015-07-28,0.9621,0.9674,0.9604,0.9623,76493
2015-07-29,0.9622,0.9689,0.9598,0.9678,81782
2015-07-30,0.9673,0.9719,0.9664,0.9690,84840
2015-07-31,0.9696,0.9696,0.9548,0.9653,100806
2015-08-03,0.9649,0.9702,0.9642,0.9691,89504
2015-08-04,0.9689,0.9789,0.9668,0.9782,104303
2015-08-05,0.9779,0.9821,0.9760,0.9788,103851
2015-08-06,0.9785,0.9847,0.9767,0.9805,87626
2015-08-07,0.9803,0.9883,0.9786,0.9835,73159
2015-08-10,0.9815,0.9890,0.9803,0.9830,60542
2015-08-11,0.9834,0.9903,0.9801,0.9875,74927
2015-08-12,0.9874,0.9890,0.9677,0.9747,78190
2015-08-13,0.9751,0.9793,0.9729,0.9756,63121
2015-08-14,0.9758,0.9786,0.9727,0.9758,55594
2015-08-17,0.9757,0.9798,0.9741,0.9782,70326
2015-08-18,0.9782,0.9795,0.9751,0.9767,65565
2015-08-19,0.9766,0.9777,0.9643,0.9649,84650
2015-08-20,0.9646,0.9671,0.9577,0.9577,91349
2015-08-21,0.9581,0.9594,0.9459,0.9460,104894
2015-08-24,0.9458,0.9481,0.9258,0.9293,135274
2015-08-25,0.9298,0.9505,0.9289,0.9381,133563
2015-08-26,0.9382,0.9551,0.9380,0.9532,141422
2015-08-27,0.9536,0.9672,0.9512,0.9658,112166
2015-08-28,0.9659,0.9666,0.9578,0.9623,110925
2015-08-31,0.9610,0.9690,0.9587,0.9672,70759
2015-09-01,0.9665,0.9673,0.9569,0.9587,108649
2015-09-02,0.9577,0.9699,0.9571,0.9692,95200
2015-09-03,0.9691,0.9770,0.9682,0.9730,93476
2015-09-04,0.9727,0.9769,0.9682,0.9719,88559
2015-09-07,0.9712,0.9764,0.9707,0.9745,80043
2015-09-08,0.9739,0.9821,0.9699,0.9787,65481
2015-09-09,0.9782,0.9823,0.9715,0.9753,77343
2015-09-10,0.9746,0.9793,0.9701,0.9728,79461
2015-09-11,0.9726,0.9796,0.9681,0.9693,72363
2015-09-14,0.9690,0.9719,0.9667,0.9683,54861
2015-09-15,0.9683,0.9763,0.9670,0.9738,57762
2015-09-16,0.9736,0.9762,0.9669,0.9711,63313
2015-09-17,0.9710,0.9724,0.9591,0.9591,73693
2015-09-18,0.9596,0.9705,0.9527,0.9681,80670
2015-09-21,0.9695,0.9740,0.9642,0.9714,67493
2015-09-22,0.9714,0.9753,0.9707,0.9748,66678
2015-09-23,0.9748,0.9801,0.9735,0.9797,75014
2015-09-24,0.9797,0.9803,0.9667,0.9747,76883
2015-09-25,0.9749,0.9843,0.9743,0.9785,80546
2015-09-28,0.9764,0.9816,0.9721,0.9734,70932
2015-09-29,0.9733,0.9749,0.9686,0.9715,81730
2015-09-30,0.9720,0.9776,0.9706,0.9730,77010
2015-10-01,0.9730,0.9788,0.9721,0.9771,68405
2015-10-02,0.9770,0.9794,0.9645,0.9713,74398
2015-10-05,0.9708,0.9767,0.9685,0.9753,87592
2015-10-06,0.9753,0.9767,0.9664,0.9665,75048
2015-10-07,0.9663,0.9739,0.9648,0.9733,77680
2015-10-08,0.9732,0.9737,0.9622,0.9659,84076
2015-10-09,0.9647,0.9675,0.9586,0.9615,80667
2015-10-12,0.9607,0.9631,0.9595,0.9624,53307
2015-10-13,0.9625,0.9646,0.9554,0.9577,64390
2015-10-14,0.9577,0.9585,0.9484,0.9493,72992
2015-10-15,0.9493,0.9552,0.9476,0.9504,66387
2015-10-16,0.9502,0.9553,0.9496,0.9535,58995
2015-10-19,0.9507,0.9578,0.9507,0.9560,61001
2015-10-20,0.9566,0.9570,0.9493,0.9558,61700
2015-10-21,0.9557,0.9610,0.9527,0.9595,64429
2015-10-22,0.9593,0.9738,0.9579,0.9730,95317
2015-10-23,0.9729,0.9800,0.9711,0.9786,98303
2015-10-26,0.9788,0.9839,0.9756,0.9826,70334
2015-10-27,0.9826,0.9874,0.9805,0.9861,70508
2015-10-28,0.9860,0.9957,0.9819,0.9939,74554
2015-10-29,0.9939,0.9955,0.9885,0.9889,72894
2015-10-30,0.9889,0.9910,0.9845,0.9874,79651
2015-11-02,0.9852,0.9891,0.9835,0.9870,63221
2015-11-03,0.9853,0.9925,0.9844,0.9908,70952
2015-11-04,0.9906,0.9951,0.9885,0.9931,79612
2015-11-05,0.9930,0.9979,0.9921,0.9951,82252
2015-11-06,0.9949,1.0076,0.9944,1.0052,81192
2015-11-09,1.0045,1.0061,0.9997,1.0033,83401
2015-11-10,1.0028,1.0086,1.0019,1.0063,86535
2015-11-11,1.0059,1.0072,1.0029,1.0044,70723
2015-11-12,1.0043,1.0085,0.9989,0.9995,91754
2015-11-13,0.9998,1.0094,0.9998,1.0057,88154
2015-11-16,1.0053,1.0103,1.0043,1.0095,78598
2015-11-17,1.0095,1.0170,1.0092,1.0145,81259
2015-11-18,1.0144,1.0220,1.0127,1.0199,78138
2015-11-19,1.0196,1.0202,1.0122,1.0126,88462
2015-11-20,1.0125,1.0198,1.0122,1.0181,88171
2015-11-23,1.0191,1.0226,1.0175,1.0178,87113
2015-11-24,1.0178,1.0194,1.0144,1.0167,89870
2015-11-25,1.0163,1.0260,1.0143,1.0217,97401
2015-11-26,1.0185,1.0253,1.0185,1.0236,60584
2015-11-27,1.0233,1.0328,1.0225,1.0292,69970
2015-11-30,1.0296,1.0319,1.0258,1.0288,74107
2015-12-01,1.0289,1.0301,1.0254,1.0259,73665
2015-12-02,1.0256,1.0307,1.0179,1.0182,87339
2015-12-03,1.0183,1.0264,0.9875,0.9932,117126
2015-12-04,0.9927,1.0034,0.9911,0.9964,129845
2015-12-07,0.9968,1.0031,0.9961,0.9998,86224
2015-12-08,0.9997,1.0010,0.9917,0.9922,90502
2015-12-09,0.9920,0.9944,0.9820,0.9828,95207
2015-12-10,0.9831,0.9908,0.9827,0.9876,82158
2015-12-11,0.9875,0.9898,0.9803,0.9824,92141
2015-12-14,0.9831,0.9872,0.9786,0.9851,98030
2015-12-15,0.9848,0.9924,0.9798,0.9911,93538
2015-12-16,0.9912,0.9920,0.9810,0.9898,114203
2015-12-17,0.9876,0.9991,0.9867,0.9959,91283
2015-12-18,0.9958,0.9975,0.9915,0.9915,88475
2015-12-21,0.9922,0.9968,0.9897,0.9922,77892
2015-12-22,0.9918,0.9937,0.9857,0.9871,71801
2015-12-23,0.9856,0.9945,0.9855,0.9904,59403
2015-12-24,0.9910,0.9918,0.9852,0.9873,29439
2015-12-28,0.9852,0.9902,0.9852,0.9881,43732
2015-12-29,0.9879,0.9943,0.9861,0.9931,52884
2015-12-30,0.9928,0.9928,0.9857,0.9884,53080
2015-12-31,0.9882,1.0020,0.9872,0.9998,43815
2016-01-04,1.0006,1.0062,0.9923,1.0019,97852
2016-01-05,1.0018,1.0124,1.0007,1.0084,87012
2016-01-06,1.0084,1.0121,1.0057,1.0070,103509
2016-01-07,1.0070,1.0079,0.9922,0.9930,114440
2016-01-08,0.9930,1.0051,0.9930,0.9944,123202
2016-01-11,0.9942,1.0023,0.9880,1.0013,102008
2016-01-12,1.0013,1.0046,0.9966,1.0019,106138
2016-01-13,1.0019,1.0106,1.0015,1.0056,109174
2016-01-14,1.0055,1.0091,1.0009,1.0047,122811
2016-01-15,1.0046,1.0060,0.9957,1.0012,118898
2016-01-18,1.0009,1.0072,1.0001,1.0049,64539
2016-01-19,1.0050,1.0081,1.0002,1.0033,101965
2016-01-20,1.0030,1.0057,0.9990,1.0035,114482
2016-01-21,1.0036,1.0146,1.0012,1.0073,124295
2016-01-22,1.0070,1.0165,1.0066,1.0149,97737
2016-01-25,1.0149,1.0167,1.0124,1.0125,102854
2016-01-26,1.0125,1.0198,1.0117,1.0166,94521
2016-01-27,1.0167,1.0189,1.0130,1.0148,120654
2016-01-28,1.0147,1.0177,1.0110,1.0136,113469
2016-01-29,1.0136,1.0256,1.0132,1.0225,133543
2016-02-01,1.0210,1.0249,1.0155,1.0194,98254
2016-02-02,1.0191,1.0224,1.0170,1.0182,97264
2016-02-03,1.0182,1.0194,0.9987,1.0041,132974
2016-02-04,1.0041,1.0074,0.9921,0.9928,151578
2016-02-05,0.9928,0.9984,0.9881,0.9905,125849
2016-02-08,0.9911,0.9973,0.9841,0.9867,139410
2016-02-09,0.9867,0.9874,0.9694,0.9727,162871
2016-02-10,0.9727,0.9819,0.9709,0.9732,169756
2016-02-11,0.9731,0.9762,0.9660,0.9722,182328
2016-02-12,0.9721,0.9790,0.9714,0.9761,120654
2016-02-15,0.9769,0.9889,0.9755,0.9865,97206
2016-02-16,0.9865,0.9895,0.9847,0.9883,116654
2016-02-17,0.9883,0.9941,0.9852,0.9922,125100
2016-02-18,0.9922,0.9968,0.9904,0.9927,118720
2016-02-19,0.9926,0.9967,0.9888,0.9890,107865
2016-02-22,0.9885,1.0003,0.9885,0.9995,107709
2016-02-23,0.9996,1.0001,0.9895,0.9912,97553
2016-02-24,0.9909,0.9952,0.9852,0.9886,107804
2016-02-25,0.9887,0.9952,0.9877,0.9901,97553
2016-02-26,0.9901,0.9988,0.9870,0.9965,104099
2016-02-29,0.9970,1.0037,0.9948,0.9980,107571
2016-03-01,0.9979,1.0009,0.9960,0.9970,108954
2016-03-02,0.9968,1.0009,0.9955,0.9963,112812
2016-03-03,0.9960,0.9982,0.9891,0.9918,106780
2016-03-04,0.9918,0.9988,0.9878,0.9923,119524
2016-03-07,0.9925,1.0012,0.9923,0.9951,101164
2016-03-08,0.9948,0.9970,0.9901,0.9954,93628
2016-03-09,0.9957,1.0038,0.9939,0.9971,95286
2016-03-10,0.9971,1.0092,0.9809,0.9849,115215
2016-03-11,0.9846,0.9890,0.9802,0.9823,98557
2016-03-14,0.9829,0.9881,0.9815,0.9871,83417
2016-03-15,0.9872,0.9896,0.9849,0.9869,80999
2016-03-16,0.9869,0.9913,0.9750,0.9780,93808
2016-03-17,0.9780,0.9786,0.9650,0.9671,93898
2016-03-18,0.9669,0.9717,0.9654,0.9687,86049
2016-03-21,0.9697,0.9730,0.9675,0.9705,71459
2016-03-22,0.9705,0.9736,0.9688,0.9728,78773
2016-03-23,0.9728,0.9766,0.9725,0.9751,61111
2016-03-24,0.9752,0.9773,0.9737,0.9755,75667
2016-03-25,0.9755,0.9787,0.9750,0.9768,33720
2016-03-28,0.9765,0.9786,0.9722,0.9738,38229
2016-03-29,0.9734,0.9762,0.9657,0.9661,94813
2016-03-30,0.9660,0.9670,0.9592,0.9649,95423
2016-03-31,0.9647,0.9662,0.9571,0.9617,100354
2016-04-01,0.9614,0.9625,0.9554,0.9576,92626
2016-04-04,0.9572,0.9614,0.9569,0.9584,73110
2016-04-05,0.9583,0.9604,0.9546,0.9559,90889
2016-04-06,0.9558,0.9621,0.9530,0.9555,97926
2016-04-07,0.9553,0.9581,0.9521,0.9554,97374
2016-04-08,0.9552,0.9582,0.9517,0.9521,84692
2016-04-11,0.9522,0.9570,0.9502,0.9542,82423
2016-04-12,0.9534,0.9593,0.9499,0.9549,87137
2016-04-13,0.9547,0.9671,0.9547,0.9667,95560
2016-04-14,0.9664,0.9688,0.9637,0.9666,87929
2016-04-15,0.9665,0.9687,0.9647,0.9675,78876
2016-04-18,0.9643,0.9679,0.9627,0.9640,73117
2016-04-19,0.9636,0.9650,0.9584,0.9616,79703
2016-04-20,0.9616,0.9733,0.9602,0.9721,82720
2016-04-21,0.9721,0.9752,0.9647,0.9751,97173
2016-04-22,0.9748,0.9797,0.9732,0.9782,91651
2016-04-25,0.9787,0.9789,0.9736,0.9749,77389
2016-04-26,0.9747,0.9767,0.9701,0.9733,79965
2016-04-27,0.9733,0.9753,0.9680,0.9709,86944
2016-04-28,0.9707,0.9732,0.9656,0.9665,95233
2016-04-29,0.9664,0.9674,0.9567,0.9592,90177
2016-05-02,0.9573,0.9605,0.9534,0.9541,75680
2016-05-03,0.9542,0.9554,0.9444,0.9545,101033
2016-05-04,0.9540,0.9590,0.9525,0.9577,98069
2016-05-05,0.9574,0.9696,0.9568,0.9676,86246
2016-05-06,0.9673,0.9729,0.9643,0.9717,84896
2016-05-09,0.9716,0.9735,0.9683,0.9711,73492
2016-05-10,0.9709,0.9762,0.9698,0.9759,71981
2016-05-11,0.9757,0.9760,0.9698,0.9708,70413
2016-05-12,0.9708,0.9725,0.9663,0.9705,66022
2016-05-13,0.9700,0.9774,0.9697,0.9752,71352
2016-05-16,0.9742,0.9784,0.9737,0.9776,60546
2016-05-17,0.9774,0.9808,0.9751,0.9803,74839
2016-05-18,0.9799,0.9880,0.9798,0.9877,84991
2016-05-19,0.9873,0.9922,0.9862,0.9905,79165
2016-05-20,0.9904,0.9926,0.9896,0.9897,66727
2016-05-23,0.9900,0.9923,0.9883,0.9893,69143
2016-05-24,0.9891,0.9937,0.9889,0.9930,79195
2016-05-25,0.9925,0.9935,0.9896,0.9911,76683
2016-05-26,0.9908,0.9929,0.9872,0.9891,80910
2016-05-27,0.9889,0.9948,0.9885,0.9946,72632
2016-05-30,0.9941,0.9956,0.9919,0.9921,53624
2016-05-31,0.9918,0.9951,0.9886,0.9936,83809
2016-06-01,0.9938,0.9950,0.9861,0.9880,90025
2016-06-02,0.9867,0.9910,0.9858,0.9904,94491
2016-06-03,0.9896,0.9920,0.9753,0.9756,96469
2016-06-06,0.9757,0.9775,0.9681,0.9703,83324
2016-06-07,0.9703,0.9713,0.9645,0.9650,67324
2016-06-08,0.9651,0.9659,0.9581,0.9591,69884
2016-06-09,0.9590,0.9656,0.9577,0.9643,72173
2016-06-10,0.9638,0.9657,0.9616,0.9640,79703
2016-06-13,0.9633,0.9678,0.9618,0.9643,85205
2016-06-14,0.9638,0.9668,0.9620,0.9632,79264
2016-06-15,0.9630,0.9663,0.9591,0.9613,80070
2016-06-16,0.9612,0.9686,0.9571,0.9649,113533
2016-06-17,0.9649,0.9659,0.9587,0.9596,81995
2016-06-20,0.9601,0.9641,0.9575,0.9615,78044
2016-06-21,0.9610,0.9623,0.9572,0.9621,71559
2016-06-22,0.9621,0.9627,0.9550,0.9579,73839
2016-06-23,0.9579,0.9601,0.9521,0.9577,85726
2016-06-24,0.9569,0.9802,0.9551,0.9690,137386
2016-06-27,0.9740,0.9819,0.9705,0.9783,119885
2016-06-28,0.9779,0.9837,0.9762,0.9817,90651
2016-06-29,0.9812,0.9823,0.9779,0.9797,86659
2016-06-30,0.9792,0.9820,0.9727,0.9760,100480
2016-07-01,0.9759,0.9781,0.9710,0.9727,73472
2016-07-04,0.9718,0.9758,0.9702,0.9703,46624
2016-07-05,0.9703,0.9774,0.9684,0.9767,75387
2016-07-06,0.9762,0.9806,0.9740,0.9747,94691
2016-07-07,0.9744,0.9791,0.9740,0.9779,78022
2016-07-08,0.9769,0.9865,0.9760,0.9827,76165
2016-07-11,0.9813,0.9857,0.9810,0.9828,67380
2016-07-12,0.9825,0.9894,0.9795,0.9889,91639
2016-07-13,0.9889,0.9894,0.9821,0.9853,85217
2016-07-14,0.9849,0.9852,0.9764,0.9807,88191
2016-07-15,0.9803,0.9847,0.9782,0.9817,89317
2016-07-18,0.9815,0.9846,0.9811,0.9823,76288
2016-07-19,0.9821,0.9877,0.9815,0.9854,75957
2016-07-20,0.9849,0.9904,0.9847,0.9871,73673
2016-07-21,0.9870,0.9906,0.9840,0.9856,94271
2016-07-22,0.9855,0.9895,0.9843,0.9866,74284
2016-07-25,0.9867,0.9894,0.9849,0.9858,60967
2016-07-26,0.9855,0.9927,0.9834,0.9925,66435
2016-07-27,0.9915,0.9950,0.9857,0.9859,79679
2016-07-28,0.9859,0.9867,0.9793,0.9809,83588
2016-07-29,0.9799,0.9809,0.9635,0.9694,91454
2016-08-01,0.9687,0.9702,0.9663,0.9682,63577
2016-08-02,0.9686,0.9694,0.9633,0.9639,71198
2016-08-03,0.9633,0.9738,0.9633,0.9728,68494
2016-08-04,0.9730,0.9749,0.9721,0.9738,69500
2016-08-05,0.9737,0.9830,0.9726,0.9804,64604
2016-08-08,0.9789,0.9841,0.9773,0.9824,58787
2016-08-09,0.9820,0.9843,0.9811,0.9812,64255
2016-08-10,0.9812,0.9818,0.9746,0.9748,71412
2016-08-11,0.9746,0.9765,0.9711,0.9754,66445
2016-08-12,0.9751,0.9765,0.9708,0.9744,69431
2016-08-15,0.9731,0.9758,0.9713,0.9725,52141
2016-08-16,0.9728,0.9733,0.9589,0.9617,82848
2016-08-17,0.9616,0.9657,0.9593,0.9617,76218
2016-08-18,0.9617,0.9628,0.9537,0.9543,77533
2016-08-19,0.9538,0.9611,0.9535,0.9600,72345
2016-08-22,0.9608,0.9648,0.9594,0.9621,71996
2016-08-23,0.9624,0.9633,0.9593,0.9629,66030
2016-08-24,0.9628,0.9683,0.9624,0.9668,75009
2016-08-25,0.9668,0.9687,0.9641,0.9674,60346
2016-08-26,0.9674,0.9792,0.9631,0.9781,97639
2016-08-29,0.9782,0.9806,0.9764,0.9782,70153
2016-08-30,0.9777,0.9844,0.9772,0.9838,78796
2016-08-31,0.9830,0.9863,0.9817,0.9837,81943
2016-09-01,0.9834,0.9884,0.9785,0.9799,84861
2016-09-02,0.9792,0.9819,0.9739,0.9799,88434
2016-09-05,0.9796,0.9813,0.9772,0.9798,49275
2016-09-06,0.9790,0.9810,0.9693,0.9695,80060
2016-09-07,0.9694,0.9709,0.9669,0.9697,83913
2016-09-08,0.9689,0.9737,0.9649,0.9722,90309
2016-09-09,0.9724,0.9784,0.9710,0.9746,80236
2016-09-12,0.9741,0.9762,0.9690,0.9720,85858
2016-09-13,0.9715,0.9784,0.9707,0.9760,95236
2016-09-14,0.9757,0.9789,0.9706,0.9732,87119
2016-09-15,0.9725,0.9767,0.9693,0.9717,94949
2016-09-16,0.9717,0.9817,0.9709,0.9799,80617
2016-09-19,0.9798,0.9818,0.9783,0.9799,71798
2016-09-20,0.9797,0.9810,0.9761,0.9791,83478
2016-09-21,0.9790,0.9813,0.9719,0.9736,112797
2016-09-22,0.9736,0.9741,0.9659,0.9685,88512
2016-09-23,0.9685,0.9742,0.9683,0.9701,85476
2016-09-26,0.9690,0.9708,0.9661,0.9691,73261
2016-09-27,0.9691,0.9728,0.9661,0.9706,85154
2016-09-28,0.9707,0.9736,0.9691,0.9709,88617
2016-09-29,0.9701,0.9723,0.9639,0.9659,96324
2016-09-30,0.9658,0.9776,0.9647,0.9711,104923
2016-10-03,0.9712,0.9744,0.9688,0.9733,65401
2016-10-04,0.9719,0.9828,0.9719,0.9787,101329
2016-10-05,0.9785,0.9792,0.9733,0.9740,88104
2016-10-06,0.9747,0.9818,0.9728,0.9806,87210
2016-10-07,0.9806,0.9839,0.9767,0.9773,125225
2016-10-10,0.9777,0.9839,0.9767,0.9824,64410
2016-10-11,0.9825,0.9893,0.9820,0.9887,88541
2016-10-12,0.9883,0.9909,0.9874,0.9905,86621
2016-10-13,0.9905,0.9909,0.9859,0.9859,76557
2016-10-14,0.9859,0.9904,0.9855,0.9879,90950
2016-10-17,0.9899,0.9906,0.9871,0.9888,75912
2016-10-18,0.9886,0.9914,0.9866,0.9897,78955
2016-10-19,0.9896,0.9905,0.9874,0.9890,81263
2016-10-20,0.9887,0.9933,0.9842,0.9924,96419
2016-10-21,0.9924,0.9962,0.9922,0.9933,79756
2016-10-24,0.9942,0.9956,0.9915,0.9934,75746
2016-10-25,0.9929,0.9998,0.9929,0.9943,89218
2016-10-26,0.9940,0.9958,0.9903,0.9931,74627
2016-10-27,0.9932,0.9951,0.9911,0.9933,91270
2016-10-28,0.9933,0.9950,0.9857,0.9882,103992
2016-10-31,0.9873,0.9907,0.9871,0.9888,78803
2016-11-01,0.9888,0.9898,0.9728,0.9748,86296
2016-11-02,0.9749,0.9754,0.9695,0.9731,102570
2016-11-03,0.9731,0.9760,0.9695,0.9738,107221
2016-11-04,0.9738,0.9758,0.9674,0.9674,98773
2016-11-07,0.9760,0.9789,0.9729,0.9741,87673
2016-11-08,0.9738,0.9789,0.9735,0.9778,80346
2016-11-09,0.9777,0.9847,0.9549,0.9843,212569
2016-11-10,0.9840,0.9896,0.9820,0.9866,147683
2016-11-11,0.9865,0.9893,0.9832,0.9867,145341
2016-11-14,0.9889,1.0002,0.9881,0.9980,152684
2016-11-15,0.9971,1.0024,0.9929,1.0016,137631
2016-11-16,1.0015,1.0057,0.9983,1.0017,126959
2016-11-17,1.0017,1.0073,0.9994,1.0068,133207
2016-11-18,1.0068,1.0123,1.0060,1.0091,144461
2016-11-21,1.0099,1.0116,1.0074,1.0085,140154
2016-11-22,1.0084,1.0134,1.0067,1.0109,127259
2016-11-23,1.0113,1.0182,1.0091,1.0161,113435
2016-11-24,1.0153,1.0191,1.0145,1.0160,109685
2016-11-25,1.0152,1.0186,1.0105,1.0128,132947
2016-11-28,1.0121,1.0167,1.0079,1.0129,136729
2016-11-29,1.0104,1.0176,1.0104,1.0117,127047
2016-11-30,1.0116,1.0204,1.0107,1.0171,138635
2016-12-01,1.0163,1.0178,1.0099,1.0103,127038
2016-12-02,1.0102,1.0122,1.0067,1.0095,112455
2016-12-05,1.0110,1.0181,1.0050,1.0061,121378
2016-12-06,1.0056,1.0115,1.0049,1.0101,82780
2016-12-07,1.0095,1.0109,1.0065,1.0072,68812
2016-12-08,1.0078,1.0178,1.0019,1.0162,113745
2016-12-09,1.0162,1.0213,1.0153,1.0175,93219
2016-12-12,1.0177,1.0198,1.0124,1.0131,103981
2016-12-13,1.0126,1.0146,1.0100,1.0118,113086
2016-12-14,1.0115,1.0223,1.0083,1.0202,130164
2016-12-15,1.0197,1.0343,1.0194,1.0298,178223
2016-12-16,1.0296,1.0311,1.0241,1.0252,116060
2016-12-19,1.0260,1.0283,1.0221,1.0274,113392
2016-12-20,1.0272,1.0320,1.0259,1.0286,114941
2016-12-21,1.0283,1.0295,1.0226,1.0267,91814
2016-12-22,1.0265,1.0269,1.0217,1.0254,102514
2016-12-23,1.0252,1.0281,1.0243,1.0251,62872
2016-12-26,1.0252,1.0274,1.0234,1.0265,8907
2016-12-27,1.0263,1.0298,1.0263,1.0275,91736
2016-12-28,1.0274,1.0321,1.0264,1.0276,83640
2016-12-29,1.0282,1.0285,1.0207,1.0230,138640
2016-12-30,1.0230,1.0231,1.0047,1.0191,162522
2017-01-02,1.0175,1.0238,1.0133,1.0223,43846
2017-01-03,1.0225,1.0335,1.0192,1.0270,131396
2017-01-04,1.0275,1.0291,1.0200,1.0201,150740
2017-01-05,1.0200,1.0221,1.0086,1.0096,173824
2017-01-06,1.0095,1.0184,1.0089,1.0169,138058
2017-01-09,1.0170,1.0197,1.0141,1.0147,109805
2017-01-10,1.0148,1.0178,1.0110,1.0165,131772
2017-01-11,1.0167,1.0248,1.0101,1.0139,163150
2017-01-12,1.0139,1.0149,1.0056,1.0105,170261
2017-01-13,1.0103,1.0121,1.0042,1.0075,128855
2017-01-16,1.0094,1.0136,1.0089,1.0114,87308
2017-01-17,1.0107,1.0120,0.9996,1.0012,141679
2017-01-18,1.0015,1.0075,1.0008,1.0069,113414
2017-01-19,1.0065,1.0122,1.0041,1.0060,150461
2017-01-20,1.0052,1.0093,1.0002,1.0002,151991
2017-01-23,1.0008,1.0023,0.9959,0.9960,137332
2017-01-24,0.9961,1.0019,0.9957,1.0008,121199
2017-01-25,1.0009,1.0026,0.9966,0.9991,119195
2017-01-26,0.9988,1.0026,0.9968,0.9995,124303
2017-01-27,0.9986,1.0027,0.9969,0.9990,114746
2017-01-30,0.9965,1.0044,0.9933,0.9949,116873
2017-01-31,0.9947,0.9966,0.9861,0.9888,138721
2017-02-01,0.9892,0.9955,0.9883,0.9926,116134
2017-02-02,0.9924,0.9938,0.9869,0.9926,116804
2017-02-03,0.9926,0.9985,0.9906,0.9918,109251
2017-02-06,0.9908,0.9961,0.9903,0.9905,109106
2017-02-07,0.9906,1.0006,0.9903,0.9972,109897
2017-02-08,0.9971,0.9999,0.9930,0.9944,111984
2017-02-09,0.9943,1.0018,0.9936,1.0013,105081
2017-02-10,1.0012,1.0062,1.0008,1.0014,104919
2017-02-13,1.0023,1.0069,1.0018,1.0054,92720
2017-02-14,1.0052,1.0084,1.0031,1.0059,105485
2017-02-15,1.0059,1.0118,1.0047,1.0050,102384
2017-02-16,1.0049,1.0056,0.9966,0.9967,105116
2017-02-17,0.9969,1.0033,0.9965,1.0021,88660
2017-02-20,1.0023,1.0044,1.0011,1.0024,70837
2017-02-21,1.0024,1.0105,1.0020,1.0093,88595
2017-02-22,1.0092,1.0140,1.0077,1.0103,102713
2017-02-23,1.0097,1.0116,1.0053,1.0060,89102
2017-02-24,1.0059,1.0080,1.0025,1.0067,89257
2017-02-27,1.0069,1.0098,1.0046,1.0088,90280
2017-02-28,1.0088,1.0101,1.0009,1.0057,96107
2017-03-01,1.0052,1.0129,1.0052,1.0086,106196
2017-03-02,1.0086,1.0146,1.0084,1.0133,83981
2017-03-03,1.0133,1.0137,1.0067,1.0067,100493
2017-03-06,1.0080,1.0129,1.0072,1.0118,87400
2017-03-07,1.0124,1.0170,1.0107,1.0131,74509
2017-03-08,1.0130,1.0154,1.0121,1.0144,81595
2017-03-09,1.0144,1.0160,1.0091,1.0120,104565
2017-03-10,1.0120,1.0137,1.0078,1.0096,105808
2017-03-13,1.0098,1.0116,1.0060,1.0072,87426
2017-03-14,1.0072,1.0108,1.0069,1.0098,79702
2017-03-15,1.0098,1.0100,0.9985,1.0004,91259
2017-03-16,1.0004,1.0011,0.9951,0.9959,99833
2017-03-17,0.9960,0.9986,0.9942,0.9983,70320
2017-03-20,0.9974,0.9990,0.9956,0.9987,69920
2017-03-21,0.9986,1.0002,0.9921,0.9940,90823
2017-03-22,0.9940,0.9946,0.9881,0.9916,88000
2017-03-23,0.9916,0.9941,0.9911,0.9931,86471
2017-03-24,0.9931,0.9959,0.9889,0.9911,80429
2017-03-27,0.9883,0.9895,0.9813,0.9854,79813
2017-03-28,0.9850,0.9935,0.9831,0.9923,75582
2017-03-29,0.9923,0.9976,0.9913,0.9963,80745
2017-03-30,0.9962,1.0013,0.9948,1.0010,83646
2017-03-31,1.0008,1.0029,0.9994,1.0001,80037
2017-04-03,1.0014,1.0037,1.0007,1.0015,70332
2017-04-04,1.0010,1.0037,1.0010,1.0017,65845
2017-04-05,1.0013,1.0078,1.0012,1.0047,72096
2017-04-06,1.0042,1.0067,1.0026,1.0048,76354
2017-04-07,1.0047,1.0096,1.0027,1.0082,95266
2017-04-10,1.0081,1.0107,1.0069,1.0082,60785
2017-04-11,1.0083,1.0093,1.0056,1.0072,69335
2017-04-12,1.0070,1.0089,1.0022,1.0026,78371
2017-04-13,1.0021,1.0067,1.0008,1.0056,76388
2017-04-14,1.0055,1.0059,1.0028,1.0043,51007
2017-04-17,1.0020,1.0057,0.9991,1.0040,52752
2017-04-18,1.0041,1.0047,0.9955,0.9960,84513
2017-04-19,0.9958,0.9992,0.9956,0.9980,71683
2017-04-20,0.9978,0.9987,0.9940,0.9985,72395
2017-04-21,0.9985,0.9999,0.9956,0.9959,69525
2017-04-24,0.9900,0.9980,0.9900,0.9956,94630
2017-04-25,0.9957,0.9970,0.9918,0.9934,70387
2017-04-26,0.9936,0.9969,0.9919,0.9931,84290
2017-04-27,0.9932,0.9963,0.9920,0.9938,79908
2017-04-28,0.9937,0.9958,0.9893,0.9944,75598
2017-05-01,0.9933,0.9965,0.9928,0.9963,43337
2017-05-02,0.9961,0.9964,0.9912,0.9915,64024
2017-05-03,0.9911,0.9948,0.9890,0.9947,73691
2017-05-04,0.9943,0.9956,0.9862,0.9862,89431
2017-05-05,0.9859,0.9903,0.9858,0.9863,82516
2017-05-08,0.9877,0.9991,0.9871,0.9987,85348
2017-05-09,0.9987,1.0090,0.9977,1.0073,81623
2017-05-10,1.0073,1.0094,1.0048,1.0089,76200
2017-05-11,1.0089,1.0099,1.0056,1.0077,71613
2017-05-12,1.0076,1.0086,0.9987,0.9998,67228
2017-05-15,0.9998,1.0019,0.9958,0.9965,68461
2017-05-16,0.9965,0.9966,0.9847,0.9859,71131
2017-05-17,0.9858,0.9860,0.9774,0.9788,91862
2017-05-18,0.9788,0.9825,0.9759,0.9798,117419
2017-05-19,0.9797,0.9805,0.9723,0.9723,80684
2017-05-22,0.9728,0.9765,0.9691,0.9734,75283
2017-05-23,0.9733,0.9763,0.9701,0.9758,90003
2017-05-24,0.9758,0.9776,0.9727,0.9727,91283
2017-05-25,0.9727,0.9739,0.9700,0.9728,73576
2017-05-26,0.9728,0.9760,0.9696,0.9732,75876
2017-05-29,0.9745,0.9775,0.9731,0.9775,49962
2017-05-30,0.9773,0.9808,0.9737,0.9746,79926
2017-05-31,0.9745,0.9761,0.9669,0.9676,86653
2017-06-01,0.9675,0.9719,0.9668,0.9712,77840
2017-06-02,0.9712,0.9719,0.9614,0.9614,76058
2017-06-05,0.9628,0.9664,0.9601,0.9652,49014
2017-06-06,0.9646,0.9653,0.9613,0.9619,60597
2017-06-07,0.9615,0.9677,0.9615,0.9646,71511
2017-06-08,0.9651,0.9696,0.9629,0.9673,79313
2017-06-09,0.9648,0.9727,0.9648,0.9690,84327
2017-06-12,0.9683,0.9694,0.9669,0.9686,56001
2017-06-13,0.9683,0.9700,0.9662,0.9687,51858
2017-06-14,0.9687,0.9735,0.9640,0.9712,89630
2017-06-15,0.9707,0.9770,0.9703,0.9752,77715
2017-06-16,0.9748,0.9757,0.9725,0.9725,58995
2017-06-19,0.9720,0.9759,0.9695,0.9755,59093
2017-06-20,0.9753,0.9766,0.9705,0.9749,62110
2017-06-21,0.9746,0.9753,0.9722,0.9722,56711
2017-06-22,0.9722,0.9742,0.9712,0.9716,52304
2017-06-23,0.9716,0.9720,0.9675,0.9688,50597
2017-06-26,0.9685,0.9738,0.9681,0.9722,55805
2017-06-27,0.9719,0.9732,0.9592,0.9604,74106
2017-06-28,0.9603,0.9647,0.9579,0.9596,89771
2017-06-29,0.9585,0.9599,0.9556,0.9558,82403
2017-06-30,0.9554,0.9598,0.9551,0.9577,74324
2017-07-03,0.9577,0.9643,0.9565,0.9634,58914
2017-07-04,0.9632,0.9659,0.9621,0.9655,51314
2017-07-05,0.9635,0.9688,0.9616,0.9638,70462
2017-07-06,0.9635,0.9660,0.9600,0.9603,71848
2017-07-07,0.9603,0.9654,0.9599,0.9636,70868
2017-07-10,0.9633,0.9675,0.9625,0.9656,51601
2017-07-11,0.9652,0.9696,0.9624,0.9637,62666
2017-07-12,0.9631,0.9661,0.9602,0.9653,87401
2017-07-13,0.9652,0.9687,0.9615,0.9671,81009
2017-07-14,0.9667,0.9700,0.9621,0.9621,75400
2017-07-17,0.9625,0.9658,0.9594,0.9623,75621
2017-07-18,0.9622,0.9634,0.9523,0.9550,103471
2017-07-19,0.9547,0.9560,0.9529,0.9555,81035
2017-07-20,0.9552,0.9620,0.9493,0.9511,120796
2017-07-21,0.9514,0.9523,0.9438,0.9452,94175
2017-07-24,0.9448,0.9475,0.9445,0.9464,84917
2017-07-25,0.9446,0.9525,0.9445,0.9524,96043
2017-07-26,0.9522,0.9595,0.9498,0.9512,112838
2017-07-27,0.9495,0.9661,0.9490,0.9654,120515
2017-07-28,0.9644,0.9726,0.9633,0.9684,124450
2017-07-31,0.9684,0.9712,0.9636,0.9668,96840
2017-08-01,0.9665,0.9683,0.9631,0.9657,92267
2017-08-02,0.9652,0.9713,0.9647,0.9710,94486
2017-08-03,0.9701,0.9717,0.9671,0.9683,90934
2017-08-04,0.9682,0.9764,0.9670,0.9723,85862
2017-08-07,0.9726,0.9746,0.9707,0.9734,66404
2017-08-08,0.9713,0.9772,0.9709,0.9744,71508
2017-08-09,0.9739,0.9744,0.9611,0.9634,91729
2017-08-10,0.9635,0.9675,0.9618,0.9624,80031
2017-08-11,0.9624,0.9638,0.9583,0.9614,87527
2017-08-14,0.9618,0.9732,0.9611,0.9722,68563
2017-08-15,0.9706,0.9758,0.9702,0.9725,73024
2017-08-16,0.9722,0.9765,0.9648,0.9657,84172
2017-08-17,0.9657,0.9698,0.9605,0.9629,89176
2017-08-18,0.9625,0.9669,0.9586,0.9641,82998
2017-08-21,0.9644,0.9685,0.9600,0.9617,64806
2017-08-22,0.9612,0.9688,0.9611,0.9681,61700
2017-08-23,0.9677,0.9699,0.9641,0.9655,72881
2017-08-24,0.9642,0.9668,0.9620,0.9655,67017
2017-08-25,0.9655,0.9662,0.9550,0.9564,82223
2017-08-28,0.9545,0.9578,0.9526,0.9554,68828
2017-08-29,0.9551,0.9560,0.9428,0.9552,103905
2017-08-30,0.9552,0.9645,0.9538,0.9639,88038
2017-08-31,0.9630,0.9679,0.9582,0.9585,90110
2017-09-01,0.9580,0.9652,0.9546,0.9646,93216
2017-09-04,0.9588,0.9617,0.9552,0.9579,72359
2017-09-05,0.9579,0.9614,0.9534,0.9551,99129
2017-09-06,0.9546,0.9582,0.9527,0.9567,85752
2017-09-07,0.9561,0.9594,0.9493,0.9506,106416
2017-09-08,0.9501,0.9507,0.9420,0.9439,108737
2017-09-11,0.9463,0.9569,0.9457,0.9564,90630
2017-09-12,0.9517,0.9618,0.9517,0.9592,102684
2017-09-13,0.9592,0.9660,0.9580,0.9638,87019
2017-09-14,0.9638,0.9705,0.9618,0.9623,102151
2017-09-15,0.9623,0.9647,0.9565,0.9594,90736
2017-09-18,0.9600,0.9641,0.9580,0.9608,75108
2017-09-19,0.9608,0.9649,0.9595,0.9627,83675
2017-09-20,0.9627,0.9718,0.9588,0.9696,101255
2017-09-21,0.9696,0.9748,0.9685,0.9706,96236
2017-09-22,0.9706,0.9709,0.9668,0.9692,82249
2017-09-25,0.9707,0.9746,0.9642,0.9660,80633
2017-09-26,0.9660,0.9726,0.9652,0.9686,90390
2017-09-27,0.9686,0.9769,0.9682,0.9719,100186
2017-09-28,0.9719,0.9759,0.9698,0.9699,77802
2017-09-29,0.9699,0.9721,0.9670,0.9678,71473
2017-10-02,0.9679,0.9755,0.9674,0.9746,68867
2017-10-03,0.9746,0.9786,0.9728,0.9734,64243
2017-10-04,0.9734,0.9762,0.9709,0.9748,63667
2017-10-05,0.9748,0.9795,0.9743,0.9780,58159
2017-10-06,0.9780,0.9837,0.9771,0.9781,67993
2017-10-09,0.9780,0.9808,0.9774,0.9797,33850
2017-10-10,0.9797,0.9799,0.9735,0.9750,58752
2017-10-11,0.9750,0.9767,0.9717,0.9732,60852
2017-10-12,0.9732,0.9764,0.9711,0.9753,69025
2017-10-13,0.9753,0.9771,0.9705,0.9731,64322
2017-10-16,0.9739,0.9769,0.9728,0.9750,58898
2017-10-17,0.9750,0.9809,0.9746,0.9783,57585
2017-10-18,0.9783,0.9837,0.9774,0.9815,61615
2017-10-19,0.9815,0.9818,0.9737,0.9760,84760
2017-10-20,0.9760,0.9852,0.9754,0.9843,82949
2017-10-23,0.9848,0.9881,0.9831,0.9849,59866
2017-10-24,0.9849,0.9911,0.9838,0.9910,70159
2017-10-25,0.9910,0.9940,0.9869,0.9896,100808
2017-10-26,0.9896,0.9980,0.9876,0.9975,95334
2017-10-27,0.9975,1.0038,0.9962,0.9962,95619
2017-10-30,0.9968,0.9996,0.9938,0.9943,73350
2017-10-31,0.9943,0.9994,0.9942,0.9975,71061
2017-11-01,0.9976,1.0037,0.9967,1.0032,79185
2017-11-02,1.0032,1.0033,0.9970,0.9992,85974
2017-11-03,0.9992,1.0024,0.9946,1.0004,73437
2017-11-06,0.9994,1.0029,0.9972,0.9974,65271
2017-11-07,0.9974,1.0019,0.9970,0.9995,72795
2017-11-08,0.9995,1.0007,0.9980,0.9999,59532
2017-11-09,0.9996,1.0018,0.9922,0.9937,86576
2017-11-10,0.9937,0.9969,0.9924,0.9957,61225
2017-11-13,0.9954,0.9987,0.9936,0.9963,50006
2017-11-14,0.9963,0.9971,0.9882,0.9893,61749
2017-11-15,0.9893,0.9911,0.9846,0.9880,88460
2017-11-16,0.9880,0.9945,0.9879,0.9940,73717
2017-11-17,0.9940,0.9943,0.9876,0.9883,72912
2017-11-20,0.9882,0.9937,0.9879,0.9934,87282
2017-11-21,0.9934,0.9947,0.9899,0.9914,65172
2017-11-22,0.9914,0.9916,0.9812,0.9818,68226
2017-11-23,0.9818,0.9828,0.9795,0.9815,85327
2017-11-24,0.9812,0.9827,0.9758,0.9774,83135
2017-11-27,0.9789,0.9820,0.9778,0.9810,60177
2017-11-28,0.9810,0.9853,0.9797,0.9835,79835
2017-11-29,0.9835,0.9870,0.9819,0.9845,77812
2017-11-30,0.9845,0.9882,0.9816,0.9833,84794
2017-12-01,0.9831,0.9871,0.9735,0.9762,103750
2017-12-04,0.9809,0.9867,0.9792,0.9850,100710
2017-12-05,0.9850,0.9887,0.9837,0.9867,94871
2017-12-06,0.9867,0.9910,0.9821,0.9898,86735
2017-12-07,0.9898,0.9947,0.9860,0.9944,79810
2017-12-08,0.9941,0.9978,0.9922,0.9926,78082
2017-12-11,0.9938,0.9938,0.9897,0.9912,73181
2017-12-12,0.9912,0.9936,0.9890,0.9915,72493
2017-12-13,0.9915,0.9928,0.9842,0.9853,84978
2017-12-14,0.9853,0.9905,0.9840,0.9890,94563
2017-12-15,0.9890,0.9934,0.9873,0.9904,92075
2017-12-18,0.9887,0.9917,0.9840,0.9856,91047
2017-12-19,0.9854,0.9879,0.9835,0.9846,89055
2017-12-20,0.9846,0.9885,0.9828,0.9868,79294
2017-12-21,0.9868,0.9910,0.9822,0.9882,81859
2017-12-22,0.9882,0.9911,0.9881,0.9881,69556
2017-12-26,0.9892,0.9915,0.9886,0.9891,19325
2017-12-27,0.9889,0.9904,0.9860,0.9863,71657
2017-12-28,0.9860,0.9860,0.9771,0.9778,101242
2017-12-29,0.9778,0.9803,0.9734,0.9744,80156
2018-01-02,0.9743,0.9747,0.9699,0.9716,67720
2018-01-03,0.9715,0.9798,0.9709,0.9766,82737
2018-01-04,0.9766,0.9780,0.9732,0.9733,73789
2018-01-05,0.9733,0.9785,0.9732,0.9746,78826
2018-01-08,0.9750,0.9784,0.9739,0.9768,57541
2018-01-09,0.9768,0.9842,0.9750,0.9822,74649
2018-01-10,0.9822,0.9845,0.9754,0.9782,111646
2018-01-11,0.9778,0.9816,0.9732,0.9756,116188
2018-01-12,0.9756,0.9770,0.9665,0.9673,129990
2018-01-15,0.9678,0.9685,0.9603,0.9627,108057
2018-01-16,0.9627,0.9665,0.9581,0.9593,115051
2018-01-17,0.9590,0.9657,0.9572,0.9653,139402
2018-01-18,0.9653,0.9666,0.9575,0.9586,124260
2018-01-19,0.9586,0.9640,0.9535,0.9625,119744
2018-01-22,0.9608,0.9640,0.9592,0.9616,91396
2018-01-23,0.9614,0.9633,0.9566,0.9575,105992
2018-01-24,0.9573,0.9581,0.9426,0.9443,138811
2018-01-25,0.9443,0.9466,0.9289,0.9406,231791
2018-01-26,0.9406,0.9429,0.9320,0.9320,170871
2018-01-29,0.9334,0.9386,0.9324,0.9374,123869
2018-01-30,0.9371,0.9393,0.9310,0.9339,130039
2018-01-31,0.9339,0.9359,0.9289,0.9309,160049
2018-02-01,0.9309,0.9341,0.9256,0.9261,148548
2018-02-02,0.9261,0.9336,0.9246,0.9314,142163
2018-02-05,0.9323,0.9376,0.9287,0.9313,152133
2018-02-06,0.9311,0.9397,0.9306,0.9358,205650
2018-02-07,0.9358,0.9454,0.9340,0.9426,127074
2018-02-08,0.9433,0.9470,0.9354,0.9358,162981
2018-02-09,0.9358,0.9409,0.9348,0.9392,165968
2018-02-12,0.9389,0.9403,0.9364,0.9390,93407
2018-02-13,0.9389,0.9398,0.9322,0.9347,87169
2018-02-14,0.9347,0.9374,0.9285,0.9293,127359
2018-02-15,0.9293,0.9293,0.9210,0.9219,123521
2018-02-16,0.9219,0.9287,0.9187,0.9275,104623
2018-02-19,0.9269,0.9319,0.9263,0.9291,72531
2018-02-20,0.9290,0.9369,0.9281,0.9359,88207
2018-02-21,0.9357,0.9396,0.9342,0.9388,124013
2018-02-22,0.9386,0.9409,0.9325,0.9325,91430
2018-02-23,0.9324,0.9374,0.9322,0.9363,72712
2018-02-26,0.9352,0.9391,0.9325,0.9379,77879
2018-02-27,0.9379,0.9417,0.9358,0.9389,97400
2018-02-28,0.9385,0.9458,0.9385,0.9444,92880
2018-03-01,0.9445,0.9490,0.9409,0.9414,118707
2018-03-02,0.9417,0.9424,0.9338,0.9377,102608
2018-03-05,0.9354,0.9408,0.9345,0.9397,127723
2018-03-06,0.9397,0.9419,0.9360,0.9406,99195
2018-03-07,0.9402,0.9443,0.9357,0.9434,98813
2018-03-08,0.9434,0.9520,0.9422,0.9510,110136
2018-03-09,0.9510,0.9534,0.9487,0.9516,90843
2018-03-12,0.9510,0.9514,0.9457,0.9475,60455
2018-03-13,0.9475,0.9494,0.9429,0.9433,91965
2018-03-14,0.9434,0.9480,0.9424,0.9447,75423
2018-03-15,0.9447,0.9520,0.9433,0.9511,85468
2018-03-16,0.9511,0.9547,0.9485,0.9520,81844
2018-03-19,0.9524,0.9551,0.9495,0.9513,84484
2018-03-20,0.9513,0.9569,0.9502,0.9562,80565
2018-03-21,0.9564,0.9564,0.9483,0.9489,118801
2018-03-22,0.9490,0.9515,0.9459,0.9488,124611
2018-03-23,0.9488,0.9495,0.9445,0.9472,129426
2018-03-26,0.9467,0.9489,0.9433,0.9453,98065
2018-03-27,0.9454,0.9509,0.9434,0.9466,129009
2018-03-28,0.9466,0.9578,0.9458,0.9564,129269
2018-03-29,0.9566,0.9584,0.9547,0.9563,118673
2018-03-30,0.9564,0.9564,0.9522,0.9540,31141
2018-04-02,0.9520,0.9565,0.9520,0.9546,74760
2018-04-03,0.9546,0.9597,0.9532,0.9585,109846
2018-04-04,0.9585,0.9611,0.9551,0.9607,80233
2018-04-05,0.9605,0.9640,0.9598,0.9635,51125
2018-04-06,0.9635,0.9649,0.9578,0.9590,76851
2018-04-09,0.9581,0.9609,0.9560,0.9561,53525
2018-04-10,0.9558,0.9581,0.9534,0.9568,50210
2018-04-11,0.9568,0.9596,0.9556,0.9575,53566
2018-04-12,0.9566,0.9647,0.9564,0.9620,61654
2018-04-13,0.9620,0.9639,0.9599,0.9622,42680
2018-04-16,0.9615,0.9637,0.9577,0.9599,36401
2018-04-17,0.9597,0.9678,0.9580,0.9661,42778
2018-04-18,0.9661,0.9698,0.9650,0.9686,50413
2018-04-19,0.9685,0.9724,0.9666,0.9712,56710
2018-04-20,0.9711,0.9759,0.9705,0.9747,48934
2018-04-23,0.9738,0.9788,0.9735,0.9781,56570
2018-04-24,0.9779,0.9810,0.9767,0.9788,50541
2018-04-25,0.9786,0.9848,0.9781,0.9832,51992
2018-04-26,0.9835,0.9896,0.9816,0.9890,66598
2018-04-27,0.9888,0.9920,0.9872,0.9876,55739
2018-04-30,0.9875,0.9921,0.9872,0.9908,58686
2018-05-01,0.9908,0.9970,0.9899,0.9964,49619
2018-05-02,0.9964,1.0000,0.9936,0.9985,80917
2018-05-03,0.9985,0.9999,0.9956,0.9973,79680
2018-05-04,0.9973,1.0022,0.9964,0.9999,54575
2018-05-07,0.9999,1.0056,0.9984,1.0026,48425
2018-05-08,1.0026,1.0045,1.0002,1.0015,63401
2018-05-09,1.0015,1.0056,1.0004,1.0048,69449
2018-05-10,1.0048,1.0056,0.9994,1.0025,72426
2018-05-11,1.0025,1.0040,0.9976,1.0002,50941
2018-05-14,0.9995,1.0007,0.9958,1.0004,41607
2018-05-15,1.0004,1.0041,0.9983,1.0012,57574
2018-05-16,1.0010,1.0019,0.9984,1.0011,67496
2018-05-17,1.0011,1.0033,0.9987,1.0012,64158
2018-05-18,1.0011,1.0018,0.9950,0.9975,49430
2018-05-21,0.9966,1.0001,0.9966,0.9971,43799
2018-05-22,0.9968,0.9990,0.9918,0.9926,52721
2018-05-23,0.9926,0.9978,0.9894,0.9955,73874
2018-05-24,0.9954,0.9957,0.9886,0.9911,64053
2018-05-25,0.9911,0.9937,0.9892,0.9904,63080
2018-05-28,0.9907,0.9958,0.9902,0.9932,48343
2018-05-29,0.9929,0.9983,0.9850,0.9913,77683
2018-05-30,0.9912,0.9935,0.9878,0.9890,66744
2018-05-31,0.9889,0.9892,0.9826,0.9856,61096
2018-06-01,0.9856,0.9912,0.9841,0.9878,57916
2018-06-04,0.9879,0.9894,0.9830,0.9875,49409
2018-06-05,0.9875,0.9892,0.9830,0.9844,47857
2018-06-06,0.9841,0.9886,0.9835,0.9859,48803
2018-06-07,0.9862,0.9867,0.9788,0.9803,55877
2018-06-08,0.9803,0.9888,0.9791,0.9852,46979
2018-06-11,0.9842,0.9873,0.9839,0.9852,37103
2018-06-12,0.9851,0.9883,0.9830,0.9869,44149
2018-06-13,0.9866,0.9895,0.9840,0.9853,45566
2018-06-14,0.9852,0.9973,0.9825,0.9968,63969
2018-06-15,0.9964,0.9988,0.9945,0.9976,54571
2018-06-18,0.9958,0.9990,0.9936,0.9951,35194
2018-06-19,0.9950,0.9977,0.9918,0.9936,60967
2018-06-20,0.9935,0.9983,0.9933,0.9961,48413
2018-06-21,0.9960,0.9985,0.9897,0.9916,62777
2018-06-22,0.9915,0.9925,0.9873,0.9877,45735
2018-06-25,0.9876,0.9890,0.9856,0.9867,38544
2018-06-26,0.9865,0.9923,0.9858,0.9905,47438
2018-06-27,0.9902,0.9976,0.9891,0.9969,50109
2018-06-28,0.9972,0.9992,0.9956,0.9974,63280
2018-06-29,0.9971,0.9980,0.9894,0.9904,56479
2018-07-02,0.9901,0.9965,0.9891,0.9934,40989
2018-07-03,0.9934,0.9949,0.9912,0.9923,41043
2018-07-04,0.9923,0.9939,0.9905,0.9920,73147
2018-07-05,0.9920,0.9944,0.9910,0.9921,54367
2018-07-06,0.9921,0.9943,0.9884,0.9899,69023
2018-07-09,0.9892,0.9930,0.9858,0.9913,48433
2018-07-10,0.9911,0.9961,0.9909,0.9917,59076
2018-07-11,0.9917,0.9966,0.9905,0.9959,67995
2018-07-12,0.9958,1.0027,0.9947,1.0022,63549
2018-07-13,1.0021,1.0068,1.0014,1.0016,51836
2018-07-16,1.0011,1.0024,0.9962,0.9965,43239
2018-07-17,0.9966,1.0002,0.9927,1.0000,55526
2018-07-18,1.0000,1.0034,0.9983,0.9990,45819
2018-07-19,0.9989,1.0043,0.9958,0.9989,65705
2018-07-20,0.9986,1.0010,0.9915,0.9924,73201
2018-07-23,0.9917,0.9941,0.9900,0.9922,53755
2018-07-24,0.9922,0.9954,0.9910,0.9935,62623
2018-07-25,0.9934,0.9949,0.9907,0.9917,61883
2018-07-26,0.9920,0.9949,0.9902,0.9940,58943
2018-07-27,0.9940,0.9978,0.9931,0.9942,49026
2018-07-30,0.9931,0.9956,0.9877,0.9880,31858
2018-07-31,0.9880,0.9905,0.9867,0.9901,47206
2018-08-01,0.9900,0.9934,0.9896,0.9920,44780
2018-08-02,0.9919,0.9956,0.9908,0.9949,43034
2018-08-03,0.9949,0.9965,0.9920,0.9944,41640
2018-08-06,0.9929,0.9984,0.9920,0.9966,30453
2018-08-07,0.9963,0.9967,0.9930,0.9955,33802
2018-08-08,0.9954,0.9970,0.9927,0.9931,34379
2018-08-09,0.9931,0.9950,0.9894,0.9935,44543
2018-08-10,0.9934,0.9974,0.9909,0.9953,69304
2018-08-13,0.9932,0.9953,0.9920,0.9931,54612
2018-08-14,0.9929,0.9950,0.9900,0.9941,43211
2018-08-15,0.9940,0.9982,0.9926,0.9935,45166
2018-08-16,0.9933,0.9974,0.9915,0.9968,48521
2018-08-17,0.9967,0.9977,0.9932,0.9958,48239
2018-08-20,0.9949,0.9968,0.9910,0.9913,38089
2018-08-21,0.9915,0.9919,0.9842,0.9848,46310
2018-08-22,0.9846,0.9854,0.9808,0.9829,42717
2018-08-23,0.9832,0.9866,0.9821,0.9859,41249
2018-08-24,0.9850,0.9865,0.9810,0.9834,48408
2018-08-27,0.9838,0.9845,0.9787,0.9798,41217
2018-08-28,0.9798,0.9808,0.9745,0.9759,45267
2018-08-29,0.9759,0.9775,0.9701,0.9704,50159
2018-08-30,0.9704,0.9715,0.9686,0.9689,48300
2018-08-31,0.9689,0.9703,0.9651,0.9686,58688
2018-09-03,0.9689,0.9707,0.9683,0.9690,29320
2018-09-04,0.9690,0.9767,0.9687,0.9742,46243
2018-09-05,0.9742,0.9753,0.9708,0.9717,50325
2018-09-06,0.9715,0.9721,0.9650,0.9651,47056
2018-09-07,0.9650,0.9699,0.9641,0.9690,52260
2018-09-10,0.9684,0.9754,0.9684,0.9749,38901
2018-09-11,0.9746,0.9758,0.9719,0.9721,35633
2018-09-12,0.9719,0.9749,0.9695,0.9706,37087
2018-09-13,0.9704,0.9708,0.9651,0.9653,38288
2018-09-14,0.9653,0.9675,0.9634,0.9672,36033
2018-09-17,0.9674,0.9679,0.9611,0.9625,31176
2018-09-18,0.9624,0.9655,0.9599,0.9645,44372
2018-09-19,0.9646,0.9700,0.9629,0.9670,42080
2018-09-20,0.9670,0.9678,0.9588,0.9588,44860
2018-09-21,0.9588,0.9598,0.9542,0.9578,43822
2018-09-24,0.9581,0.9650,0.9576,0.9639,33757
2018-09-25,0.9639,0.9670,0.9618,0.9649,36284
2018-09-26,0.9647,0.9701,0.9623,0.9658,42616
2018-09-27,0.9658,0.9782,0.9647,0.9771,48649
2018-09-28,0.9771,0.9819,0.9737,0.9816,41053
2018-10-01,0.9800,0.9856,0.9797,0.9836,36778
2018-10-02,0.9827,0.9862,0.9823,0.9837,37955
2018-10-03,0.9829,0.9925,0.9829,0.9923,43905
2018-10-04,0.9921,0.9933,0.9891,0.9916,44088
2018-10-05,0.9914,0.9955,0.9909,0.9919,43706
2018-10-08,0.9918,0.9944,0.9907,0.9922,31124
2018-10-09,0.9921,0.9955,0.9910,0.9916,43833
2018-10-10,0.9917,0.9933,0.9895,0.9900,42371
2018-10-11,0.9899,0.9922,0.9856,0.9893,68887
2018-10-12,0.9893,0.9930,0.9881,0.9917,45690
2018-10-15,0.9895,0.9920,0.9847,0.9868,45812
2018-10-16,0.9875,0.9909,0.9859,0.9906,42923
2018-10-17,0.9905,0.9954,0.9898,0.9952,47456
2018-10-18,0.9945,0.9974,0.9919,0.9956,54056
2018-10-19,0.9954,0.9977,0.9949,0.9960,47839
2018-10-22,0.9950,0.9980,0.9939,0.9959,41574
2018-10-23,0.9960,0.9970,0.9937,0.9947,46135
2018-10-24,0.9948,0.9989,0.9941,0.9978,49481
2018-10-25,0.9976,1.0017,0.9954,0.9989,48467
2018-10-26,0.9991,1.0026,0.9963,0.9969,62530
2018-10-29,0.9966,1.0024,0.9964,1.0018,48965
2018-10-30,1.0018,1.0053,1.0008,1.0051,46824
2018-10-31,1.0051,1.0094,1.0033,1.0078,46438
2018-11-01,1.0077,1.0085,1.0000,1.0022,48934
2018-11-02,1.0022,1.0048,0.9968,1.0033,45505
2018-11-05,1.0026,1.0069,1.0021,1.0043,36522
2018-11-06,1.0043,1.0055,1.0022,1.0024,31522
2018-11-07,1.0022,1.0050,0.9952,1.0019,54077
2018-11-08,1.0015,1.0070,1.0007,1.0058,43723
2018-11-09,1.0061,1.0085,1.0044,1.0054,42226
2018-11-12,1.0050,1.0111,1.0047,1.0108,41654
2018-11-13,1.0108,1.0128,1.0068,1.0068,48529
2018-11-14,1.0068,1.0104,1.0041,1.0060,55015
2018-11-15,1.0060,1.0079,1.0035,1.0059,58556
2018-11-16,1.0066,1.0087,0.9991,0.9996,44168
2018-11-19,0.9991,1.0007,0.9924,0.9935,40916
2018-11-20,0.9936,0.9958,0.9908,0.9950,42669
2018-11-21,0.9949,0.9958,0.9927,0.9944,37663
2018-11-22,0.9944,0.9955,0.9921,0.9940,29867
2018-11-23,0.9942,0.9979,0.9927,0.9965,30525
2018-11-26,0.9970,0.9993,0.9954,0.9983,37404
2018-11-27,0.9983,1.0003,0.9975,0.9989,44517
2018-11-28,0.9985,1.0005,0.9925,0.9936,45447
2018-11-29,0.9936,0.9976,0.9917,0.9958,43955
2018-11-30,0.9955,1.0004,0.9942,0.9986,38016
2018-12-03,0.9979,0.9996,0.9964,0.9977,35940
2018-12-04,0.9977,0.9990,0.9930,0.9973,46945
2018-12-05,0.9974,1.0008,0.9966,0.9976,31265
2018-12-06,0.9975,0.9989,0.9894,0.9926,53065
2018-12-07,0.9924,0.9943,0.9889,0.9897,46328
2018-12-10,0.9901,0.9907,0.9867,0.9903,46062
2018-12-11,0.9902,0.9938,0.9862,0.9931,47315
2018-12-12,0.9931,0.9965,0.9912,0.9934,47656
2018-12-13,0.9934,0.9954,0.9911,0.9939,47923
2018-12-14,0.9940,0.9989,0.9924,0.9981,43187
2018-12-17,0.9948,0.9985,0.9917,0.9929,59116
2018-12-18,0.9931,0.9937,0.9899,0.9926,43984
2018-12-19,0.9925,0.9955,0.9906,0.9945,55198
2018-12-20,0.9945,0.9952,0.9840,0.9878,67658
2018-12-21,0.9878,0.9957,0.9861,0.9950,57033
2018-12-24,0.9949,0.9951,0.9862,0.9866,36469
2018-12-26,0.9858,0.9963,0.9858,0.9956,23133
2018-12-27,0.9956,0.9957,0.9839,0.9878,54549
2018-12-28,0.9877,0.9890,0.9789,0.9841,45643
2018-12-31,0.9821,0.9874,0.9821,0.9828,37543
2019-01-02,0.9837,0.9920,0.9797,0.9900,42949
2019-01-03,0.9899,0.9908,0.9846,0.9867,67947
2019-01-04,0.9867,0.9907,0.9852,0.9862,54975
2019-01-07,0.9860,0.9872,0.9787,0.9796,39758
2019-01-08,0.9795,0.9834,0.9788,0.9812,39481
2019-01-09,0.9811,0.9817,0.9732,0.9743,77910
2019-01-10,0.9743,0.9849,0.9716,0.9843,73089
2019-01-11,0.9844,0.9855,0.9813,0.9839,48014
2019-01-14,0.9837,0.9847,0.9800,0.9808,34791
2019-01-15,0.9808,0.9893,0.9801,0.9877,46998
2019-01-16,0.9876,0.9909,0.9872,0.9902,36323
2019-01-17,0.9903,0.9954,0.9891,0.9941,36965
2019-01-18,0.9941,0.9958,0.9932,0.9955,33329
2019-01-21,0.9933,0.9987,0.9929,0.9972,24482
2019-01-22,0.9970,0.9985,0.9959,0.9972,43161
2019-01-23,0.9972,0.9989,0.9939,0.9947,48165
2019-01-24,0.9948,0.9976,0.9934,0.9962,66057
2019-01-25,0.9961,0.9974,0.9921,0.9931,67920
2019-01-28,0.9928,0.9935,0.9905,0.9918,46464
2019-01-29,0.9918,0.9957,0.9905,0.9945,59880
2019-01-30,0.9946,0.9994,0.9931,0.9941,64292
2019-01-31,0.9941,0.9952,0.9907,0.9942,64008
2019-02-01,0.9944,0.9962,0.9921,0.9953,59590
2019-02-04,0.9940,0.9994,0.9936,0.9977,47080
2019-02-05,0.9978,1.0020,0.9971,0.9997,48438
2019-02-06,0.9999,1.0026,0.9985,1.0022,51228
2019-02-07,1.0024,1.0028,1.0000,1.0022,49532
2019-02-08,1.0023,1.0027,0.9995,1.0000,41118
2019-02-11,0.9999,1.0097,0.9973,1.0039,32447
2019-02-12,1.0040,1.0092,1.0033,1.0065,40755
2019-02-13,1.0062,1.0092,1.0043,1.0090,47406
2019-02-14,1.0092,1.0097,1.0044,1.0048,53338
2019-02-15,1.0050,1.0089,1.0044,1.0049,44194
2019-02-18,1.0045,1.0054,1.0023,1.0040,27327
2019-02-19,1.0040,1.0060,1.0001,1.0009,48505
2019-02-20,1.0011,1.0020,0.9981,1.0006,54156
2019-02-21,1.0009,1.0023,0.9992,1.0010,64293
2019-02-22,1.0013,1.0024,0.9987,1.0005,48516
2019-02-25,0.9989,1.0011,0.9982,1.0005,47223
2019-02-26,1.0003,1.0019,0.9987,0.9997,48154
2019-02-27,1.0000,1.0014,0.9961,1.0013,46302
2019-02-28,1.0013,1.0014,0.9926,0.9978,58701
2019-03-01,0.9978,1.0008,0.9962,0.9989,55166
2019-03-04,0.9972,1.0019,0.9972,0.9988,41470
2019-03-05,0.9989,1.0054,0.9978,1.0038,46200
2019-03-06,1.0044,1.0056,1.0031,1.0049,45039
2019-03-07,1.0049,1.0124,1.0033,1.0111,62164
2019-03-08,1.0112,1.0118,1.0069,1.0079,58517
2019-03-11,1.0075,1.0119,1.0069,1.0102,46037
2019-03-12,1.0102,1.0112,1.0063,1.0076,54063
2019-03-13,1.0076,1.0084,1.0026,1.0035,50699
2019-03-14,1.0035,1.0051,1.0029,1.0037,53025
2019-03-15,1.0037,1.0052,1.0010,1.0020,41964
2019-03-18,1.0019,1.0025,0.9997,1.0012,44586
2019-03-19,1.0012,1.0014,0.9984,0.9993,45974
2019-03-20,0.9993,1.0010,0.9894,0.9910,64425
2019-03-21,0.9909,0.9945,0.9903,0.9916,71797
2019-03-22,0.9916,0.9970,0.9914,0.9932,83122
2019-03-25,0.9937,0.9949,0.9909,0.9921,57159
2019-03-26,0.9922,0.9952,0.9918,0.9942,63245
2019-03-27,0.9942,0.9966,0.9905,0.9939,75856
2019-03-28,0.9939,0.9973,0.9939,0.9946,72239
2019-03-29,0.9946,0.9974,0.9944,0.9950,67231
2019-04-01,0.9946,0.9994,0.9930,0.9988,57367
2019-04-02,0.9989,1.0000,0.9971,0.9978,52756
2019-04-03,0.9980,0.9987,0.9953,0.9980,44870
2019-04-04,0.9980,1.0003,0.9964,0.9999,42880
2019-04-05,1.0000,1.0012,0.9984,1.0000,42087
2019-04-08,0.9993,1.0003,0.9977,0.9988,33851
2019-04-09,0.9989,1.0008,0.9979,0.9996,46271
2019-04-10,0.9998,1.0033,0.9989,1.0024,56972
2019-04-11,1.0024,1.0046,1.0009,1.0032,41933
2019-04-12,1.0032,1.0033,0.9997,1.0025,39390
2019-04-15,1.0011,1.0046,1.0009,1.0039,34482
2019-04-16,1.0040,1.0082,1.0032,1.0076,48029
2019-04-17,1.0076,1.0110,1.0067,1.0105,43947
2019-04-18,1.0106,1.0159,1.0092,1.0154,43922
2019-04-19,1.0154,1.0155,1.0130,1.0140,35101
2019-04-22,1.0140,1.0160,1.0132,1.0153,14731
2019-04-23,1.0157,1.0230,1.0148,1.0199,40155
2019-04-24,1.0199,1.0219,1.0168,1.0204,52932
2019-04-25,1.0205,1.0227,1.0193,1.0202,43819
2019-04-26,1.0202,1.0237,1.0184,1.0195,41823
2019-04-29,1.0195,1.0215,1.0181,1.0195,29427
2019-04-30,1.0195,1.0204,1.0173,1.0191,46248
2019-05-01,1.0191,1.0197,1.0126,1.0178,44956
2019-05-02,1.0177,1.0203,1.0168,1.0193,44494
2019-05-03,1.0192,1.0214,1.0160,1.0163,47453
2019-05-06,1.0157,1.0196,1.0151,1.0177,41573
2019-05-07,1.0177,1.0226,1.0160,1.0193,47951
2019-05-08,1.0193,1.0207,1.0168,1.0203,52718
2019-05-09,1.0204,1.0209,1.0123,1.0149,50652
2019-05-10,1.0151,1.0158,1.0100,1.0115,50308
2019-05-13,1.0107,1.0121,1.0049,1.0062,47264
2019-05-14,1.0062,1.0095,1.0050,1.0086,35965
2019-05-15,1.0086,1.0096,1.0055,1.0086,39519
2019-05-16,1.0086,1.0107,1.0073,1.0098,32830
2019-05-17,1.0099,1.0121,1.0084,1.0109,38215
2019-05-20,1.0101,1.0120,1.0080,1.0084,30454
2019-05-21,1.0084,1.0119,1.0080,1.0109,37409
2019-05-22,1.0110,1.0119,1.0066,1.0095,34506
2019-05-23,1.0095,1.0098,1.0023,1.0032,52736
2019-05-24,1.0033,1.0042,1.0008,1.0016,36818
2019-05-27,1.0017,1.0062,1.0009,1.0037,19687
2019-05-28,1.0037,1.0097,1.0034,1.0075,39770
2019-05-29,1.0076,1.0086,1.0049,1.0080,42878
2019-05-30,1.0080,1.0097,1.0068,1.0077,33055
2019-05-31,1.0077,1.0079,1.0000,1.0007,54826
2019-06-03,1.0014,1.0017,0.9910,0.9924,58114
2019-06-04,0.9924,0.9956,0.9902,0.9919,54485
2019-06-05,0.9920,0.9950,0.9853,0.9947,58113
2019-06-06,0.9947,0.9961,0.9879,0.9912,57974
2019-06-07,0.9912,0.9949,0.9859,0.9875,55806
2019-06-10,0.9884,0.9919,0.9884,0.9897,40389
2019-06-11,0.9897,0.9936,0.9888,0.9922,47785
2019-06-12,0.9923,0.9959,0.9902,0.9954,49609
2019-06-13,0.9954,0.9960,0.9917,0.9938,42624
2019-06-14,0.9938,0.9995,0.9925,0.9982,45169
2019-06-17,0.9982,0.9999,0.9965,0.9990,39524
2019-06-18,0.9990,1.0012,0.9965,1.0002,71303
2019-06-19,1.0002,1.0014,0.9916,0.9941,59251
2019-06-20,0.9941,0.9943,0.9791,0.9815,78297
2019-06-21,0.9815,0.9838,0.9756,0.9762,68360
2019-06-24,0.9752,0.9783,0.9710,0.9718,50336
2019-06-25,0.9718,0.9776,0.9693,0.9753,71479
2019-06-26,0.9753,0.9784,0.9743,0.9778,62675
2019-06-27,0.9778,0.9813,0.9759,0.9765,46774
2019-06-28,0.9765,0.9774,0.9738,0.9762,49593
2019-07-01,0.9762,0.9884,0.9762,0.9876,51659
2019-07-02,0.9875,0.9888,0.9835,0.9862,48258
2019-07-03,0.9861,0.9872,0.9834,0.9865,44388
2019-07-04,0.9865,0.9870,0.9846,0.9848,21055
2019-07-05,0.9848,0.9931,0.9842,0.9915,46607
2019-07-08,0.9911,0.9947,0.9899,0.9937,18296
2019-07-09,0.9937,0.9951,0.9923,0.9935,42364
2019-07-10,0.9934,0.9941,0.9887,0.9894,41484
2019-07-11,0.9894,0.9905,0.9846,0.9900,48602
2019-07-12,0.9899,0.9908,0.9836,0.9840,44651
2019-07-15,0.9829,0.9854,0.9817,0.9844,36718
2019-07-16,0.9844,0.9894,0.9835,0.9878,35934
2019-07-17,0.9878,0.9908,0.9865,0.9874,25299
2019-07-18,0.9874,0.9892,0.9809,0.9813,39702
2019-07-19,0.9813,0.9847,0.9806,0.9815,41403
2019-07-22,0.9828,0.9840,0.9804,0.9819,30729
2019-07-23,0.9819,0.9859,0.9816,0.9852,31661
2019-07-24,0.9852,0.9874,0.9836,0.9847,30898
2019-07-25,0.9847,0.9917,0.9844,0.9908,44015
2019-07-26,0.9908,0.9946,0.9900,0.9932,32104
2019-07-29,0.9924,0.9939,0.9909,0.9915,25122
2019-07-30,0.9915,0.9922,0.9891,0.9902,42216
2019-07-31,0.9902,0.9949,0.9884,0.9939,57831
2019-08-01,0.9939,0.9976,0.9887,0.9903,72064
2019-08-02,0.9902,0.9908,0.9814,0.9822,75509
2019-08-05,0.9833,0.9836,0.9716,0.9734,78559
2019-08-06,0.9734,0.9792,0.9703,0.9767,81548
2019-08-07,0.9767,0.9797,0.9692,0.9755,99500
2019-08-08,0.9755,0.9787,0.9737,0.9746,64174
2019-08-09,0.9746,0.9762,0.9709,0.9724,51269
2019-08-12,0.9725,0.9754,0.9681,0.9691,61297
2019-08-13,0.9691,0.9768,0.9659,0.9765,75704
2019-08-14,0.9765,0.9770,0.9705,0.9733,93130
2019-08-15,0.9734,0.9776,0.9721,0.9764,107412
2019-08-16,0.9763,0.9809,0.9758,0.9785,70317
2019-08-19,0.9766,0.9821,0.9766,0.9815,43667
2019-08-20,0.9815,0.9817,0.9775,0.9778,85333
2019-08-21,0.9778,0.9831,0.9774,0.9823,45089
2019-08-22,0.9823,0.9844,0.9813,0.9836,42419
2019-08-23,0.9836,0.9877,0.9735,0.9747,70107
2019-08-26,0.9724,0.9816,0.9713,0.9787,108952
2019-08-27,0.9788,0.9837,0.9775,0.9811,60902
2019-08-28,0.9812,0.9828,0.9801,0.9815,92879
2019-08-29,0.9815,0.9875,0.9800,0.9864,63211
2019-08-30,0.9865,0.9918,0.9859,0.9896,62142
2019-09-02,0.9893,0.9919,0.9889,0.9906,44467
2019-09-03,0.9905,0.9929,0.9863,0.9869,75108
2019-09-04,0.9868,0.9884,0.9798,0.9806,74011
2019-09-05,0.9807,0.9873,0.9803,0.9858,65754
2019-09-06,0.9858,0.9917,0.9854,0.9876,65286
2019-09-09,0.9867,0.9922,0.9867,0.9920,54449
2019-09-10,0.9920,0.9931,0.9889,0.9919,44669
2019-09-11,0.9919,0.9943,0.9911,0.9927,43536
2019-09-12,0.9927,0.9946,0.9880,0.9903,70108
2019-09-13,0.9903,0.9911,0.9854,0.9900,49497
2019-09-16,0.9900,0.9940,0.9865,0.9927,42456
2019-09-17,0.9927,0.9968,0.9913,0.9929,46550
2019-09-18,0.9929,0.9983,0.9925,0.9972,44441
2019-09-19,0.9972,0.9983,0.9900,0.9926,54287
2019-09-20,0.9926,0.9936,0.9889,0.9909,42368
2019-09-23,0.9918,0.9922,0.9890,0.9897,50792
2019-09-24,0.9897,0.9914,0.9843,0.9854,49129
2019-09-25,0.9853,0.9925,0.9849,0.9916,53028
2019-09-26,0.9917,0.9948,0.9906,0.9935,45633
2019-09-27,0.9935,0.9949,0.9898,0.9909,43622
2019-09-30,0.9903,0.9988,0.9903,0.9975,41552
2019-10-01,0.9976,1.0016,0.9922,0.9932,54891
2019-10-02,0.9929,1.0026,0.9920,0.9968,52062
2019-10-03,0.9968,1.0027,0.9952,0.9987,50517
2019-10-04,0.9988,1.0008,0.9926,0.9952,55385
2019-10-07,0.9930,0.9966,0.9926,0.9947,47510
2019-10-08,0.9946,0.9958,0.9904,0.9929,57856
2019-10-09,0.9929,0.9963,0.9915,0.9958,38612
2019-10-10,0.9958,0.9972,0.9914,0.9968,54140
2019-10-11,0.9968,0.9990,0.9957,0.9964,55686
2019-10-14,0.9961,0.9983,0.9944,0.9968,39074
2019-10-15,0.9970,0.9996,0.9963,0.9986,45948
2019-10-16,0.9986,0.9990,0.9945,0.9947,40486
2019-10-17,0.9947,0.9953,0.9866,0.9877,48115
2019-10-18,0.9877,0.9891,0.9840,0.9840,44157
2019-10-21,0.9840,0.9876,0.9840,0.9855,40529
2019-10-22,0.9855,0.9896,0.9851,0.9893,34901
2019-10-23,0.9893,0.9914,0.9885,0.9902,32241
2019-10-24,0.9904,0.9929,0.9891,0.9921,35047
2019-10-25,0.9920,0.9955,0.9907,0.9943,34255
2019-10-28,0.9941,0.9970,0.9939,0.9948,24148
2019-10-29,0.9948,0.9964,0.9931,0.9938,29203
2019-10-30,0.9938,0.9945,0.9887,0.9893,40622
2019-10-31,0.9893,0.9894,0.9859,0.9865,43217
2019-11-01,0.9865,0.9895,0.9851,0.9856,35611
2019-11-04,0.9840,0.9889,0.9840,0.9877,31232
2019-11-05,0.9877,0.9936,0.9873,0.9926,40217
2019-11-06,0.9925,0.9940,0.9915,0.9927,29825
2019-11-07,0.9927,0.9975,0.9911,0.9948,45291
2019-11-08,0.9948,0.9979,0.9943,0.9971,29540
2019-11-11,0.9971,0.9977,0.9929,0.9933,20753
2019-11-12,0.9933,0.9964,0.9922,0.9930,29605
2019-11-13,0.9929,0.9936,0.9884,0.9898,30533
2019-11-14,0.9898,0.9908,0.9870,0.9878,28036
2019-11-15,0.9877,0.9911,0.9876,0.9895,21118
2019-11-18,0.9877,0.9914,0.9868,0.9895,27074
2019-11-19,0.9895,0.9919,0.9882,0.9904,24044
2019-11-20,0.9904,0.9937,0.9898,0.9906,31007
2019-11-21,0.9906,0.9935,0.9890,0.9930,33533
2019-11-22,0.9930,0.9980,0.9926,0.9970,27659
2019-11-25,0.9978,0.9985,0.9960,0.9961,22290
2019-11-26,0.9961,0.9987,0.9960,0.9969,26611
2019-11-27,0.9968,1.0000,0.9967,0.9990,25265
2019-11-28,0.9989,0.9995,0.9980,0.9982,18689
2019-11-29,0.9982,1.0023,0.9978,0.9997,26118
2019-12-02,0.9997,1.0008,0.9911,0.9911,26707
2019-12-03,0.9911,0.9926,0.9857,0.9870,32026
2019-12-04,0.9870,0.9899,0.9855,0.9882,31987
2019-12-05,0.9882,0.9895,0.9868,0.9868,25168
2019-12-06,0.9868,0.9918,0.9864,0.9900,23376
2019-12-09,0.9896,0.9910,0.9875,0.9877,23629
2019-12-10,0.9877,0.9882,0.9834,0.9843,24266
2019-12-11,0.9843,0.9863,0.9814,0.9829,28903
2019-12-12,0.9829,0.9875,0.9808,0.9846,36782
2019-12-13,0.9845,0.9867,0.9805,0.9842,49827
2019-12-16,0.9828,0.9847,0.9820,0.9822,24315
2019-12-17,0.9822,0.9843,0.9796,0.9798,25347
2019-12-18,0.9800,0.9821,0.9795,0.9803,27226
2019-12-19,0.9803,0.9812,0.9770,0.9784,30442
2019-12-20,0.9784,0.9832,0.9775,0.9826,23032
2019-12-23,0.9826,0.9828,0.9801,0.9816,23024
2019-12-24,0.9817,0.9831,0.9797,0.9802,19265
2019-12-26,0.9811,0.9818,0.9799,0.9810,8796
2019-12-27,0.9810,0.9818,0.9730,0.9747,34049
2019-12-30,0.9741,0.9759,0.9674,0.9692,30071
2019-12-31,0.9692,0.9697,0.9646,0.9675,27356
2020-01-02,0.9688,0.9732,0.9681,0.9711,23680
2020-01-03,0.9710,0.9743,0.9688,0.9724,32436
2020-01-06,0.9700,0.9716,0.9676,0.9679,30351
2020-01-07,0.9678,0.9730,0.9675,0.9701,32396
2020-01-08,0.9701,0.9739,0.9665,0.9737,63576
2020-01-09,0.9737,0.9748,0.9711,0.9730,34982
2020-01-10,0.9728,0.9762,0.9719,0.9728,29961
2020-01-13,0.9720,0.9736,0.9694,0.9705,26601
2020-01-14,0.9705,0.9713,0.9665,0.9670,32992
2020-01-15,0.9670,0.9680,0.9630,0.9641,35637
2020-01-16,0.9640,0.9652,0.9613,0.9647,28182
2020-01-17,0.9647,0.9695,0.9644,0.9676,27410
2020-01-20,0.9674,0.9699,0.9672,0.9678,18878
2020-01-21,0.9678,0.9690,0.9661,0.9686,31671
2020-01-22,0.9686,0.9729,0.9677,0.9678,35627
2020-01-23,0.9677,0.9703,0.9668,0.9688,34442
2020-01-24,0.9688,0.9718,0.9684,0.9710,28897
2020-01-27,0.9702,0.9719,0.9681,0.9693,31879
2020-01-28,0.9693,0.9741,0.9678,0.9730,24734
2020-01-29,0.9730,0.9766,0.9724,0.9730,25985
2020-01-30,0.9729,0.9736,0.9680,0.9693,33992
2020-01-31,0.9693,0.9713,0.9628,0.9633,40027
2020-02-03,0.9629,0.9673,0.9628,0.9657,43085
2020-02-04,0.9657,0.9704,0.9652,0.9690,36643
2020-02-05,0.9689,0.9747,0.9678,0.9733,36318
2020-02-06,0.9733,0.9756,0.9730,0.9747,33317
2020-02-07,0.9747,0.9781,0.9739,0.9775,40787
2020-02-10,0.9767,0.9783,0.9763,0.9771,39420
2020-02-11,0.9770,0.9788,0.9750,0.9758,36877
2020-02-12,0.9757,0.9785,0.9740,0.9781,35031
2020-02-13,0.9778,0.9795,0.9760,0.9793,40385
2020-02-14,0.9793,0.9822,0.9787,0.9821,28800
2020-02-17,0.9813,0.9827,0.9806,0.9806,21546
2020-02-18,0.9806,0.9839,0.9796,0.9831,27525
2020-02-19,0.9831,0.9844,0.9825,0.9836,26129
2020-02-20,0.9836,0.9848,0.9815,0.9839,38258
2020-02-21,0.9839,0.9843,0.9771,0.9782,35280
2020-02-24,0.9796,0.9815,0.9765,0.9789,49449
2020-02-25,0.9789,0.9804,0.9750,0.9759,57943
2020-02-26,0.9759,0.9779,0.9728,0.9766,62350
2020-02-27,0.9766,0.9771,0.9674,0.9675,63844
2020-02-28,0.9675,0.9695,0.9610,0.9653,86213
2020-03-02,0.9628,0.9655,0.9544,0.9589,72410
2020-03-03,0.9585,0.9597,0.9515,0.9558,75159
2020-03-04,0.9557,0.9597,0.9532,0.9563,51587
2020-03-05,0.9563,0.9571,0.9446,0.9455,50333
2020-03-06,0.9455,0.9466,0.9318,0.9374,106226
2020-03-09,0.9317,0.9331,0.9182,0.9242,115499
2020-03-10,0.9242,0.9411,0.9238,0.9385,145687
2020-03-11,0.9383,0.9402,0.9324,0.9391,103473
2020-03-12,0.9392,0.9552,0.9321,0.9446,112417
2020-03-13,0.9446,0.9569,0.9422,0.9512,139125
2020-03-16,0.9447,0.9525,0.9392,0.9446,177009
2020-03-17,0.9452,0.9648,0.9446,0.9610,154971
2020-03-18,0.9610,0.9750,0.9566,0.9669,168610
2020-03-19,0.9668,0.9878,0.9638,0.9877,189439
2020-03-20,0.9877,0.9900,0.9744,0.9855,202713
2020-03-23,0.9840,0.9900,0.9790,0.9835,199905
2020-03-24,0.9835,0.9845,0.9718,0.9821,150076
2020-03-25,0.9821,0.9834,0.9744,0.9746,136388
2020-03-26,0.9746,0.9775,0.9603,0.9637,135889
2020-03-27,0.9637,0.9655,0.9505,0.9506,132023
2020-03-30,0.9525,0.9611,0.9500,0.9583,95471
2020-03-31,0.9580,0.9686,0.9564,0.9609,116307
2020-04-01,0.9609,0.9691,0.9594,0.9654,94858
2020-04-02,0.9654,0.9750,0.9639,0.9734,90783
2020-04-03,0.9734,0.9796,0.9718,0.9764,76731
2020-04-06,0.9755,0.9797,0.9747,0.9786,82447
2020-04-07,0.9786,0.9792,0.9685,0.9696,77932
2020-04-08,0.9696,0.9743,0.9688,0.9713,67998
2020-04-09,0.9713,0.9734,0.9648,0.9661,74969
2020-04-10,0.9661,0.9674,0.9639,0.9650,32303
2020-04-13,0.9651,0.9687,0.9630,0.9666,75381
2020-04-14,0.9667,0.9678,0.9596,0.9601,101152
2020-04-15,0.9601,0.9700,0.9592,0.9644,94127
2020-04-16,0.9644,0.9716,0.9642,0.9701,118713
2020-04-17,0.9702,0.9724,0.9656,0.9670,111411
2020-04-20,0.9667,0.9700,0.9655,0.9678,89694
2020-04-21,0.9678,0.9727,0.9670,0.9695,103465
2020-04-22,0.9694,0.9732,0.9668,0.9714,81860
2020-04-23,0.9714,0.9772,0.9702,0.9759,106463
2020-04-24,0.9759,0.9803,0.9727,0.9729,84374
2020-04-27,0.9723,0.9767,0.9712,0.9753,77061
2020-04-28,0.9751,0.9800,0.9720,0.9749,65275
2020-04-29,0.9748,0.9768,0.9712,0.9734,59082
2020-04-30,0.9732,0.9759,0.9638,0.9646,73607
2020-05-01,0.9643,0.9669,0.9588,0.9611,45985
2020-05-04,0.9616,0.9663,0.9600,0.9648,47451
2020-05-05,0.9645,0.9735,0.9639,0.9720,47855
2020-05-06,0.9721,0.9759,0.9718,0.9748,47407
2020-05-07,0.9747,0.9784,0.9728,0.9729,51839
2020-05-08,0.9726,0.9736,0.9681,0.9709,42020
2020-05-11,0.9718,0.9737,0.9700,0.9728,43982
2020-05-12,0.9726,0.9750,0.9665,0.9693,42279
2020-05-13,0.9690,0.9726,0.9665,0.9719,45542
2020-05-14,0.9718,0.9755,0.9713,0.9729,46604
2020-05-15,0.9729,0.9744,0.9698,0.9719,42601
2020-05-18,0.9716,0.9761,0.9677,0.9708,41614
2020-05-19,0.9708,0.9728,0.9698,0.9710,40651
2020-05-20,0.9696,0.9716,0.9638,0.9644,33801
2020-05-21,0.9644,0.9713,0.9642,0.9704,35633
2020-05-22,0.9704,0.9733,0.9697,0.9710,30752
2020-05-25,0.9708,0.9736,0.9704,0.9715,22500
2020-05-26,0.9715,0.9722,0.9646,0.9656,37027
2020-05-27,0.9656,0.9728,0.9648,0.9679,55051
2020-05-28,0.9679,0.9719,0.9630,0.9639,48966
2020-05-29,0.9636,0.9650,0.9601,0.9611,58156
2020-06-01,0.9602,0.9625,0.9579,0.9608,48521
2020-06-02,0.9606,0.9637,0.9573,0.9621,54629
2020-06-03,0.9620,0.9648,0.9607,0.9611,62456
2020-06-04,0.9611,0.9624,0.9543,0.9554,60593
2020-06-05,0.9554,0.9650,0.9542,0.9622,60038
2020-06-08,0.9609,0.9639,0.9555,0.9575,44610
2020-06-09,0.9575,0.9585,0.9482,0.9506,48654
2020-06-10,0.9506,0.9515,0.9424,0.9436,55396
2020-06-11,0.9437,0.9460,0.9376,0.9440,66582
2020-06-12,0.9439,0.9553,0.9417,0.9519,59604
2020-06-15,0.9525,0.9547,0.9480,0.9490,57149
2020-06-16,0.9489,0.9523,0.9463,0.9512,53569
2020-06-17,0.9512,0.9529,0.9481,0.9485,50361
2020-06-18,0.9484,0.9525,0.9482,0.9513,47823
2020-06-19,0.9512,0.9530,0.9487,0.9524,43610
2020-06-22,0.9505,0.9527,0.9465,0.9475,35731
2020-06-23,0.9473,0.9493,0.9420,0.9447,46123
2020-06-24,0.9447,0.9486,0.9429,0.9478,37333
2020-06-25,0.9478,0.9508,0.9470,0.9484,35083
2020-06-26,0.9486,0.9499,0.9467,0.9482,27581
2020-06-29,0.9466,0.9525,0.9442,0.9511,28063
2020-06-30,0.9512,0.9533,0.9461,0.9471,32968
2020-07-01,0.9472,0.9494,0.9445,0.9457,33506
2020-07-02,0.9458,0.9465,0.9426,0.9452,28945
2020-07-03,0.9453,0.9470,0.9435,0.9444,31978
2020-07-06,0.9443,0.9452,0.9384,0.9420,27552
2020-07-07,0.9421,0.9453,0.9408,0.9424,27422
2020-07-08,0.9424,0.9432,0.9369,0.9382,30580
2020-07-09,0.9383,0.9410,0.9362,0.9401,36550
2020-07-10,0.9399,0.9431,0.9384,0.9413,26412
2020-07-13,0.9403,0.9437,0.9392,0.9415,28802
2020-07-14,0.9415,0.9424,0.9380,0.9399,33831
2020-07-15,0.9399,0.9457,0.9370,0.9443,31212
2020-07-16,0.9442,0.9467,0.9429,0.9455,30059
2020-07-17,0.9455,0.9458,0.9380,0.9387,24660
2020-07-20,0.9392,0.9410,0.9374,0.9389,30368
2020-07-21,0.9389,0.9398,0.9321,0.9331,33304
2020-07-22,0.9331,0.9352,0.9286,0.9295,37322
2020-07-23,0.9295,0.9300,0.9245,0.9254,35829
2020-07-24,0.9252,0.9260,0.9207,0.9208,34344
2020-07-27,0.9197,0.9230,0.9166,0.9198,42198
2020-07-28,0.9198,0.9228,0.9155,0.9178,42723
2020-07-29,0.9178,0.9187,0.9117,0.9125,42174
2020-07-30,0.9125,0.9151,0.9087,0.9089,43699
2020-07-31,0.9087,0.9149,0.9056,0.9138,54655
2020-08-03,0.9132,0.9242,0.9127,0.9177,48062
2020-08-04,0.9177,0.9188,0.9130,0.9132,38002
2020-08-05,0.9132,0.9139,0.9050,0.9083,35504
2020-08-06,0.9083,0.9129,0.9065,0.9097,47540
2020-08-07,0.9097,0.9158,0.9085,0.9125,41123
2020-08-10,0.9117,0.9184,0.9117,0.9155,32391
2020-08-11,0.9155,0.9177,0.9105,0.9168,46358
2020-08-12,0.9167,0.9198,0.9097,0.9120,43883
2020-08-13,0.9118,0.9122,0.9082,0.9097,34188
2020-08-14,0.9096,0.9123,0.9087,0.9091,31538
2020-08-17,0.9089,0.9096,0.9051,0.9065,29607
2020-08-18,0.9065,0.9067,0.9009,0.9037,37295
2020-08-19,0.9037,0.9154,0.9019,0.9150,39811
2020-08-20,0.9150,0.9161,0.9072,0.9076,43892
2020-08-21,0.9076,0.9140,0.9061,0.9117,38100
2020-08-24,0.9113,0.9128,0.9074,0.9118,32246
2020-08-25,0.9117,0.9126,0.9073,0.9077,36227
2020-08-26,0.9081,0.9121,0.9070,0.9081,35230
2020-08-27,0.9081,0.9123,0.9036,0.9089,58480
2020-08-28,0.9089,0.9100,0.9024,0.9041,50447
2020-08-31,0.9041,0.9053,0.8998,0.9036,43135
2020-09-01,0.9036,0.9101,0.8999,0.9093,49069
2020-09-02,0.9093,0.9136,0.9083,0.9106,43365
2020-09-03,0.9106,0.9142,0.9082,0.9093,43412
2020-09-04,0.9093,0.9163,0.9085,0.9133,42056
2020-09-07,0.9134,0.9169,0.9120,0.9159,24451
2020-09-08,0.9160,0.9200,0.9156,0.9177,43255
2020-09-09,0.9177,0.9190,0.9120,0.9123,35354
2020-09-10,0.9127,0.9130,0.9049,0.9105,43589
2020-09-11,0.9104,0.9108,0.9079,0.9088,28194
2020-09-14,0.9088,0.9098,0.9058,0.9082,28356
2020-09-15,0.9082,0.9088,0.9051,0.9080,26873
2020-09-16,0.9080,0.9110,0.9055,0.9093,40175
2020-09-17,0.9093,0.9140,0.9080,0.9081,40943
2020-09-18,0.9081,0.9113,0.9075,0.9112,30757
2020-09-21,0.9102,0.9171,0.9087,0.9144,35608
2020-09-22,0.9144,0.9208,0.9136,0.9197,37997
2020-09-23,0.9198,0.9243,0.9189,0.9238,38488
2020-09-24,0.9238,0.9280,0.9216,0.9266,41079
2020-09-25,0.9266,0.9296,0.9251,0.9289,29212
2020-09-28,0.9283,0.9295,0.9240,0.9240,27391
2020-09-29,0.9239,0.9250,0.9189,0.9194,29720
2020-09-30,0.9194,0.9244,0.9162,0.9208,45669
2020-10-01,0.9207,0.9214,0.9164,0.9185,39420
2020-10-02,0.9187,0.9218,0.9178,0.9205,44909
2020-10-05,0.9194,0.9200,0.9145,0.9150,28719
2020-10-06,0.9150,0.9180,0.9133,0.9177,31464
2020-10-07,0.9177,0.9184,0.9159,0.9172,27926
2020-10-08,0.9173,0.9197,0.9157,0.9169,24223
2020-10-09,0.9169,0.9173,0.9094,0.9096,22492
2020-10-12,0.9104,0.9123,0.9087,0.9087,21831
2020-10-13,0.9087,0.9155,0.9087,0.9149,25144
2020-10-14,0.9150,0.9163,0.9113,0.9139,24652
2020-10-15,0.9139,0.9155,0.9126,0.9148,27476
2020-10-16,0.9145,0.9162,0.9123,0.9149,26137
2020-10-19,0.9145,0.9165,0.9090,0.9096,21406
2020-10-20,0.9096,0.9110,0.9055,0.9070,25088
2020-10-21,0.9069,0.9070,0.9030,0.9053,29095
2020-10-22,0.9053,0.9080,0.9041,0.9070,26182
2020-10-23,0.9070,0.9092,0.9034,0.9041,25037
2020-10-26,0.9042,0.9080,0.9040,0.9077,27087
2020-10-27,0.9077,0.9098,0.9061,0.9089,23434
2020-10-28,0.9089,0.9128,0.9085,0.9103,30461
2020-10-29,0.9103,0.9172,0.9089,0.9154,33315
2020-10-30,0.9154,0.9173,0.9138,0.9167,31319
2020-11-02,0.9155,0.9207,0.9155,0.9185,25189
2020-11-03,0.9184,0.9192,0.9117,0.9127,21543
2020-11-04,0.9127,0.9196,0.9089,0.9116,50940
2020-11-05,0.9111,0.9133,0.9036,0.9039,45116
2020-11-06,0.9039,0.9056,0.8982,0.9003,46576
2020-11-09,0.8976,0.9143,0.8975,0.9123,61092
2020-11-10,0.9135,0.9175,0.9115,0.9153,55917
2020-11-11,0.9153,0.9192,0.9123,0.9170,34367
2020-11-12,0.9168,0.9171,0.9131,0.9149,32658
2020-11-13,0.9149,0.9159,0.9126,0.9126,26369
2020-11-16,0.9124,0.9151,0.9098,0.9124,37636
2020-11-17,0.9124,0.9128,0.9088,0.9115,31560
2020-11-18,0.9113,0.9123,0.9092,0.9114,34485
2020-11-19,0.9110,0.9139,0.9100,0.9104,36650
2020-11-20,0.9105,0.9123,0.9092,0.9109,32051
2020-11-23,0.9105,0.9148,0.9076,0.9128,35974
2020-11-24,0.9123,0.9136,0.9097,0.9111,36536
2020-11-25,0.9111,0.9139,0.9078,0.9082,40554
2020-11-26,0.9079,0.9094,0.9060,0.9063,27107
2020-11-27,0.9063,0.9083,0.9040,0.9045,31402
2020-11-30,0.9036,0.9093,0.9019,0.9086,34974
2020-12-01,0.9086,0.9087,0.8994,0.8997,33765
2020-12-02,0.8993,0.9013,0.8943,0.8945,51560
2020-12-03,0.8945,0.8954,0.8891,0.8905,62148
2020-12-04,0.8914,0.8923,0.8885,0.8919,63807
2020-12-07,0.8895,0.8947,0.8875,0.8905,61620
2020-12-08,0.8905,0.8914,0.8882,0.8888,56526
2020-12-09,0.8888,0.8915,0.8871,0.8893,56691
2020-12-10,0.8894,0.8902,0.8852,0.8860,64658
2020-12-11,0.8860,0.8909,0.8851,0.8896,55756
2020-12-14,0.8881,0.8896,0.8850,0.8866,49720
2020-12-15,0.8865,0.8881,0.8850,0.8855,50773
2020-12-16,0.8854,0.8892,0.8826,0.8852,61264
2020-12-17,0.8852,0.8858,0.8823,0.8843,56288
2020-12-18,0.8844,0.8868,0.8825,0.8832,49352
2020-12-21,0.8844,0.8919,0.8842,0.8855,81084
2020-12-22,0.8855,0.8905,0.8845,0.8894,61505
2020-12-23,0.8894,0.8911,0.8868,0.8879,65446
2020-12-24,0.8880,0.8918,0.8869,0.8913,37967
2020-12-28,0.8881,0.8919,0.8876,0.8889,55735
2020-12-29,0.8891,0.8892,0.8831,0.8839,53932
2020-12-30,0.8838,0.8854,0.8812,0.8812,61167
2020-12-31,0.8811,0.8856,0.8794,0.8852,51951
2021-01-04,0.8822,0.8846,0.8785,0.8812,67730
2021-01-05,0.8812,0.8817,0.8776,0.8783,68134
2021-01-06,0.8782,0.8822,0.8758,0.8783,100261
2021-01-07,0.8780,0.8861,0.8775,0.8849,81733
2021-01-08,0.8849,0.8885,0.8823,0.8853,89681
2021-01-11,0.8855,0.8920,0.8845,0.8902,71424
2021-01-12,0.8902,0.8916,0.8861,0.8861,66482
2021-01-13,0.8861,0.8890,0.8850,0.8876,60682
2021-01-14,0.8874,0.8917,0.8856,0.8881,71598
2021-01-15,0.8882,0.8915,0.8869,0.8913,55494
2021-01-18,0.8896,0.8926,0.8887,0.8904,41206
2021-01-19,0.8909,0.8917,0.8864,0.8882,44323
2021-01-20,0.8882,0.8920,0.8867,0.8892,50864
2021-01-21,0.8893,0.8900,0.8848,0.8849,52535
2021-01-22,0.8848,0.8866,0.8839,0.8851,38502
2021-01-25,0.8842,0.8893,0.8842,0.8881,33640
2021-01-26,0.8880,0.8896,0.8861,0.8866,30273
2021-01-27,0.8865,0.8917,0.8861,0.8887,44780
2021-01-28,0.8888,0.8919,0.8870,0.8886,43782
2021-01-29,0.8886,0.8912,0.8871,0.8908,43198
2021-02-01,0.8889,0.8973,0.8889,0.8968,41933
2021-02-02,0.8967,0.8995,0.8947,0.8971,39318
2021-02-03,0.8971,0.9003,0.8970,0.8988,34178
2021-02-04,0.8988,0.9045,0.8984,0.9040,36774
2021-02-05,0.9038,0.9046,0.8989,0.8990,49742
2021-02-08,0.8983,0.9020,0.8981,0.8985,44429
2021-02-09,0.8985,0.8990,0.8919,0.8923,45061
2021-02-10,0.8923,0.8931,0.8890,0.8899,33197
2021-02-11,0.8900,0.8910,0.8892,0.8900,30502
2021-02-12,0.8900,0.8940,0.8893,0.8919,38299
2021-02-15,0.8904,0.8925,0.8896,0.8900,31466
2021-02-16,0.8901,0.8931,0.8871,0.8922,47244
2021-02-17,0.8921,0.8992,0.8915,0.8988,54024
2021-02-18,0.8985,0.8995,0.8957,0.8957,47652
2021-02-19,0.8957,0.8973,0.8933,0.8965,41941
2021-02-22,0.8961,0.9023,0.8949,0.8957,50012
2021-02-23,0.8957,0.9057,0.8949,0.9048,49311
2021-02-24,0.9048,0.9095,0.9021,0.9064,67603
2021-02-25,0.9064,0.9082,0.9028,0.9046,81455
2021-02-26,0.9046,0.9102,0.9027,0.9086,97530
2021-03-01,0.9082,0.9160,0.9071,0.9148,67106
2021-03-02,0.9148,0.9193,0.9136,0.9143,51538
2021-03-03,0.9141,0.9200,0.9140,0.9197,45761
2021-03-04,0.9197,0.9298,0.9187,0.9286,60990
2021-03-05,0.9285,0.9319,0.9257,0.9312,56056
2021-03-08,0.9281,0.9369,0.9272,0.9362,61123
2021-03-09,0.9362,0.9375,0.9276,0.9276,64432
2021-03-10,0.9276,0.9323,0.9271,0.9295,63423
2021-03-11,0.9295,0.9309,0.9234,0.9241,58259
2021-03-12,0.9241,0.9325,0.9233,0.9291,53447
2021-03-15,0.9287,0.9313,0.9261,0.9272,53119
2021-03-16,0.9272,0.9287,0.9243,0.9247,48253
2021-03-17,0.9247,0.9296,0.9214,0.9223,49772
2021-03-18,0.9223,0.9305,0.9219,0.9273,54939
2021-03-19,0.9273,0.9320,0.9251,0.9292,50352
2021-03-22,0.9291,0.9310,0.9223,0.9228,36863
2021-03-23,0.9228,0.9347,0.9228,0.9338,34812
2021-03-24,0.9338,0.9370,0.9337,0.9353,35454
2021-03-25,0.9353,0.9402,0.9349,0.9396,37330
2021-03-26,0.9396,0.9418,0.9382,0.9388,28691
2021-03-29,0.9381,0.9405,0.9370,0.9389,30905
2021-03-30,0.9388,0.9439,0.9381,0.9420,37041
2021-03-31,0.9420,0.9458,0.9404,0.9435,46439
2021-04-01,0.9435,0.9473,0.9404,0.9416,43834
2021-04-02,0.9415,0.9434,0.9405,0.9420,16971
2021-04-05,0.9417,0.9438,0.9354,0.9362,30407
2021-04-06,0.9361,0.9396,0.9303,0.9308,36028
2021-04-07,0.9308,0.9318,0.9268,0.9295,37012
2021-04-08,0.9295,0.9303,0.9232,0.9237,32784
2021-04-09,0.9240,0.9282,0.9231,0.9245,36346
2021-04-12,0.9242,0.9268,0.9213,0.9221,33712
2021-04-13,0.9220,0.9260,0.9198,0.9205,45192
2021-04-14,0.9205,0.9234,0.9186,0.9224,28868
2021-04-15,0.9224,0.9246,0.9206,0.9222,29361
2021-04-16,0.9222,0.9235,0.9179,0.9198,25815
2021-04-19,0.9189,0.9215,0.9129,0.9148,29254
2021-04-20,0.9148,0.9170,0.9135,0.9156,28618
2021-04-21,0.9156,0.9195,0.9149,0.9166,25437
2021-04-22,0.9166,0.9191,0.9144,0.9167,29369
2021-04-23,0.9169,0.9177,0.9128,0.9136,26827
2021-04-26,0.9130,0.9166,0.9122,0.9139,25085
2021-04-27,0.9139,0.9172,0.9124,0.9134,24108
2021-04-28,0.9134,0.9182,0.9088,0.9094,33970
2021-04-29,0.9094,0.9119,0.9079,0.9084,32189
2021-04-30,0.9084,0.9140,0.9080,0.9130,34685
2021-05-03,0.9119,0.9148,0.9093,0.9111,26148
2021-05-04,0.9107,0.9161,0.9096,0.9132,36625
2021-05-05,0.9133,0.9164,0.9121,0.9126,26224
2021-05-06,0.9126,0.9145,0.9070,0.9071,27719
2021-05-07,0.9071,0.9094,0.9004,0.9005,35238
2021-05-10,0.9003,0.9019,0.8986,0.9011,33098
2021-05-11,0.9010,0.9039,0.9001,0.9035,32245
2021-05-12,0.9035,0.9094,0.9027,0.9089,40736
2021-05-13,0.9089,0.9093,0.9051,0.9057,41188
2021-05-14,0.9058,0.9064,0.9012,0.9016,26767
2021-05-17,0.9010,0.9033,0.9002,0.9032,26020
2021-05-18,0.9031,0.9035,0.8960,0.8976,28918
2021-05-19,0.8975,0.9048,0.8968,0.9037,39668
2021-05-20,0.9037,0.9047,0.8972,0.8972,29810
2021-05-21,0.8972,0.9000,0.8954,0.8977,34670
2021-05-24,0.8977,0.9002,0.8957,0.8968,33937
2021-05-25,0.8969,0.8975,0.8931,0.8948,40932
2021-05-26,0.8952,0.8988,0.8933,0.8978,36590
2021-05-27,0.8978,0.9009,0.8961,0.8965,38981
2021-05-28,0.8966,0.9030,0.8964,0.9001,38546
2021-05-31,0.8988,0.9013,0.8984,0.8987,23196
2021-06-01,0.8987,0.8999,0.8947,0.8970,30843
2021-06-02,0.8971,0.9024,0.8966,0.8976,32802
2021-06-03,0.8976,0.9052,0.8975,0.9033,34843
2021-06-04,0.9033,0.9054,0.8982,0.8991,33715
2021-06-07,0.8988,0.9010,0.8968,0.8976,23083
2021-06-08,0.8975,0.8989,0.8952,0.8967,31968
2021-06-09,0.8967,0.8972,0.8926,0.8954,28393
2021-06-10,0.8954,0.8993,0.8940,0.8944,43959
2021-06-11,0.8943,0.9000,0.8933,0.8981,35257
2021-06-14,0.8978,0.9002,0.8977,0.8995,30881
2021-06-15,0.8994,0.9008,0.8965,0.8982,32541
2021-06-16,0.8982,0.9088,0.8974,0.9085,38002
2021-06-17,0.9086,0.9188,0.9076,0.9176,57845
2021-06-18,0.9176,0.9239,0.9166,0.9233,49506
2021-06-21,0.9202,0.9237,0.9175,0.9179,50789
2021-06-22,0.9179,0.9213,0.9173,0.9180,47249
2021-06-23,0.9179,0.9200,0.9154,0.9183,43906
2021-06-24,0.9182,0.9200,0.9174,0.9177,39497
2021-06-25,0.9176,0.9183,0.9142,0.9168,34862
2021-06-28,0.9168,0.9215,0.9166,0.9194,35039
2021-06-29,0.9194,0.9233,0.9190,0.9210,35940
2021-06-30,0.9210,0.9262,0.9201,0.9249,46083
2021-07-01,0.9249,0.9272,0.9236,0.9254,51798
2021-07-02,0.9253,0.9275,0.9200,0.9206,48772
2021-07-05,0.9200,0.9233,0.9200,0.9224,26203
2021-07-06,0.9221,0.9252,0.9194,0.9242,45282
2021-07-07,0.9242,0.9268,0.9223,0.9255,47872
2021-07-08,0.9254,0.9262,0.9133,0.9151,52781
2021-07-09,0.9150,0.9175,0.9136,0.9137,39167
2021-07-12,0.9135,0.9171,0.9132,0.9150,31437
2021-07-13,0.9149,0.9200,0.9143,0.9185,38303
2021-07-14,0.9185,0.9199,0.9142,0.9144,41182
2021-07-15,0.9143,0.9193,0.9118,0.9177,42031
2021-07-16,0.9177,0.9204,0.9165,0.9194,35305
2021-07-19,0.9180,0.9222,0.9163,0.9178,46505
2021-07-20,0.9178,0.9233,0.9164,0.9214,44593
2021-07-21,0.9213,0.9231,0.9170,0.9175,33136
2021-07-22,0.9175,0.9202,0.9155,0.9188,40869
2021-07-23,0.9188,0.9222,0.9186,0.9197,31030
2021-07-26,0.9185,0.9202,0.9149,0.9156,34663
2021-07-27,0.9157,0.9186,0.9129,0.9143,42943
2021-07-28,0.9142,0.9167,0.9099,0.9099,40917
2021-07-29,0.9099,0.9101,0.9054,0.9061,30895
2021-07-30,0.9060,0.9075,0.9039,0.9051,32763
2021-08-02,0.9044,0.9069,0.9038,0.9053,29746
2021-08-03,0.9053,0.9057,0.9023,0.9037,30692
2021-08-04,0.9035,0.9076,0.9018,0.9065,31331
2021-08-05,0.9064,0.9078,0.9051,0.9068,29832
2021-08-06,0.9067,0.9156,0.9062,0.9150,33104
2021-08-09,0.9136,0.9207,0.9135,0.9198,30502
2021-08-10,0.9197,0.9234,0.9191,0.9222,25540
2021-08-11,0.9223,0.9242,0.9202,0.9219,30231
2021-08-12,0.9218,0.9240,0.9210,0.9232,19490
2021-08-13,0.9231,0.9239,0.9151,0.9152,22375
2021-08-16,0.9149,0.9170,0.9109,0.9122,24665
2021-08-17,0.9122,0.9151,0.9099,0.9145,29721
2021-08-18,0.9144,0.9196,0.9127,0.9168,28730
2021-08-19,0.9168,0.9207,0.9145,0.9186,37350
2021-08-20,0.9185,0.9190,0.9159,0.9169,23160
2021-08-23,0.9159,0.9178,0.9122,0.9123,28087
2021-08-24,0.9122,0.9139,0.9110,0.9126,26024
2021-08-25,0.9124,0.9158,0.9117,0.9137,29085
2021-08-26,0.9137,0.9192,0.9122,0.9176,33866
2021-08-27,0.9174,0.9200,0.9106,0.9111,33907
2021-08-30,0.9108,0.9185,0.9101,0.9168,24902
2021-08-31,0.9168,0.9173,0.9114,0.9150,35381
2021-09-01,0.9148,0.9189,0.9139,0.9152,32199
2021-09-02,0.9152,0.9168,0.9140,0.9142,28251
2021-09-03,0.9142,0.9159,0.9115,0.9139,38039
2021-09-06,0.9123,0.9168,0.9118,0.9150,20305
2021-09-07,0.9147,0.9199,0.9133,0.9195,35719
2021-09-08,0.9194,0.9235,0.9182,0.9217,39099
2021-09-09,0.9216,0.9223,0.9161,0.9168,36345
2021-09-10,0.9166,0.9185,0.9150,0.9181,31846
2021-09-13,0.9175,0.9241,0.9172,0.9222,35721
2021-09-14,0.9219,0.9228,0.9181,0.9204,32316
2021-09-15,0.9201,0.9205,0.9163,0.9196,29362
2021-09-16,0.9196,0.9277,0.9184,0.9275,34888
2021-09-17,0.9274,0.9325,0.9260,0.9322,33537
2021-09-20,0.9314,0.9333,0.9271,0.9277,31151
2021-09-21,0.9273,0.9283,0.9225,0.9235,34219
2021-09-22,0.9234,0.9273,0.9215,0.9261,45315
2021-09-23,0.9250,0.9273,0.9217,0.9242,37632
2021-09-24,0.9241,0.9261,0.9222,0.9243,27865
2021-09-27,0.9234,0.9291,0.9234,0.9257,37924
2021-09-28,0.9257,0.9302,0.9250,0.9292,42340
2021-09-29,0.9291,0.9355,0.9278,0.9344,45306
2021-09-30,0.9341,0.9368,0.9315,0.9315,44139
2021-10-01,0.9316,0.9337,0.9282,0.9304,41996
2021-10-04,0.9304,0.9311,0.9230,0.9247,33351
2021-10-05,0.9244,0.9288,0.9239,0.9279,31692
2021-10-06,0.9277,0.9308,0.9271,0.9272,38726
2021-10-07,0.9272,0.9292,0.9253,0.9286,31675
2021-10-08,0.9284,0.9306,0.9259,0.9271,35193
2021-10-11,0.9261,0.9288,0.9250,0.9276,28860
2021-10-12,0.9275,0.9313,0.9257,0.9306,30754
2021-10-13,0.9303,0.9308,0.9235,0.9240,39318
2021-10-14,0.9240,0.9244,0.9194,0.9234,31920
2021-10-15,0.9232,0.9264,0.9222,0.9230,33958
2021-10-18,0.9229,0.9273,0.9223,0.9237,36717
2021-10-19,0.9237,0.9239,0.9185,0.9229,35928
2021-10-20,0.9228,0.9252,0.9186,0.9188,37665
2021-10-21,0.9187,0.9206,0.9170,0.9182,38250
2021-10-22,0.9181,0.9185,0.9151,0.9160,38611
2021-10-25,0.9151,0.9203,0.9150,0.9198,37005
2021-10-26,0.9197,0.9226,0.9184,0.9199,35061
2021-10-27,0.9196,0.9204,0.9165,0.9181,40645
2021-10-28,0.9180,0.9195,0.9115,0.9118,53120
2021-10-29,0.9118,0.9176,0.9102,0.9151,47153
2021-11-01,0.9148,0.9171,0.9087,0.9092,35574
2021-11-02,0.9089,0.9150,0.9088,0.9144,33715
2021-11-03,0.9141,0.9151,0.9104,0.9118,44148
2021-11-04,0.9115,0.9145,0.9111,0.9126,43022
2021-11-05,0.9124,0.9175,0.9113,0.9121,40423
2021-11-08,0.9117,0.9158,0.9117,0.9133,33317
2021-11-09,0.9131,0.9154,0.9102,0.9112,44827
2021-11-10,0.9108,0.9186,0.9105,0.9181,57631
2021-11-11,0.9178,0.9224,0.9172,0.9208,38209
2021-11-12,0.9205,0.9238,0.9202,0.9211,36344
2021-11-15,0.9201,0.9257,0.9187,0.9251,39401
2021-11-16,0.9250,0.9312,0.9237,0.9299,48481
2021-11-17,0.9297,0.9330,0.9276,0.9282,45622
2021-11-18,0.9279,0.9292,0.9251,0.9256,44936
2021-11-19,0.9254,0.9290,0.9249,0.9288,54971
2021-11-22,0.9276,0.9335,0.9267,0.9330,50169
2021-11-23,0.9330,0.9344,0.9295,0.9331,52010
2021-11-24,0.9330,0.9374,0.9313,0.9340,49429
2021-11-25,0.9337,0.9361,0.9324,0.9357,36677
2021-11-26,0.9355,0.9359,0.9211,0.9244,77619
2021-11-29,0.9221,0.9273,0.9220,0.9228,55308
2021-11-30,0.9224,0.9266,0.9157,0.9185,70270
2021-12-01,0.9183,0.9218,0.9169,0.9202,53903
2021-12-02,0.9202,0.9222,0.9178,0.9202,46491
2021-12-03,0.9201,0.9218,0.9165,0.9179,52404
2021-12-06,0.9172,0.9269,0.9169,0.9254,40859
2021-12-07,0.9250,0.9275,0.9231,0.9250,38365
2021-12-08,0.9247,0.9252,0.9195,0.9205,46745
2021-12-09,0.9204,0.9265,0.9187,0.9235,38399
2021-12-10,0.9233,0.9254,0.9199,0.9206,35414
2021-12-13,0.9210,0.9256,0.9199,0.9225,32886
2021-12-14,0.9228,0.9245,0.9188,0.9239,32401
2021-12-15,0.9229,0.9294,0.9222,0.9243,45655
2021-12-16,0.9241,0.9256,0.9190,0.9192,53531
2021-12-17,0.9189,0.9246,0.9175,0.9241,38277
2021-12-20,0.9238,0.9251,0.9192,0.9214,36647
2021-12-21,0.9213,0.9254,0.9194,0.9232,34474
2021-12-22,0.9234,0.9252,0.9190,0.9195,32637
2021-12-23,0.9198,0.9219,0.9175,0.9182,30581
2021-12-24,0.9180,0.9196,0.9166,0.9183,46199
2021-12-27,0.9174,0.9200,0.9171,0.9175,20087
2021-12-28,0.9174,0.9190,0.9159,0.9173,22920
2021-12-29,0.9171,0.9201,0.9127,0.9146,28184
2021-12-30,0.9143,0.9181,0.9132,0.9135,29994
2021-12-31,0.9132,0.9148,0.9102,0.9122,26828
2022-01-03,0.9111,0.9200,0.9098,0.9188,30590
2022-01-04,0.9187,0.9193,0.9136,0.9159,34177
2022-01-05,0.9159,0.9183,0.9141,0.9170,36723
2022-01-06,0.9170,0.9224,0.9161,0.9211,39434
2022-01-07,0.9210,0.9232,0.9182,0.9184,31669
2022-01-10,0.9179,0.9275,0.9179,0.9271,37979
2022-01-11,0.9271,0.9278,0.9232,0.9233,37441
2022-01-12,0.9230,0.9244,0.9130,0.9143,42983
2022-01-13,0.9141,0.9149,0.9091,0.9110,41861
2022-01-14,0.9109,0.9142,0.9095,0.9138,42668
2022-01-17,0.9122,0.9159,0.9122,0.9140,26872
2022-01-18,0.9140,0.9179,0.9126,0.9173,47261
2022-01-19,0.9171,0.9178,0.9144,0.9159,37969
2022-01-20,0.9154,0.9181,0.9139,0.9171,39788
2022-01-21,0.9168,0.9174,0.9108,0.9120,40832
2022-01-24,0.9108,0.9159,0.9108,0.9139,46267
2022-01-25,0.9138,0.9204,0.9120,0.9181,42847
2022-01-26,0.9180,0.9246,0.9167,0.9238,53411
2022-01-27,0.9236,0.9338,0.9227,0.9306,59824
2022-01-28,0.9306,0.9329,0.9290,0.9310,52276
2022-01-31,0.9303,0.9343,0.9251,0.9271,47859
2022-02-01,0.9268,0.9277,0.9204,0.9212,45340
2022-02-02,0.9214,0.9222,0.9178,0.9186,44501
2022-02-03,0.9185,0.9236,0.9177,0.9197,68627
2022-02-04,0.9197,0.9259,0.9193,0.9255,58007
2022-02-07,0.9237,0.9262,0.9222,0.9237,40514
2022-02-08,0.9236,0.9263,0.9226,0.9251,37945
2022-02-09,0.9246,0.9254,0.9222,0.9244,33620
2022-02-10,0.9238,0.9297,0.9227,0.9252,57062
2022-02-11,0.9251,0.9287,0.9237,0.9242,64082
2022-02-14,0.9241,0.9272,0.9236,0.9243,56608
2022-02-15,0.9241,0.9274,0.9227,0.9253,46128
2022-02-16,0.9253,0.9261,0.9206,0.9226,43573
2022-02-17,0.9223,0.9229,0.9188,0.9205,62204
2022-02-18,0.9202,0.9218,0.9192,0.9212,45088
2022-02-21,0.9200,0.9221,0.9150,0.9158,35931
2022-02-22,0.9157,0.9228,0.9151,0.9213,56545
2022-02-23,0.9212,0.9219,0.9168,0.9182,35738
2022-02-24,0.9178,0.9289,0.9170,0.9254,106935
2022-02-25,0.9252,0.9284,0.9228,0.9253,60495
2022-02-28,0.9254,0.9277,0.9166,0.9167,79894
2022-03-01,0.9166,0.9205,0.9150,0.9183,64785
2022-03-02,0.9182,0.9239,0.9166,0.9201,61330
2022-03-03,0.9201,0.9217,0.9171,0.9171,50024
2022-03-04,0.9171,0.9210,0.9162,0.9168,68452
