time,open,high,low,close,volume
2012-12-04,0.9948,0.9953,0.9914,0.9931,64571
2012-12-05,0.9931,0.9941,0.9907,0.9920,42614
2012-12-06,0.9920,0.9926,0.9892,0.9917,64082
2012-12-07,0.9916,0.9933,0.9875,0.9883,60687
2012-12-10,0.9871,0.9888,0.9860,0.9861,57574
2012-12-11,0.9861,0.9879,0.9857,0.9861,58745
2012-12-12,0.9861,0.9865,0.9825,0.9846,60501
2012-12-13,0.9845,0.9855,0.9824,0.9844,59580
2012-12-14,0.9845,0.9865,0.9831,0.9854,61305
2012-12-17,0.9856,0.9881,0.9831,0.9837,59171
2012-12-18,0.9836,0.9860,0.9831,0.9859,55979
2012-12-19,0.9859,0.9891,0.9849,0.9890,61380
2012-12-20,0.9890,0.9896,0.9869,0.9875,63123
2012-12-21,0.9876,0.9952,0.9874,0.9931,66789
2012-12-24,0.9933,0.9944,0.9910,0.9911,40197
2012-12-26,0.9919,0.9950,0.9912,0.9936,31283
2012-12-27,0.9936,0.9958,0.9908,0.9950,63363
2012-12-28,0.9950,0.9970,0.9938,0.9968,59377
2012-12-31,0.9953,0.9970,0.9909,0.9948,49824
2013-01-01,0.9928,0.9931,0.9920,0.9927,511
2013-01-02,0.9927,0.9943,0.9836,0.9854,65782
2013-01-03,0.9854,0.9887,0.9842,0.9885,65213
2013-01-04,0.9885,0.9923,0.9848,0.9871,68953
2013-01-07,0.9861,0.9884,0.9852,0.9858,63720
2013-01-08,0.9858,0.9882,0.9843,0.9866,65100
2013-01-09,0.9866,0.9880,0.9854,0.9877,66362
2013-01-10,0.9877,0.9880,0.9827,0.9832,72518
2013-01-11,0.9832,0.9853,0.9815,0.9847,72594
2013-01-14,0.9844,0.9866,0.9831,0.9840,72728
2013-01-15,0.9840,0.9866,0.9831,0.9843,81508
2013-01-16,0.9842,0.9877,0.9837,0.9862,74155
2013-01-17,0.9862,0.9885,0.9842,0.9856,77011
2013-01-18,0.9856,0.9946,0.9853,0.9915,77212
2013-01-21,0.9921,0.9939,0.9909,0.9926,57970
2013-01-22,0.9926,0.9945,0.9908,0.9919,78880
2013-01-23,0.9919,1.0004,0.9903,0.9997,75701
2013-01-24,0.9997,1.0036,0.9990,1.0022,75270
2013-01-25,1.0022,1.0100,1.0021,1.0056,73216
2013-01-28,1.0066,1.0100,1.0057,1.0059,69461
2013-01-29,1.0060,1.0066,1.0007,1.0013,73707
2013-01-30,1.0014,1.0052,1.0008,1.0016,73993
2013-01-31,1.0016,1.0034,0.9957,0.9967,71539
2013-02-01,0.9967,1.0004,0.9963,0.9963,69605
2013-02-04,0.9966,0.9992,0.9947,0.9990,67481
2013-02-05,0.9990,0.9994,0.9949,0.9954,70300
2013-02-06,0.9954,0.9988,0.9950,0.9957,69652
2013-02-07,0.9957,0.9994,0.9932,0.9977,68449
2013-02-08,0.9977,1.0035,0.9970,1.0020,63969
2013-02-11,1.0030,1.0083,1.0026,1.0052,59367
2013-02-12,1.0052,1.0088,1.0014,1.0016,63453
2013-02-13,1.0016,1.0044,1.0011,1.0014,60534
2013-02-14,1.0014,1.0024,0.9999,1.0006,63197
2013-02-15,1.0007,1.0082,1.0001,1.0062,61631
2013-02-18,1.0075,1.0121,1.0057,1.0105,51679
2013-02-19,1.0106,1.0137,1.0101,1.0117,61374
2013-02-20,1.0117,1.0185,1.0108,1.0164,68734
2013-02-21,1.0164,1.0207,1.0162,1.0178,70890
2013-02-22,1.0178,1.0256,1.0158,1.0212,69542
2013-02-25,1.0220,1.0277,1.0220,1.0257,79409
2013-02-26,1.0257,1.0303,1.0240,1.0254,79215
2013-02-27,1.0254,1.0277,1.0226,1.0234,77750
2013-02-28,1.0234,1.0313,1.0216,1.0302,73589
2013-03-01,1.0302,1.0341,1.0262,1.0266,74067
2013-03-04,1.0273,1.0309,1.0268,1.0273,11086
2013-03-05,1.0273,1.0293,1.0255,1.0272,11548
2013-03-06,1.0273,1.0337,1.0254,1.0322,18730
2013-03-07,1.0322,1.0329,1.0285,1.0294,22840
2013-03-08,1.0294,1.0314,1.0234,1.0281,19096
2013-03-11,1.0287,1.0294,1.0255,1.0263,18549
2013-03-12,1.0263,1.0283,1.0249,1.0261,21231
2013-03-13,1.0261,1.0295,1.0246,1.0282,22615
2013-03-14,1.0282,1.0283,1.0211,1.0222,24455
2013-03-15,1.0221,1.0231,1.0180,1.0193,23371
2013-03-18,1.0226,1.0250,1.0204,1.0223,23944
2013-03-19,1.0223,1.0284,1.0214,1.0271,24984
2013-03-20,1.0271,1.0275,1.0238,1.0260,24661
2013-03-21,1.0260,1.0263,1.0199,1.0246,24543
2013-03-22,1.0245,1.0264,1.0220,1.0232,20188
2013-03-25,1.0232,1.0232,1.0188,1.0213,26222
2013-03-26,1.0213,1.0216,1.0159,1.0163,22637
2013-03-27,1.0163,1.0195,1.0150,1.0161,22418
2013-03-28,1.0162,1.0174,1.0145,1.0162,22373
2013-03-29,1.0162,1.0179,1.0156,1.0169,11955
2013-04-01,1.0167,1.0182,1.0159,1.0168,14168
2013-04-02,1.0167,1.0168,1.0125,1.0142,19855
2013-04-03,1.0142,1.0154,1.0125,1.0145,19435
2013-04-04,1.0145,1.0166,1.0104,1.0128,25341
2013-04-05,1.0128,1.0235,1.0123,1.0175,26755
2013-04-08,1.0167,1.0214,1.0155,1.0164,22539
2013-04-09,1.0164,1.0175,1.0134,1.0162,22615
2013-04-10,1.0163,1.0167,1.0139,1.0142,20793
2013-04-11,1.0142,1.0156,1.0083,1.0102,22911
2013-04-12,1.0103,1.0145,1.0093,1.0131,21361
2013-04-15,1.0141,1.0258,1.0133,1.0242,33627
2013-04-16,1.0241,1.0257,1.0203,1.0209,32400
2013-04-17,1.0209,1.0293,1.0209,1.0262,34068
2013-04-18,1.0262,1.0276,1.0230,1.0256,32473
2013-04-19,1.0257,1.0269,1.0232,1.0264,25689
2013-04-22,1.0256,1.0285,1.0247,1.0259,25406
2013-04-23,1.0259,1.0285,1.0250,1.0262,27562
2013-04-24,1.0262,1.0278,1.0246,1.0256,23670
2013-04-25,1.0256,1.0258,1.0185,1.0200,24794
2013-04-26,1.0200,1.0214,1.0157,1.0163,25791
2013-04-29,1.0166,1.0168,1.0107,1.0118,20837
2013-04-30,1.0118,1.0123,1.0054,1.0072,23548
2013-05-01,1.0072,1.0100,1.0051,1.0082,21414
2013-05-02,1.0082,1.0109,1.0059,1.0106,24340
2013-05-03,1.0107,1.0132,1.0074,1.0074,22665
2013-05-06,1.0077,1.0096,1.0064,1.0068,17134
2013-05-07,1.0069,1.0083,1.0036,1.0046,21217
2013-05-08,1.0046,1.0058,1.0017,1.0026,19967
2013-05-09,1.0026,1.0089,1.0013,1.0069,24695
2013-05-10,1.0069,1.0152,1.0063,1.0099,29877
2013-05-13,1.0112,1.0132,1.0082,1.0104,24612
2013-05-14,1.0104,1.0186,1.0090,1.0182,24149
2013-05-15,1.0182,1.0219,1.0156,1.0164,24376
2013-05-16,1.0164,1.0207,1.0149,1.0186,23624
2013-05-17,1.0186,1.0313,1.0180,1.0279,25690
2013-05-20,1.0275,1.0296,1.0216,1.0243,26527
2013-05-21,1.0242,1.0321,1.0234,1.0269,28889
2013-05-22,1.0269,1.0388,1.0250,1.0371,38259
2013-05-23,1.0372,1.0393,1.0285,1.0301,41436
2013-05-24,1.0301,1.0355,1.0299,1.0315,31208
2013-05-27,1.0315,1.0344,1.0312,1.0336,16785
2013-05-28,1.0336,1.0408,1.0324,1.0402,32604
2013-05-29,1.0402,1.0420,1.0345,1.0349,39394
2013-05-30,1.0350,1.0388,1.0294,1.0296,38736
2013-05-31,1.0297,1.0381,1.0294,1.0374,38703
2013-06-03,1.0362,1.0375,1.0261,1.0280,38171
2013-06-04,1.0280,1.0361,1.0276,1.0339,36694
2013-06-05,1.0340,1.0380,1.0327,1.0342,40225
2013-06-06,1.0344,1.0366,1.0198,1.0263,55227
2013-06-07,1.0263,1.0287,1.0167,1.0193,53360
2013-06-10,1.0218,1.0223,1.0168,1.0193,45962
2013-06-11,1.0193,1.0251,1.0175,1.0187,54060
2013-06-12,1.0188,1.0217,1.0155,1.0210,48762
2013-06-13,1.0210,1.0226,1.0147,1.0155,51249
2013-06-14,1.0154,1.0187,1.0137,1.0168,31152
2013-06-17,1.0172,1.0205,1.0149,1.0187,24775
2013-06-18,1.0187,1.0217,1.0177,1.0214,28036
2013-06-19,1.0214,1.0287,1.0174,1.0271,34622
2013-06-20,1.0271,1.0394,1.0267,1.0379,49939
2013-06-21,1.0379,1.0488,1.0362,1.0454,42739
2013-06-24,1.0478,1.0556,1.0470,1.0501,46955
2013-06-25,1.0501,1.0547,1.0458,1.0513,44543
2013-06-26,1.0513,1.0527,1.0457,1.0476,39753
2013-06-27,1.0471,1.0504,1.0424,1.0476,48761
2013-06-28,1.0476,1.0553,1.0453,1.0516,53851
2013-07-01,1.0522,1.0534,1.0487,1.0495,28834
2013-07-02,1.0497,1.0578,1.0495,1.0546,36543
2013-07-03,1.0546,1.0564,1.0498,1.0503,35274
2013-07-04,1.0503,1.0557,1.0472,1.0516,29125
2013-07-05,1.0516,1.0609,1.0511,1.0580,36843
2013-07-08,1.0580,1.0585,1.0546,1.0561,29240
2013-07-09,1.0561,1.0574,1.0513,1.0526,34552
2013-07-10,1.0526,1.0540,1.0428,1.0428,39326
2013-07-11,1.0433,1.0448,1.0326,1.0367,50070
2013-07-12,1.0367,1.0404,1.0359,1.0393,34453
2013-07-15,1.0390,1.0433,1.0379,1.0428,30717
2013-07-16,1.0428,1.0442,1.0363,1.0376,35316
2013-07-17,1.0376,1.0439,1.0355,1.0405,36350
2013-07-18,1.0405,1.0439,1.0373,1.0375,31625
2013-07-19,1.0375,1.0393,1.0355,1.0366,29934
2013-07-22,1.0366,1.0367,1.0321,1.0338,27941
2013-07-23,1.0338,1.0349,1.0277,1.0291,31344
2013-07-24,1.0291,1.0325,1.0263,1.0313,32742
2013-07-25,1.0313,1.0319,1.0255,1.0284,31589
2013-07-26,1.0284,1.0303,1.0262,1.0275,27082
2013-07-29,1.0282,1.0283,1.0252,1.0264,26881
2013-07-30,1.0264,1.0310,1.0258,1.0306,29135
2013-07-31,1.0306,1.0336,1.0246,1.0279,37403
2013-08-01,1.0279,1.0351,1.0265,1.0349,32818
2013-08-02,1.0349,1.0402,1.0339,1.0387,32435
2013-08-05,1.0388,1.0403,1.0357,1.0358,25112
2013-08-06,1.0358,1.0390,1.0348,1.0374,26827
2013-08-07,1.0374,1.0445,1.0368,1.0422,31451
2013-08-08,1.0422,1.0431,1.0304,1.0325,30491
2013-08-09,1.0326,1.0353,1.0275,1.0286,27824
2013-08-12,1.0294,1.0316,1.0279,1.0306,24627
2013-08-13,1.0305,1.0348,1.0303,1.0343,27032
2013-08-14,1.0343,1.0369,1.0318,1.0339,27397
2013-08-15,1.0339,1.0364,1.0300,1.0303,35221
2013-08-16,1.0303,1.0360,1.0293,1.0335,28854
2013-08-19,1.0331,1.0348,1.0316,1.0344,26517
2013-08-20,1.0344,1.0401,1.0341,1.0393,34087
2013-08-21,1.0394,1.0482,1.0392,1.0478,36363
2013-08-22,1.0478,1.0530,1.0471,1.0520,32216
2013-08-23,1.0518,1.0568,1.0494,1.0494,31232
2013-08-26,1.0513,1.0533,1.0498,1.0499,20911
2013-08-27,1.0500,1.0540,1.0472,1.0478,30074
2013-08-28,1.0478,1.0511,1.0474,1.0489,30706
2013-08-29,1.0489,1.0541,1.0480,1.0537,29297
2013-08-30,1.0537,1.0558,1.0509,1.0532,27889
2013-09-02,1.0528,1.0557,1.0516,1.0548,19449
2013-09-03,1.0548,1.0559,1.0509,1.0535,27011
2013-09-04,1.0535,1.0542,1.0475,1.0495,25963
2013-09-05,1.0496,1.0516,1.0476,1.0505,22510
2013-09-06,1.0504,1.0505,1.0382,1.0404,22784
2013-09-09,1.0403,1.0418,1.0359,1.0371,19535
2013-09-10,1.0371,1.0380,1.0330,1.0350,23493
2013-09-11,1.0350,1.0365,1.0310,1.0314,22821
2013-09-12,1.0314,1.0335,1.0306,1.0326,23783
2013-09-13,1.0326,1.0356,1.0322,1.0349,21098
2013-09-16,1.0315,1.0326,1.0282,1.0322,21598
2013-09-17,1.0322,1.0334,1.0275,1.0296,20768
2013-09-18,1.0296,1.0318,1.0201,1.0227,25486
2013-09-19,1.0228,1.0268,1.0182,1.0265,28131
2013-09-20,1.0265,1.0310,1.0262,1.0303,21874
2013-09-23,1.0306,1.0306,1.0274,1.0282,21346
2013-09-24,1.0282,1.0310,1.0269,1.0303,19561
2013-09-25,1.0303,1.0319,1.0286,1.0316,21437
2013-09-26,1.0316,1.0340,1.0303,1.0311,20595
2013-09-27,1.0310,1.0332,1.0298,1.0304,18364
2013-09-30,1.0316,1.0317,1.0275,1.0314,23196
2013-10-01,1.0314,1.0336,1.0287,1.0332,24068
2013-10-02,1.0333,1.0356,1.0323,1.0333,22350
2013-10-03,1.0333,1.0339,1.0313,1.0329,22196
2013-10-04,1.0328,1.0340,1.0290,1.0292,19682
2013-10-07,1.0299,1.0333,1.0296,1.0313,20301
2013-10-08,1.0313,1.0373,1.0307,1.0369,22030
2013-10-09,1.0369,1.0407,1.0353,1.0392,23461
2013-10-10,1.0392,1.0419,1.0372,1.0398,21098
2013-10-11,1.0398,1.0412,1.0340,1.0347,22083
2013-10-14,1.0361,1.0369,1.0340,1.0354,16959
2013-10-15,1.0354,1.0391,1.0331,1.0376,21455
2013-10-16,1.0376,1.0385,1.0324,1.0326,22779
2013-10-17,1.0326,1.0332,1.0280,1.0296,24661
2013-10-18,1.0294,1.0302,1.0277,1.0285,18054
2013-10-21,1.0289,1.0307,1.0289,1.0306,15342
2013-10-22,1.0306,1.0310,1.0271,1.0289,18650
2013-10-23,1.0289,1.0396,1.0282,1.0383,25593
2013-10-24,1.0383,1.0438,1.0366,1.0419,22335
2013-10-25,1.0419,1.0460,1.0410,1.0444,19535
2013-10-28,1.0447,1.0451,1.0429,1.0446,16979
2013-10-29,1.0446,1.0471,1.0427,1.0467,20293
2013-10-30,1.0467,1.0496,1.0440,1.0479,21150
2013-10-31,1.0479,1.0489,1.0412,1.0434,23064
2013-11-01,1.0435,1.0454,1.0411,1.0416,19558
2013-11-04,1.0419,1.0428,1.0398,1.0422,14840
2013-11-05,1.0422,1.0462,1.0416,1.0454,18935
2013-11-06,1.0454,1.0459,1.0412,1.0418,17119
2013-11-07,1.0419,1.0463,1.0404,1.0455,23523
2013-11-08,1.0454,1.0503,1.0445,1.0477,22536
2013-11-11,1.0485,1.0486,1.0465,1.0470,16360
2013-11-12,1.0470,1.0508,1.0463,1.0493,21514
2013-11-13,1.0493,1.0496,1.0445,1.0451,20299
2013-11-14,1.0451,1.0526,1.0440,1.0465,24136
2013-11-15,1.0465,1.0484,1.0436,1.0437,17826
2013-11-18,1.0437,1.0442,1.0415,1.0431,17231
2013-11-19,1.0431,1.0485,1.0415,1.0463,20660
2013-11-20,1.0463,1.0473,1.0436,1.0453,24284
2013-11-21,1.0453,1.0526,1.0452,1.0522,24551
2013-11-22,1.0522,1.0568,1.0511,1.0512,22846
2013-11-25,1.0523,1.0583,1.0523,1.0533,18895
2013-11-26,1.0534,1.0558,1.0520,1.0542,20297
2013-11-27,1.0541,1.0602,1.0531,1.0594,22838
2013-11-28,1.0594,1.0598,1.0571,1.0583,18231
2013-11-29,1.0586,1.0628,1.0559,1.0605,24748
2013-12-02,1.0618,1.0654,1.0614,1.0642,23220
2013-12-03,1.0642,1.0672,1.0631,1.0646,23945
2013-12-04,1.0646,1.0707,1.0637,1.0677,27807
2013-12-05,1.0677,1.0699,1.0625,1.0652,27278
2013-12-06,1.0652,1.0708,1.0622,1.0638,26331
2013-12-09,1.0646,1.0670,1.0625,1.0633,20838
2013-12-10,1.0633,1.0645,1.0600,1.0607,20293
2013-12-11,1.0607,1.0620,1.0584,1.0587,20886
2013-12-12,1.0587,1.0656,1.0561,1.0648,25474
2013-12-13,1.0648,1.0669,1.0581,1.0583,20675
2013-12-16,1.0591,1.0596,1.0572,1.0594,18564
2013-12-17,1.0594,1.0617,1.0576,1.0603,19851
2013-12-18,1.0603,1.0717,1.0601,1.0716,28379
2013-12-19,1.0715,1.0727,1.0660,1.0667,24116
2013-12-20,1.0666,1.0737,1.0628,1.0634,23966
2013-12-23,1.0641,1.0652,1.0581,1.0615,19931
2013-12-24,1.0615,1.0634,1.0605,1.0614,14544
2013-12-26,1.0640,1.0649,1.0616,1.0645,8726
2013-12-27,1.0646,1.0718,1.0619,1.0703,18534
2013-12-30,1.0707,1.0727,1.0636,1.0651,17592
2013-12-31,1.0651,1.0656,1.0617,1.0627,15299
2014-01-01,1.0640,1.0648,1.0639,1.0646,1736
2014-01-02,1.0646,1.0677,1.0588,1.0668,28268
2014-01-03,1.0668,1.0672,1.0602,1.0630,21209
2014-01-06,1.0633,1.0680,1.0608,1.0659,21953
2014-01-07,1.0659,1.0781,1.0659,1.0768,25286
2014-01-08,1.0768,1.0830,1.0765,1.0826,27766
2014-01-09,1.0826,1.0874,1.0819,1.0840,25251
2014-01-10,1.0840,1.0946,1.0837,1.0886,28427
2014-01-13,1.0905,1.0929,1.0842,1.0872,23871
2014-01-14,1.0872,1.0959,1.0868,1.0952,24992
2014-01-15,1.0952,1.0991,1.0920,1.0942,25253
2014-01-16,1.0942,1.0962,1.0905,1.0933,24290
2014-01-17,1.0933,1.0983,1.0926,1.0959,21381
2014-01-20,1.0966,1.0972,1.0929,1.0951,17337
2014-01-21,1.0951,1.1018,1.0947,1.0969,22721
2014-01-22,1.0969,1.1094,1.0953,1.1093,26670
2014-01-23,1.1093,1.1173,1.1091,1.1102,37707
2014-01-24,1.1102,1.1137,1.1052,1.1086,31787
2014-01-27,1.1066,1.1119,1.1031,1.1116,24893
2014-01-28,1.1116,1.1177,1.1078,1.1154,25139
2014-01-29,1.1154,1.1186,1.1102,1.1169,28353
2014-01-30,1.1171,1.1199,1.1151,1.1164,24515
2014-01-31,1.1164,1.1224,1.1087,1.1127,27482
2014-02-03,1.1122,1.1133,1.1041,1.1111,25364
2014-02-04,1.1111,1.1123,1.1048,1.1078,26221
2014-02-05,1.1078,1.1121,1.1037,1.1076,35405
2014-02-06,1.1077,1.1122,1.1051,1.1070,31455
2014-02-07,1.1071,1.1079,1.0967,1.1032,34705
2014-02-10,1.1040,1.1062,1.1018,1.1054,22484
2014-02-11,1.1055,1.1090,1.1003,1.1010,28976
2014-02-12,1.1010,1.1025,1.0976,1.0995,30219
2014-02-13,1.0995,1.1026,1.0954,1.0980,29665
2014-02-14,1.0980,1.0989,1.0940,1.0978,28469
2014-02-17,1.0973,1.0983,1.0953,1.0956,19068
2014-02-18,1.0956,1.0976,1.0940,1.0951,26935
2014-02-19,1.0951,1.1086,1.0910,1.1074,31242
2014-02-20,1.1074,1.1112,1.1059,1.1099,30495
2014-02-21,1.1099,1.1195,1.1095,1.1109,31589
2014-02-24,1.1104,1.1142,1.1054,1.1064,26232
2014-02-25,1.1064,1.1096,1.1053,1.1082,23616
2014-02-26,1.1082,1.1144,1.1073,1.1132,24354
2014-02-27,1.1133,1.1160,1.1117,1.1123,25076
2014-02-28,1.1123,1.1147,1.1040,1.1061,28027
2014-03-03,1.1079,1.1110,1.1039,1.1079,25938
2014-03-04,1.1079,1.1118,1.1062,1.1091,24479
2014-03-05,1.1093,1.1099,1.1026,1.1032,23867
2014-03-06,1.1032,1.1046,1.0955,1.0986,26890
2014-03-07,1.0986,1.1100,1.0980,1.1087,31021
2014-03-10,1.1092,1.1130,1.1085,1.1110,33479
2014-03-11,1.1110,1.1130,1.1071,1.1109,32596
2014-03-12,1.1109,1.1153,1.1090,1.1121,38905
2014-03-13,1.1121,1.1122,1.1043,1.1074,46307
2014-03-14,1.1075,1.1110,1.1072,1.1104,39583
2014-03-17,1.1097,1.1104,1.1045,1.1062,35749
2014-03-18,1.1062,1.1146,1.1025,1.1133,45247
2014-03-19,1.1133,1.1271,1.1121,1.1241,57768
2014-03-20,1.1241,1.1278,1.1233,1.1241,40081
2014-03-21,1.1241,1.1262,1.1174,1.1220,43051
2014-03-24,1.1226,1.1246,1.1183,1.1195,38759
2014-03-25,1.1195,1.1210,1.1155,1.1167,39454
2014-03-26,1.1167,1.1169,1.1080,1.1101,45207
2014-03-27,1.1101,1.1104,1.1014,1.1030,52115
2014-03-28,1.1030,1.1078,1.1001,1.1060,39051
2014-03-31,1.1056,1.1067,1.1002,1.1052,45125
2014-04-01,1.1052,1.1070,1.1012,1.1028,38327
2014-04-02,1.1027,1.1047,1.1004,1.1032,34692
2014-04-03,1.1032,1.1045,1.1006,1.1037,37449
2014-04-04,1.1037,1.1041,1.0957,1.0980,40658
2014-04-07,1.0981,1.1009,1.0962,1.0970,28327
2014-04-08,1.0970,1.0977,1.0913,1.0924,45612
2014-04-09,1.0923,1.0942,1.0858,1.0883,39169
2014-04-10,1.0882,1.0936,1.0867,1.0933,28613
2014-04-11,1.0933,1.0984,1.0918,1.0980,27815
2014-04-14,1.0974,1.0992,1.0942,1.0963,25574
2014-04-15,1.0963,1.1013,1.0962,1.0981,28268
2014-04-16,1.0981,1.1033,1.0959,1.1014,31466
2014-04-17,1.1014,1.1019,1.0983,1.1008,22201
2014-04-18,1.1008,1.1028,1.0998,1.1020,11412
2014-04-21,1.1023,1.1031,1.1008,1.1012,12969
2014-04-22,1.1012,1.1042,1.1000,1.1027,23086
2014-04-23,1.1027,1.1053,1.1017,1.1031,25073
2014-04-24,1.1031,1.1038,1.1015,1.1023,20617
2014-04-25,1.1024,1.1047,1.1014,1.1039,20314
2014-04-28,1.1034,1.1039,1.1017,1.1028,20880
2014-04-29,1.1027,1.1028,1.0943,1.0948,27975
2014-04-30,1.0948,1.0979,1.0943,1.0962,29491
2014-05-01,1.0960,1.0995,1.0952,1.0962,23868
2014-05-02,1.0962,1.1006,1.0935,1.0971,31908
2014-05-05,1.0976,1.0989,1.0949,1.0955,17894
2014-05-06,1.0954,1.0960,1.0874,1.0895,28058
2014-05-07,1.0895,1.0907,1.0876,1.0897,31959
2014-05-08,1.0897,1.0904,1.0814,1.0831,30243
2014-05-09,1.0831,1.0916,1.0817,1.0895,29901
2014-05-12,1.0899,1.0904,1.0874,1.0895,20999
2014-05-13,1.0895,1.0926,1.0887,1.0907,25861
2014-05-14,1.0907,1.0921,1.0870,1.0889,22746
2014-05-15,1.0889,1.0891,1.0852,1.0880,23212
2014-05-16,1.0880,1.0888,1.0856,1.0860,27261
2014-05-19,1.0862,1.0876,1.0849,1.0872,25851
2014-05-20,1.0872,1.0916,1.0871,1.0906,29310
2014-05-21,1.0906,1.0941,1.0893,1.0914,31158
2014-05-22,1.0914,1.0930,1.0884,1.0892,24093
2014-05-23,1.0892,1.0906,1.0860,1.0860,24723
2014-05-26,1.0871,1.0872,1.0853,1.0858,11451
2014-05-27,1.0858,1.0874,1.0835,1.0858,19133
2014-05-28,1.0858,1.0886,1.0843,1.0874,19606
2014-05-29,1.0873,1.0878,1.0825,1.0837,20813
2014-05-30,1.0836,1.0867,1.0822,1.0844,20010
2014-06-02,1.0842,1.0911,1.0842,1.0899,21835
2014-06-03,1.0899,1.0921,1.0890,1.0908,22846
2014-06-04,1.0908,1.0955,1.0908,1.0941,27337
2014-06-05,1.0941,1.0960,1.0916,1.0923,30611
2014-06-06,1.0923,1.0948,1.0905,1.0932,26881
2014-06-09,1.0928,1.0940,1.0900,1.0903,23081
2014-06-10,1.0904,1.0921,1.0891,1.0903,24687
2014-06-11,1.0903,1.0904,1.0861,1.0866,26173
2014-06-12,1.0866,1.0870,1.0841,1.0854,23653
2014-06-13,1.0854,1.0870,1.0847,1.0855,21997
2014-06-16,1.0854,1.0882,1.0835,1.0842,25018
2014-06-17,1.0842,1.0875,1.0842,1.0859,23368
2014-06-18,1.0860,1.0893,1.0835,1.0839,26018
2014-06-19,1.0839,1.0840,1.0810,1.0820,26890
2014-06-20,1.0820,1.0826,1.0751,1.0758,25847
2014-06-23,1.0754,1.0757,1.0717,1.0730,26538
2014-06-24,1.0730,1.0745,1.0716,1.0744,23127
2014-06-25,1.0744,1.0751,1.0717,1.0720,20288
2014-06-26,1.0720,1.0724,1.0683,1.0693,22118
2014-06-27,1.0693,1.0696,1.0659,1.0662,20436
2014-06-30,1.0662,1.0696,1.0647,1.0667,21555
2014-07-01,1.0668,1.0677,1.0628,1.0632,21496
2014-07-02,1.0632,1.0670,1.0625,1.0667,23266
2014-07-03,1.0667,1.0680,1.0620,1.0640,29199
2014-07-04,1.0640,1.0659,1.0629,1.0653,18031
2014-07-07,1.0653,1.0684,1.0630,1.0681,25111
2014-07-08,1.0681,1.0694,1.0661,1.0678,26773
2014-07-09,1.0678,1.0684,1.0641,1.0653,26346
2014-07-10,1.0653,1.0676,1.0644,1.0652,27238
2014-07-11,1.0652,1.0737,1.0631,1.0734,63236
2014-07-14,1.0732,1.0747,1.0710,1.0712,55683
2014-07-15,1.0712,1.0769,1.0711,1.0756,41320
2014-07-16,1.0756,1.0794,1.0723,1.0744,28480
2014-07-17,1.0744,1.0763,1.0728,1.0760,26032
2014-07-18,1.0760,1.0766,1.0708,1.0732,26131
2014-07-21,1.0734,1.0752,1.0725,1.0737,21254
2014-07-22,1.0738,1.0759,1.0730,1.0736,32094
2014-07-23,1.0736,1.0745,1.0710,1.0725,35543
2014-07-24,1.0725,1.0752,1.0717,1.0743,34186
2014-07-25,1.0743,1.0821,1.0738,1.0802,51197
2014-07-28,1.0814,1.0818,1.0794,1.0798,49774
2014-07-29,1.0799,1.0866,1.0797,1.0850,59992
2014-07-30,1.0850,1.0916,1.0849,1.0902,46087
2014-07-31,1.0903,1.0929,1.0876,1.0905,33086
2014-08-01,1.0905,1.0943,1.0884,1.0903,37415
2014-08-04,1.0918,1.0934,1.0904,1.0905,28080
2014-08-05,1.0905,1.0976,1.0904,1.0961,35082
2014-08-06,1.0961,1.0986,1.0912,1.0917,30151
2014-08-07,1.0917,1.0938,1.0903,1.0927,30953
2014-08-08,1.0927,1.0983,1.0909,1.0971,36158
2014-08-11,1.0971,1.0977,1.0918,1.0924,23973
2014-08-12,1.0924,1.0953,1.0913,1.0924,24786
2014-08-13,1.0924,1.0940,1.0906,1.0915,27778
2014-08-14,1.0915,1.0921,1.0887,1.0903,24594
2014-08-15,1.0903,1.0918,1.0860,1.0897,30425
2014-08-18,1.0888,1.0899,1.0875,1.0888,19653
2014-08-19,1.0887,1.0949,1.0886,1.0941,26600
2014-08-20,1.0941,1.0974,1.0932,1.0969,32297
2014-08-21,1.0969,1.0986,1.0939,1.0940,27028
2014-08-22,1.0940,1.0979,1.0928,1.0941,29459
2014-08-25,1.0967,1.0986,1.0942,1.0985,27143
2014-08-26,1.0984,1.0997,1.0941,1.0954,29710
2014-08-27,1.0954,1.0955,1.0828,1.0865,42152
2014-08-28,1.0865,1.0869,1.0837,1.0860,30251
2014-08-29,1.0860,1.0879,1.0810,1.0878,27140
2014-09-01,1.0873,1.0878,1.0856,1.0876,18839
2014-09-02,1.0876,1.0935,1.0866,1.0929,33689
2014-09-03,1.0928,1.0942,1.0871,1.0888,36698
2014-09-04,1.0888,1.0910,1.0821,1.0877,40481
2014-09-05,1.0877,1.0903,1.0840,1.0881,43439
2014-09-08,1.0883,1.0983,1.0882,1.0980,51521
2014-09-09,1.0980,1.1032,1.0964,1.0980,67972
2014-09-10,1.0980,1.1014,1.0933,1.0945,52860
2014-09-11,1.0945,1.1059,1.0938,1.1036,48624
2014-09-12,1.1036,1.1098,1.1031,1.1091,59677
2014-09-15,1.1087,1.1099,1.1036,1.1054,52453
2014-09-16,1.1055,1.1072,1.0966,1.0971,56989
2014-09-17,1.0971,1.1021,1.0927,1.1017,48663
2014-09-18,1.1017,1.1023,1.0929,1.0938,42064
2014-09-19,1.0939,1.0980,1.0887,1.0962,46397
2014-09-22,1.0961,1.1044,1.0926,1.1038,74806
2014-09-23,1.1039,1.1084,1.0986,1.1075,44874
2014-09-24,1.1076,1.1122,1.1053,1.1060,43175
2014-09-25,1.1061,1.1127,1.1061,1.1114,51224
2014-09-26,1.1114,1.1169,1.1093,1.1154,43189
2014-09-29,1.1155,1.1179,1.1131,1.1161,43752
2014-09-30,1.1161,1.1220,1.1135,1.1198,46481
2014-10-01,1.1198,1.1223,1.1160,1.1163,46900
2014-10-02,1.1163,1.1178,1.1072,1.1157,59210
2014-10-03,1.1157,1.1270,1.1156,1.1244,43632
2014-10-06,1.1254,1.1265,1.1112,1.1138,40620
2014-10-07,1.1138,1.1196,1.1132,1.1163,53906
2014-10-08,1.1163,1.1210,1.1093,1.1109,59699
2014-10-09,1.1109,1.1189,1.1082,1.1182,58326
2014-10-10,1.1182,1.1222,1.1160,1.1199,60151
2014-10-13,1.1203,1.1220,1.1182,1.1191,48742
2014-10-14,1.1191,1.1313,1.1190,1.1294,51358
2014-10-15,1.1294,1.1385,1.1227,1.1265,79611
2014-10-16,1.1265,1.1361,1.1227,1.1264,81890
2014-10-17,1.1264,1.1283,1.1210,1.1274,52276
2014-10-20,1.1283,1.1293,1.1250,1.1290,47001
2014-10-21,1.1290,1.1296,1.1202,1.1225,52458
2014-10-22,1.1225,1.1292,1.1184,1.1240,50600
2014-10-23,1.1241,1.1263,1.1207,1.1230,49574
2014-10-24,1.1231,1.1243,1.1194,1.1230,38446
2014-10-27,1.1240,1.1255,1.1212,1.1252,40323
2014-10-28,1.1252,1.1252,1.1164,1.1169,45567
2014-10-29,1.1169,1.1224,1.1121,1.1182,53165
2014-10-30,1.1182,1.1222,1.1165,1.1193,56905
2014-10-31,1.1193,1.1332,1.1185,1.1264,66819
2014-11-03,1.1278,1.1377,1.1263,1.1353,65123
2014-11-04,1.1353,1.1426,1.1339,1.1400,63871
2014-11-05,1.1400,1.1466,1.1371,1.1397,72450
2014-11-06,1.1397,1.1443,1.1378,1.1425,85302
2014-11-07,1.1425,1.1448,1.1312,1.1327,83071
2014-11-10,1.1325,1.1384,1.1300,1.1374,55892
2014-11-11,1.1374,1.1401,1.1318,1.1340,52551
2014-11-12,1.1340,1.1359,1.1281,1.1321,59729
2014-11-13,1.1321,1.1391,1.1299,1.1373,59225
2014-11-14,1.1373,1.1393,1.1264,1.1285,69598
2014-11-17,1.1292,1.1328,1.1268,1.1298,60422
2014-11-18,1.1298,1.1323,1.1260,1.1303,40264
2014-11-19,1.1303,1.1359,1.1301,1.1343,45335
2014-11-20,1.1344,1.1369,1.1292,1.1308,55628
2014-11-21,1.1309,1.1326,1.1190,1.1231,52806
2014-11-24,1.1233,1.1312,1.1224,1.1276,33026
2014-11-25,1.1279,1.1316,1.1232,1.1257,48180
2014-11-26,1.1257,1.1297,1.1228,1.1246,46600
2014-11-27,1.1245,1.1354,1.1235,1.1329,32126
2014-11-28,1.1330,1.1443,1.1326,1.1415,51172
2014-12-01,1.1428,1.1458,1.1313,1.1327,58757
2014-12-02,1.1329,1.1424,1.1318,1.1405,43867
2014-12-03,1.1406,1.1418,1.1347,1.1363,39920
2014-12-04,1.1361,1.1396,1.1340,1.1384,39963
2014-12-05,1.1384,1.1476,1.1381,1.1434,43850
2014-12-08,1.1434,1.1485,1.1427,1.1477,38943
2014-12-09,1.1476,1.1501,1.1397,1.1445,46049
2014-12-10,1.1443,1.1502,1.1436,1.1480,45594
2014-12-11,1.1476,1.1549,1.1448,1.1507,45132
2014-12-12,1.1520,1.1591,1.1516,1.1577,42616
2014-12-15,1.1584,1.1673,1.1548,1.1667,43440
2014-12-16,1.1667,1.1671,1.1606,1.1623,47550
2014-12-17,1.1623,1.1671,1.1560,1.1616,44597
2014-12-18,1.1626,1.1648,1.1569,1.1574,43218
2014-12-19,1.1575,1.1632,1.1567,1.1601,38208
2014-12-22,1.1598,1.1645,1.1578,1.1626,165054
2014-12-23,1.1626,1.1666,1.1599,1.1615,158137
2014-12-24,1.1615,1.1641,1.1590,1.1622,121164
2014-12-26,1.1614,1.1630,1.1603,1.1620,75215
2014-12-29,1.1614,1.1648,1.1604,1.1632,55585
2014-12-30,1.1628,1.1651,1.1597,1.1609,29723
2014-12-31,1.1609,1.1618,1.1564,1.1614,22470
2015-01-02,1.1648,1.1785,1.1643,1.1783,45747
2015-01-05,1.1780,1.1841,1.1743,1.1761,73924
2015-01-06,1.1761,1.1839,1.1731,1.1834,73095
2015-01-07,1.1835,1.1873,1.1813,1.1813,76424
2015-01-08,1.1813,1.1843,1.1796,1.1827,66597
2015-01-09,1.1826,1.1889,1.1803,1.1864,69772
2015-01-12,1.1862,1.1973,1.1835,1.1973,67604
2015-01-13,1.1974,1.1993,1.1925,1.1958,77677
2015-01-14,1.1958,1.2017,1.1929,1.1949,86786
2015-01-15,1.1949,1.1994,1.1803,1.1957,103475
2015-01-16,1.1957,1.2046,1.1950,1.1982,83325
2015-01-19,1.1979,1.1985,1.1933,1.1938,44096
2015-01-20,1.1936,1.2113,1.1936,1.2111,39484
2015-01-21,1.2110,1.2393,1.2062,1.2338,47054
2015-01-22,1.2337,1.2419,1.2313,1.2378,49817
2015-01-23,1.2378,1.2456,1.2359,1.2417,49453
2015-01-26,1.2441,1.2488,1.2404,1.2472,40205
2015-01-27,1.2471,1.2500,1.2379,1.2397,38406
2015-01-28,1.2392,1.2537,1.2388,1.2534,37687
2015-01-29,1.2531,1.2676,1.2511,1.2613,46290
2015-01-30,1.2617,1.2797,1.2607,1.2726,48173
2015-02-02,1.2699,1.2773,1.2557,1.2563,71610
2015-02-03,1.2562,1.2644,1.2352,1.2414,84158
2015-02-04,1.2414,1.2591,1.2390,1.2572,69704
2015-02-05,1.2572,1.2586,1.2393,1.2434,77571
2015-02-06,1.2433,1.2546,1.2365,1.2518,62711
2015-02-09,1.2538,1.2539,1.2428,1.2465,50510
2015-02-10,1.2465,1.2624,1.2451,1.2586,68206
2015-02-11,1.2586,1.2697,1.2572,1.2629,64369
2015-02-12,1.2629,1.2645,1.2443,1.2507,71966
2015-02-13,1.2508,1.2536,1.2422,1.2443,60093
2015-02-16,1.2443,1.2490,1.2421,1.2464,59300
2015-02-17,1.2464,1.2478,1.2363,1.2388,72441
2015-02-18,1.2388,1.2466,1.2381,1.2454,68601
2015-02-19,1.2454,1.2554,1.2437,1.2495,67335
2015-02-20,1.2492,1.2564,1.2422,1.2530,65983
2015-02-23,1.2531,1.2624,1.2523,1.2570,64625
2015-02-24,1.2569,1.2663,1.2479,1.2486,66082
2015-02-25,1.2486,1.2497,1.2401,1.2435,66037
2015-02-26,1.2433,1.2535,1.2388,1.2514,69793
2015-02-27,1.2514,1.2530,1.2450,1.2509,71832
2015-03-02,1.2499,1.2564,1.2476,1.2534,64069
2015-03-03,1.2535,1.2543,1.2433,1.2495,68518
2015-03-04,1.2493,1.2540,1.2407,1.2427,70108
2015-03-05,1.2426,1.2518,1.2407,1.2485,66513
2015-03-06,1.2484,1.2627,1.2455,1.2622,71852
2015-03-09,1.2617,1.2626,1.2573,1.2601,53796
2015-03-10,1.2601,1.2692,1.2599,1.2686,81636
2015-03-11,1.2686,1.2797,1.2664,1.2742,66606
2015-03-12,1.2741,1.2768,1.2616,1.2690,72998
2015-03-13,1.2690,1.2823,1.2681,1.2780,73767
2015-03-16,1.2789,1.2818,1.2734,1.2775,55226
2015-03-17,1.2777,1.2797,1.2749,1.2786,51890
2015-03-18,1.2786,1.2834,1.2449,1.2587,63307
2015-03-19,1.2587,1.2758,1.2507,1.2710,83272
2015-03-20,1.2711,1.2723,1.2544,1.2547,67453
2015-03-23,1.2542,1.2615,1.2495,1.2516,63120
2015-03-24,1.2516,1.2545,1.2427,1.2497,53846
2015-03-25,1.2497,1.2539,1.2473,1.2511,48145
2015-03-26,1.2511,1.2532,1.2410,1.2485,79959
2015-03-27,1.2485,1.2620,1.2468,1.2606,70248
2015-03-30,1.2606,1.2706,1.2595,1.2673,70878
2015-03-31,1.2672,1.2784,1.2652,1.2684,51915
2015-04-01,1.2681,1.2709,1.2576,1.2619,52967
2015-04-02,1.2615,1.2655,1.2556,1.2557,49621
2015-04-03,1.2559,1.2574,1.2429,1.2483,34172
2015-04-06,1.2483,1.2506,1.2437,1.2480,32553
2015-04-07,1.2479,1.2521,1.2454,1.2505,53776
2015-04-08,1.2504,1.2558,1.2387,1.2544,56561
2015-04-09,1.2545,1.2613,1.2508,1.2576,52643
2015-04-10,1.2578,1.2667,1.2559,1.2561,53011
2015-04-13,1.2561,1.2646,1.2561,1.2597,50099
2015-04-14,1.2596,1.2603,1.2446,1.2484,54617
2015-04-15,1.2484,1.2570,1.2280,1.2294,64239
2015-04-16,1.2294,1.2328,1.2143,1.2188,101553
2015-04-17,1.2188,1.2271,1.2087,1.2241,80176
2015-04-20,1.2241,1.2259,1.2180,1.2229,56883
2015-04-21,1.2229,1.2305,1.2214,1.2282,68739
2015-04-22,1.2282,1.2287,1.2210,1.2234,56038
2015-04-23,1.2234,1.2268,1.2120,1.2145,60917
2015-04-24,1.2145,1.2184,1.2103,1.2178,59055
2015-04-27,1.2184,1.2195,1.2080,1.2090,56175
2015-04-28,1.2087,1.2117,1.2014,1.2027,69260
2015-04-29,1.2029,1.2073,1.1944,1.2007,80852
2015-04-30,1.2005,1.2132,1.1996,1.2069,89323
2015-05-01,1.2069,1.2205,1.2062,1.2167,73263
2015-05-04,1.2153,1.2181,1.2088,1.2090,36049
2015-05-05,1.2091,1.2131,1.2002,1.2067,21709
2015-05-06,1.2065,1.2087,1.1942,1.2046,33626
2015-05-07,1.2046,1.2163,1.2034,1.2126,15824
2015-05-08,1.2128,1.2144,1.2046,1.2079,22894
2015-05-11,1.2084,1.2143,1.2065,1.2101,54867
2015-05-12,1.2102,1.2107,1.1978,1.2018,104996
2015-05-13,1.2018,1.2028,1.1928,1.1956,87944
2015-05-14,1.1955,1.2006,1.1920,1.1982,111047
2015-05-15,1.1982,1.2066,1.1978,1.2015,82199
2015-05-18,1.2010,1.2171,1.2009,1.2159,65176
2015-05-19,1.2160,1.2249,1.2129,1.2231,119700
2015-05-20,1.2231,1.2255,1.2170,1.2207,116729
2015-05-21,1.2207,1.2242,1.2171,1.2197,110107
2015-05-22,1.2194,1.2322,1.2172,1.2281,109824
2015-05-25,1.2285,1.2318,1.2275,1.2311,62574
2015-05-26,1.2312,1.2447,1.2304,1.2433,113981
2015-05-27,1.2433,1.2491,1.2394,1.2450,117388
2015-05-28,1.2450,1.2538,1.2422,1.2434,128481
2015-05-29,1.2434,1.2527,1.2410,1.2440,117889
2015-06-01,1.2438,1.2563,1.2436,1.2521,130393
2015-06-02,1.2522,1.2534,1.2367,1.2399,140321
2015-06-03,1.2399,1.2509,1.2384,1.2451,96937
2015-06-04,1.2452,1.2504,1.2436,1.2500,54236
2015-06-05,1.2501,1.2562,1.2425,1.2428,181225
2015-06-08,1.2438,1.2472,1.2383,1.2409,159722
2015-06-09,1.2408,1.2441,1.2307,1.2334,176605
2015-06-10,1.2335,1.2352,1.2202,1.2253,190228
2015-06-11,1.2252,1.2354,1.2252,1.2291,155716
2015-06-12,1.2291,1.2347,1.2277,1.2305,104032
2015-06-15,1.2313,1.2360,1.2297,1.2324,120324
2015-06-16,1.2325,1.2346,1.2283,1.2293,130515
2015-06-17,1.2292,1.2347,1.2220,1.2226,150757
2015-06-18,1.2226,1.2250,1.2127,1.2221,169590
2015-06-19,1.2221,1.2295,1.2214,1.2269,132517
2015-06-22,1.2259,1.2329,1.2218,1.2307,140045
2015-06-23,1.2308,1.2383,1.2307,1.2325,157703
2015-06-24,1.2325,1.2423,1.2276,1.2381,152942
2015-06-25,1.2382,1.2399,1.2312,1.2325,137419
2015-06-26,1.2325,1.2397,1.2311,1.2313,128387
2015-06-29,1.2335,1.2412,1.2304,1.2402,187683
2015-06-30,1.2402,1.2500,1.2363,1.2491,165301
2015-07-01,1.2491,1.2597,1.2473,1.2588,142740
2015-07-02,1.2588,1.2633,1.2538,1.2538,116521
2015-07-03,1.2537,1.2602,1.2536,1.2570,72676
2015-07-06,1.2597,1.2664,1.2563,1.2650,108577
2015-07-07,1.2650,1.2779,1.2643,1.2704,125851
2015-07-08,1.2703,1.2768,1.2688,1.2745,126211
2015-07-09,1.2745,1.2745,1.2665,1.2707,112054
2015-07-10,1.2705,1.2753,1.2662,1.2671,113899
2015-07-13,1.2700,1.2790,1.2679,1.2741,112998
2015-07-14,1.2741,1.2805,1.2715,1.2727,113902
2015-07-15,1.2727,1.2957,1.2723,1.2912,123226
2015-07-16,1.2911,1.2969,1.2904,1.2956,114838
2015-07-17,1.2956,1.3007,1.2947,1.2972,100625
2015-07-20,1.2976,1.3024,1.2952,1.2992,99062
2015-07-21,1.2992,1.3012,1.2916,1.2945,166471
2015-07-22,1.2945,1.3052,1.2936,1.3029,174753
2015-07-23,1.3031,1.3047,1.2947,1.3035,146682
2015-07-24,1.3035,1.3102,1.3017,1.3043,124716
2015-07-27,1.3037,1.3048,1.2978,1.3036,127936
2015-07-28,1.3037,1.3043,1.2911,1.2920,135147
2015-07-29,1.2920,1.2967,1.2861,1.2943,146337
2015-07-30,1.2942,1.3044,1.2941,1.3001,145503
2015-07-31,1.2994,1.3096,1.2940,1.3085,164701
2015-08-03,1.3087,1.3176,1.3079,1.3155,148950
2015-08-04,1.3155,1.3201,1.3105,1.3187,170214
2015-08-05,1.3189,1.3213,1.3110,1.3174,166788
2015-08-06,1.3174,1.3197,1.3094,1.3106,155827
2015-08-07,1.3107,1.3183,1.3048,1.3134,124513
2015-08-10,1.3116,1.3182,1.2991,1.2998,94522
2015-08-11,1.2999,1.3150,1.2995,1.3110,118914
2015-08-12,1.3110,1.3157,1.2952,1.2975,126545
2015-08-13,1.2978,1.3090,1.2959,1.3056,112706
2015-08-14,1.3057,1.3097,1.3016,1.3095,111527
2015-08-17,1.3088,1.3152,1.3059,1.3077,129594
2015-08-18,1.3080,1.3126,1.3040,1.3053,141241
2015-08-19,1.3054,1.3177,1.3024,1.3123,141241
2015-08-20,1.3125,1.3176,1.3059,1.3080,149646
2015-08-21,1.3081,1.3193,1.3059,1.3185,162405
2015-08-24,1.3179,1.3290,1.3142,1.3280,177750
2015-08-25,1.3279,1.3353,1.3144,1.3332,159703
2015-08-26,1.3333,1.3349,1.3250,1.3285,161346
2015-08-27,1.3286,1.3305,1.3179,1.3194,149008
2015-08-28,1.3196,1.3300,1.3167,1.3199,157023
2015-08-31,1.3208,1.3327,1.3116,1.3139,114114
2015-09-01,1.3136,1.3257,1.3118,1.3257,161214
2015-09-02,1.3259,1.3324,1.3199,1.3266,169164
2015-09-03,1.3268,1.3289,1.3136,1.3176,144174
2015-09-04,1.3176,1.3289,1.3161,1.3277,128500
2015-09-07,1.3251,1.3309,1.3244,1.3305,102689
2015-09-08,1.3303,1.3309,1.3185,1.3207,105318
2015-09-09,1.3207,1.3266,1.3154,1.3254,108502
2015-09-10,1.3253,1.3288,1.3176,1.3252,141600
2015-09-11,1.3247,1.3309,1.3215,1.3262,109242
2015-09-14,1.3247,1.3280,1.3224,1.3258,94900
2015-09-15,1.3258,1.3272,1.3226,1.3249,103660
2015-09-16,1.3245,1.3256,1.3160,1.3168,99098
2015-09-17,1.3168,1.3205,1.3073,1.3180,112919
2015-09-18,1.3180,1.3229,1.3012,1.3222,129313
2015-09-21,1.3218,1.3265,1.3176,1.3254,119878
2015-09-22,1.3254,1.3298,1.3218,1.3271,100858
2015-09-23,1.3270,1.3357,1.3233,1.3319,109314
2015-09-24,1.3319,1.3416,1.3291,1.3302,128760
2015-09-25,1.3302,1.3354,1.3297,1.3330,110413
2015-09-28,1.3331,1.3396,1.3317,1.3394,93166
2015-09-29,1.3393,1.3457,1.3371,1.3420,114407
2015-09-30,1.3421,1.3430,1.3306,1.3309,120406
2015-10-01,1.3322,1.3331,1.3218,1.3269,123455
2015-10-02,1.3266,1.3268,1.3151,1.3152,107677
2015-10-05,1.3148,1.3175,1.3064,1.3085,160553
2015-10-06,1.3080,1.3134,1.3025,1.3032,133131
2015-10-07,1.3031,1.3071,1.2972,1.3054,141705
2015-10-08,1.3055,1.3074,1.2979,1.3014,141097
2015-10-09,1.3014,1.3021,1.2901,1.2943,136091
2015-10-12,1.2954,1.3011,1.2901,1.2997,106967
2015-10-13,1.2996,1.3080,1.2956,1.3035,124963
2015-10-14,1.3036,1.3036,1.2911,1.2934,143155
2015-10-15,1.2934,1.2948,1.2831,1.2863,113708
2015-10-16,1.2858,1.2939,1.2852,1.2916,105394
2015-10-19,1.2904,1.3028,1.2898,1.3020,94719
2015-10-20,1.3018,1.3047,1.2935,1.2976,111312
2015-10-21,1.2979,1.3142,1.2968,1.3140,111731
2015-10-22,1.3138,1.3159,1.3083,1.3089,132631
2015-10-23,1.3090,1.3198,1.3039,1.3166,140192
2015-10-26,1.3166,1.3184,1.3121,1.3158,119825
2015-10-27,1.3159,1.3272,1.3155,1.3264,135813
2015-10-28,1.3264,1.3279,1.3090,1.3196,143787
2015-10-29,1.3194,1.3238,1.3133,1.3165,134631
2015-10-30,1.3165,1.3192,1.3055,1.3074,128162
2015-11-02,1.3070,1.3116,1.3063,1.3093,111541
2015-11-03,1.3093,1.3165,1.3038,1.3058,139406
2015-11-04,1.3058,1.3192,1.3045,1.3149,139973
2015-11-05,1.3145,1.3186,1.3140,1.3167,154899
2015-11-06,1.3166,1.3317,1.3157,1.3303,140614
2015-11-09,1.3294,1.3310,1.3245,1.3286,130364
2015-11-10,1.3277,1.3297,1.3244,1.3274,126616
2015-11-11,1.3271,1.3283,1.3232,1.3262,124257
2015-11-12,1.3261,1.3340,1.3224,1.3289,148826
2015-11-13,1.3281,1.3349,1.3267,1.3324,124307
2015-11-16,1.3298,1.3370,1.3290,1.3328,136081
2015-11-17,1.3330,1.3344,1.3297,1.3321,142422
2015-11-18,1.3318,1.3368,1.3298,1.3302,123668
2015-11-19,1.3301,1.3313,1.3246,1.3282,140323
2015-11-20,1.3283,1.3356,1.3270,1.3348,138260
2015-11-23,1.3326,1.3436,1.3326,1.3365,148267
2015-11-24,1.3364,1.3377,1.3284,1.3303,144053
2015-11-25,1.3307,1.3339,1.3280,1.3289,142594
2015-11-26,1.3288,1.3324,1.3284,1.3292,108724
2015-11-27,1.3285,1.3376,1.3284,1.3367,110306
2015-11-30,1.3367,1.3393,1.3312,1.3361,130302
2015-12-01,1.3359,1.3397,1.3309,1.3356,153819
2015-12-02,1.3358,1.3407,1.3308,1.3341,150457
2015-12-03,1.3335,1.3400,1.3293,1.3354,169626
2015-12-04,1.3350,1.3416,1.3317,1.3360,163565
2015-12-07,1.3369,1.3523,1.3364,1.3497,125155
2015-12-08,1.3502,1.3622,1.3496,1.3584,152267
2015-12-09,1.3583,1.3620,1.3516,1.3578,159265
2015-12-10,1.3577,1.3639,1.3532,1.3624,150434
2015-12-11,1.3623,1.3758,1.3617,1.3754,128305
2015-12-14,1.3715,1.3780,1.3677,1.3729,168729
2015-12-15,1.3725,1.3766,1.3673,1.3733,151029
2015-12-16,1.3731,1.3847,1.3728,1.3779,146074
2015-12-17,1.3778,1.3986,1.3777,1.3936,141945
2015-12-18,1.3934,1.4001,1.3854,1.3952,138229
2015-12-21,1.3933,1.3993,1.3913,1.3957,125906
2015-12-22,1.3954,1.3964,1.3916,1.3920,106855
2015-12-23,1.3921,1.3937,1.3835,1.3854,103260
2015-12-24,1.3845,1.3874,1.3818,1.3845,59824
2015-12-28,1.3825,1.3915,1.3813,1.3904,79684
2015-12-29,1.3901,1.3940,1.3816,1.3843,91921
2015-12-30,1.3840,1.3927,1.3829,1.3878,105727
2015-12-31,1.3875,1.3902,1.3822,1.3827,71676
2016-01-04,1.3813,1.3983,1.3813,1.3950,137186
2016-01-05,1.3949,1.4019,1.3898,1.3995,127121
2016-01-06,1.3991,1.4108,1.3973,1.4074,149455
2016-01-07,1.4074,1.4169,1.4050,1.4113,177573
2016-01-08,1.4108,1.4177,1.4058,1.4171,155920
2016-01-11,1.4164,1.4245,1.4065,1.4213,137231
2016-01-12,1.4208,1.4315,1.4176,1.4260,154351
2016-01-13,1.4260,1.4380,1.4187,1.4340,155488
2016-01-14,1.4337,1.4397,1.4334,1.4366,164319
2016-01-15,1.4361,1.4553,1.4342,1.4536,156910
2016-01-18,1.4590,1.4606,1.4486,1.4557,144212
2016-01-19,1.4551,1.4589,1.4431,1.4577,176496
2016-01-20,1.4577,1.4689,1.4478,1.4502,209560
2016-01-21,1.4500,1.4540,1.4227,1.4265,205260
2016-01-22,1.4264,1.4300,1.4114,1.4121,191461
2016-01-25,1.4141,1.4291,1.4126,1.4290,182313
2016-01-26,1.4290,1.4325,1.4044,1.4116,189903
2016-01-27,1.4113,1.4156,1.4027,1.4095,201461
2016-01-28,1.4097,1.4122,1.3948,1.4027,209676
2016-01-29,1.4028,1.4109,1.3967,1.3970,196616
2016-02-01,1.3968,1.4062,1.3908,1.3945,174452
2016-02-02,1.3941,1.4082,1.3934,1.4053,175285
2016-02-03,1.4053,1.4103,1.3757,1.3777,194109
2016-02-04,1.3777,1.3797,1.3639,1.3752,201045
2016-02-05,1.3753,1.3918,1.3709,1.3914,165135
2016-02-08,1.3898,1.3978,1.3840,1.3924,189705
2016-02-09,1.3923,1.3960,1.3786,1.3865,191584
2016-02-10,1.3866,1.3999,1.3820,1.3920,199253
2016-02-11,1.3921,1.4016,1.3882,1.3934,216914
2016-02-12,1.3936,1.3965,1.3813,1.3844,181405
2016-02-15,1.3847,1.3859,1.3798,1.3832,122234
2016-02-16,1.3835,1.3911,1.3706,1.3863,184506
2016-02-17,1.3863,1.3899,1.3667,1.3671,185993
2016-02-18,1.3672,1.3751,1.3653,1.3723,175825
2016-02-19,1.3726,1.3846,1.3714,1.3760,154522
2016-02-22,1.3775,1.3792,1.3662,1.3705,153809
2016-02-23,1.3705,1.3821,1.3695,1.3794,167156
2016-02-24,1.3788,1.3859,1.3677,1.3700,170951
2016-02-25,1.3689,1.3735,1.3517,1.3528,180705
2016-02-26,1.3529,1.3564,1.3505,1.3511,166224
2016-02-29,1.3510,1.3587,1.3481,1.3537,167919
2016-03-01,1.3536,1.3551,1.3385,1.3407,159257
2016-03-02,1.3404,1.3499,1.3403,1.3415,162093
2016-03-03,1.3415,1.3473,1.3371,1.3402,146068
2016-03-04,1.3403,1.3471,1.3311,1.3312,139700
2016-03-07,1.3332,1.3377,1.3261,1.3281,129036
2016-03-08,1.3281,1.3425,1.3276,1.3408,133632
2016-03-09,1.3408,1.3446,1.3228,1.3246,139675
2016-03-10,1.3246,1.3397,1.3232,1.3343,151596
2016-03-11,1.3340,1.3357,1.3167,1.3213,123150
2016-03-14,1.3228,1.3308,1.3210,1.3266,119428
2016-03-15,1.3266,1.3402,1.3262,1.3350,125092
2016-03-16,1.3350,1.3405,1.3091,1.3116,136344
2016-03-17,1.3116,1.3132,1.2945,1.2984,147530
2016-03-18,1.2984,1.3043,1.2923,1.3003,140686
2016-03-21,1.3025,1.3102,1.3019,1.3099,134037
2016-03-22,1.3099,1.3138,1.3028,1.3043,135631
2016-03-23,1.3044,1.3219,1.3038,1.3204,120268
2016-03-24,1.3204,1.3296,1.3203,1.3241,126610
2016-03-25,1.3241,1.3284,1.3225,1.3260,53815
2016-03-28,1.3268,1.3284,1.3167,1.3186,94778
2016-03-29,1.3183,1.3215,1.3050,1.3071,144561
2016-03-30,1.3068,1.3080,1.2912,1.2964,175843
2016-03-31,1.2964,1.3010,1.2857,1.3004,162651
2016-04-01,1.3001,1.3147,1.2968,1.3012,158915
2016-04-04,1.3022,1.3087,1.3002,1.3085,137832
2016-04-05,1.3086,1.3218,1.3067,1.3135,160699
2016-04-06,1.3135,1.3186,1.3062,1.3088,162036
2016-04-07,1.3085,1.3180,1.3018,1.3142,164068
2016-04-08,1.3146,1.3156,1.2952,1.2970,157435
2016-04-11,1.2980,1.3015,1.2885,1.2897,160610
2016-04-12,1.2897,1.2920,1.2750,1.2759,159298
2016-04-13,1.2758,1.2828,1.2744,1.2815,171043
2016-04-14,1.2813,1.2897,1.2782,1.2843,144086
2016-04-15,1.2843,1.2902,1.2797,1.2815,136834
2016-04-18,1.2946,1.2989,1.2778,1.2782,161521
2016-04-19,1.2783,1.2796,1.2630,1.2669,163506
2016-04-20,1.2667,1.2730,1.2593,1.2652,152644
2016-04-21,1.2647,1.2750,1.2628,1.2733,138246
2016-04-22,1.2730,1.2758,1.2622,1.2671,154028
2016-04-25,1.2652,1.2717,1.2650,1.2676,131396
2016-04-26,1.2676,1.2686,1.2595,1.2601,131825
2016-04-27,1.2600,1.2694,1.2571,1.2597,138180
2016-04-28,1.2596,1.2606,1.2515,1.2552,172176
2016-04-29,1.2550,1.2587,1.2498,1.2550,170776
2016-05-02,1.2553,1.2562,1.2513,1.2527,144647
2016-05-03,1.2525,1.2731,1.2461,1.2724,181394
2016-05-04,1.2720,1.2885,1.2697,1.2867,170135
2016-05-05,1.2869,1.2875,1.2785,1.2853,151529
2016-05-06,1.2852,1.2952,1.2835,1.2899,156429
2016-05-09,1.2944,1.3015,1.2906,1.2962,145546
2016-05-10,1.2961,1.2980,1.2908,1.2909,135328
2016-05-11,1.2907,1.2942,1.2830,1.2850,135742
2016-05-12,1.2845,1.2878,1.2771,1.2845,142219
2016-05-13,1.2842,1.2957,1.2835,1.2935,119740
2016-05-16,1.2938,1.2962,1.2874,1.2894,111736
2016-05-17,1.2892,1.2955,1.2837,1.2907,127517
2016-05-18,1.2907,1.3037,1.2893,1.3032,151306
2016-05-19,1.3032,1.3154,1.3010,1.3095,152620
2016-05-20,1.3090,1.3162,1.3076,1.3109,116687
2016-05-23,1.3114,1.3174,1.3098,1.3141,110819
2016-05-24,1.3141,1.3188,1.3086,1.3123,125221
2016-05-25,1.3124,1.3133,1.3014,1.3019,118208
2016-05-26,1.3018,1.3037,1.2910,1.2976,116612
2016-05-27,1.2976,1.3068,1.2967,1.3026,105087
2016-05-30,1.3025,1.3094,1.3022,1.3047,89490
2016-05-31,1.3043,1.3134,1.3017,1.3090,130431
2016-06-01,1.3091,1.3122,1.3042,1.3077,140772
2016-06-02,1.3076,1.3143,1.3055,1.3096,131507
2016-06-03,1.3094,1.3106,1.2915,1.2936,134610
2016-06-06,1.2934,1.2982,1.2803,1.2816,128883
2016-06-07,1.2815,1.2839,1.2733,1.2734,123955
2016-06-08,1.2734,1.2761,1.2654,1.2690,129090
2016-06-09,1.2692,1.2766,1.2670,1.2723,130864
2016-06-10,1.2715,1.2781,1.2660,1.2776,137709
2016-06-13,1.2787,1.2839,1.2750,1.2835,136910
2016-06-14,1.2833,1.2873,1.2812,1.2869,128921
2016-06-15,1.2873,1.2943,1.2826,1.2911,141350
2016-06-16,1.2911,1.3085,1.2894,1.2965,162537
2016-06-17,1.2962,1.2963,1.2829,1.2885,136485
2016-06-20,1.2890,1.2890,1.2772,1.2804,119780
2016-06-21,1.2801,1.2826,1.2762,1.2817,122760
2016-06-22,1.2814,1.2853,1.2741,1.2841,120269
2016-06-23,1.2839,1.2842,1.2678,1.2747,136677
2016-06-24,1.2767,1.3099,1.2704,1.3001,153249
2016-06-27,1.3031,1.3119,1.2993,1.3075,170295
2016-06-28,1.3072,1.3107,1.2966,1.3024,135106
2016-06-29,1.3024,1.3042,1.2931,1.2934,142382
2016-06-30,1.2930,1.3016,1.2914,1.2924,154885
2016-07-01,1.2925,1.2974,1.2865,1.2910,116854
2016-07-04,1.2907,1.2921,1.2831,1.2846,91637
2016-07-05,1.2838,1.3017,1.2837,1.2981,129904
2016-07-06,1.2980,1.3056,1.2948,1.2958,168513
2016-07-07,1.2959,1.3020,1.2876,1.3000,152227
2016-07-08,1.2998,1.3090,1.2988,1.3043,146233
2016-07-11,1.3041,1.3139,1.3029,1.3116,127534
2016-07-12,1.3113,1.3132,1.2981,1.3041,143811
2016-07-13,1.3038,1.3083,1.2935,1.2975,147018
2016-07-14,1.2974,1.2986,1.2862,1.2890,146315
2016-07-15,1.2888,1.2988,1.2861,1.2973,131695
2016-07-18,1.2936,1.3022,1.2927,1.2944,114435
2016-07-19,1.2942,1.3054,1.2940,1.3018,114884
2016-07-20,1.3018,1.3095,1.3011,1.3057,106652
2016-07-21,1.3055,1.3101,1.3024,1.3086,125148
2016-07-22,1.3086,1.3185,1.3055,1.3128,113336
2016-07-25,1.3127,1.3242,1.3121,1.3218,102462
2016-07-26,1.3215,1.3244,1.3174,1.3185,112020
2016-07-27,1.3178,1.3253,1.3157,1.3185,115569
2016-07-28,1.3186,1.3192,1.3100,1.3156,110261
2016-07-29,1.3155,1.3186,1.3001,1.3037,119134
2016-08-01,1.3024,1.3127,1.3023,1.3123,94489
2016-08-02,1.3120,1.3141,1.3005,1.3109,117877
2016-08-03,1.3110,1.3148,1.3063,1.3064,103996
2016-08-04,1.3064,1.3089,1.2996,1.3017,105019
2016-08-05,1.3013,1.3200,1.3009,1.3171,106426
2016-08-08,1.3175,1.3190,1.3136,1.3159,92196
2016-08-09,1.3151,1.3189,1.3109,1.3118,103238
2016-08-10,1.3116,1.3123,1.2990,1.3054,123401
2016-08-11,1.3054,1.3079,1.2957,1.2990,120841
2016-08-12,1.2991,1.2992,1.2924,1.2955,110420
2016-08-15,1.2944,1.2975,1.2901,1.2922,89319
2016-08-16,1.2921,1.2933,1.2798,1.2861,124366
2016-08-17,1.2861,1.2917,1.2831,1.2843,120648
2016-08-18,1.2842,1.2856,1.2763,1.2780,124568
2016-08-19,1.2780,1.2892,1.2772,1.2864,115761
2016-08-22,1.2880,1.2965,1.2866,1.2945,109543
2016-08-23,1.2946,1.2946,1.2858,1.2911,106982
2016-08-24,1.2908,1.2957,1.2901,1.2926,114866
2016-08-25,1.2920,1.2939,1.2899,1.2921,97794
2016-08-26,1.2918,1.3011,1.2831,1.2999,124039
2016-08-29,1.2991,1.3047,1.2983,1.3011,118846
2016-08-30,1.3013,1.3103,1.3009,1.3098,110163
2016-08-31,1.3091,1.3145,1.3079,1.3104,127488
2016-09-01,1.3105,1.3148,1.3083,1.3101,122597
2016-09-02,1.3096,1.3114,1.2979,1.2979,134783
2016-09-05,1.2984,1.2995,1.2906,1.2925,95793
2016-09-06,1.2926,1.2933,1.2826,1.2843,115505
2016-09-07,1.2843,1.2913,1.2822,1.2883,117518
2016-09-08,1.2885,1.2937,1.2850,1.2936,128837
2016-09-09,1.2931,1.3053,1.2910,1.3038,130065
2016-09-12,1.3047,1.3123,1.3029,1.3039,141850
2016-09-13,1.3039,1.3190,1.3029,1.3175,155852
2016-09-14,1.3169,1.3208,1.3128,1.3195,133639
2016-09-15,1.3193,1.3235,1.3130,1.3154,151492
2016-09-16,1.3153,1.3248,1.3141,1.3211,141056
2016-09-19,1.3216,1.3221,1.3135,1.3202,128474
2016-09-20,1.3202,1.3242,1.3171,1.3190,142291
2016-09-21,1.3187,1.3237,1.3099,1.3100,159809
2016-09-22,1.3099,1.3102,1.3000,1.3041,143304
2016-09-23,1.3041,1.3181,1.3029,1.3163,140903
2016-09-26,1.3155,1.3243,1.3136,1.3225,115536
2016-09-27,1.3225,1.3280,1.3163,1.3195,152012
2016-09-28,1.3194,1.3269,1.3076,1.3079,159592
2016-09-29,1.3078,1.3184,1.3048,1.3143,177549
2016-09-30,1.3141,1.3195,1.3086,1.3124,156765
2016-10-03,1.3105,1.3144,1.3068,1.3119,128389
2016-10-04,1.3117,1.3215,1.3110,1.3190,154736
2016-10-05,1.3187,1.3232,1.3161,1.3175,134478
2016-10-06,1.3175,1.3248,1.3172,1.3217,127278
2016-10-07,1.3212,1.3313,1.3186,1.3295,164021
2016-10-10,1.3239,1.3278,1.3139,1.3174,108671
2016-10-11,1.3170,1.3272,1.3163,1.3263,160583
2016-10-12,1.3261,1.3287,1.3209,1.3274,143893
2016-10-13,1.3275,1.3306,1.3186,1.3191,127611
2016-10-14,1.3190,1.3219,1.3103,1.3130,143817
2016-10-17,1.3114,1.3182,1.3114,1.3127,119269
2016-10-18,1.3125,1.3139,1.3054,1.3108,112755
2016-10-19,1.3105,1.3141,1.3005,1.3113,122909
2016-10-20,1.3109,1.3233,1.3109,1.3229,128056
2016-10-21,1.3224,1.3355,1.3223,1.3322,116372
2016-10-24,1.3325,1.3397,1.3284,1.3285,112834
2016-10-25,1.3282,1.3371,1.3277,1.3351,132218
2016-10-26,1.3350,1.3384,1.3314,1.3378,130099
2016-10-27,1.3374,1.3406,1.3352,1.3385,130871
2016-10-28,1.3384,1.3433,1.3352,1.3386,148699
2016-10-31,1.3409,1.3424,1.3375,1.3412,122783
2016-11-01,1.3412,1.3425,1.3353,1.3385,136141
2016-11-02,1.3385,1.3423,1.3359,1.3385,142271
2016-11-03,1.3384,1.3402,1.3361,1.3397,138642
2016-11-04,1.3396,1.3465,1.3386,1.3396,143540
2016-11-07,1.3340,1.3417,1.3334,1.3363,118704
2016-11-08,1.3362,1.3391,1.3285,1.3287,126579
2016-11-09,1.3287,1.3524,1.3263,1.3422,243166
2016-11-10,1.3420,1.3509,1.3386,1.3468,197487
2016-11-11,1.3468,1.3548,1.3456,1.3539,215213
2016-11-14,1.3501,1.3588,1.3496,1.3557,184571
2016-11-15,1.3555,1.3558,1.3444,1.3447,167724
2016-11-16,1.3446,1.3505,1.3404,1.3445,158586
2016-11-17,1.3444,1.3525,1.3399,1.3521,160524
2016-11-18,1.3513,1.3564,1.3492,1.3493,179324
2016-11-21,1.3495,1.3513,1.3386,1.3417,152810
2016-11-22,1.3417,1.3467,1.3377,1.3439,154039
2016-11-23,1.3439,1.3516,1.3423,1.3486,135851
2016-11-24,1.3489,1.3535,1.3476,1.3488,111161
2016-11-25,1.3486,1.3534,1.3453,1.3507,143836
2016-11-28,1.3494,1.3537,1.3396,1.3409,149957
2016-11-29,1.3408,1.3480,1.3395,1.3431,137896
2016-11-30,1.3431,1.3463,1.3356,1.3436,173562
2016-12-01,1.3437,1.3437,1.3300,1.3317,136561
2016-12-02,1.3316,1.3320,1.3254,1.3280,127726
2016-12-05,1.3284,1.3355,1.3236,1.3271,140386
2016-12-06,1.3266,1.3311,1.3252,1.3276,108449
2016-12-07,1.3272,1.3296,1.3223,1.3235,98384
2016-12-08,1.3233,1.3250,1.3184,1.3189,121482
2016-12-09,1.3186,1.3212,1.3152,1.3171,104083
2016-12-12,1.3146,1.3161,1.3108,1.3130,120206
2016-12-13,1.3125,1.3139,1.3102,1.3130,115802
2016-12-14,1.3122,1.3295,1.3080,1.3283,149844
2016-12-15,1.3277,1.3417,1.3267,1.3333,212148
2016-12-16,1.3335,1.3392,1.3318,1.3330,166245
2016-12-19,1.3333,1.3422,1.3317,1.3406,126634
2016-12-20,1.3407,1.3434,1.3359,1.3367,119795
2016-12-21,1.3364,1.3427,1.3357,1.3411,121909
2016-12-22,1.3411,1.3520,1.3408,1.3476,124967
2016-12-23,1.3483,1.3557,1.3475,1.3524,102310
2016-12-26,1.3520,1.3524,1.3176,1.3506,20545
2016-12-27,1.3502,1.3579,1.3501,1.3574,88491
2016-12-28,1.3575,1.3598,1.3539,1.3559,107896
2016-12-29,1.3551,1.3560,1.3481,1.3501,143581
2016-12-30,1.3494,1.3507,1.3400,1.3430,165060
2017-01-02,1.3420,1.3452,1.3366,1.3433,65448
2017-01-03,1.3431,1.3460,1.3398,1.3426,148210
2017-01-04,1.3425,1.3457,1.3281,1.3300,168618
2017-01-05,1.3299,1.3313,1.3191,1.3223,182673
2017-01-06,1.3221,1.3268,1.3177,1.3235,166880
2017-01-09,1.3239,1.3277,1.3196,1.3214,130489
2017-01-10,1.3217,1.3257,1.3192,1.3230,142090
2017-01-11,1.3227,1.3294,1.3119,1.3180,189853
2017-01-12,1.3178,1.3185,1.3029,1.3143,177976
2017-01-13,1.3142,1.3167,1.3111,1.3111,156040
2017-01-16,1.3130,1.3187,1.3118,1.3172,108577
2017-01-17,1.3172,1.3189,1.3018,1.3040,179640
2017-01-18,1.3040,1.3271,1.3031,1.3268,162438
2017-01-19,1.3268,1.3353,1.3252,1.3317,181147
2017-01-20,1.3313,1.3387,1.3284,1.3312,171064
2017-01-23,1.3314,1.3335,1.3221,1.3235,161822
2017-01-24,1.3232,1.3299,1.3105,1.3157,156524
2017-01-25,1.3153,1.3163,1.3061,1.3070,151476
2017-01-26,1.3070,1.3130,1.3053,1.3087,147893
2017-01-27,1.3087,1.3153,1.3083,1.3150,134884
2017-01-30,1.3130,1.3169,1.3076,1.3115,150239
2017-01-31,1.3117,1.3123,1.2968,1.3029,173600
2017-02-01,1.3025,1.3102,1.3024,1.3048,162905
2017-02-02,1.3038,1.3051,1.2980,1.3024,157095
2017-02-03,1.3024,1.3076,1.2992,1.3021,145566
2017-02-06,1.3024,1.3135,1.3007,1.3083,133458
2017-02-07,1.3078,1.3212,1.3073,1.3182,131823
2017-02-08,1.3179,1.3200,1.3134,1.3143,132713
2017-02-09,1.3142,1.3168,1.3094,1.3144,116084
2017-02-10,1.3142,1.3158,1.3062,1.3073,122621
2017-02-13,1.3081,1.3121,1.3054,1.3071,105064
2017-02-14,1.3071,1.3107,1.3024,1.3073,117988
2017-02-15,1.3070,1.3120,1.3064,1.3076,122535
2017-02-16,1.3076,1.3080,1.3009,1.3069,121161
2017-02-17,1.3064,1.3126,1.3060,1.3082,103934
2017-02-20,1.3091,1.3119,1.3074,1.3103,71718
2017-02-21,1.3099,1.3164,1.3097,1.3138,97775
2017-02-22,1.3137,1.3209,1.3110,1.3164,102341
2017-02-23,1.3156,1.3170,1.3082,1.3103,97820
2017-02-24,1.3101,1.3118,1.3056,1.3088,95237
2017-02-27,1.3096,1.3180,1.3083,1.3178,99429
2017-02-28,1.3177,1.3314,1.3164,1.3300,105603
2017-03-01,1.3291,1.3357,1.3284,1.3325,126965
2017-03-02,1.3323,1.3401,1.3321,1.3390,103119
2017-03-03,1.3383,1.3437,1.3368,1.3368,110455
2017-03-06,1.3368,1.3424,1.3368,1.3408,96847
2017-03-07,1.3401,1.3435,1.3383,1.3413,95368
2017-03-08,1.3403,1.3500,1.3397,1.3488,112770
2017-03-09,1.3484,1.3535,1.3482,1.3510,133359
2017-03-10,1.3510,1.3514,1.3421,1.3469,125216
2017-03-13,1.3455,1.3476,1.3430,1.3445,100486
2017-03-14,1.3445,1.3495,1.3439,1.3482,103295
2017-03-15,1.3482,1.3484,1.3295,1.3300,117569
2017-03-16,1.3301,1.3352,1.3276,1.3313,118811
2017-03-17,1.3313,1.3377,1.3304,1.3341,91942
2017-03-20,1.3345,1.3373,1.3303,1.3354,90836
2017-03-21,1.3354,1.3364,1.3263,1.3353,115806
2017-03-22,1.3353,1.3409,1.3320,1.3333,112439
2017-03-23,1.3333,1.3357,1.3316,1.3353,99722
2017-03-24,1.3353,1.3385,1.3346,1.3377,94750
2017-03-27,1.3354,1.3403,1.3321,1.3375,98614
2017-03-28,1.3371,1.3414,1.3354,1.3381,87601
2017-03-29,1.3380,1.3401,1.3322,1.3325,95447
2017-03-30,1.3323,1.3352,1.3277,1.3336,97561
2017-03-31,1.3338,1.3368,1.3284,1.3315,94954
2017-04-03,1.3300,1.3399,1.3295,1.3379,78642
2017-04-04,1.3377,1.3455,1.3373,1.3400,87298
2017-04-05,1.3400,1.3440,1.3378,1.3433,90191
2017-04-06,1.3429,1.3450,1.3398,1.3411,82579
2017-04-07,1.3408,1.3431,1.3342,1.3394,109299
2017-04-10,1.3395,1.3426,1.3322,1.3323,81598
2017-04-11,1.3323,1.3357,1.3310,1.3323,83359
2017-04-12,1.3320,1.3339,1.3238,1.3252,105483
2017-04-13,1.3246,1.3338,1.3223,1.3327,95354
2017-04-14,1.3325,1.3337,1.3309,1.3317,46569
2017-04-17,1.3310,1.3322,1.3262,1.3313,67994
2017-04-18,1.3313,1.3399,1.3307,1.3378,102023
2017-04-19,1.3380,1.3490,1.3374,1.3484,87833
2017-04-20,1.3478,1.3499,1.3456,1.3468,86311
2017-04-21,1.3466,1.3525,1.3458,1.3483,78782
2017-04-24,1.3457,1.3521,1.3410,1.3499,96478
2017-04-25,1.3497,1.3626,1.3493,1.3569,95951
2017-04-26,1.3571,1.3622,1.3542,1.3621,105924
2017-04-27,1.3615,1.3670,1.3530,1.3632,109117
2017-04-28,1.3632,1.3697,1.3624,1.3639,96554
2017-05-01,1.3654,1.3686,1.3637,1.3680,62893
2017-05-02,1.3672,1.3757,1.3650,1.3708,86441
2017-05-03,1.3707,1.3740,1.3679,1.3731,92467
2017-05-04,1.3726,1.3776,1.3699,1.3746,109368
2017-05-05,1.3746,1.3793,1.3641,1.3664,120036
2017-05-08,1.3652,1.3733,1.3643,1.3691,104240
2017-05-09,1.3689,1.3753,1.3670,1.3720,104338
2017-05-10,1.3719,1.3732,1.3647,1.3654,108440
2017-05-11,1.3653,1.3770,1.3652,1.3697,97999
2017-05-12,1.3697,1.3742,1.3665,1.3704,89489
2017-05-15,1.3695,1.3722,1.3601,1.3632,99448
2017-05-16,1.3631,1.3659,1.3574,1.3605,95259
2017-05-17,1.3605,1.3641,1.3571,1.3604,111222
2017-05-18,1.3602,1.3669,1.3581,1.3603,133226
2017-05-19,1.3602,1.3610,1.3505,1.3505,99372
2017-05-22,1.3513,1.3540,1.3485,1.3503,78010
2017-05-23,1.3501,1.3525,1.3456,1.3514,91089
2017-05-24,1.3514,1.3540,1.3405,1.3406,99936
2017-05-25,1.3406,1.3493,1.3387,1.3484,99348
2017-05-26,1.3484,1.3497,1.3433,1.3435,86234
2017-05-29,1.3436,1.3467,1.3427,1.3449,46977
2017-05-30,1.3448,1.3506,1.3443,1.3459,67150
2017-05-31,1.3457,1.3523,1.3436,1.3500,86488
2017-06-01,1.3500,1.3527,1.3471,1.3515,84567
2017-06-02,1.3513,1.3547,1.3472,1.3474,85146
2017-06-05,1.3482,1.3501,1.3458,1.3471,63515
2017-06-06,1.3470,1.3486,1.3437,1.3453,75892
2017-06-07,1.3449,1.3525,1.3426,1.3509,77668
2017-06-08,1.3509,1.3521,1.3485,1.3506,80500
2017-06-09,1.3509,1.3536,1.3422,1.3462,83027
2017-06-12,1.3454,1.3470,1.3319,1.3323,73208
2017-06-13,1.3322,1.3324,1.3211,1.3242,79394
2017-06-14,1.3242,1.3271,1.3164,1.3247,108684
2017-06-15,1.3239,1.3308,1.3224,1.3268,91168
2017-06-16,1.3268,1.3273,1.3203,1.3205,69761
2017-06-19,1.3211,1.3257,1.3191,1.3217,68572
2017-06-20,1.3217,1.3285,1.3204,1.3267,71112
2017-06-21,1.3263,1.3347,1.3261,1.3330,77291
2017-06-22,1.3330,1.3338,1.3208,1.3234,72995
2017-06-23,1.3223,1.3307,1.3210,1.3261,64750
2017-06-26,1.3258,1.3270,1.3212,1.3247,61988
2017-06-27,1.3236,1.3260,1.3147,1.3196,82198
2017-06-28,1.3195,1.3198,1.3013,1.3044,107384
2017-06-29,1.3036,1.3043,1.2986,1.3004,85797
2017-06-30,1.3004,1.3010,1.2946,1.2962,74909
2017-07-03,1.2964,1.3011,1.2964,1.3005,54689
2017-07-04,1.3003,1.3014,1.2912,1.2936,65419
2017-07-05,1.2930,1.3014,1.2927,1.2958,78411
2017-07-06,1.2958,1.2983,1.2923,1.2976,67291
2017-07-07,1.2975,1.2993,1.2859,1.2868,75036
2017-07-10,1.2875,1.2932,1.2866,1.2891,63190
2017-07-11,1.2884,1.2943,1.2884,1.2921,60993
2017-07-12,1.2921,1.2939,1.2680,1.2744,94929
2017-07-13,1.2747,1.2770,1.2721,1.2725,75269
2017-07-14,1.2724,1.2747,1.2644,1.2648,71798
2017-07-17,1.2644,1.2697,1.2627,1.2690,71156
2017-07-18,1.2690,1.2701,1.2580,1.2626,89721
2017-07-19,1.2625,1.2652,1.2578,1.2593,66812
2017-07-20,1.2608,1.2640,1.2540,1.2587,83389
2017-07-21,1.2587,1.2609,1.2522,1.2539,80072
2017-07-24,1.2532,1.2552,1.2483,1.2506,76826
2017-07-25,1.2508,1.2532,1.2481,1.2505,75639
2017-07-26,1.2505,1.2543,1.2413,1.2448,98341
2017-07-27,1.2445,1.2576,1.2414,1.2555,95540
2017-07-28,1.2552,1.2567,1.2419,1.2430,99319
2017-07-31,1.2426,1.2529,1.2422,1.2478,91411
2017-08-01,1.2478,1.2553,1.2450,1.2548,90591
2017-08-02,1.2541,1.2592,1.2532,1.2571,85372
2017-08-03,1.2571,1.2618,1.2552,1.2589,82802
2017-08-04,1.2581,1.2668,1.2552,1.2649,83441
2017-08-07,1.2654,1.2714,1.2629,1.2678,66358
2017-08-08,1.2671,1.2705,1.2650,1.2666,79062
2017-08-09,1.2665,1.2721,1.2664,1.2699,93523
2017-08-10,1.2700,1.2745,1.2672,1.2743,94155
2017-08-11,1.2738,1.2752,1.2652,1.2672,99069
2017-08-14,1.2668,1.2730,1.2666,1.2724,73317
2017-08-15,1.2722,1.2778,1.2718,1.2757,78490
2017-08-16,1.2756,1.2770,1.2613,1.2620,76308
2017-08-17,1.2611,1.2678,1.2588,1.2674,77467
2017-08-18,1.2674,1.2690,1.2557,1.2576,84649
2017-08-21,1.2563,1.2607,1.2553,1.2559,64408
2017-08-22,1.2557,1.2595,1.2526,1.2562,67165
2017-08-23,1.2564,1.2598,1.2541,1.2547,72531
2017-08-24,1.2547,1.2560,1.2515,1.2516,65366
2017-08-25,1.2519,1.2539,1.2465,1.2472,75100
2017-08-28,1.2475,1.2507,1.2444,1.2506,52053
2017-08-29,1.2505,1.2550,1.2441,1.2517,86890
2017-08-30,1.2513,1.2636,1.2500,1.2624,72906
2017-08-31,1.2624,1.2663,1.2476,1.2478,85291
2017-09-01,1.2478,1.2491,1.2339,1.2391,88451
2017-09-04,1.2401,1.2426,1.2375,1.2412,52861
2017-09-05,1.2412,1.2417,1.2336,1.2377,83213
2017-09-06,1.2377,1.2414,1.2136,1.2220,88789
2017-09-07,1.2220,1.2241,1.2110,1.2122,93433
2017-09-08,1.2122,1.2165,1.2061,1.2155,94352
2017-09-11,1.2150,1.2170,1.2097,1.2118,71010
2017-09-12,1.2119,1.2189,1.2082,1.2185,86894
2017-09-13,1.2185,1.2220,1.2131,1.2172,66225
2017-09-14,1.2172,1.2239,1.2157,1.2164,75762
2017-09-15,1.2164,1.2218,1.2119,1.2189,72058
2017-09-18,1.2187,1.2338,1.2171,1.2291,64792
2017-09-19,1.2291,1.2309,1.2255,1.2291,69594
2017-09-20,1.2291,1.2390,1.2195,1.2320,82436
2017-09-21,1.2320,1.2368,1.2319,1.2325,72468
2017-09-22,1.2325,1.2351,1.2253,1.2337,67831
2017-09-25,1.2330,1.2385,1.2313,1.2368,65491
2017-09-26,1.2369,1.2413,1.2330,1.2349,77486
2017-09-27,1.2349,1.2483,1.2336,1.2476,101672
2017-09-28,1.2476,1.2519,1.2416,1.2423,84773
2017-09-29,1.2423,1.2532,1.2417,1.2459,72682
2017-10-02,1.2485,1.2525,1.2463,1.2508,61785
2017-10-03,1.2508,1.2538,1.2480,1.2485,60955
2017-10-04,1.2485,1.2498,1.2449,1.2475,62071
2017-10-05,1.2475,1.2585,1.2462,1.2564,63656
2017-10-06,1.2564,1.2599,1.2525,1.2531,76397
2017-10-09,1.2529,1.2559,1.2526,1.2546,37254
2017-10-10,1.2547,1.2555,1.2483,1.2514,61565
2017-10-11,1.2515,1.2531,1.2453,1.2453,63855
2017-10-12,1.2453,1.2490,1.2433,1.2474,65543
2017-10-13,1.2474,1.2520,1.2452,1.2463,63165
2017-10-16,1.2471,1.2558,1.2462,1.2515,58003
2017-10-17,1.2515,1.2591,1.2512,1.2520,57640
2017-10-18,1.2520,1.2534,1.2458,1.2467,65590
2017-10-19,1.2467,1.2494,1.2451,1.2483,73618
2017-10-20,1.2483,1.2630,1.2476,1.2625,73022
2017-10-23,1.2616,1.2660,1.2613,1.2645,51585
2017-10-24,1.2645,1.2693,1.2619,1.2674,62146
2017-10-25,1.2675,1.2817,1.2631,1.2795,73249
2017-10-26,1.2795,1.2857,1.2781,1.2846,72125
2017-10-27,1.2846,1.2916,1.2808,1.2808,82247
2017-10-30,1.2816,1.2861,1.2812,1.2831,53336
2017-10-31,1.2832,1.2915,1.2823,1.2888,60370
2017-11-01,1.2885,1.2910,1.2854,1.2864,70632
2017-11-02,1.2864,1.2876,1.2799,1.2812,57604
2017-11-03,1.2812,1.2835,1.2715,1.2762,54813
2017-11-06,1.2755,1.2782,1.2701,1.2702,49760
2017-11-07,1.2702,1.2819,1.2699,1.2776,55776
2017-11-08,1.2776,1.2778,1.2715,1.2725,51079
2017-11-09,1.2725,1.2741,1.2668,1.2680,61223
2017-11-10,1.2680,1.2696,1.2666,1.2689,51304
2017-11-13,1.2671,1.2742,1.2671,1.2732,46493
2017-11-14,1.2732,1.2773,1.2701,1.2730,61733
2017-11-15,1.2730,1.2789,1.2713,1.2762,74975
2017-11-16,1.2762,1.2783,1.2728,1.2755,60995
2017-11-17,1.2755,1.2824,1.2714,1.2762,81313
2017-11-20,1.2764,1.2821,1.2755,1.2819,71810
2017-11-21,1.2819,1.2837,1.2749,1.2778,71994
2017-11-22,1.2778,1.2787,1.2693,1.2694,65755
2017-11-23,1.2694,1.2724,1.2673,1.2707,61066
2017-11-24,1.2707,1.2748,1.2693,1.2703,63629
2017-11-27,1.2702,1.2770,1.2680,1.2768,63943
2017-11-28,1.2768,1.2824,1.2754,1.2814,65646
2017-11-29,1.2814,1.2875,1.2805,1.2863,73322
2017-11-30,1.2863,1.2910,1.2851,1.2896,73591
2017-12-01,1.2896,1.2901,1.2680,1.2680,92066
2017-12-04,1.2693,1.2727,1.2656,1.2672,79011
2017-12-05,1.2672,1.2705,1.2624,1.2684,74398
2017-12-06,1.2683,1.2807,1.2653,1.2788,78086
2017-12-07,1.2788,1.2868,1.2780,1.2853,65767
2017-12-08,1.2853,1.2880,1.2804,1.2847,71930
2017-12-11,1.2848,1.2869,1.2831,1.2855,64706
2017-12-12,1.2855,1.2892,1.2813,1.2865,72435
2017-12-13,1.2862,1.2880,1.2792,1.2817,96496
2017-12-14,1.2814,1.2866,1.2714,1.2794,104312
2017-12-15,1.2794,1.2894,1.2739,1.2864,106117
2017-12-18,1.2866,1.2881,1.2842,1.2861,103339
2017-12-19,1.2860,1.2920,1.2850,1.2875,109640
2017-12-20,1.2875,1.2880,1.2818,1.2831,101275
2017-12-21,1.2832,1.2839,1.2699,1.2737,116269
2017-12-22,1.2738,1.2796,1.2697,1.2726,102773
2017-12-26,1.2718,1.2728,1.2680,1.2680,29523
2017-12-27,1.2682,1.2695,1.2627,1.2652,87616
2017-12-28,1.2653,1.2661,1.2565,1.2566,88428
2017-12-29,1.2566,1.2589,1.2515,1.2570,104360
2018-01-02,1.2533,1.2558,1.2500,1.2511,87218
2018-01-03,1.2511,1.2554,1.2499,1.2536,102837
2018-01-04,1.2536,1.2555,1.2484,1.2487,110617
2018-01-05,1.2485,1.2513,1.2355,1.2409,126134
2018-01-08,1.2409,1.2450,1.2378,1.2418,95834
2018-01-09,1.2418,1.2478,1.2398,1.2463,108398
2018-01-10,1.2463,1.2583,1.2427,1.2544,160718
2018-01-11,1.2544,1.2590,1.2515,1.2518,151682
2018-01-12,1.2518,1.2556,1.2457,1.2459,156430
2018-01-15,1.2455,1.2471,1.2402,1.2428,156992
2018-01-16,1.2428,1.2452,1.2397,1.2434,133385
2018-01-17,1.2434,1.2525,1.2361,1.2435,193739
2018-01-18,1.2434,1.2487,1.2414,1.2416,160379
2018-01-19,1.2416,1.2508,1.2399,1.2494,138594
2018-01-22,1.2474,1.2496,1.2434,1.2442,90300
2018-01-23,1.2442,1.2491,1.2418,1.2418,129154
2018-01-24,1.2418,1.2427,1.2316,1.2344,149970
2018-01-25,1.2345,1.2391,1.2282,1.2375,210504
2018-01-26,1.2375,1.2391,1.2293,1.2319,171945
2018-01-29,1.2309,1.2361,1.2309,1.2337,136789
2018-01-30,1.2337,1.2379,1.2309,1.2333,118175
2018-01-31,1.2334,1.2348,1.2249,1.2313,151355
2018-02-01,1.2312,1.2331,1.2257,1.2265,134567
2018-02-02,1.2265,1.2437,1.2255,1.2427,169965
2018-02-05,1.2435,1.2543,1.2397,1.2536,186641
2018-02-06,1.2538,1.2567,1.2490,1.2490,250030
2018-02-07,1.2491,1.2577,1.2490,1.2565,154615
2018-02-08,1.2567,1.2614,1.2546,1.2601,202851
2018-02-09,1.2601,1.2687,1.2560,1.2580,231494
2018-02-12,1.2580,1.2623,1.2556,1.2576,116682
2018-02-13,1.2576,1.2625,1.2566,1.2591,112876
2018-02-14,1.2591,1.2649,1.2490,1.2491,152323
2018-02-15,1.2491,1.2537,1.2466,1.2479,136687
2018-02-16,1.2479,1.2568,1.2450,1.2557,125688
2018-02-19,1.2557,1.2592,1.2527,1.2558,82707
2018-02-20,1.2558,1.2648,1.2555,1.2645,116867
2018-02-21,1.2645,1.2702,1.2621,1.2701,134217
2018-02-22,1.2701,1.2759,1.2671,1.2703,126415
2018-02-23,1.2703,1.2726,1.2611,1.2629,111764
2018-02-26,1.2631,1.2711,1.2615,1.2675,89381
2018-02-27,1.2675,1.2777,1.2668,1.2775,109107
2018-02-28,1.2775,1.2841,1.2761,1.2828,107040
2018-03-01,1.2828,1.2895,1.2809,1.2835,154529
2018-03-02,1.2835,1.2916,1.2820,1.2884,132404
2018-03-05,1.2873,1.3001,1.2864,1.2963,134567
2018-03-06,1.2965,1.2995,1.2862,1.2874,152475
2018-03-07,1.2874,1.3001,1.2874,1.2911,179500
2018-03-08,1.2909,1.2961,1.2867,1.2896,158576
2018-03-09,1.2896,1.2909,1.2808,1.2811,156008
2018-03-12,1.2814,1.2845,1.2803,1.2841,84920
2018-03-13,1.2841,1.2984,1.2830,1.2952,137524
2018-03-14,1.2952,1.2976,1.2921,1.2956,128095
2018-03-15,1.2956,1.3067,1.2946,1.3048,131005
2018-03-16,1.3048,1.3098,1.3045,1.3096,122253
2018-03-19,1.3093,1.3124,1.3047,1.3081,124010
2018-03-20,1.3081,1.3103,1.3053,1.3073,117712
2018-03-21,1.3073,1.3077,1.2890,1.2903,166384
2018-03-22,1.2903,1.2949,1.2830,1.2930,146919
2018-03-23,1.2931,1.2938,1.2824,1.2895,158708
2018-03-26,1.2883,1.2922,1.2839,1.2843,116369
2018-03-27,1.2845,1.2903,1.2815,1.2884,117334
2018-03-28,1.2884,1.2933,1.2863,1.2921,140682
2018-03-29,1.2920,1.2939,1.2861,1.2882,112518
2018-03-30,1.2883,1.2900,1.2860,1.2895,59641
2018-04-02,1.2887,1.2943,1.2862,1.2912,84023
2018-04-03,1.2910,1.2923,1.2781,1.2806,104299
2018-04-04,1.2805,1.2847,1.2757,1.2768,82878
2018-04-05,1.2768,1.2806,1.2745,1.2747,65194
2018-04-06,1.2748,1.2795,1.2733,1.2781,81417
2018-04-09,1.2761,1.2819,1.2687,1.2696,63795
2018-04-10,1.2697,1.2708,1.2588,1.2601,63222
2018-04-11,1.2599,1.2623,1.2544,1.2580,57923
2018-04-12,1.2566,1.2622,1.2561,1.2586,69273
2018-04-13,1.2588,1.2617,1.2552,1.2614,48670
2018-04-16,1.2594,1.2623,1.2563,1.2564,45524
2018-04-17,1.2564,1.2579,1.2527,1.2549,48770
2018-04-18,1.2546,1.2659,1.2546,1.2625,66200
2018-04-19,1.2628,1.2676,1.2585,1.2671,69716
2018-04-20,1.2671,1.2765,1.2629,1.2763,66775
2018-04-23,1.2742,1.2857,1.2742,1.2848,55983
2018-04-24,1.2844,1.2861,1.2812,1.2833,59988
2018-04-25,1.2832,1.2897,1.2820,1.2841,63461
2018-04-26,1.2838,1.2885,1.2821,1.2868,81766
2018-04-27,1.2870,1.2900,1.2826,1.2827,55496
2018-04-30,1.2833,1.2874,1.2805,1.2842,63663
2018-05-01,1.2842,1.2913,1.2820,1.2845,71042
2018-05-02,1.2845,1.2888,1.2803,1.2883,97603
2018-05-03,1.2882,1.2909,1.2816,1.2846,94724
2018-05-04,1.2846,1.2917,1.2836,1.2844,74171
2018-05-07,1.2844,1.2899,1.2839,1.2880,52680
2018-05-08,1.2880,1.2997,1.2876,1.2946,89693
2018-05-09,1.2946,1.2974,1.2825,1.2853,72235
2018-05-10,1.2853,1.2861,1.2742,1.2766,97117
2018-05-11,1.2768,1.2799,1.2729,1.2794,64528
2018-05-14,1.2771,1.2813,1.2750,1.2811,51385
2018-05-15,1.2799,1.2924,1.2792,1.2876,80705
2018-05-16,1.2869,1.2877,1.2778,1.2789,84203
2018-05-17,1.2791,1.2822,1.2749,1.2804,80877
2018-05-18,1.2801,1.2911,1.2791,1.2884,74278
2018-05-21,1.2873,1.2891,1.2782,1.2784,57835
2018-05-22,1.2784,1.2822,1.2742,1.2818,66577
2018-05-23,1.2818,1.2915,1.2812,1.2827,99049
2018-05-24,1.2836,1.2920,1.2825,1.2881,89531
2018-05-25,1.2881,1.2988,1.2875,1.2973,73769
2018-05-28,1.2963,1.3022,1.2958,1.2992,53148
2018-05-29,1.2992,1.3047,1.2968,1.3014,94205
2018-05-30,1.3015,1.3040,1.2836,1.2873,100956
2018-05-31,1.2873,1.2991,1.2818,1.2956,108844
2018-06-01,1.2956,1.3007,1.2931,1.2951,89630
2018-06-04,1.2940,1.2964,1.2900,1.2930,74991
2018-06-05,1.2928,1.3067,1.2914,1.2966,88304
2018-06-06,1.2965,1.2973,1.2856,1.2943,88472
2018-06-07,1.2944,1.3001,1.2935,1.2971,74993
2018-06-08,1.2971,1.3039,1.2920,1.2925,84098
2018-06-11,1.2991,1.3027,1.2955,1.2977,56729
2018-06-12,1.2977,1.3030,1.2976,1.3014,75831
2018-06-13,1.3012,1.3052,1.2955,1.2985,90345
2018-06-14,1.2982,1.3110,1.2949,1.3103,82805
2018-06-15,1.3090,1.3207,1.3090,1.3207,78595
2018-06-18,1.3179,1.3237,1.3159,1.3200,56696
2018-06-19,1.3201,1.3291,1.3196,1.3286,91306
2018-06-20,1.3278,1.3321,1.3269,1.3304,77801
2018-06-21,1.3303,1.3335,1.3282,1.3310,85933
2018-06-22,1.3314,1.3382,1.3259,1.3266,84582
2018-06-25,1.3266,1.3324,1.3265,1.3297,69927
2018-06-26,1.3293,1.3329,1.3280,1.3306,73526
2018-06-27,1.3302,1.3386,1.3277,1.3335,87685
2018-06-28,1.3337,1.3351,1.3241,1.3247,83234
2018-06-29,1.3249,1.3269,1.3130,1.3134,92030
2018-07-02,1.3139,1.3225,1.3139,1.3183,70288
2018-07-03,1.3183,1.3208,1.3132,1.3138,75156
2018-07-04,1.3138,1.3161,1.3112,1.3141,74665
2018-07-05,1.3141,1.3160,1.3115,1.3129,71207
2018-07-06,1.3133,1.3150,1.3076,1.3082,68766
2018-07-09,1.3084,1.3123,1.3066,1.3105,53984
2018-07-10,1.3110,1.3146,1.3100,1.3112,55462
2018-07-11,1.3108,1.3214,1.3064,1.3207,87770
2018-07-12,1.3208,1.3217,1.3149,1.3153,66093
2018-07-13,1.3155,1.3209,1.3149,1.3161,61823
2018-07-16,1.3152,1.3162,1.3109,1.3132,59338
2018-07-17,1.3135,1.3219,1.3111,1.3190,73266
2018-07-18,1.3190,1.3260,1.3162,1.3166,72770
2018-07-19,1.3165,1.3290,1.3160,1.3271,92453
2018-07-20,1.3271,1.3290,1.3114,1.3145,98405
2018-07-23,1.3128,1.3179,1.3114,1.3170,54421
2018-07-24,1.3168,1.3190,1.3135,1.3154,55316
2018-07-25,1.3154,1.3165,1.3024,1.3045,69024
2018-07-26,1.3045,1.3092,1.3024,1.3071,58655
2018-07-27,1.3070,1.3078,1.3040,1.3061,54485
2018-07-30,1.3049,1.3078,1.2994,1.3035,41040
2018-07-31,1.3034,1.3095,1.2981,1.3006,62378
2018-08-01,1.3007,1.3032,1.2974,1.3002,52468
2018-08-02,1.3004,1.3039,1.2993,1.3021,41008
2018-08-03,1.3019,1.3038,1.2967,1.2992,49187
2018-08-06,1.2992,1.3039,1.2987,1.3003,30459
2018-08-07,1.3002,1.3075,1.2961,1.3053,39558
2018-08-08,1.3052,1.3119,1.3006,1.3021,50038
2018-08-09,1.3018,1.3063,1.2999,1.3050,44189
2018-08-10,1.3050,1.3153,1.3039,1.3141,76421
2018-08-13,1.3160,1.3170,1.3103,1.3133,64406
2018-08-14,1.3128,1.3135,1.3056,1.3057,56900
2018-08-15,1.3057,1.3174,1.3049,1.3141,65348
2018-08-16,1.3141,1.3174,1.3113,1.3157,62586
2018-08-17,1.3154,1.3168,1.3051,1.3061,54646
2018-08-20,1.3059,1.3092,1.3039,1.3043,45306
2018-08-21,1.3042,1.3057,1.3013,1.3033,51671
2018-08-22,1.3033,1.3044,1.2986,1.2995,54231
2018-08-23,1.2990,1.3098,1.2989,1.3081,51749
2018-08-24,1.3081,1.3102,1.3010,1.3027,57627
2018-08-27,1.3013,1.3066,1.2952,1.2966,51925
2018-08-28,1.2965,1.2982,1.2887,1.2932,52152
2018-08-29,1.2932,1.2962,1.2902,1.2907,55871
2018-08-30,1.2911,1.2999,1.2902,1.2981,57244
2018-08-31,1.2985,1.3088,1.2967,1.3039,66946
2018-09-03,1.3074,1.3102,1.3044,1.3091,33122
2018-09-04,1.3091,1.3207,1.3088,1.3188,56216
2018-09-05,1.3175,1.3205,1.3157,1.3178,64234
2018-09-06,1.3176,1.3225,1.3127,1.3141,61859
2018-09-07,1.3138,1.3190,1.3109,1.3162,64404
2018-09-10,1.3161,1.3197,1.3150,1.3162,39188
2018-09-11,1.3162,1.3174,1.3041,1.3066,47678
2018-09-12,1.3066,1.3077,1.2980,1.2994,56522
2018-09-13,1.2994,1.3025,1.2975,1.2995,52041
2018-09-14,1.2995,1.3054,1.2982,1.3030,49677
2018-09-17,1.3036,1.3048,1.3002,1.3041,35828
2018-09-18,1.3042,1.3064,1.2971,1.2974,58330
2018-09-19,1.2977,1.3015,1.2899,1.2926,53888
2018-09-20,1.2926,1.2932,1.2884,1.2901,59521
2018-09-21,1.2901,1.2942,1.2885,1.2912,49848
2018-09-24,1.2926,1.2956,1.2908,1.2955,42519
2018-09-25,1.2954,1.2972,1.2935,1.2952,40327
2018-09-26,1.2949,1.3025,1.2943,1.3017,50564
2018-09-27,1.3018,1.3081,1.3007,1.3041,55255
2018-09-28,1.3042,1.3048,1.2907,1.2907,44959
2018-10-01,1.2848,1.2885,1.2781,1.2813,52761
2018-10-02,1.2812,1.2840,1.2799,1.2822,47859
2018-10-03,1.2824,1.2882,1.2806,1.2864,52862
2018-10-04,1.2865,1.2937,1.2856,1.2922,51812
2018-10-05,1.2921,1.2954,1.2887,1.2941,49180
2018-10-08,1.2942,1.3010,1.2936,1.2961,40411
2018-10-09,1.2959,1.3003,1.2935,1.2943,56031
2018-10-10,1.2946,1.3068,1.2926,1.3067,54646
2018-10-11,1.3063,1.3071,1.3014,1.3032,78826
2018-10-12,1.3030,1.3052,1.3002,1.3024,55185
2018-10-15,1.3018,1.3050,1.2954,1.2990,60286
2018-10-16,1.2988,1.2998,1.2915,1.2932,48766
2018-10-17,1.2932,1.3025,1.2931,1.3017,60699
2018-10-18,1.3016,1.3087,1.3016,1.3085,63678
2018-10-19,1.3084,1.3131,1.3027,1.3098,67339
2018-10-22,1.3093,1.3126,1.3078,1.3100,61564
2018-10-23,1.3099,1.3121,1.3075,1.3083,67466
2018-10-24,1.3083,1.3100,1.2968,1.3056,73220
2018-10-25,1.3054,1.3098,1.3014,1.3072,68924
2018-10-26,1.3073,1.3159,1.3067,1.3102,80292
2018-10-29,1.3095,1.3149,1.3081,1.3129,62473
2018-10-30,1.3129,1.3146,1.3100,1.3112,63420
2018-10-31,1.3112,1.3169,1.3106,1.3158,59706
2018-11-01,1.3158,1.3168,1.3068,1.3084,59308
2018-11-02,1.3084,1.3118,1.3048,1.3100,61657
2018-11-05,1.3088,1.3115,1.3070,1.3109,48929
2018-11-06,1.3108,1.3144,1.3098,1.3120,49102
2018-11-07,1.3123,1.3158,1.3055,1.3111,71910
2018-11-08,1.3112,1.3182,1.3086,1.3154,68052
2018-11-09,1.3155,1.3232,1.3139,1.3211,60728
2018-11-12,1.3203,1.3249,1.3182,1.3247,59063
2018-11-13,1.3247,1.3263,1.3214,1.3234,69148
2018-11-14,1.3233,1.3263,1.3207,1.3241,80664
2018-11-15,1.3241,1.3249,1.3155,1.3177,78138
2018-11-16,1.3176,1.3186,1.3126,1.3149,63879
2018-11-19,1.3153,1.3201,1.3140,1.3170,49271
2018-11-20,1.3169,1.3317,1.3155,1.3306,66105
2018-11-21,1.3306,1.3316,1.3227,1.3231,52684
2018-11-22,1.3231,1.3244,1.3180,1.3187,39329
2018-11-23,1.3187,1.3257,1.3183,1.3230,63195
2018-11-26,1.3222,1.3260,1.3186,1.3254,52800
2018-11-27,1.3254,1.3327,1.3235,1.3293,62247
2018-11-28,1.3292,1.3359,1.3241,1.3275,64025
2018-11-29,1.3275,1.3312,1.3252,1.3281,65284
2018-11-30,1.3283,1.3332,1.3270,1.3290,65052
2018-12-03,1.3235,1.3267,1.3159,1.3196,70198
2018-12-04,1.3196,1.3266,1.3163,1.3261,77375
2018-12-05,1.3261,1.3398,1.3252,1.3354,58671
2018-12-06,1.3355,1.3444,1.3353,1.3381,83934
2018-12-07,1.3381,1.3400,1.3253,1.3317,72014
2018-12-10,1.3319,1.3416,1.3292,1.3396,61328
2018-12-11,1.3399,1.3423,1.3377,1.3389,63185
2018-12-12,1.3389,1.3396,1.3322,1.3350,63955
2018-12-13,1.3350,1.3383,1.3337,1.3353,57801
2018-12-14,1.3353,1.3400,1.3345,1.3384,56923
2018-12-17,1.3378,1.3420,1.3372,1.3406,65259
2018-12-18,1.3408,1.3496,1.3390,1.3466,73089
2018-12-19,1.3466,1.3506,1.3414,1.3483,79838
2018-12-20,1.3483,1.3530,1.3445,1.3508,91339
2018-12-21,1.3508,1.3600,1.3492,1.3599,85491
2018-12-24,1.3599,1.3610,1.3564,1.3609,58762
2018-12-26,1.3610,1.3618,1.3566,1.3572,36708
2018-12-27,1.3572,1.3660,1.3565,1.3618,78965
2018-12-28,1.3618,1.3660,1.3594,1.3638,69449
2018-12-31,1.3637,1.3664,1.3608,1.3647,47761
2019-01-02,1.3647,1.3661,1.3568,1.3577,66177
2019-01-03,1.3577,1.3653,1.3468,1.3488,92562
2019-01-04,1.3487,1.3495,1.3372,1.3372,70064
2019-01-07,1.3378,1.3389,1.3278,1.3298,51784
2019-01-08,1.3298,1.3322,1.3267,1.3272,50567
2019-01-09,1.3272,1.3278,1.3180,1.3208,71689
2019-01-10,1.3208,1.3259,1.3201,1.3234,52548
2019-01-11,1.3236,1.3278,1.3182,1.3263,59060
2019-01-14,1.3251,1.3296,1.3245,1.3284,50023
2019-01-15,1.3284,1.3293,1.3225,1.3265,64471
2019-01-16,1.3265,1.3283,1.3234,1.3253,55933
2019-01-17,1.3254,1.3318,1.3245,1.3277,57617
2019-01-18,1.3277,1.3283,1.3231,1.3264,52975
2019-01-21,1.3259,1.3317,1.3251,1.3295,49314
2019-01-22,1.3295,1.3357,1.3291,1.3354,56994
2019-01-23,1.3353,1.3370,1.3304,1.3342,61097
2019-01-24,1.3343,1.3374,1.3328,1.3351,68698
2019-01-25,1.3355,1.3361,1.3214,1.3218,62082
2019-01-28,1.3217,1.3285,1.3202,1.3261,49891
2019-01-29,1.3261,1.3284,1.3241,1.3268,62000
2019-01-30,1.3269,1.3280,1.3118,1.3147,69058
2019-01-31,1.3151,1.3164,1.3119,1.3122,68739
2019-02-01,1.3122,1.3156,1.3068,1.3097,61624
2019-02-04,1.3090,1.3147,1.3085,1.3109,48500
2019-02-05,1.3110,1.3152,1.3101,1.3124,47114
2019-02-06,1.3126,1.3214,1.3124,1.3210,50994
2019-02-07,1.3211,1.3316,1.3203,1.3306,48990
2019-02-08,1.3307,1.3328,1.3231,1.3273,49991
2019-02-11,1.3267,1.3318,1.3261,1.3299,36654
2019-02-12,1.3299,1.3314,1.3232,1.3234,43266
2019-02-13,1.3234,1.3259,1.3195,1.3253,38922
2019-02-14,1.3255,1.3339,1.3228,1.3294,50316
2019-02-15,1.3294,1.3312,1.3243,1.3246,43806
2019-02-18,1.3249,1.3254,1.3224,1.3236,32144
2019-02-19,1.3236,1.3280,1.3205,1.3210,43796
2019-02-20,1.3211,1.3215,1.3149,1.3174,46535
2019-02-21,1.3175,1.3233,1.3162,1.3229,59822
2019-02-22,1.3231,1.3241,1.3133,1.3135,48279
2019-02-25,1.3133,1.3196,1.3112,1.3186,49769
2019-02-26,1.3186,1.3235,1.3154,1.3167,48562
2019-02-27,1.3168,1.3175,1.3117,1.3154,122624
2019-02-28,1.3155,1.3206,1.3139,1.3169,54966
2019-03-01,1.3174,1.3306,1.3129,1.3306,60090
2019-03-04,1.3275,1.3337,1.3274,1.3301,50731
2019-03-05,1.3304,1.3359,1.3301,1.3348,47806
2019-03-06,1.3350,1.3457,1.3347,1.3441,54254
2019-03-07,1.3438,1.3467,1.3413,1.3454,66573
2019-03-08,1.3454,1.3465,1.3389,1.3417,63968
2019-03-11,1.3416,1.3439,1.3391,1.3394,46703
2019-03-12,1.3393,1.3416,1.3351,1.3354,53602
2019-03-13,1.3353,1.3371,1.3290,1.3299,59142
2019-03-14,1.3298,1.3346,1.3286,1.3330,56202
2019-03-15,1.3330,1.3370,1.3288,1.3337,51130
2019-03-18,1.3336,1.3364,1.3301,1.3336,46824
2019-03-19,1.3337,1.3344,1.3250,1.3321,62695
2019-03-20,1.3321,1.3347,1.3257,1.3296,63333
2019-03-21,1.3297,1.3399,1.3274,1.3361,75289
2019-03-22,1.3361,1.3429,1.3351,1.3427,87883
2019-03-25,1.3424,1.3444,1.3398,1.3404,61762
2019-03-26,1.3404,1.3411,1.3371,1.3382,62427
2019-03-27,1.3383,1.3439,1.3376,1.3410,64745
2019-03-28,1.3410,1.3450,1.3395,1.3430,64218
2019-03-29,1.3430,1.3441,1.3341,1.3350,55610
2019-04-01,1.3345,1.3370,1.3297,1.3305,55496
2019-04-02,1.3307,1.3373,1.3298,1.3334,57784
2019-04-03,1.3335,1.3353,1.3295,1.3342,51359
2019-04-04,1.3344,1.3372,1.3336,1.3357,47955
2019-04-05,1.3359,1.3402,1.3348,1.3377,49517
2019-04-08,1.3380,1.3387,1.3304,1.3311,46058
2019-04-09,1.3313,1.3330,1.3283,1.3327,48726
2019-04-10,1.3329,1.3359,1.3305,1.3316,46826
2019-04-11,1.3319,1.3395,1.3310,1.3383,46992
2019-04-12,1.3383,1.3384,1.3312,1.3326,56195
2019-04-15,1.3326,1.3390,1.3296,1.3365,45386
2019-04-16,1.3366,1.3402,1.3345,1.3348,50645
2019-04-17,1.3349,1.3372,1.3274,1.3340,57098
2019-04-18,1.3338,1.3399,1.3331,1.3374,55473
2019-04-19,1.3379,1.3393,1.3364,1.3389,30645
2019-04-22,1.3387,1.3390,1.3334,1.3346,34538
2019-04-23,1.3347,1.3442,1.3342,1.3421,42796
2019-04-24,1.3422,1.3521,1.3416,1.3492,64366
2019-04-25,1.3496,1.3516,1.3478,1.3484,48560
2019-04-26,1.3484,1.3497,1.3451,1.3454,55477
2019-04-29,1.3454,1.3478,1.3439,1.3456,38230
2019-04-30,1.3456,1.3479,1.3380,1.3387,55129
2019-05-01,1.3389,1.3461,1.3376,1.3444,47592
2019-05-02,1.3436,1.3476,1.3430,1.3474,53575
2019-05-03,1.3474,1.3489,1.3405,1.3419,50261
2019-05-06,1.3454,1.3493,1.3432,1.3446,51642
2019-05-07,1.3447,1.3488,1.3409,1.3472,53212
2019-05-08,1.3472,1.3486,1.3444,1.3476,56162
2019-05-09,1.3476,1.3504,1.3458,1.3476,59789
2019-05-10,1.3475,1.3484,1.3379,1.3413,72106
2019-05-13,1.3418,1.3483,1.3415,1.3478,52992
2019-05-14,1.3483,1.3486,1.3455,1.3462,45630
2019-05-15,1.3463,1.3493,1.3426,1.3435,52758
2019-05-16,1.3436,1.3469,1.3400,1.3458,41532
2019-05-17,1.3460,1.3513,1.3434,1.3464,57505
2019-05-20,1.3439,1.3456,1.3415,1.3427,46622
2019-05-21,1.3429,1.3433,1.3395,1.3404,50821
2019-05-22,1.3403,1.3437,1.3356,1.3433,47718
2019-05-23,1.3437,1.3502,1.3430,1.3472,62497
2019-05-24,1.3472,1.3481,1.3429,1.3440,52602
2019-05-27,1.3438,1.3452,1.3429,1.3442,28261
2019-05-28,1.3442,1.3498,1.3432,1.3493,49460
2019-05-29,1.3493,1.3546,1.3480,1.3518,64228
2019-05-30,1.3519,1.3519,1.3485,1.3498,46910
2019-05-31,1.3498,1.3564,1.3492,1.3515,68878
2019-06-03,1.3519,1.3527,1.3434,1.3436,65642
2019-06-04,1.3437,1.3449,1.3380,1.3393,60929
2019-06-05,1.3391,1.3427,1.3362,1.3413,60629
2019-06-06,1.3417,1.3429,1.3359,1.3361,57103
2019-06-07,1.3361,1.3367,1.3261,1.3265,57194
2019-06-10,1.3240,1.3280,1.3239,1.3267,44745
2019-06-11,1.3267,1.3308,1.3249,1.3284,49222
2019-06-12,1.3283,1.3344,1.3273,1.3342,46662
2019-06-13,1.3342,1.3342,1.3299,1.3325,46332
2019-06-14,1.3325,1.3422,1.3322,1.3409,50491
2019-06-17,1.3406,1.3419,1.3392,1.3411,38916
2019-06-18,1.3412,1.3432,1.3374,1.3376,51754
2019-06-19,1.3376,1.3382,1.3278,1.3279,58552
2019-06-20,1.3279,1.3286,1.3150,1.3190,67697
2019-06-21,1.3189,1.3229,1.3161,1.3222,55847
2019-06-24,1.3212,1.3216,1.3177,1.3179,39706
2019-06-25,1.3178,1.3207,1.3152,1.3167,55796
2019-06-26,1.3167,1.3195,1.3106,1.3126,48773
2019-06-27,1.3126,1.3137,1.3091,1.3093,41542
2019-06-28,1.3093,1.3102,1.3059,1.3088,45595
2019-07-01,1.3081,1.3144,1.3070,1.3133,43445
2019-07-02,1.3133,1.3137,1.3096,1.3106,44309
2019-07-03,1.3106,1.3118,1.3056,1.3056,43882
2019-07-04,1.3056,1.3079,1.3037,1.3048,26465
2019-07-05,1.3049,1.3136,1.3043,1.3075,39690
2019-07-08,1.3066,1.3103,1.3049,1.3096,19155
2019-07-09,1.3094,1.3141,1.3090,1.3126,36105
2019-07-10,1.3126,1.3144,1.3062,1.3080,56760
2019-07-11,1.3080,1.3091,1.3042,1.3071,47372
2019-07-12,1.3071,1.3078,1.3018,1.3027,44740
2019-07-15,1.3027,1.3053,1.3021,1.3048,35911
2019-07-16,1.3048,1.3092,1.3023,1.3087,43760
2019-07-17,1.3087,1.3094,1.3035,1.3052,33888
2019-07-18,1.3051,1.3095,1.3025,1.3026,40902
2019-07-19,1.3026,1.3110,1.3016,1.3056,48892
2019-07-22,1.3059,1.3120,1.3040,1.3117,36537
2019-07-23,1.3117,1.3164,1.3114,1.3133,31161
2019-07-24,1.3132,1.3151,1.3119,1.3139,32454
2019-07-25,1.3139,1.3167,1.3115,1.3164,40036
2019-07-26,1.3164,1.3199,1.3152,1.3164,32261
2019-07-29,1.3160,1.3182,1.3149,1.3161,22233
2019-07-30,1.3161,1.3192,1.3144,1.3151,32411
2019-07-31,1.3150,1.3214,1.3105,1.3190,54049
2019-08-01,1.3190,1.3248,1.3182,1.3211,60240
2019-08-02,1.3211,1.3266,1.3199,1.3200,78528
2019-08-05,1.3210,1.3247,1.3177,1.3211,67606
2019-08-06,1.3197,1.3291,1.3187,1.3279,79652
2019-08-07,1.3279,1.3344,1.3267,1.3301,89604
2019-08-08,1.3301,1.3314,1.3221,1.3225,68999
2019-08-09,1.3225,1.3274,1.3196,1.3211,50315
2019-08-12,1.3196,1.3250,1.3196,1.3240,53343
2019-08-13,1.3238,1.3293,1.3184,1.3222,78319
2019-08-14,1.3221,1.3326,1.3211,1.3318,73494
2019-08-15,1.3318,1.3339,1.3285,1.3313,80804
2019-08-16,1.3313,1.3325,1.3261,1.3271,54399
2019-08-19,1.3260,1.3337,1.3251,1.3323,36204
2019-08-20,1.3323,1.3345,1.3308,1.3318,45228
2019-08-21,1.3319,1.3325,1.3253,1.3287,53815
2019-08-22,1.3289,1.3315,1.3275,1.3302,63313
2019-08-23,1.3302,1.3339,1.3277,1.3284,80432
2019-08-26,1.3292,1.3319,1.3246,1.3254,103549
2019-08-27,1.3254,1.3301,1.3225,1.3281,65187
2019-08-28,1.3282,1.3318,1.3278,1.3306,65714
2019-08-29,1.3306,1.3319,1.3273,1.3286,65434
2019-08-30,1.3286,1.3333,1.3247,1.3305,58636
2019-09-02,1.3313,1.3361,1.3312,1.3323,43829
2019-09-03,1.3323,1.3382,1.3319,1.3335,85232
2019-09-04,1.3335,1.3344,1.3218,1.3222,67143
2019-09-05,1.3222,1.3246,1.3191,1.3230,66648
2019-09-06,1.3229,1.3235,1.3158,1.3164,58039
2019-09-09,1.3174,1.3177,1.3139,1.3167,45698
2019-09-10,1.3168,1.3191,1.3134,1.3152,41018
2019-09-11,1.3152,1.3214,1.3140,1.3193,40247
2019-09-12,1.3192,1.3220,1.3177,1.3209,53188
2019-09-13,1.3209,1.3285,1.3202,1.3285,41258
2019-09-16,1.3284,1.3284,1.3210,1.3239,61022
2019-09-17,1.3239,1.3300,1.3233,1.3243,48814
2019-09-18,1.3243,1.3310,1.3238,1.3288,43788
2019-09-19,1.3288,1.3307,1.3242,1.3261,40750
2019-09-20,1.3261,1.3301,1.3254,1.3265,38140
2019-09-23,1.3261,1.3305,1.3254,1.3262,37949
2019-09-24,1.3263,1.3274,1.3232,1.3241,41204
2019-09-25,1.3241,1.3288,1.3235,1.3267,43907
2019-09-26,1.3268,1.3276,1.3231,1.3266,41737
2019-09-27,1.3267,1.3278,1.3214,1.3236,44666
2019-09-30,1.3232,1.3260,1.3224,1.3240,42116
2019-10-01,1.3240,1.3290,1.3209,1.3217,54598
2019-10-02,1.3217,1.3328,1.3206,1.3323,47191
2019-10-03,1.3323,1.3348,1.3309,1.3336,47623
2019-10-04,1.3335,1.3338,1.3299,1.3302,50783
2019-10-07,1.3321,1.3331,1.3290,1.3308,42270
2019-10-08,1.3308,1.3337,1.3288,1.3323,51194
2019-10-09,1.3324,1.3338,1.3295,1.3332,45121
2019-10-10,1.3332,1.3346,1.3269,1.3288,45840
2019-10-11,1.3293,1.3300,1.3171,1.3197,53104
2019-10-14,1.3200,1.3239,1.3191,1.3232,27194
2019-10-15,1.3232,1.3239,1.3196,1.3199,35936
2019-10-16,1.3199,1.3234,1.3184,1.3200,40148
2019-10-17,1.3200,1.3212,1.3131,1.3134,41545
2019-10-18,1.3134,1.3145,1.3119,1.3124,24664
2019-10-21,1.3131,1.3138,1.3082,1.3088,25769
2019-10-22,1.3087,1.3123,1.3071,1.3094,35035
2019-10-23,1.3094,1.3109,1.3068,1.3070,25847
2019-10-24,1.3070,1.3093,1.3053,1.3069,29705
2019-10-25,1.3069,1.3077,1.3056,1.3059,26425
2019-10-28,1.3058,1.3078,1.3049,1.3054,22370
2019-10-29,1.3054,1.3100,1.3042,1.3087,25163
2019-10-30,1.3087,1.3208,1.3074,1.3159,39658
2019-10-31,1.3159,1.3178,1.3135,1.3164,37572
2019-11-01,1.3164,1.3196,1.3138,1.3139,33907
2019-11-04,1.3135,1.3160,1.3130,1.3150,23983
2019-11-05,1.3149,1.3178,1.3115,1.3156,31941
2019-11-06,1.3156,1.3193,1.3141,1.3180,26487
2019-11-07,1.3180,1.3197,1.3160,1.3174,31904
2019-11-08,1.3173,1.3237,1.3171,1.3225,26082
2019-11-11,1.3225,1.3235,1.3213,1.3232,17974
2019-11-12,1.3232,1.3257,1.3216,1.3231,25609
2019-11-13,1.3231,1.3268,1.3229,1.3248,23774
2019-11-14,1.3248,1.3270,1.3244,1.3245,21474
2019-11-15,1.3244,1.3252,1.3216,1.3221,19034
2019-11-18,1.3222,1.3235,1.3200,1.3205,18361
2019-11-19,1.3204,1.3272,1.3190,1.3266,22621
2019-11-20,1.3266,1.3327,1.3262,1.3302,25631
2019-11-21,1.3302,1.3325,1.3269,1.3285,30763
2019-11-22,1.3285,1.3301,1.3254,1.3299,25832
2019-11-25,1.3295,1.3319,1.3285,1.3298,20170
2019-11-26,1.3298,1.3316,1.3269,1.3271,23039
2019-11-27,1.3271,1.3289,1.3260,1.3280,24453
2019-11-28,1.3279,1.3299,1.3276,1.3280,16943
2019-11-29,1.3280,1.3314,1.3270,1.3274,22707
2019-12-02,1.3270,1.3309,1.3270,1.3308,23911
2019-12-03,1.3308,1.3321,1.3283,1.3294,23461
2019-12-04,1.3294,1.3298,1.3192,1.3199,24544
2019-12-05,1.3199,1.3203,1.3158,1.3173,22892
2019-12-06,1.3172,1.3270,1.3171,1.3255,21985
2019-12-09,1.3251,1.3265,1.3222,1.3238,17757
2019-12-10,1.3238,1.3249,1.3224,1.3229,19720
2019-12-11,1.3229,1.3240,1.3162,1.3172,20929
2019-12-12,1.3172,1.3194,1.3163,1.3181,30570
2019-12-13,1.3182,1.3205,1.3151,1.3172,36771
2019-12-16,1.3172,1.3186,1.3115,1.3152,24749
2019-12-17,1.3152,1.3185,1.3145,1.3158,23763
2019-12-18,1.3158,1.3175,1.3102,1.3113,21190
2019-12-19,1.3112,1.3138,1.3108,1.3125,20412
2019-12-20,1.3125,1.3181,1.3120,1.3153,24919
2019-12-23,1.3147,1.3176,1.3140,1.3145,21911
2019-12-24,1.3145,1.3168,1.3138,1.3166,18920
2019-12-26,1.3152,1.3157,1.3103,1.3119,11952
2019-12-27,1.3104,1.3122,1.3064,1.3082,25699
2019-12-30,1.3074,1.3084,1.3050,1.3067,28238
2019-12-31,1.3068,1.3068,1.2951,1.2984,28463
2020-01-02,1.2987,1.3008,1.2969,1.2979,22100
2020-01-03,1.2982,1.3005,1.2961,1.3000,33505
2020-01-06,1.2986,1.2990,1.2960,1.2964,22623
2020-01-07,1.2963,1.3029,1.2957,1.3003,25166
2020-01-08,1.3003,1.3043,1.2976,1.3038,36190
2020-01-09,1.3038,1.3104,1.3026,1.3055,27002
2020-01-10,1.3055,1.3075,1.3029,1.3053,26140
2020-01-13,1.3049,1.3067,1.3031,1.3055,21714
2020-01-14,1.3055,1.3079,1.3047,1.3061,23899
2020-01-15,1.3060,1.3078,1.3035,1.3041,24916
2020-01-16,1.3041,1.3056,1.3032,1.3041,23818
2020-01-17,1.3041,1.3075,1.3034,1.3070,22962
2020-01-20,1.3059,1.3072,1.3043,1.3046,15500
2020-01-21,1.3045,1.3080,1.3044,1.3069,26207
2020-01-22,1.3069,1.3152,1.3036,1.3134,34185
2020-01-23,1.3134,1.3171,1.3124,1.3127,29074
2020-01-24,1.3126,1.3152,1.3117,1.3147,27176
2020-01-27,1.3149,1.3200,1.3148,1.3194,31032
2020-01-28,1.3194,1.3205,1.3154,1.3155,26227
2020-01-29,1.3155,1.3209,1.3154,1.3198,23829
2020-01-30,1.3198,1.3226,1.3188,1.3208,33680
2020-01-31,1.3208,1.3253,1.3195,1.3228,36027
2020-02-03,1.3235,1.3303,1.3232,1.3285,30601
2020-02-04,1.3285,1.3301,1.3263,1.3275,26504
2020-02-05,1.3275,1.3303,1.3262,1.3280,31219
2020-02-06,1.3280,1.3309,1.3270,1.3283,28420
2020-02-07,1.3283,1.3321,1.3279,1.3307,40997
2020-02-10,1.3302,1.3329,1.3288,1.3316,31046
2020-02-11,1.3315,1.3320,1.3276,1.3285,24338
2020-02-12,1.3285,1.3296,1.3235,1.3249,28133
2020-02-13,1.3248,1.3271,1.3240,1.3267,30586
2020-02-14,1.3266,1.3269,1.3235,1.3251,22440
2020-02-17,1.3249,1.3251,1.3225,1.3232,16041
2020-02-18,1.3230,1.3278,1.3230,1.3259,25059
2020-02-19,1.3258,1.3261,1.3215,1.3218,26854
2020-02-20,1.3218,1.3268,1.3212,1.3258,29727
2020-02-21,1.3256,1.3268,1.3202,1.3224,33053
2020-02-24,1.3250,1.3307,1.3242,1.3293,39131
2020-02-25,1.3293,1.3305,1.3267,1.3277,41444
2020-02-26,1.3276,1.3335,1.3271,1.3331,51819
2020-02-27,1.3331,1.3394,1.3316,1.3389,53884
2020-02-28,1.3389,1.3464,1.3378,1.3396,82573
2020-03-02,1.3435,1.3438,1.3315,1.3326,72011
2020-03-03,1.3324,1.3391,1.3318,1.3383,67194
2020-03-04,1.3381,1.3431,1.3328,1.3385,47544
2020-03-05,1.3384,1.3438,1.3382,1.3410,41660
2020-03-06,1.3411,1.3439,1.3379,1.3422,65070
2020-03-09,1.3588,1.3759,1.3517,1.3692,135075
2020-03-10,1.3692,1.3795,1.3608,1.3724,125877
2020-03-11,1.3724,1.3794,1.3680,1.3779,96509
2020-03-12,1.3781,1.3961,1.3707,1.3916,101352
2020-03-13,1.3916,1.3995,1.3781,1.3803,115688
2020-03-16,1.3742,1.4019,1.3728,1.3997,140757
2020-03-17,1.3997,1.4276,1.3960,1.4205,103463
2020-03-18,1.4205,1.4650,1.4166,1.4510,115555
2020-03-19,1.4510,1.4667,1.4420,1.4501,153823
2020-03-20,1.4501,1.4535,1.4149,1.4333,155550
2020-03-23,1.4349,1.4561,1.4336,1.4496,177557
2020-03-24,1.4497,1.4531,1.4374,1.4465,136579
2020-03-25,1.4465,1.4482,1.4178,1.4187,126955
2020-03-26,1.4188,1.4276,1.4008,1.4045,108842
2020-03-27,1.4045,1.4154,1.3921,1.4000,113514
2020-03-30,1.4015,1.4183,1.4000,1.4164,104280
2020-03-31,1.4164,1.4349,1.4011,1.4060,121533
2020-04-01,1.4060,1.4271,1.4049,1.4187,107175
2020-04-02,1.4187,1.4298,1.4079,1.4135,101085
2020-04-03,1.4135,1.4224,1.4094,1.4203,87611
2020-04-06,1.4222,1.4261,1.4083,1.4109,95358
2020-04-07,1.4109,1.4143,1.3945,1.3991,109314
2020-04-08,1.3991,1.4081,1.3978,1.4007,86417
2020-04-09,1.4013,1.4077,1.3931,1.3972,106571
2020-04-10,1.3973,1.4008,1.3944,1.3951,22420
2020-04-13,1.3924,1.4000,1.3855,1.3903,113684
2020-04-14,1.3902,1.3925,1.3862,1.3881,121414
2020-04-15,1.3881,1.4132,1.3876,1.4114,143018
2020-04-16,1.4113,1.4182,1.4063,1.4080,149177
2020-04-17,1.4079,1.4118,1.4004,1.4008,135308
2020-04-20,1.4013,1.4150,1.4013,1.4146,134738
2020-04-21,1.4146,1.4265,1.4113,1.4209,219793
2020-04-22,1.4209,1.4237,1.4115,1.4159,153138
2020-04-23,1.4159,1.4198,1.4000,1.4072,143148
2020-04-24,1.4072,1.4120,1.4023,1.4095,113633
2020-04-27,1.4082,1.4117,1.4029,1.4032,116494
2020-04-28,1.4032,1.4072,1.3936,1.3997,87697
2020-04-29,1.3996,1.4003,1.3875,1.3878,78126
2020-04-30,1.3877,1.3959,1.3850,1.3943,82024
2020-05-01,1.3943,1.4109,1.3926,1.4085,65201
2020-05-04,1.4082,1.4152,1.4051,1.4086,63922
2020-05-05,1.4085,1.4095,1.4008,1.4046,59464
2020-05-06,1.4046,1.4157,1.4023,1.4144,64539
2020-05-07,1.4142,1.4173,1.3953,1.3971,63751
2020-05-08,1.3971,1.3988,1.3908,1.3930,49663
2020-05-11,1.3931,1.4042,1.3900,1.4005,52843
2020-05-12,1.4005,1.4080,1.3972,1.4077,45659
2020-05-13,1.4076,1.4115,1.4006,1.4100,58378
2020-05-14,1.4100,1.4141,1.4032,1.4050,56939
2020-05-15,1.4050,1.4117,1.4018,1.4111,52792
2020-05-18,1.4103,1.4113,1.3936,1.3936,40127
2020-05-19,1.3935,1.3969,1.3866,1.3941,52367
2020-05-20,1.3940,1.3961,1.3868,1.3900,43601
2020-05-21,1.3901,1.3970,1.3891,1.3953,48372
2020-05-22,1.3953,1.4048,1.3941,1.4003,49660
2020-05-25,1.3990,1.4007,1.3968,1.3978,43097
2020-05-26,1.3977,1.3985,1.3757,1.3774,49113
2020-05-27,1.3774,1.3822,1.3727,1.3750,68451
2020-05-28,1.3750,1.3789,1.3734,1.3760,70741
2020-05-29,1.3760,1.3832,1.3714,1.3762,82555
2020-06-01,1.3773,1.3800,1.3558,1.3571,67805
2020-06-02,1.3571,1.3585,1.3484,1.3517,64716
2020-06-03,1.3516,1.3572,1.3480,1.3494,74963
2020-06-04,1.3494,1.3541,1.3468,1.3499,72563
2020-06-05,1.3500,1.3513,1.3391,1.3425,73469
2020-06-08,1.3411,1.3437,1.3356,1.3381,62921
2020-06-09,1.3381,1.3488,1.3359,1.3415,76037
2020-06-10,1.3414,1.3438,1.3315,1.3410,88108
2020-06-11,1.3411,1.3632,1.3396,1.3627,110664
2020-06-12,1.3625,1.3666,1.3527,1.3583,123670
2020-06-15,1.3604,1.3686,1.3546,1.3571,109733
2020-06-16,1.3571,1.3622,1.3505,1.3538,102713
2020-06-17,1.3537,1.3595,1.3512,1.3564,89172
2020-06-18,1.3564,1.3616,1.3521,1.3598,85692
2020-06-19,1.3597,1.3618,1.3547,1.3604,75875
2020-06-22,1.3612,1.3630,1.3518,1.3521,60759
2020-06-23,1.3520,1.3571,1.3486,1.3548,76820
2020-06-24,1.3547,1.3640,1.3528,1.3637,71198
2020-06-25,1.3637,1.3670,1.3607,1.3636,56431
2020-06-26,1.3632,1.3715,1.3627,1.3689,45439
2020-06-29,1.3662,1.3705,1.3647,1.3658,49163
2020-06-30,1.3658,1.3699,1.3570,1.3574,50706
2020-07-01,1.3576,1.3601,1.3545,1.3586,45563
2020-07-02,1.3586,1.3624,1.3560,1.3563,45535
2020-07-03,1.3564,1.3581,1.3543,1.3547,32565
2020-07-06,1.3557,1.3563,1.3519,1.3537,38638
2020-07-07,1.3538,1.3610,1.3524,1.3602,45529
2020-07-08,1.3599,1.3623,1.3492,1.3511,43267
2020-07-09,1.3511,1.3594,1.3491,1.3584,48994
2020-07-10,1.3584,1.3631,1.3575,1.3597,46897
2020-07-13,1.3579,1.3612,1.3536,1.3608,46224
2020-07-14,1.3608,1.3646,1.3595,1.3615,59133
2020-07-15,1.3615,1.3618,1.3505,1.3508,47390
2020-07-16,1.3508,1.3581,1.3501,1.3574,38077
2020-07-17,1.3574,1.3589,1.3557,1.3583,29946
2020-07-20,1.3570,1.3600,1.3525,1.3533,34038
2020-07-21,1.3533,1.3537,1.3425,1.3458,36572
2020-07-22,1.3457,1.3483,1.3399,1.3416,44244
2020-07-23,1.3410,1.3427,1.3351,1.3409,45784
2020-07-24,1.3408,1.3445,1.3376,1.3414,49235
2020-07-27,1.3420,1.3431,1.3353,1.3354,50310
2020-07-28,1.3353,1.3407,1.3331,1.3378,43535
2020-07-29,1.3377,1.3387,1.3333,1.3339,46682
2020-07-30,1.3339,1.3459,1.3332,1.3421,56463
2020-07-31,1.3420,1.3438,1.3372,1.3415,61473
2020-08-03,1.3400,1.3451,1.3380,1.3390,41045
2020-08-04,1.3385,1.3420,1.3318,1.3318,42503
2020-08-05,1.3318,1.3331,1.3233,1.3266,44900
2020-08-06,1.3269,1.3323,1.3243,1.3305,50857
2020-08-07,1.3294,1.3398,1.3284,1.3384,50762
2020-08-10,1.3387,1.3394,1.3334,1.3350,32493
2020-08-11,1.3350,1.3361,1.3270,1.3300,45035
2020-08-12,1.3300,1.3347,1.3229,1.3245,50178
2020-08-13,1.3244,1.3259,1.3192,1.3223,54111
2020-08-14,1.3220,1.3271,1.3206,1.3265,34221
2020-08-17,1.3231,1.3267,1.3192,1.3214,29426
2020-08-18,1.3213,1.3231,1.3151,1.3168,42231
2020-08-19,1.3167,1.3227,1.3133,1.3213,41528
2020-08-20,1.3214,1.3244,1.3168,1.3185,48470
2020-08-21,1.3177,1.3234,1.3159,1.3190,45931
2020-08-24,1.3176,1.3238,1.3134,1.3217,41139
2020-08-25,1.3216,1.3239,1.3167,1.3171,39776
2020-08-26,1.3170,1.3205,1.3132,1.3143,36493
2020-08-27,1.3142,1.3166,1.3101,1.3127,55482
2020-08-28,1.3127,1.3132,1.3047,1.3095,54459
2020-08-31,1.3094,1.3104,1.3020,1.3047,47579
2020-09-01,1.3046,1.3086,1.2994,1.3064,62251
2020-09-02,1.3064,1.3095,1.3037,1.3043,50843
2020-09-03,1.3043,1.3162,1.3038,1.3127,67795
2020-09-04,1.3128,1.3141,1.3044,1.3058,69372
2020-09-07,1.3050,1.3115,1.3049,1.3095,35360
2020-09-08,1.3096,1.3238,1.3086,1.3235,63653
2020-09-09,1.3235,1.3259,1.3145,1.3146,51816
2020-09-10,1.3144,1.3202,1.3118,1.3191,57332
2020-09-11,1.3190,1.3207,1.3151,1.3182,46109
2020-09-14,1.3181,1.3197,1.3153,1.3175,36502
2020-09-15,1.3174,1.3202,1.3134,1.3185,32737
2020-09-16,1.3185,1.3200,1.3127,1.3176,47014
2020-09-17,1.3177,1.3247,1.3150,1.3165,56121
2020-09-18,1.3164,1.3209,1.3137,1.3202,46214
2020-09-21,1.3208,1.3320,1.3171,1.3307,54504
2020-09-22,1.3307,1.3346,1.3284,1.3303,46956
2020-09-23,1.3302,1.3385,1.3294,1.3385,48038
2020-09-24,1.3384,1.3418,1.3325,1.3360,54784
2020-09-25,1.3360,1.3418,1.3330,1.3386,42232
2020-09-28,1.3381,1.3403,1.3354,1.3368,33018
2020-09-29,1.3368,1.3419,1.3352,1.3385,39072
2020-09-30,1.3386,1.3420,1.3301,1.3316,59229
2020-10-01,1.3318,1.3323,1.3267,1.3288,48980
2020-10-02,1.3288,1.3331,1.3273,1.3305,66508
2020-10-05,1.3300,1.3303,1.3255,1.3263,40903
2020-10-06,1.3266,1.3317,1.3241,1.3311,48581
2020-10-07,1.3310,1.3340,1.3254,1.3254,41050
2020-10-08,1.3254,1.3272,1.3194,1.3196,35747
2020-10-09,1.3196,1.3200,1.3110,1.3113,38042
2020-10-12,1.3127,1.3143,1.3101,1.3112,27702
2020-10-13,1.3112,1.3146,1.3099,1.3137,41837
2020-10-14,1.3136,1.3163,1.3116,1.3142,43836
2020-10-15,1.3141,1.3259,1.3139,1.3223,62543
2020-10-16,1.3216,1.3237,1.3177,1.3195,45705
2020-10-19,1.3189,1.3195,1.3150,1.3190,39122
2020-10-20,1.3191,1.3204,1.3104,1.3127,45712
2020-10-21,1.3127,1.3152,1.3081,1.3145,45371
2020-10-22,1.3144,1.3178,1.3123,1.3133,45624
2020-10-23,1.3133,1.3160,1.3109,1.3125,43515
2020-10-26,1.3129,1.3225,1.3128,1.3202,47462
2020-10-27,1.3202,1.3212,1.3142,1.3184,43597
2020-10-28,1.3185,1.3334,1.3179,1.3320,63980
2020-10-29,1.3320,1.3390,1.3278,1.3320,67342
2020-10-30,1.3320,1.3348,1.3280,1.3325,68347
2020-11-02,1.3309,1.3370,1.3215,1.3216,59937
2020-11-03,1.3217,1.3234,1.3104,1.3143,52022
2020-11-04,1.3147,1.3299,1.3095,1.3132,91764
2020-11-05,1.3132,1.3178,1.3028,1.3043,76572
2020-11-06,1.3043,1.3096,1.3019,1.3060,63394
2020-11-09,1.3038,1.3052,1.2928,1.3007,86292
2020-11-10,1.3007,1.3051,1.2984,1.3031,67209
2020-11-11,1.3031,1.3077,1.3008,1.3061,46430
2020-11-12,1.3061,1.3150,1.3055,1.3140,44998
2020-11-13,1.3140,1.3172,1.3116,1.3134,35034
2020-11-16,1.3130,1.3139,1.3065,1.3073,39595
2020-11-17,1.3073,1.3116,1.3063,1.3105,38745
2020-11-18,1.3105,1.3117,1.3034,1.3081,40507
2020-11-19,1.3081,1.3123,1.3052,1.3072,44827
2020-11-20,1.3072,1.3097,1.3039,1.3094,44433
2020-11-23,1.3082,1.3113,1.3045,1.3084,43534
2020-11-24,1.3084,1.3091,1.2995,1.2997,50862
2020-11-25,1.2997,1.3029,1.2986,1.3005,49823
2020-11-26,1.3005,1.3022,1.2990,1.3015,33825
2020-11-27,1.3016,1.3025,1.2972,1.2991,38664
2020-11-30,1.2994,1.3010,1.2923,1.2997,54739
2020-12-01,1.2997,1.3008,1.2928,1.2933,52067
2020-12-02,1.2933,1.2959,1.2910,1.2916,56330
2020-12-03,1.2916,1.2941,1.2852,1.2861,59809
2020-12-04,1.2861,1.2874,1.2772,1.2784,61600
2020-12-07,1.2775,1.2833,1.2773,1.2797,59773
2020-12-08,1.2797,1.2826,1.2768,1.2816,59189
2020-12-09,1.2816,1.2833,1.2769,1.2817,58936
2020-12-10,1.2817,1.2829,1.2707,1.2737,65165
2020-12-11,1.2737,1.2793,1.2719,1.2763,64382
2020-12-14,1.2749,1.2790,1.2720,1.2762,53115
2020-12-15,1.2762,1.2771,1.2688,1.2698,55365
2020-12-16,1.2698,1.2790,1.2694,1.2738,59188
2020-12-17,1.2737,1.2750,1.2689,1.2721,46494
2020-12-18,1.2721,1.2798,1.2715,1.2782,50969
2020-12-21,1.2797,1.2957,1.2785,1.2856,102923
2020-12-22,1.2856,1.2933,1.2843,1.2906,77223
2020-12-23,1.2906,1.2915,1.2834,1.2845,69679
2020-12-24,1.2844,1.2854,1.2813,1.2843,46140
2020-12-28,1.2843,1.2876,1.2814,1.2849,55229
2020-12-29,1.2848,1.2854,1.2780,1.2817,55508
2020-12-30,1.2817,1.2827,1.2750,1.2756,57337
2020-12-31,1.2757,1.2770,1.2714,1.2722,48853
2021-01-04,1.2720,1.2798,1.2665,1.2774,93280
2021-01-05,1.2776,1.2791,1.2656,1.2667,99161
2021-01-06,1.2667,1.2724,1.2630,1.2674,145698
2021-01-07,1.2674,1.2734,1.2664,1.2690,93106
2021-01-08,1.2690,1.2743,1.2659,1.2693,107755
2021-01-11,1.2699,1.2835,1.2693,1.2783,84229
2021-01-12,1.2783,1.2792,1.2708,1.2709,79853
2021-01-13,1.2708,1.2747,1.2681,1.2695,72777
2021-01-14,1.2695,1.2708,1.2625,1.2638,78844
2021-01-15,1.2637,1.2764,1.2630,1.2740,83402
2021-01-18,1.2726,1.2799,1.2726,1.2752,66469
2021-01-19,1.2753,1.2764,1.2715,1.2732,66787
2021-01-20,1.2732,1.2741,1.2607,1.2632,75148
2021-01-21,1.2631,1.2647,1.2589,1.2637,73403
2021-01-22,1.2635,1.2740,1.2632,1.2733,63537
2021-01-25,1.2706,1.2779,1.2688,1.2737,63089
2021-01-26,1.2738,1.2782,1.2690,1.2690,52859
2021-01-27,1.2690,1.2823,1.2685,1.2800,87280
2021-01-28,1.2800,1.2881,1.2784,1.2828,94137
2021-01-29,1.2828,1.2875,1.2738,1.2781,104825
2021-02-01,1.2784,1.2864,1.2761,1.2852,89627
2021-02-02,1.2852,1.2870,1.2780,1.2780,73813
2021-02-03,1.2780,1.2812,1.2763,1.2784,65926
2021-02-04,1.2784,1.2845,1.2777,1.2825,66181
2021-02-05,1.2824,1.2833,1.2761,1.2761,76069
2021-02-08,1.2756,1.2783,1.2735,1.2736,72573
2021-02-09,1.2736,1.2766,1.2691,1.2691,69122
2021-02-10,1.2691,1.2711,1.2668,1.2700,62917
2021-02-11,1.2699,1.2711,1.2661,1.2704,61817
2021-02-12,1.2702,1.2763,1.2677,1.2690,62442
2021-02-15,1.2682,1.2691,1.2631,1.2636,41388
2021-02-16,1.2642,1.2702,1.2610,1.2688,76834
2021-02-17,1.2687,1.2746,1.2680,1.2702,90832
2021-02-18,1.2702,1.2731,1.2665,1.2674,82700
2021-02-19,1.2676,1.2714,1.2594,1.2616,83413
2021-02-22,1.2611,1.2654,1.2580,1.2612,99041
2021-02-23,1.2612,1.2647,1.2579,1.2585,97137
2021-02-24,1.2584,1.2598,1.2505,1.2511,111595
2021-02-25,1.2511,1.2614,1.2468,1.2601,133054
2021-02-26,1.2601,1.2743,1.2587,1.2732,169964
2021-03-01,1.2726,1.2737,1.2641,1.2645,103250
2021-03-02,1.2646,1.2698,1.2600,1.2636,94385
2021-03-03,1.2636,1.2658,1.2593,1.2654,83060
2021-03-04,1.2654,1.2693,1.2575,1.2665,116318
2021-03-05,1.2665,1.2737,1.2646,1.2650,116238
2021-03-08,1.2645,1.2700,1.2622,1.2662,133637
2021-03-09,1.2662,1.2685,1.2591,1.2635,117523
2021-03-10,1.2635,1.2683,1.2610,1.2615,106813
2021-03-11,1.2615,1.2625,1.2520,1.2531,83727
2021-03-12,1.2531,1.2573,1.2462,1.2480,90191
2021-03-15,1.2474,1.2513,1.2441,1.2478,76626
2021-03-16,1.2478,1.2500,1.2434,1.2443,68843
2021-03-17,1.2443,1.2493,1.2400,1.2406,75077
2021-03-18,1.2406,1.2527,1.2365,1.2493,97767
2021-03-19,1.2493,1.2547,1.2462,1.2506,95564
2021-03-22,1.2526,1.2541,1.2473,1.2521,65326
2021-03-23,1.2521,1.2595,1.2519,1.2581,81308
2021-03-24,1.2581,1.2609,1.2543,1.2577,78086
2021-03-25,1.2576,1.2629,1.2546,1.2605,91777
2021-03-26,1.2605,1.2609,1.2561,1.2570,66891
2021-03-29,1.2569,1.2626,1.2569,1.2590,69891
2021-03-30,1.2589,1.2647,1.2581,1.2631,69515
2021-03-31,1.2630,1.2631,1.2540,1.2561,72129
2021-04-01,1.2562,1.2602,1.2542,1.2546,66119
2021-04-02,1.2543,1.2580,1.2528,1.2572,22357
2021-04-05,1.2569,1.2594,1.2502,1.2523,43163
2021-04-06,1.2523,1.2583,1.2517,1.2563,58480
2021-04-07,1.2563,1.2634,1.2561,1.2607,70292
2021-04-08,1.2607,1.2627,1.2558,1.2560,61181
2021-04-09,1.2560,1.2611,1.2526,1.2532,65982
2021-04-12,1.2528,1.2574,1.2525,1.2562,62258
2021-04-13,1.2561,1.2628,1.2527,1.2533,64354
2021-04-14,1.2533,1.2576,1.2500,1.2518,48859
2021-04-15,1.2519,1.2558,1.2477,1.2541,43962
2021-04-16,1.2541,1.2559,1.2494,1.2506,37935
2021-04-19,1.2503,1.2544,1.2471,1.2532,45269
2021-04-20,1.2530,1.2624,1.2479,1.2611,49896
2021-04-21,1.2611,1.2654,1.2460,1.2496,46261
2021-04-22,1.2497,1.2535,1.2473,1.2504,46591
2021-04-23,1.2503,1.2509,1.2461,1.2476,35957
2021-04-26,1.2475,1.2490,1.2384,1.2392,39346
2021-04-27,1.2394,1.2418,1.2388,1.2397,34876
2021-04-28,1.2397,1.2418,1.2310,1.2313,39108
2021-04-29,1.2312,1.2322,1.2275,1.2280,42259
2021-04-30,1.2279,1.2322,1.2266,1.2294,46910
2021-05-03,1.2283,1.2319,1.2267,1.2274,37109
2021-05-04,1.2276,1.2351,1.2273,1.2305,48349
2021-05-05,1.2304,1.2311,1.2252,1.2266,36285
2021-05-06,1.2265,1.2288,1.2142,1.2147,42320
2021-05-07,1.2147,1.2193,1.2126,1.2127,46082
2021-05-10,1.2120,1.2134,1.2079,1.2099,41535
2021-05-11,1.2099,1.2126,1.2078,1.2101,52994
2021-05-12,1.2101,1.2138,1.2046,1.2132,67877
2021-05-13,1.2132,1.2203,1.2104,1.2161,59225
2021-05-14,1.2161,1.2179,1.2081,1.2106,41947
2021-05-17,1.2104,1.2136,1.2061,1.2066,41964
2021-05-18,1.2065,1.2081,1.2013,1.2064,39310
2021-05-19,1.2062,1.2143,1.2054,1.2131,68771
2021-05-20,1.2132,1.2144,1.2049,1.2059,46031
2021-05-21,1.2058,1.2095,1.2027,1.2065,46953
2021-05-24,1.2066,1.2086,1.2041,1.2042,48542
2021-05-25,1.2042,1.2078,1.2029,1.2065,53468
2021-05-26,1.2064,1.2127,1.2043,1.2122,52728
2021-05-27,1.2122,1.2141,1.2056,1.2066,50788
2021-05-28,1.2064,1.2120,1.2059,1.2077,50322
2021-05-31,1.2064,1.2092,1.2046,1.2062,37719
2021-06-01,1.2062,1.2077,1.2007,1.2069,45456
2021-06-02,1.2069,1.2092,1.2029,1.2032,39673
2021-06-03,1.2032,1.2120,1.2025,1.2105,49176
2021-06-04,1.2104,1.2133,1.2070,1.2072,47696
2021-06-07,1.2069,1.2107,1.2057,1.2079,38238
2021-06-08,1.2079,1.2117,1.2071,1.2108,48368
2021-06-09,1.2107,1.2117,1.2057,1.2108,42955
2021-06-10,1.2108,1.2125,1.2070,1.2093,53453
2021-06-11,1.2093,1.2177,1.2080,1.2166,44546
2021-06-14,1.2154,1.2171,1.2128,1.2144,44460
2021-06-15,1.2142,1.2204,1.2130,1.2183,49076
2021-06-16,1.2182,1.2284,1.2157,1.2276,57543
2021-06-17,1.2275,1.2378,1.2262,1.2353,76112
2021-06-18,1.2351,1.2481,1.2339,1.2469,66065
2021-06-21,1.2459,1.2487,1.2353,1.2361,71484
2021-06-22,1.2357,1.2403,1.2302,1.2305,53417
2021-06-23,1.2305,1.2329,1.2252,1.2304,61179
2021-06-24,1.2303,1.2341,1.2282,1.2323,53861
2021-06-25,1.2321,1.2329,1.2272,1.2298,46382
2021-06-28,1.2287,1.2348,1.2282,1.2337,49250
2021-06-29,1.2334,1.2403,1.2326,1.2400,48958
2021-06-30,1.2400,1.2424,1.2355,1.2397,56130
2021-07-01,1.2395,1.2446,1.2365,1.2435,52696
2021-07-02,1.2434,1.2450,1.2309,1.2327,54472
2021-07-05,1.2309,1.2372,1.2302,1.2341,36445
2021-07-06,1.2339,1.2494,1.2303,1.2462,54993
2021-07-07,1.2454,1.2519,1.2423,1.2481,70359
2021-07-08,1.2480,1.2590,1.2475,1.2533,83732
2021-07-09,1.2533,1.2557,1.2443,1.2451,71157
2021-07-12,1.2441,1.2514,1.2441,1.2451,50430
2021-07-13,1.2450,1.2540,1.2442,1.2513,50311
2021-07-14,1.2511,1.2526,1.2425,1.2508,56526
2021-07-15,1.2510,1.2613,1.2501,1.2593,62724
2021-07-16,1.2591,1.2620,1.2561,1.2617,50090
2021-07-19,1.2602,1.2807,1.2597,1.2745,78883
2021-07-20,1.2746,1.2787,1.2674,1.2679,69815
2021-07-21,1.2678,1.2730,1.2526,1.2560,59779
2021-07-22,1.2559,1.2595,1.2529,1.2560,56056
2021-07-23,1.2567,1.2607,1.2551,1.2565,45035
2021-07-26,1.2556,1.2590,1.2528,1.2547,50310
2021-07-27,1.2546,1.2604,1.2538,1.2601,57863
2021-07-28,1.2601,1.2604,1.2515,1.2524,73383
2021-07-29,1.2522,1.2530,1.2432,1.2446,52486
2021-07-30,1.2443,1.2491,1.2422,1.2464,57205
2021-08-02,1.2474,1.2514,1.2453,1.2503,50676
2021-08-03,1.2503,1.2575,1.2490,1.2535,52823
2021-08-04,1.2534,1.2562,1.2515,1.2540,46358
2021-08-05,1.2540,1.2548,1.2475,1.2499,49673
2021-08-06,1.2500,1.2581,1.2482,1.2555,41759
2021-08-09,1.2544,1.2588,1.2531,1.2577,49787
2021-08-10,1.2577,1.2589,1.2518,1.2519,40924
2021-08-11,1.2519,1.2548,1.2489,1.2502,41901
2021-08-12,1.2500,1.2533,1.2496,1.2521,38964
2021-08-13,1.2521,1.2532,1.2501,1.2514,32028
2021-08-16,1.2512,1.2584,1.2511,1.2571,35327
2021-08-17,1.2570,1.2649,1.2565,1.2626,51329
2021-08-18,1.2624,1.2662,1.2598,1.2658,52564
2021-08-19,1.2651,1.2830,1.2649,1.2826,77261
2021-08-20,1.2824,1.2949,1.2809,1.2824,57074
2021-08-23,1.2809,1.2838,1.2643,1.2649,47018
2021-08-24,1.2648,1.2658,1.2579,1.2587,40872
2021-08-25,1.2586,1.2643,1.2583,1.2590,45325
2021-08-26,1.2589,1.2695,1.2585,1.2685,48673
2021-08-27,1.2685,1.2708,1.2605,1.2614,51816
2021-08-30,1.2610,1.2634,1.2573,1.2606,38360
2021-08-31,1.2604,1.2653,1.2569,1.2615,58318
2021-09-01,1.2614,1.2637,1.2580,1.2618,54389
2021-09-02,1.2616,1.2638,1.2548,1.2552,47609
2021-09-03,1.2550,1.2559,1.2493,1.2528,64235
2021-09-06,1.2514,1.2559,1.2512,1.2531,39993
2021-09-07,1.2527,1.2656,1.2519,1.2646,58117
2021-09-08,1.2647,1.2762,1.2626,1.2690,87508
2021-09-09,1.2687,1.2727,1.2622,1.2662,86748
2021-09-10,1.2662,1.2690,1.2582,1.2689,68309
2021-09-13,1.2680,1.2695,1.2638,1.2647,68018
2021-09-14,1.2644,1.2698,1.2601,1.2692,68339
2021-09-15,1.2692,1.2708,1.2623,1.2627,62057
2021-09-16,1.2624,1.2700,1.2616,1.2682,65346
2021-09-17,1.2680,1.2771,1.2637,1.2769,65814
2021-09-20,1.2754,1.2896,1.2747,1.2816,77787
2021-09-21,1.2816,1.2848,1.2743,1.2812,78468
2021-09-22,1.2811,1.2826,1.2698,1.2772,80781
2021-09-23,1.2772,1.2796,1.2634,1.2654,68967
2021-09-24,1.2654,1.2731,1.2640,1.2655,56934
2021-09-27,1.2639,1.2672,1.2610,1.2627,64836
2021-09-28,1.2626,1.2708,1.2594,1.2684,86851
2021-09-29,1.2682,1.2774,1.2668,1.2754,81366
2021-09-30,1.2754,1.2763,1.2630,1.2680,92696
2021-10-01,1.2677,1.2739,1.2628,1.2639,88194
2021-10-04,1.2644,1.2654,1.2557,1.2588,85506
2021-10-05,1.2587,1.2630,1.2546,1.2580,63799
2021-10-06,1.2579,1.2648,1.2561,1.2589,83727
2021-10-07,1.2588,1.2599,1.2540,1.2550,60832
2021-10-08,1.2548,1.2562,1.2452,1.2474,64541
2021-10-11,1.2470,1.2491,1.2446,1.2482,46179
2021-10-12,1.2473,1.2498,1.2435,1.2464,54537
2021-10-13,1.2462,1.2478,1.2430,1.2442,54856
2021-10-14,1.2440,1.2445,1.2355,1.2369,45881
2021-10-15,1.2367,1.2397,1.2336,1.2362,47081
2021-10-18,1.2354,1.2410,1.2348,1.2378,50828
2021-10-19,1.2375,1.2383,1.2311,1.2364,47033
2021-10-20,1.2362,1.2367,1.2307,1.2317,56868
2021-10-21,1.2315,1.2384,1.2288,1.2370,50351
2021-10-22,1.2369,1.2390,1.2321,1.2368,63241
2021-10-25,1.2364,1.2400,1.2338,1.2383,54226
2021-10-26,1.2383,1.2396,1.2350,1.2389,50229
2021-10-27,1.2386,1.2432,1.2300,1.2359,62125
2021-10-28,1.2355,1.2382,1.2330,1.2345,66275
2021-10-29,1.2342,1.2408,1.2328,1.2383,65180
2021-11-01,1.2375,1.2403,1.2352,1.2371,52793
2021-11-02,1.2366,1.2424,1.2363,1.2406,53373
2021-11-03,1.2401,1.2458,1.2380,1.2388,64625
2021-11-04,1.2387,1.2471,1.2377,1.2456,61203
2021-11-05,1.2454,1.2479,1.2436,1.2456,66143
2021-11-08,1.2439,1.2465,1.2436,1.2441,51976
2021-11-09,1.2440,1.2486,1.2429,1.2437,59618
2021-11-10,1.2435,1.2503,1.2387,1.2495,75568
2021-11-11,1.2493,1.2596,1.2473,1.2580,59283
2021-11-12,1.2578,1.2605,1.2541,1.2549,46673
2021-11-15,1.2535,1.2556,1.2501,1.2512,47337
2021-11-16,1.2509,1.2568,1.2492,1.2560,52248
2021-11-17,1.2559,1.2622,1.2540,1.2608,55145
2021-11-18,1.2609,1.2647,1.2593,1.2598,55716
2021-11-19,1.2596,1.2662,1.2585,1.2643,64335
2021-11-22,1.2639,1.2705,1.2628,1.2698,56345
2021-11-23,1.2694,1.2745,1.2660,1.2669,71790
2021-11-24,1.2668,1.2710,1.2651,1.2664,66997
2021-11-25,1.2659,1.2677,1.2641,1.2647,36223
2021-11-26,1.2644,1.2799,1.2639,1.2792,96338
2021-11-29,1.2747,1.2793,1.2721,1.2739,73259
2021-11-30,1.2736,1.2837,1.2730,1.2778,102024
2021-12-01,1.2775,1.2830,1.2713,1.2819,87630
2021-12-02,1.2815,1.2838,1.2778,1.2808,94544
2021-12-03,1.2804,1.2853,1.2744,1.2848,86450
2021-12-06,1.2819,1.2843,1.2753,1.2755,69755
2021-12-07,1.2754,1.2767,1.2635,1.2638,58682
2021-12-08,1.2635,1.2666,1.2608,1.2650,76313
2021-12-09,1.2649,1.2722,1.2646,1.2712,56516
2021-12-10,1.2711,1.2739,1.2680,1.2724,54313
2021-12-13,1.2725,1.2821,1.2706,1.2807,59312
2021-12-14,1.2805,1.2865,1.2797,1.2861,58374
2021-12-15,1.2858,1.2937,1.2829,1.2833,70552
2021-12-16,1.2830,1.2858,1.2764,1.2773,77785
2021-12-17,1.2770,1.2900,1.2766,1.2895,71332
2021-12-20,1.2885,1.2964,1.2877,1.2941,81334
2021-12-21,1.2942,1.2946,1.2912,1.2912,53800
2021-12-22,1.2910,1.2924,1.2832,1.2834,48954
2021-12-23,1.2831,1.2853,1.2798,1.2803,38114
2021-12-24,1.2804,1.2834,1.2786,1.2818,111625
2021-12-27,1.2803,1.2848,1.2778,1.2788,24276
2021-12-28,1.2788,1.2832,1.2776,1.2817,29399
2021-12-29,1.2816,1.2835,1.2788,1.2789,38049
2021-12-30,1.2787,1.2812,1.2734,1.2740,37385
2021-12-31,1.2736,1.2751,1.2620,1.2644,40194
2022-01-03,1.2635,1.2779,1.2628,1.2744,39742
2022-01-04,1.2743,1.2766,1.2667,1.2706,41921
2022-01-05,1.2706,1.2766,1.2691,1.2755,48327
2022-01-06,1.2752,1.2813,1.2707,1.2727,65179
2022-01-07,1.2722,1.2731,1.2632,1.2643,55068
2022-01-10,1.2635,1.2697,1.2611,1.2675,53687
2022-01-11,1.2675,1.2679,1.2567,1.2572,61302
2022-01-12,1.2570,1.2580,1.2495,1.2508,53930
2022-01-13,1.2504,1.2520,1.2453,1.2519,46510
2022-01-14,1.2514,1.2570,1.2470,1.2545,61002
2022-01-17,1.2534,1.2557,1.2500,1.2514,39864
2022-01-18,1.2510,1.2563,1.2486,1.2513,73598
2022-01-19,1.2510,1.2525,1.2450,1.2514,67950
2022-01-20,1.2514,1.2516,1.2453,1.2501,64945
2022-01-21,1.2499,1.2587,1.2498,1.2585,87117
2022-01-24,1.2575,1.2702,1.2554,1.2636,102224
2022-01-25,1.2632,1.2669,1.2597,1.2631,118977
2022-01-26,1.2625,1.2688,1.2560,1.2668,120736
2022-01-27,1.2666,1.2748,1.2650,1.2741,143346
2022-01-28,1.2739,1.2797,1.2713,1.2764,121416
2022-01-31,1.2757,1.2776,1.2682,1.2706,89922
2022-02-01,1.2703,1.2726,1.2655,1.2686,90853
2022-02-02,1.2681,1.2706,1.2650,1.2666,75083
2022-02-03,1.2662,1.2716,1.2658,1.2677,99365
2022-02-04,1.2673,1.2788,1.2662,1.2760,91585
2022-02-07,1.2745,1.2756,1.2658,1.2666,70181
2022-02-08,1.2664,1.2721,1.2662,1.2706,64199
2022-02-09,1.2702,1.2716,1.2665,1.2669,46294
2022-02-10,1.2668,1.2728,1.2636,1.2718,80977
2022-02-11,1.2716,1.2754,1.2669,1.2732,100112
2022-02-14,1.2730,1.2784,1.2720,1.2729,109781
2022-02-15,1.2724,1.2774,1.2701,1.2717,78834
2022-02-16,1.2716,1.2726,1.2664,1.2687,80406
2022-02-17,1.2687,1.2734,1.2674,1.2707,100294
2022-02-18,1.2704,1.2761,1.2673,1.2754,83632
2022-02-21,1.2742,1.2761,1.2721,1.2751,67429
2022-02-22,1.2751,1.2782,1.2719,1.2768,103953
2022-02-23,1.2767,1.2769,1.2681,1.2733,72195
2022-02-24,1.2730,1.2877,1.2726,1.2814,197801
2022-02-25,1.2812,1.2820,1.2695,1.2699,114342
2022-02-28,1.2749,1.2810,1.2660,1.2674,131151
2022-03-01,1.2670,1.2750,1.2653,1.2742,99399
2022-03-02,1.2739,1.2745,1.2628,1.2630,112539
2022-03-03,1.2629,1.2693,1.2587,1.2680,93076
2022-03-04,1.2678,1.2792,1.2669,1.2734,123475
