time,open,high,low,close,volume
2012-12-04,82.1730,82.2060,81.7110,81.8880,72067
2012-12-05,81.8900,82.4730,81.7890,82.4150,53785
2012-12-06,82.4160,82.6100,82.1930,82.4050,69700
2012-12-07,82.4060,82.8180,82.1820,82.4780,67896
2012-12-10,82.5480,82.6300,82.1110,82.3410,61980
2012-12-11,82.3420,82.5670,82.2960,82.5330,60324
2012-12-12,82.5340,83.2890,82.4940,83.1800,75034
2012-12-13,83.1790,83.6670,83.1540,83.6140,78994
2012-12-14,83.6150,83.9570,83.3100,83.5000,83440
2012-12-17,84.1450,84.2050,83.6050,83.8720,81378
2012-12-18,83.8720,84.2810,83.8140,84.2660,77059
2012-12-19,84.2660,84.6100,83.9330,84.0910,86616
2012-12-20,84.0920,84.4500,83.8530,84.3410,83167
2012-12-21,84.3380,84.4360,83.8510,84.2340,86836
2012-12-24,84.3770,84.8650,84.3180,84.7720,50247
2012-12-26,85.2750,85.7150,85.2470,85.4850,50697
2012-12-27,85.4880,86.3170,85.4770,86.2810,91124
2012-12-28,86.2690,86.6250,85.8650,85.8650,83940
2012-12-31,85.8190,86.6800,85.8140,86.6100,60982
2013-01-01,86.6580,86.8420,86.6270,86.7650,1714
2013-01-02,86.7650,87.3420,86.5350,87.3240,96570
2013-01-03,87.3240,87.5460,86.7630,87.4310,86480
2013-01-04,87.4310,88.3970,87.3990,88.1400,100981
2013-01-07,88.3220,88.3220,87.3510,87.4560,95521
2013-01-08,87.4570,87.7880,86.8230,86.8410,97533
2013-01-09,86.8430,88.0650,86.8240,88.0340,98771
2013-01-10,88.0300,89.0300,87.9640,88.9230,102408
2013-01-11,88.9250,89.4350,88.7340,89.1760,105752
2013-01-14,89.4870,89.6380,89.0780,89.4760,95689
2013-01-15,89.4740,89.6230,88.2920,88.8190,113268
2013-01-16,88.8180,88.8490,87.7900,88.5680,111439
2013-01-17,88.5670,90.1050,88.1290,89.9530,120314
2013-01-18,89.9520,90.1820,89.6320,90.0830,105490
2013-01-21,90.1480,90.2280,89.3360,89.8130,91509
2013-01-22,89.8140,90.1180,88.3640,88.7520,117091
2013-01-23,88.7510,88.7890,88.0560,88.5380,106533
2013-01-24,88.5350,90.5310,88.4160,90.4200,111112
2013-01-25,90.4220,91.1920,90.2850,90.8770,106284
2013-01-28,91.0590,91.2480,90.5590,90.6520,98543
2013-01-29,90.6480,91.0080,90.3240,90.7530,104027
2013-01-30,90.7550,91.4010,90.7120,91.0660,102076
2013-01-31,91.0650,91.7970,90.7420,91.7330,102365
2013-02-01,91.7320,92.9520,91.6130,92.7890,109464
2013-02-04,92.8300,93.1780,91.9760,92.0950,111694
2013-02-05,92.0920,93.7770,92.0710,93.7090,120867
2013-02-06,93.7100,94.0450,93.2770,93.5170,117089
2013-02-07,93.5180,93.9120,93.0820,93.7140,112292
2013-02-08,93.7130,93.7250,92.1670,92.6720,108175
2013-02-11,92.5640,94.4310,92.4480,94.2380,98843
2013-02-12,94.2390,94.4030,92.9640,93.2210,113427
2013-02-13,93.2220,93.7720,92.8190,93.2210,107206
2013-02-14,93.2220,93.7070,92.6760,92.8820,111427
2013-02-15,92.8810,93.8340,92.2200,93.5050,114650
2013-02-18,93.8780,94.2080,93.7080,93.9040,87446
2013-02-19,93.9060,93.9430,93.2920,93.5680,90396
2013-02-20,93.5640,94.0290,93.1360,93.6990,101970
2013-02-21,93.6980,93.8560,92.7710,92.9760,106891
2013-02-22,92.9750,93.5060,92.9220,93.4050,97914
2013-02-25,94.2030,94.3030,90.9290,92.1710,121581
2013-02-26,92.1710,92.7430,91.1250,91.9680,129861
2013-02-27,91.9690,92.4310,91.1370,92.2030,116353
2013-02-28,92.2030,92.8430,92.0090,92.6230,103340
2013-03-01,92.6220,93.6800,92.4380,93.5790,103026
2013-03-04,93.5470,93.7210,93.1730,93.4820,12393
2013-03-05,93.4820,93.5070,92.9140,93.3500,13533
2013-03-06,93.3500,94.1100,93.0090,93.9840,24146
2013-03-07,93.9850,95.0880,93.7880,94.9180,44037
2013-03-08,94.9190,96.5510,94.8450,95.9870,40607
2013-03-11,96.1630,96.6520,95.9620,96.6160,33262
2013-03-12,96.6170,96.7070,95.6390,95.8810,46697
2013-03-13,95.8800,96.2520,95.4440,96.0390,43794
2013-03-14,96.0390,96.5860,95.6800,96.0630,44150
2013-03-15,96.0590,96.2730,95.0760,95.2800,45854
2013-03-18,94.8870,95.5940,94.3080,95.3700,49278
2013-03-19,95.3700,95.7420,94.7210,95.0190,47745
2013-03-20,95.0170,96.1290,94.8270,96.0650,43556
2013-03-21,96.0670,96.0880,94.5540,95.0770,55134
2013-03-22,95.0770,95.0880,94.1950,94.4210,48154
2013-03-25,94.6210,94.9590,93.5240,94.2220,53166
2013-03-26,94.2240,94.6320,93.8620,94.6280,47185
2013-03-27,94.6270,94.9060,94.0210,94.3500,46112
2013-03-28,94.3500,94.4310,93.8750,94.2820,42967
2013-03-29,94.2900,94.2910,93.9050,94.1500,22986
2013-04-01,94.2520,94.3710,93.0560,93.1960,35174
2013-04-02,93.1980,93.5570,92.5680,93.3670,40920
2013-04-03,93.3660,93.6850,92.7130,93.0780,41165
2013-04-04,93.0800,96.4120,92.7280,96.3710,60390
2013-04-05,96.3620,97.8290,95.7970,97.5200,66213
2013-04-08,98.2350,99.4950,98.0730,99.4750,59419
2013-04-09,99.4730,99.6600,98.5870,99.1740,54700
2013-04-10,99.1730,99.8700,98.9080,99.8130,50377
2013-04-11,99.8130,99.9440,99.1270,99.7940,53005
2013-04-12,99.7920,99.7920,98.0880,98.3380,54179
2013-04-15,98.3370,98.7090,95.7920,96.5710,71516
2013-04-16,96.5740,98.1520,96.5130,97.7760,67624
2013-04-17,97.7760,98.4280,97.2050,98.2560,64558
2013-04-18,98.2610,98.5270,97.6280,98.2170,57217
2013-04-19,98.2170,99.6800,98.1050,99.4800,54539
2013-04-22,99.7760,99.8790,98.9800,99.2960,49390
2013-04-23,99.2970,99.5310,98.4830,99.3790,55728
2013-04-24,99.3790,99.7570,99.1840,99.5240,44960
2013-04-25,99.5240,99.5620,98.9810,99.3210,41518
2013-04-26,99.3200,99.4110,97.5530,97.9980,57018
2013-04-29,97.9530,98.1970,97.3470,97.8320,35394
2013-04-30,97.8310,98.1210,97.0050,97.3810,41477
2013-05-01,97.3830,97.6740,97.0220,97.2850,37801
2013-05-02,97.2850,98.3900,97.0860,97.9130,41965
2013-05-03,97.9130,99.2650,97.8850,98.9560,35361
2013-05-06,99.1430,99.4520,99.0570,99.3290,25655
2013-05-07,99.3300,99.4310,98.8260,98.9610,40494
2013-05-08,98.9650,99.1480,98.5800,98.9410,40974
2013-05-09,98.9380,100.7880,98.6470,100.6330,46261
2013-05-10,100.6350,101.9820,100.5380,101.5890,54459
2013-05-13,101.7820,102.1510,101.5150,101.7620,43458
2013-05-14,101.7640,102.4290,101.2600,102.2650,45572
2013-05-15,102.2700,102.7630,101.8520,102.2530,44272
2013-05-16,102.2600,102.6830,101.8320,102.2220,43891
2013-05-17,102.2260,103.3060,102.0800,103.1780,38554
2013-05-20,102.6610,102.9170,102.1620,102.2560,41875
2013-05-21,102.2560,102.8840,102.0690,102.5030,42937
2013-05-22,102.5010,103.7330,102.3470,103.1200,58745
2013-05-23,103.1170,103.5700,100.8320,101.9850,91081
2013-05-24,101.9920,102.5830,100.6630,101.2540,81274
2013-05-27,101.2410,101.2950,100.7450,101.0710,42820
2013-05-28,101.0710,102.5010,101.0460,102.2700,69772
2013-05-29,102.2750,102.5250,100.7160,101.1310,77232
2013-05-30,101.1310,101.8010,100.4670,100.7660,82252
2013-05-31,100.7780,101.2770,100.2220,100.4330,78373
2013-06-03,100.5440,100.7210,98.8620,99.4430,71066
2013-06-04,99.4470,100.4130,99.3330,100.0480,67781
2013-06-05,100.0470,100.4600,98.9660,99.1460,77397
2013-06-06,99.0530,99.4610,95.9090,96.9640,91483
2013-06-07,96.9630,97.7790,94.9820,97.5330,111528
2013-06-10,97.8500,99.2780,97.7090,98.7550,83068
2013-06-11,98.7550,99.0360,95.6000,96.0120,102655
2013-06-12,96.0110,97.0130,95.1380,96.0080,88512
2013-06-13,96.0070,96.0720,93.7880,95.3620,101577
2013-06-14,95.6100,95.7280,93.9920,94.0550,84632
2013-06-17,94.1920,95.2160,94.1780,94.6700,61140
2013-06-18,94.6720,95.7630,94.4450,95.3950,59786
2013-06-19,95.3910,97.0310,94.8330,96.2840,64319
2013-06-20,96.2830,98.2860,96.2050,97.3130,93512
2013-06-21,97.3240,98.1330,96.8640,97.8810,74399
2013-06-24,97.9750,98.7000,97.2220,97.7180,79369
2013-06-25,97.7180,98.0580,96.9650,97.9530,69354
2013-06-26,97.9620,98.2340,97.2380,97.7800,64007
2013-06-27,97.7070,98.5650,97.5630,98.3370,66483
2013-06-28,98.3450,99.4430,98.3360,99.1210,72504
2013-07-01,99.2120,99.8610,99.1780,99.6160,47023
2013-07-02,99.6220,100.7250,99.5080,100.6270,49899
2013-07-03,100.6270,100.8530,99.2610,99.9550,60094
2013-07-04,99.9520,100.1590,99.4930,100.1130,40571
2013-07-05,100.1150,101.2230,99.8890,101.1800,51287
2013-07-08,101.2800,101.5310,100.7870,100.8860,47099
2013-07-09,100.8880,101.2980,100.7690,101.0750,47374
2013-07-10,101.0740,101.2140,99.4170,99.5370,61787
2013-07-11,99.5360,99.6440,98.2480,98.9910,79014
2013-07-12,98.9890,99.6930,98.6750,99.1690,50477
2013-07-15,99.3050,100.4830,99.0760,99.9530,40786
2013-07-16,99.9480,100.0680,98.8930,99.1560,49504
2013-07-17,99.1550,99.9450,99.0420,99.5840,52553
2013-07-18,99.5840,100.6530,99.4650,100.5220,53534
2013-07-19,100.5120,100.8640,99.8060,100.6170,56987
2013-07-22,100.3900,100.6180,99.2850,99.6130,50997
2013-07-23,99.6130,100.1800,99.1440,99.4730,51135
2013-07-24,99.4740,100.4380,99.3830,100.2670,49259
2013-07-25,100.2700,100.4530,98.8880,99.2580,55579
2013-07-26,99.2700,99.3920,97.9610,98.2240,56146
2013-07-29,98.2960,98.2960,97.6330,97.9170,53817
2013-07-30,97.9170,98.4620,97.7580,98.0380,48102
2013-07-31,98.0370,98.5160,97.5840,97.8030,60026
2013-08-01,97.8080,99.5700,97.6540,99.4990,52834
2013-08-02,99.5010,99.9480,98.6620,98.9200,53124
2013-08-05,98.9720,99.1490,98.1890,98.2510,43734
2013-08-06,98.2510,98.5840,97.5120,97.7720,51178
2013-08-07,97.7700,97.7770,96.3220,96.3720,63482
2013-08-08,96.3720,96.9340,95.8090,96.6030,59950
2013-08-09,96.6010,96.9690,96.1270,96.2180,48801
2013-08-12,96.3020,97.1490,95.9240,97.0940,45514
2013-08-13,97.0980,98.3410,97.0490,98.2400,55032
2013-08-14,98.2650,98.4270,97.8640,98.0140,46872
2013-08-15,98.0140,98.6490,97.0780,97.2760,64439
2013-08-16,97.2630,97.7730,97.0510,97.5210,48654
2013-08-19,97.6190,98.1230,97.3570,97.6210,47105
2013-08-20,97.6220,97.8620,96.9120,97.3100,54554
2013-08-21,97.3090,97.9810,97.1220,97.7020,52949
2013-08-22,97.7070,98.8110,97.6910,98.7600,50800
2013-08-23,98.7600,99.1470,98.3890,98.6710,46715
2013-08-26,98.6110,98.8420,98.2680,98.4340,34346
2013-08-27,98.4470,98.5300,96.9850,97.0330,54713
2013-08-28,97.0340,97.8370,96.8170,97.7050,49285
2013-08-29,97.7050,98.5200,97.4480,98.3310,48172
2013-08-30,98.3310,98.4760,97.8840,98.1160,44959
2013-09-02,98.3210,99.4280,98.2740,99.3680,36803
2013-09-03,99.3680,99.8600,99.1690,99.5580,47273
2013-09-04,99.5620,99.8130,99.3280,99.7550,41774
2013-09-05,99.7550,100.1940,99.5670,100.1690,45602
2013-09-06,100.1670,100.2240,98.5410,99.0940,42421
2013-09-09,99.7800,100.1060,99.3350,99.6120,41529
2013-09-10,99.6130,100.4660,99.4780,100.3830,44292
2013-09-11,100.3840,100.6080,99.7940,99.9720,43953
2013-09-12,99.9660,99.9840,99.0110,99.4890,44704
2013-09-13,99.4870,99.9750,99.1920,99.3610,39321
2013-09-16,98.8320,99.1820,98.6440,99.0880,33353
2013-09-17,99.0880,99.3810,99.0050,99.1210,33748
2013-09-18,99.1280,99.3350,97.7630,98.1590,41458
2013-09-19,98.1490,99.6150,97.9860,99.4050,48758
2013-09-20,99.4040,99.6670,99.1740,99.2840,36159
2013-09-23,99.2720,99.3570,98.6480,98.7940,30760
2013-09-24,98.8030,99.1740,98.4740,98.7310,37383
2013-09-25,98.7310,98.8130,98.3840,98.4380,34923
2013-09-26,98.4390,99.1330,98.2670,98.9710,41529
2013-09-27,98.9770,99.0380,98.0940,98.2200,37002
2013-09-30,97.7900,98.4600,97.4990,98.2400,45007
2013-10-01,98.2450,98.7260,97.6560,98.0270,47322
2013-10-02,98.0300,98.0840,97.1470,97.3870,45882
2013-10-03,97.3870,97.8700,96.9310,97.2260,45662
2013-10-04,97.2270,97.4820,96.9520,97.4570,41752
2013-10-07,97.2880,97.3280,96.5670,96.6890,42304
2013-10-08,96.7000,97.2490,96.5980,96.8810,42866
2013-10-09,96.8820,97.6410,96.8260,97.3690,43263
2013-10-10,97.3670,98.3270,97.3530,98.2810,42887
2013-10-11,98.2810,98.5940,97.9210,98.5560,40724
2013-10-14,98.2330,98.6880,98.0950,98.6500,23382
2013-10-15,98.6480,98.7020,97.9940,98.2100,39508
2013-10-16,98.2150,98.9690,98.1330,98.7870,42106
2013-10-17,98.7880,99.0030,97.7390,97.8970,43381
2013-10-18,97.8970,98.1560,97.5570,97.7340,31118
2013-10-21,97.9510,98.2400,97.8330,98.1750,25129
2013-10-22,98.1770,98.4820,97.8720,98.1070,27685
2013-10-23,98.1090,98.1930,97.1580,97.3260,35300
2013-10-24,97.3260,97.6170,97.1750,97.3230,30720
2013-10-25,97.3280,97.4900,96.9440,97.4080,30902
2013-10-28,97.5230,97.7890,97.4450,97.6820,23770
2013-10-29,97.6810,98.2750,97.4630,98.1630,29947
2013-10-30,98.1630,98.6770,98.0550,98.5090,29435
2013-10-31,98.5090,98.5700,98.0880,98.3530,33233
2013-11-01,98.3540,98.8490,97.8100,98.5970,31970
2013-11-04,98.6890,98.8440,98.5350,98.6570,19591
2013-11-05,98.6540,98.6640,98.1680,98.5340,29017
2013-11-06,98.5360,98.7540,98.4100,98.6320,25807
2013-11-07,98.6330,99.4080,97.6330,98.1910,38644
2013-11-08,98.1910,99.2210,97.9810,99.0440,35191
2013-11-11,99.1710,99.2990,98.9250,99.1620,22151
2013-11-12,99.1610,99.7970,99.1040,99.6260,35627
2013-11-13,99.6260,99.6720,99.1030,99.2910,31183
2013-11-14,99.2830,100.1490,99.1350,100.0690,39675
2013-11-15,100.0710,100.4330,99.9390,100.1690,31553
2013-11-18,100.2700,100.3900,99.7890,99.9290,29732
2013-11-19,99.9300,100.2560,99.5710,100.1980,33245
2013-11-20,100.1970,100.2390,99.7880,100.0540,35899
2013-11-21,100.0540,101.1830,100.0360,101.1760,38065
2013-11-22,101.1770,101.3530,100.9560,101.2730,32927
2013-11-25,101.2730,101.9170,101.1390,101.5270,29825
2013-11-26,101.5310,101.6510,101.1460,101.3000,28127
2013-11-27,101.2980,102.2770,101.1840,102.2320,29485
2013-11-28,102.2420,102.3730,101.9360,102.2910,26781
2013-11-29,102.2940,102.6120,102.1170,102.4050,32817
2013-12-02,102.4990,103.1270,102.2270,102.9340,31620
2013-12-03,102.9410,103.3780,101.9770,102.4340,40452
2013-12-04,102.4360,102.8360,101.8190,102.3310,46539
2013-12-05,102.3330,102.4400,101.6240,101.7900,42559
2013-12-06,101.7920,102.9620,101.6310,102.8930,38376
2013-12-09,103.1370,103.3290,102.8900,103.2810,33137
2013-12-10,103.2830,103.3930,102.5760,102.8760,35389
2013-12-11,102.8760,102.9470,102.1560,102.4720,37884
2013-12-12,102.4700,103.6190,102.4070,103.5610,39081
2013-12-13,103.5790,103.9210,102.9910,103.1860,38565
2013-12-16,103.1550,103.2900,102.6430,103.0910,33658
2013-12-17,103.0910,103.1070,102.5020,102.5790,27763
2013-12-18,102.5740,104.3610,102.5550,104.2600,41222
2013-12-19,104.2630,104.3630,103.7800,104.2280,36626
2013-12-20,104.2250,104.6350,103.8590,104.0080,32993
2013-12-23,104.0500,104.2330,103.7730,104.1930,19114
2013-12-24,104.1900,104.4110,104.1330,104.2540,19386
2013-12-26,104.7770,104.8320,104.6840,104.8090,15019
2013-12-27,104.8120,105.1820,104.6490,105.1470,28320
2013-12-30,105.3040,105.4120,104.9570,105.0720,22941
2013-12-31,105.0710,105.2990,104.8610,105.2520,18370
2014-01-01,105.2370,105.3800,105.2170,105.3610,1092
2014-01-02,105.3580,105.4400,104.5470,104.8310,37755
2014-01-03,104.8350,104.8800,104.0750,104.8440,31922
2014-01-06,104.8450,104.9490,103.9120,104.2300,38998
2014-01-07,104.2300,104.7340,104.1780,104.6830,35544
2014-01-08,104.6810,105.1230,104.6260,104.8810,38743
2014-01-09,104.8780,105.0570,104.5800,104.8290,34615
2014-01-10,104.8280,105.3340,103.8280,104.1540,35754
2014-01-13,104.0790,104.1190,102.8540,103.0650,38985
2014-01-14,103.0600,104.2900,103.0200,104.2520,39763
2014-01-15,104.2400,104.6950,104.0910,104.5680,33635
2014-01-16,104.5700,104.9210,104.1510,104.3310,32581
2014-01-17,104.3440,104.4740,104.1960,104.2390,28338
2014-01-20,104.2980,104.2990,103.8620,104.1780,25002
2014-01-21,104.1780,104.7480,104.0250,104.2990,33438
2014-01-22,104.3000,104.5710,103.9700,104.5380,35380
2014-01-23,104.5350,104.8400,102.9750,103.3580,47479
2014-01-24,103.3630,103.5840,102.0010,102.2570,55164
2014-01-27,102.0690,102.9290,101.9180,102.6460,51251
2014-01-28,102.6450,103.4410,102.5250,103.3620,40756
2014-01-29,103.3720,103.4170,101.8420,102.1580,50958
2014-01-30,102.1590,102.8890,102.0860,102.7850,43873
2014-01-31,102.7880,102.9320,101.9180,101.9320,45559
2014-02-03,102.1420,102.4100,100.7760,101.1210,48847
2014-02-04,101.0950,101.6840,100.7550,101.6250,48627
2014-02-05,101.6220,101.7640,100.8010,101.4980,56522
2014-02-06,101.4950,102.1700,101.2410,101.9730,48352
2014-02-07,101.9740,102.5780,101.4380,102.3230,48959
2014-02-10,102.6090,102.6400,101.9920,102.2170,29942
2014-02-11,102.2100,102.7000,102.0750,102.6230,27530
2014-02-12,102.6240,102.6460,102.2230,102.5400,30239
2014-02-13,102.5360,102.5390,101.6950,102.2500,34296
2014-02-14,102.2580,102.4030,101.5670,101.7830,33149
2014-02-17,101.7240,101.9850,101.3850,101.9520,21956
2014-02-18,101.9530,102.7420,101.7570,102.4000,35401
2014-02-19,102.4020,102.4650,101.8490,102.3170,31421
2014-02-20,102.3180,102.4170,101.6680,102.3500,35825
2014-02-21,102.3490,102.8270,102.2950,102.4820,29011
2014-02-24,102.5570,102.6790,102.1650,102.4830,28460
2014-02-25,102.4830,102.6250,102.0070,102.2050,31740
2014-02-26,102.2090,102.6080,102.1030,102.3630,32709
2014-02-27,102.3640,102.4430,101.7220,102.1740,36878
2014-02-28,102.1750,102.2910,101.5550,101.7790,37023
2014-03-03,101.4800,101.5700,101.1990,101.4330,36965
2014-03-04,101.4290,102.2850,101.3940,102.2520,33821
2014-03-05,102.2580,102.5490,102.1160,102.3640,28418
2014-03-06,102.3610,103.1670,102.3280,103.0810,31284
2014-03-07,103.0810,103.7590,102.8400,103.2480,43837
2014-03-10,103.1720,103.4050,102.9350,103.2990,48825
2014-03-11,103.2970,103.4260,102.8450,102.9480,51290
2014-03-12,102.9470,103.0990,102.5490,102.7270,56194
2014-03-13,102.7290,102.8610,101.5410,101.8630,78975
2014-03-14,101.8630,101.8630,101.2070,101.3450,77026
2014-03-17,101.3510,101.8710,101.2930,101.8100,55759
2014-03-18,101.8080,101.9390,101.2770,101.3810,60722
2014-03-19,101.3830,102.6810,101.2980,102.3700,62744
2014-03-20,102.3690,102.5470,102.2110,102.3880,60240
2014-03-21,102.3900,102.4260,102.0140,102.2700,39068
2014-03-24,102.2220,102.6460,102.1280,102.2200,54082
2014-03-25,102.2130,102.4880,102.0930,102.2900,48514
2014-03-26,102.2880,102.4720,101.8720,102.0440,48871
2014-03-27,102.0420,102.4310,101.7180,102.1940,62570
2014-03-28,102.1950,102.9780,102.0330,102.8200,47125
2014-03-31,102.8850,103.4380,102.7930,103.2240,52580
2014-04-01,103.2240,103.7100,103.0870,103.6850,46231
2014-04-02,103.6850,103.9340,103.5830,103.8600,47288
2014-04-03,103.8600,104.1120,103.8110,103.9220,46308
2014-04-04,103.9220,104.1270,103.1970,103.2630,58910
2014-04-07,103.3410,103.3890,102.9930,103.0670,39541
2014-04-08,103.0690,103.1170,101.5500,101.8660,100881
2014-04-09,101.8640,102.1610,101.7190,101.9870,79125
2014-04-10,101.9890,102.1340,101.3300,101.4430,47320
2014-04-11,101.4430,101.8660,101.3240,101.6220,46070
2014-04-14,101.6070,102.0110,101.4160,101.8580,35501
2014-04-15,101.8590,101.9920,101.5010,101.8440,42676
2014-04-16,101.8500,102.3640,101.8090,102.2280,34805
2014-04-17,102.2310,102.4660,101.8640,102.3980,28351
2014-04-18,102.3960,102.5700,102.2100,102.3990,10064
2014-04-21,102.4360,102.7050,102.3920,102.6210,16059
2014-04-22,102.6220,102.7230,102.4130,102.5910,24911
2014-04-23,102.5930,102.6910,102.1650,102.5320,27905
2014-04-24,102.5290,102.6440,102.0870,102.2760,32628
2014-04-25,102.2760,102.4950,101.9610,102.1750,29839
2014-04-28,102.1350,102.6240,102.0450,102.4870,31215
2014-04-29,102.4880,102.7800,102.4660,102.6510,24315
2014-04-30,102.6480,102.6520,102.0270,102.2170,35932
2014-05-01,102.2220,102.3560,102.1560,102.3170,22804
2014-05-02,102.3180,103.0180,102.1310,102.1780,43533
2014-05-05,102.2540,102.2540,101.8630,102.1530,19529
2014-05-06,102.1530,102.1880,101.4970,101.7400,32179
2014-05-07,101.7380,102.0060,101.4290,101.8710,50558
2014-05-08,101.8710,101.9550,101.4600,101.6550,39264
2014-05-09,101.6470,101.8560,101.5450,101.8560,28694
2014-05-12,101.8390,102.1820,101.8140,102.1450,23457
2014-05-13,102.1430,102.3620,102.0600,102.2630,28538
2014-05-14,102.2630,102.2750,101.7190,101.8410,26373
2014-05-15,101.8440,102.1140,101.3130,101.5770,33508
2014-05-16,101.5760,101.6650,101.3580,101.4990,39307
2014-05-19,101.5100,101.5930,101.0980,101.4760,43471
2014-05-20,101.4760,101.5940,101.1820,101.3110,43005
2014-05-21,101.3110,101.6060,100.8210,101.4220,51971
2014-05-22,101.4200,101.8140,101.3530,101.7500,35342
2014-05-23,101.7510,102.0000,101.5930,101.9610,38861
2014-05-26,101.9710,102.0460,101.8350,101.9260,14994
2014-05-27,101.9250,102.1340,101.7200,102.0140,25007
2014-05-28,102.0160,102.0240,101.6320,101.8110,25999
2014-05-29,101.8100,101.8280,101.4240,101.7210,28553
2014-05-30,101.7250,101.8400,101.4920,101.7460,27276
2014-06-02,101.8110,102.4800,101.7480,102.3720,33222
2014-06-03,102.3790,102.5500,102.2690,102.5330,33529
2014-06-04,102.5350,102.7940,102.4370,102.7240,38225
2014-06-05,102.7230,102.7310,102.3360,102.4180,40264
2014-06-06,102.4170,102.6090,102.1160,102.4660,36778
2014-06-09,102.5530,102.6480,102.3750,102.5500,29025
2014-06-10,102.5480,102.5690,102.2140,102.3510,35749
2014-06-11,102.3500,102.3900,101.8600,101.9890,35617
2014-06-12,101.9880,102.1370,101.6000,101.7410,37463
2014-06-13,101.7420,102.1310,101.6530,102.0310,35162
2014-06-16,102.0160,102.0390,101.7200,101.8180,32128
2014-06-17,101.8160,102.2400,101.8160,102.1590,33116
2014-06-18,102.1610,102.3450,101.8780,101.9300,35247
2014-06-19,101.9300,101.9980,101.7380,101.9320,33382
2014-06-20,101.9340,102.1930,101.8130,102.0680,28380
2014-06-23,102.0650,102.1340,101.8150,101.9090,27192
2014-06-24,101.9110,102.1650,101.8170,101.9640,27942
2014-06-25,101.9620,101.9670,101.6240,101.8330,25488
2014-06-26,101.8330,101.8550,101.4860,101.6760,26880
2014-06-27,101.6750,101.7150,101.3120,101.3730,28461
2014-06-30,101.4290,101.4700,101.2330,101.2990,26304
2014-07-01,101.3010,101.5890,101.2850,101.5470,33318
2014-07-02,101.5490,101.8410,101.4050,101.7680,33079
2014-07-03,101.7690,102.2660,101.7590,102.2020,36140
2014-07-04,102.2030,102.2190,101.9720,102.0610,23414
2014-07-07,102.0670,102.1970,101.7850,101.8710,32864
2014-07-08,101.8730,101.8870,101.4860,101.5440,37276
2014-07-09,101.5440,101.8510,101.4450,101.6370,35414
2014-07-10,101.6360,101.6380,101.0650,101.3200,42513
2014-07-11,101.3190,101.3870,101.2160,101.3390,47287
2014-07-14,101.3350,101.6200,101.3280,101.5450,45762
2014-07-15,101.5450,101.7480,101.4380,101.6790,48223
2014-07-16,101.6790,101.7880,101.6340,101.6560,23379
2014-07-17,101.6590,101.6660,101.1180,101.1490,31061
2014-07-18,101.1490,101.4450,101.0840,101.3430,29453
2014-07-21,101.3320,101.4120,101.1910,101.4040,19933
2014-07-22,101.4040,101.6010,101.3300,101.4650,34762
2014-07-23,101.4640,101.5530,101.3120,101.5390,35031
2014-07-24,101.5370,101.8550,101.4120,101.8030,40373
2014-07-25,101.8010,101.9340,101.7080,101.7080,44128
2014-07-28,101.7890,101.9030,101.7440,101.8390,43225
2014-07-29,101.8400,102.1540,101.8190,102.1120,53239
2014-07-30,102.1130,103.0790,102.0320,102.8030,52416
2014-07-31,102.8050,103.0020,102.6710,102.7980,33652
2014-08-01,102.8000,103.0230,102.3340,102.5520,37404
2014-08-04,102.5730,102.7240,102.4010,102.5490,29593
2014-08-05,102.5520,102.9200,102.4560,102.6140,37220
2014-08-06,102.6140,102.6360,101.7770,102.1160,47295
2014-08-07,102.1170,102.4540,101.9930,102.0970,45393
2014-08-08,102.0950,102.1380,101.5050,102.0200,58560
2014-08-11,102.1060,102.2210,102.0180,102.1860,29492
2014-08-12,102.1850,102.3590,102.0860,102.2440,28786
2014-08-13,102.2490,102.5390,102.2180,102.4170,31796
2014-08-14,102.4210,102.6500,102.3040,102.4750,29831
2014-08-15,102.4770,102.7120,102.1330,102.3500,38927
2014-08-18,102.3660,102.5900,102.2410,102.5630,23885
2014-08-19,102.5640,102.9310,102.5150,102.9170,26526
2014-08-20,102.9180,103.8420,102.8990,103.7000,42264
2014-08-21,103.7030,103.9530,103.5950,103.8250,34906
2014-08-22,103.8260,104.1890,103.4960,103.9380,38503
2014-08-25,104.1910,104.2680,103.8570,104.0410,26704
2014-08-26,104.0400,104.1670,103.7440,104.0850,30925
2014-08-27,104.0850,104.1570,103.7740,103.8710,29907
2014-08-28,103.8760,103.9160,103.5510,103.7140,37087
2014-08-29,103.7160,104.1110,103.6550,104.0840,35488
2014-09-01,104.1440,104.3450,104.0960,104.3170,16968
2014-09-02,104.3160,105.2090,104.2940,105.0920,38734
2014-09-03,105.0920,105.3040,104.7420,104.8560,35750
2014-09-04,104.8530,105.3660,104.7600,105.3090,39027
2014-09-05,105.3090,105.7060,104.6840,105.0910,46436
2014-09-08,105.1370,106.0860,104.9920,105.9680,51489
2014-09-09,105.9690,106.4730,105.9450,106.2040,62639
2014-09-10,106.2060,106.8800,106.0420,106.8370,56010
2014-09-11,106.8370,107.1940,106.6360,107.0160,54885
2014-09-12,107.0210,107.3930,107.0140,107.3150,55981
2014-09-15,107.2870,107.3650,107.0100,107.1920,44461
2014-09-16,107.1910,107.3320,106.8100,107.1420,53737
2014-09-17,107.1430,108.5310,107.1010,108.4810,46786
2014-09-18,108.4780,108.9600,108.3740,108.7630,45027
2014-09-19,108.7640,109.4600,108.5930,109.0220,49865
2014-09-22,109.0240,109.1940,108.6600,108.8170,125151
2014-09-23,108.8200,108.9930,108.2530,108.8620,43030
2014-09-24,108.8630,109.1520,108.4600,109.0720,44939
2014-09-25,109.0720,109.3750,108.5220,108.7440,57823
2014-09-26,108.7470,109.5360,108.4780,109.2840,52695
2014-09-29,109.3430,109.7460,109.1310,109.4490,52951
2014-09-30,109.4500,109.8490,109.1850,109.6060,54556
2014-10-01,109.6100,110.0880,108.8680,108.9840,66332
2014-10-02,108.9830,109.1160,108.0080,108.3970,80781
2014-10-03,108.3970,109.9040,108.3680,109.7580,55064
2014-10-06,109.7520,109.8500,108.6510,108.7320,47949
2014-10-07,108.7290,109.2350,107.8180,108.1520,73991
2014-10-08,108.1520,108.7440,107.7510,108.1350,75750
2014-10-09,108.1370,108.3170,107.5290,107.8120,83973
2014-10-10,107.8140,108.1550,107.6230,107.6470,75079
2014-10-13,107.5310,107.5750,106.7580,106.9890,68467
2014-10-14,106.9890,107.3110,106.6720,107.1330,74189
2014-10-15,107.1330,107.4970,105.1970,106.0600,103196
2014-10-16,106.0520,106.4630,105.5060,106.2860,106147
2014-10-17,106.2870,106.9370,106.1320,106.8740,69552
2014-10-20,107.0440,107.3860,106.7750,106.9610,66883
2014-10-21,106.9610,107.1070,106.2450,107.0800,71502
2014-10-22,107.0770,107.3720,106.7830,107.2010,60817
2014-10-23,107.2010,108.3470,107.1000,108.2980,64064
2014-10-24,108.2960,108.2960,107.7790,108.1470,62198
2014-10-27,108.1750,108.2130,107.6010,107.8400,59895
2014-10-28,107.8430,108.1810,107.6870,108.1010,47036
2014-10-29,108.1000,108.9560,107.9360,108.7940,56413
2014-10-30,108.7940,109.4600,108.7430,109.3420,82213
2014-10-31,109.3420,112.4690,109.1680,112.3150,115870
2014-11-03,112.9390,114.2100,112.5670,113.7650,92601
2014-11-04,113.7640,113.8280,113.1600,113.4370,99867
2014-11-05,113.4370,114.8400,113.4160,114.7180,105647
2014-11-06,114.7150,115.5120,114.0550,115.2120,122678
2014-11-07,115.2130,115.6020,114.2470,114.5890,111713
2014-11-10,114.4590,114.9030,113.8510,114.8200,89142
2014-11-11,114.8240,116.1000,114.6300,115.8250,101013
2014-11-12,115.8250,115.9130,114.8800,115.5830,113051
2014-11-13,115.5820,115.8780,115.3040,115.7550,101757
2014-11-14,115.7570,116.7910,115.7200,116.2520,83722
2014-11-17,116.6040,117.0470,115.4500,116.6520,93592
2014-11-18,116.6490,117.0120,116.3330,116.9070,69470
2014-11-19,116.9100,118.2430,116.8070,118.1600,70958
2014-11-20,118.1610,118.9740,117.7390,118.2540,64832
2014-11-21,118.2460,118.3630,117.3510,117.7750,77933
2014-11-24,117.8680,118.4780,117.5800,118.2690,44526
2014-11-25,118.2570,118.5680,117.6860,117.9650,61957
2014-11-26,117.9640,117.9710,117.4340,117.7180,64959
2014-11-27,117.7380,117.8760,117.2320,117.6930,33711
2014-11-28,117.7200,118.7660,117.7070,118.5840,65296
2014-12-01,118.7410,119.1350,117.8600,118.3870,64349
2014-12-02,118.3840,119.2790,118.2160,119.2070,62035
2014-12-03,119.2180,119.8580,119.1240,119.7840,55266
2014-12-04,119.7820,120.2460,119.3350,119.7770,52511
2014-12-05,119.7400,121.6810,119.7000,121.4620,64990
2014-12-08,121.5660,121.8430,120.2020,120.6740,65309
2014-12-09,120.6270,121.0010,117.9440,119.6910,74956
2014-12-10,119.6200,119.9140,117.7100,117.8090,80978
2014-12-11,117.7860,119.5540,117.4350,118.5980,72593
2014-12-12,118.6260,119.1990,118.0500,118.7430,75490
2014-12-15,118.5860,119.0570,117.5620,117.7210,79845
2014-12-16,117.7890,118.0040,115.5640,116.3200,85295
2014-12-17,116.3490,118.8990,116.2910,118.6350,82243
2014-12-18,118.6000,119.3100,118.2570,118.8260,68019
2014-12-19,118.8170,119.6230,118.8000,119.5040,60842
2014-12-22,119.5250,120.0830,119.3120,120.0460,202598
2014-12-23,120.0490,120.8220,119.9580,120.6780,170783
2014-12-24,120.6760,120.7600,120.2770,120.4590,145600
2014-12-26,120.2180,120.4620,120.2100,120.3320,89972
2014-12-29,120.3410,120.7300,120.2250,120.6510,82711
2014-12-30,120.6560,120.6830,118.8620,119.4620,51563
2014-12-31,119.3450,119.9360,119.2460,119.8360,31644
2015-01-02,120.4010,120.7410,119.8080,120.4190,29601
2015-01-05,120.3630,120.6430,119.3730,119.6260,69509
2015-01-06,119.5920,119.6390,118.0530,118.2900,74449
2015-01-07,118.2900,119.6470,118.2900,119.2410,81499
2015-01-08,119.2400,119.9560,119.1520,119.6190,78444
2015-01-09,119.5590,119.8750,118.3760,118.3760,127639
2015-01-12,118.3170,119.3170,118.1010,118.3390,242241
2015-01-13,118.3390,118.8470,117.5360,117.9210,282649
2015-01-14,117.9210,117.9570,116.0680,117.3170,302038
2015-01-15,117.3190,117.9400,116.1390,116.1470,330141
2015-01-16,116.1470,117.7560,115.8500,117.6140,227005
2015-01-19,117.4760,117.7760,116.9160,117.5400,58274
2015-01-20,117.5680,118.8580,117.5560,118.7920,56341
2015-01-21,118.7930,118.8180,117.1730,117.9480,61288
2015-01-22,117.9610,118.6580,117.2450,118.4650,57786
2015-01-23,118.4810,118.8070,117.5390,117.7330,57981
2015-01-26,117.5060,118.4940,117.2570,118.4460,47259
2015-01-27,118.4520,118.6510,117.3340,117.8620,60004
2015-01-28,117.8650,118.2590,117.2500,117.5210,70361
2015-01-29,117.5310,118.4840,117.3810,118.2680,56016
2015-01-30,118.2960,118.4530,117.2960,117.4700,51983
2015-02-02,116.9300,117.8730,116.9300,117.5810,69637
2015-02-03,117.5300,117.7410,116.8720,117.5570,73829
2015-02-04,117.5730,117.9960,117.0700,117.2660,70108
2015-02-05,117.2700,117.5930,117.0190,117.5180,73039
2015-02-06,117.5170,119.2180,117.1520,119.0980,71495
2015-02-09,119.0210,119.0910,118.3290,118.6230,68747
2015-02-10,118.6340,119.6120,118.3980,119.4200,70378
2015-02-11,119.4210,120.4710,119.2830,120.4450,68687
2015-02-12,120.4430,120.4650,118.5090,119.1020,79269
2015-02-13,119.1010,119.1950,118.4100,118.6520,64922
2015-02-16,118.4430,118.7720,118.2770,118.4700,53838
2015-02-17,118.4690,119.4130,118.2330,119.2410,65930
2015-02-18,119.2390,119.4080,118.5410,118.7800,68652
2015-02-19,118.7810,119.1750,118.4320,118.9390,63728
2015-02-20,118.9400,119.1860,118.3010,118.9930,68226
2015-02-23,119.0970,119.3510,118.7360,118.8090,55689
2015-02-24,118.8120,119.8170,118.7640,118.9660,60863
2015-02-25,118.9620,119.0630,118.6240,118.8560,57624
2015-02-26,118.8490,119.4990,118.6780,119.4110,60093
2015-02-27,119.4120,119.7950,119.1150,119.6220,62144
2015-03-02,119.6980,120.1890,119.6290,120.1260,54384
2015-03-03,120.1260,120.2620,119.3810,119.7190,60058
2015-03-04,119.7240,119.8230,119.4690,119.6680,58382
2015-03-05,119.6670,120.3930,119.6270,120.1260,58980
2015-03-06,120.1270,121.2750,119.9020,120.8350,64189
2015-03-09,120.8030,121.4100,120.6090,121.2000,59867
2015-03-10,121.2010,122.0210,120.9210,121.1730,79950
2015-03-11,121.1850,121.6220,120.8520,121.4820,77275
2015-03-12,121.4820,121.6660,120.6550,121.2830,70532
2015-03-13,121.2880,121.5680,121.1310,121.3670,71800
2015-03-16,121.3750,121.4580,121.0880,121.3670,66841
2015-03-17,121.4000,121.5150,121.1110,121.3420,54347
2015-03-18,121.3570,121.4060,119.2930,120.2110,61890
2015-03-19,120.2020,121.0270,119.6740,120.7840,89680
2015-03-20,120.7870,121.1970,119.8950,120.0140,66641
2015-03-23,119.8380,120.1590,119.5810,119.6920,65839
2015-03-24,119.6970,119.9780,119.2170,119.7220,60668
2015-03-25,119.7230,119.8210,119.2310,119.4650,53775
2015-03-26,119.4660,119.5680,118.3240,119.2180,81618
2015-03-27,119.2190,119.4850,118.9290,119.1280,72636
2015-03-30,119.1280,120.2230,119.1090,120.0540,64538
2015-03-31,120.0560,120.3600,119.7730,120.1130,58680
2015-04-01,120.0920,120.3240,119.4100,119.7530,66268
2015-04-02,119.7470,119.8900,119.4480,119.7100,53043
2015-04-03,119.7180,119.9420,118.7160,118.9390,34564
2015-04-06,118.9390,119.6760,118.7970,119.5260,35726
2015-04-07,119.5230,120.4440,119.4350,120.2570,53086
2015-04-08,120.2650,120.3440,119.6390,120.1240,64876
2015-04-09,120.1260,120.7360,119.8560,120.5690,57723
2015-04-10,120.5650,120.6210,120.0520,120.1840,56370
2015-04-13,120.1840,120.8410,119.6920,120.1200,55857
2015-04-14,120.1330,120.1690,119.0680,119.3860,65771
2015-04-15,119.3820,119.7410,118.7860,119.1640,62590
2015-04-16,119.1640,119.4640,118.7910,118.9380,75045
2015-04-17,118.9380,119.2550,118.5660,118.9310,68037
2015-04-20,118.9310,119.4320,118.5260,119.1980,54551
2015-04-21,119.1980,119.8270,119.1610,119.6300,70734
2015-04-22,119.6300,119.9570,119.3390,119.8580,77478
2015-04-23,119.8580,120.0890,119.4210,119.5800,85166
2015-04-24,119.5800,119.6540,118.8220,118.9920,83454
2015-04-27,118.8770,119.4290,118.7710,119.0330,62471
2015-04-28,119.0230,119.1930,118.7700,118.8890,69245
2015-04-29,118.8500,119.3570,118.6040,119.0290,79519
2015-04-30,119.0280,119.8900,118.4920,119.3950,102970
2015-05-01,119.3860,120.2870,119.3710,120.1140,66050
2015-05-04,120.2320,120.2700,119.9920,120.1360,38131
2015-05-05,120.0980,120.5010,119.7230,119.8640,25526
2015-05-06,119.8260,120.0460,119.2120,119.4310,32789
2015-05-07,119.4260,119.8560,119.0570,119.7290,17099
2015-05-08,119.7280,120.2290,119.5870,119.7290,21010
2015-05-11,119.6740,120.1480,119.6740,120.0710,32023
2015-05-12,120.0700,120.2710,119.7850,119.8560,73480
2015-05-13,119.8540,120.0150,119.0330,119.1370,64173
2015-05-14,119.1370,119.3340,118.8860,119.1570,77997
2015-05-15,119.1370,119.9200,119.1370,119.3790,60115
2015-05-18,119.2690,120.0280,119.2520,119.9730,36917
2015-05-19,119.9660,120.7300,119.8250,120.6850,78619
2015-05-20,120.6750,121.4660,120.5750,121.3200,89207
2015-05-21,121.3060,121.3720,120.8400,121.0200,83377
2015-05-22,121.0310,121.5650,120.6340,121.5430,76254
2015-05-25,121.4850,121.7690,121.4390,121.5480,45357
2015-05-26,121.5530,123.3150,121.4950,123.0810,92785
2015-05-27,123.0580,124.0620,122.7700,123.6410,94204
2015-05-28,123.6160,124.4480,123.4870,123.9460,100086
2015-05-29,123.9370,124.1760,123.6000,124.1120,90015
2015-06-01,124.0960,124.9090,123.8520,124.7630,91070
2015-06-02,124.7610,125.0460,123.7470,124.1000,159437
2015-06-03,124.0830,124.6780,123.7840,124.2400,81313
2015-06-04,124.2420,124.6790,123.7770,124.3480,53888
2015-06-05,124.3480,125.8530,124.3360,125.5700,124309
2015-06-08,125.5860,125.6750,124.2910,124.4710,117844
2015-06-09,124.4750,124.7340,123.8580,124.3300,127375
2015-06-10,124.3220,124.6170,122.4560,122.6510,163683
2015-06-11,122.6180,124.1160,122.6170,123.4060,128916
2015-06-12,123.4050,123.8130,123.1270,123.4170,144502
2015-06-15,123.1630,123.6570,123.1410,123.4030,82930
2015-06-16,123.3940,123.7980,123.2870,123.3510,85175
2015-06-17,123.3480,124.4350,123.2070,123.4160,108965
2015-06-18,123.4140,123.6080,122.4710,122.9480,126222
2015-06-19,122.9440,123.2130,122.5550,122.6740,95503
2015-06-22,122.9270,123.4150,122.5560,123.3490,96238
2015-06-23,123.3460,124.1800,123.3370,123.9340,96856
2015-06-24,123.9290,124.3720,123.7120,123.8310,105195
2015-06-25,123.8350,123.9520,123.3150,123.6170,96345
2015-06-26,123.6180,123.9840,123.2200,123.8370,92636
2015-06-29,122.7410,123.1870,122.0990,122.5250,157416
2015-06-30,122.5300,122.7200,121.9350,122.4870,130682
2015-07-01,122.4830,123.2320,122.3520,123.1630,105112
2015-07-02,123.1540,123.7190,122.9520,123.0440,107165
2015-07-03,123.0490,123.1790,122.5970,122.8700,80623
2015-07-06,121.9850,122.9260,121.8410,122.5610,144764
2015-07-07,122.5600,122.8800,122.0020,122.5210,144701
2015-07-08,122.5170,122.5610,120.4080,120.6950,189780
2015-07-09,120.6950,121.5730,120.4560,121.3230,150174
2015-07-10,121.3210,122.8760,121.2720,122.7510,142987
2015-07-13,122.3050,123.5300,122.3050,123.4140,126331
2015-07-14,123.4160,123.7280,122.9120,123.3810,107618
2015-07-15,123.3800,123.9660,123.2560,123.7510,114377
2015-07-16,123.7490,124.1730,123.7180,124.1400,111574
2015-07-17,124.1410,124.2270,123.9110,124.0470,86621
2015-07-20,124.0290,124.3700,124.0230,124.2750,48911
2015-07-21,124.2680,124.4710,123.7570,123.8600,111358
2015-07-22,123.8470,124.1450,123.5660,123.9400,103851
2015-07-23,123.9470,124.1840,123.6710,123.8850,131496
2015-07-24,123.8510,124.0920,123.5930,123.8210,116881
2015-07-27,123.7530,123.8330,123.0060,123.2350,131486
2015-07-28,123.2330,123.7900,123.0720,123.5430,131434
2015-07-29,123.5480,124.0220,123.3280,123.9350,132138
2015-07-30,123.9020,124.5770,123.8650,124.1340,130563
2015-07-31,124.1190,124.3710,123.5160,123.8500,145026
2015-08-03,123.8660,124.2670,123.8520,124.0260,121611
2015-08-04,124.0170,124.3980,123.7970,124.3710,134861
2015-08-05,124.3720,125.0090,124.0140,124.8420,134314
2015-08-06,124.8360,124.9590,124.5380,124.7220,120016
2015-08-07,124.7080,125.0640,124.1000,124.2030,102148
2015-08-10,124.1450,124.7790,124.1450,124.6010,71168
2015-08-11,124.6070,125.2030,124.5160,125.0350,109222
2015-08-12,125.0960,125.2760,123.7880,124.1240,125095
2015-08-13,124.1840,124.6240,124.0640,124.3780,94031
2015-08-14,124.3960,124.5300,124.0520,124.3130,90929
2015-08-17,124.2130,124.5710,124.1700,124.3560,97686
2015-08-18,124.3560,124.5110,124.1770,124.3700,108938
2015-08-19,124.3720,124.4660,123.6850,123.6900,135892
2015-08-20,123.7580,124.1530,123.3260,123.3750,142105
2015-08-21,123.3800,123.4930,121.8110,122.0490,184992
2015-08-24,121.8630,122.0210,116.1310,118.3450,270643
2015-08-25,118.3640,120.3930,118.2460,118.8430,271247
2015-08-26,118.8280,120.0100,118.4460,119.8270,250078
2015-08-27,119.8680,121.3940,119.7880,120.9920,209596
2015-08-28,120.9920,121.7410,120.6480,121.7120,170291
2015-08-31,121.6350,121.6350,120.8780,121.2150,126268
2015-09-01,121.1910,121.2620,119.2490,119.3590,205599
2015-09-02,119.3290,120.4620,119.2150,120.3200,183059
2015-09-03,120.3180,120.6940,119.6370,120.0460,162052
2015-09-04,120.0570,120.1830,118.5910,119.0170,182046
2015-09-07,118.8920,119.5850,118.7950,119.2600,124514
2015-09-08,119.2290,120.2230,118.8490,119.7980,167014
2015-09-09,119.7740,121.1930,119.7690,120.5150,203085
2015-09-10,120.4480,121.3260,119.9730,120.6030,208745
2015-09-11,120.5870,120.9640,120.3580,120.5680,156580
2015-09-14,120.4900,120.8390,119.8490,120.1910,151059
2015-09-15,120.2130,120.6490,119.3960,120.4050,162220
2015-09-16,120.4050,120.7240,120.1040,120.5550,156557
2015-09-17,120.5510,120.9890,119.7890,119.9960,158224
2015-09-18,119.9860,120.4080,119.0510,119.9620,186132
2015-09-21,120.1140,120.6550,119.7220,120.5510,149420
2015-09-22,120.5370,120.6050,119.6910,120.1440,159462
2015-09-23,120.1320,120.5400,119.6220,120.2620,168974
2015-09-24,120.2480,120.3870,119.2220,120.0410,200578
2015-09-25,120.1060,121.2300,120.0200,120.5770,201896
2015-09-28,120.4960,120.5880,119.6930,119.9130,178947
2015-09-29,119.9110,120.1570,119.2460,119.7250,198697
2015-09-30,119.7270,120.3460,119.5450,119.8720,172479
2015-10-01,119.8710,120.2720,119.4890,119.9110,173372
2015-10-02,119.9120,120.4010,118.6760,119.9030,184779
2015-10-05,119.9850,120.5470,119.8650,120.4510,164192
2015-10-06,120.4530,120.5640,120.1040,120.2200,145185
2015-10-07,120.2020,120.3580,119.7440,120.0010,156057
2015-10-08,119.9960,120.1050,119.6210,119.9240,143342
2015-10-09,119.9100,120.3440,119.8330,120.2110,127204
2015-10-12,120.1630,120.2600,119.8900,120.0240,72373
2015-10-13,120.0190,120.0760,119.5490,119.7250,106859
2015-10-14,119.7220,119.7960,118.6280,118.8260,135815
2015-10-15,118.8210,119.1650,118.0580,118.8900,147647
2015-10-16,118.8730,119.6590,118.8260,119.4590,124771
2015-10-19,119.3770,119.6080,119.1350,119.4950,123572
2015-10-20,119.4820,119.9590,119.3960,119.8420,114240
2015-10-21,119.8250,120.0890,119.7530,119.9230,121719
2015-10-22,119.9130,120.7680,119.6100,120.6850,143143
2015-10-23,120.6770,121.4810,120.2230,121.4390,159190
2015-10-26,121.4680,121.4850,120.5950,120.9860,130433
2015-10-27,120.9860,121.0720,120.1590,120.3830,134374
2015-10-28,120.3830,121.2570,120.0190,121.1010,132038
2015-10-29,121.1010,121.1810,120.5840,121.0500,127545
2015-10-30,121.0510,121.4830,120.2750,120.6030,144905
2015-11-02,120.3850,120.8070,120.2520,120.7480,98848
2015-11-03,120.7480,121.2270,120.5940,121.0590,103581
2015-11-04,121.0540,121.7150,120.9970,121.5410,138603
2015-11-05,121.5490,122.0000,121.3830,121.7380,138492
2015-11-06,121.7400,123.2640,121.6290,123.2180,134946
2015-11-09,123.2560,123.6010,122.9730,123.1780,127563
2015-11-10,123.1590,123.4330,123.0240,123.1570,125695
2015-11-11,123.1280,123.2190,122.7340,122.8530,100686
2015-11-12,122.8280,123.0680,122.5490,122.5860,131215
2015-11-13,122.5800,122.9860,122.4350,122.6060,128710
2015-11-16,122.2380,123.2750,122.2210,123.1640,133196
2015-11-17,123.1640,123.4840,123.1640,123.4360,127295
2015-11-18,123.4270,123.7510,123.2170,123.6190,113707
2015-11-19,123.6240,123.6290,122.6180,122.8630,132568
2015-11-20,122.8460,123.0480,122.7200,122.7830,112395
2015-11-23,122.8210,123.2550,122.7780,122.8190,103189
2015-11-24,122.8140,122.9580,122.3040,122.5270,122742
2015-11-25,122.5450,122.9310,122.2540,122.7090,125275
2015-11-26,122.6460,122.7330,122.4980,122.5910,85954
2015-11-27,122.5770,122.8760,122.3020,122.7090,90134
2015-11-30,122.8100,123.3380,122.6830,123.1000,100324
2015-12-01,123.1000,123.2710,122.6370,122.8710,112596
2015-12-02,122.8240,123.6670,122.7980,123.2350,106833
2015-12-03,123.2360,123.5570,122.2940,122.5980,151730
2015-12-04,122.5530,123.3700,122.4720,123.0990,147685
2015-12-07,123.2080,123.4730,123.1480,123.3660,106336
2015-12-08,123.3570,123.3900,122.7180,122.9270,117293
2015-12-09,122.9150,123.0420,121.0710,121.4380,149044
2015-12-10,121.4270,121.8630,121.2420,121.5830,134628
2015-12-11,121.5630,122.2260,120.5760,120.9590,151429
2015-12-14,121.1020,121.3490,120.3390,120.9990,170252
2015-12-15,121.0180,121.7890,120.5720,121.6770,143297
2015-12-16,121.6540,122.4290,121.3770,122.1940,154732
2015-12-17,122.1850,122.8720,122.1840,122.5470,137112
2015-12-18,122.5380,123.5590,121.0530,121.1260,172485
2015-12-21,121.2120,121.5000,120.8350,121.1660,124834
2015-12-22,121.1670,121.3050,120.7200,121.0610,108886
2015-12-23,121.0470,121.1320,120.8090,120.9050,79784
2015-12-24,120.9120,120.9900,120.2470,120.3200,64756
2015-12-28,120.1030,120.6260,120.1030,120.3790,74163
2015-12-29,120.3850,120.5040,120.2320,120.4460,76822
2015-12-30,120.4300,120.6500,120.3480,120.5080,69347
2015-12-31,120.5030,120.5750,119.9990,120.2070,58123
2016-01-04,120.1960,120.4620,118.6990,119.4470,161507
2016-01-05,119.4290,119.6980,118.7900,119.0430,151923
2016-01-06,119.0390,119.1660,118.2470,118.4570,175512
2016-01-07,118.4540,118.7530,117.3250,117.6540,198110
2016-01-08,117.6450,118.8380,117.2230,117.2290,195657
2016-01-11,117.0970,118.0220,116.6910,117.7480,176032
2016-01-12,117.7350,118.0680,117.2230,117.6380,188770
2016-01-13,117.6140,118.3760,117.6140,117.6600,170502
2016-01-14,117.6580,118.2750,117.2880,118.0410,192688
2016-01-15,118.0440,118.2670,116.5050,116.9970,198409
2016-01-18,116.6500,117.4350,116.6500,117.3230,148400
2016-01-19,117.2990,118.1090,117.2290,117.6130,181873
2016-01-20,117.6090,117.6810,115.9700,116.9200,220440
2016-01-21,116.9180,117.8040,116.4670,117.6930,239592
2016-01-22,117.6780,118.8760,117.5340,118.7690,181499
2016-01-25,118.6370,118.8520,118.1670,118.2850,172769
2016-01-26,118.2930,118.6180,117.6510,118.4060,167646
2016-01-27,118.4030,119.0670,118.0390,118.6660,190884
2016-01-28,118.6430,118.9870,118.4110,118.7980,183089
2016-01-29,118.7990,121.6860,118.3950,121.1190,223570
2016-02-01,121.3140,121.4820,120.6750,120.9610,160161
2016-02-02,120.9520,121.0320,119.8330,119.9490,171709
2016-02-03,119.9310,120.0400,117.0490,117.8800,229730
2016-02-04,117.8750,118.2340,116.5240,116.7600,233454
2016-02-05,116.7670,117.4280,116.2900,116.8190,197340
2016-02-08,116.7830,117.5200,115.1700,115.8350,209637
2016-02-09,115.8320,115.8430,114.2040,115.1260,256045
2016-02-10,115.1070,115.2550,113.1150,113.3170,264772
2016-02-11,113.3150,113.5930,110.9790,112.4050,269972
2016-02-12,112.4020,113.5360,111.6570,113.2090,240662
2016-02-15,113.3570,114.7270,113.2670,114.5580,170963
2016-02-16,114.5680,114.8710,113.5910,114.0320,195037
2016-02-17,114.0650,114.5000,113.3700,114.0660,189468
2016-02-18,114.0620,114.3170,113.1390,113.2160,178616
2016-02-19,113.2460,113.3750,112.3010,112.5310,177750
2016-02-22,112.5720,113.3830,112.4220,112.9050,143233
2016-02-23,112.8030,113.0500,111.7680,112.0930,175359
2016-02-24,112.0750,112.2620,111.0390,112.1690,185691
2016-02-25,112.1520,113.0200,111.8930,112.9810,190488
2016-02-26,112.9620,113.9880,112.5580,113.9840,172956
2016-02-29,113.9470,113.9790,112.6490,112.6690,182674
2016-03-01,112.6660,114.1800,112.1530,113.9740,168730
2016-03-02,113.9770,114.5500,113.2120,113.4760,175751
2016-03-03,113.4700,114.2640,113.2930,113.6670,162182
2016-03-04,113.6650,114.2540,113.1160,113.7690,166988
2016-03-07,113.9220,113.9250,113.2210,113.4300,141104
2016-03-08,113.4080,113.5170,112.4190,112.6110,156711
2016-03-09,112.6120,113.4490,112.2230,113.3150,144713
2016-03-10,113.3140,114.4430,112.6030,113.2110,174292
2016-03-11,113.1680,113.9130,112.7490,113.7950,136661
2016-03-14,113.9120,114.0020,113.5030,113.7890,114199
2016-03-15,113.7940,114.1430,112.6270,113.1880,143875
2016-03-16,113.1900,113.8140,112.3280,112.6630,139275
2016-03-17,112.6620,112.9520,110.6640,111.4180,171384
2016-03-18,111.4190,111.7530,110.8170,111.5200,114967
2016-03-21,111.5240,111.9730,111.2150,111.9590,109529
2016-03-22,111.9540,112.4850,111.3770,112.3790,143380
2016-03-23,112.3790,112.9010,112.1370,112.3870,108766
2016-03-24,112.3820,113.0020,112.2900,112.8210,106296
2016-03-25,112.8190,113.3190,112.7470,113.0480,51914
2016-03-28,113.1560,113.6840,113.1130,113.4350,71513
2016-03-29,113.4280,113.7990,112.6070,112.6730,136593
2016-03-30,112.6590,112.8020,112.0120,112.4340,140263
2016-03-31,112.4130,112.6570,112.1050,112.5710,131210
2016-04-01,112.5490,112.5800,111.5830,111.6100,149407
2016-04-04,111.5850,111.7920,111.0930,111.3140,127396
2016-04-05,111.2980,111.3520,109.9480,110.3220,165500
2016-04-06,110.3000,110.6390,109.3350,109.7780,148408
2016-04-07,109.7710,109.9010,107.6650,108.1770,186074
2016-04-08,108.1750,109.0940,107.9900,108.0220,157999
2016-04-11,107.9650,108.4370,107.6250,107.9410,155589
2016-04-12,107.9180,108.7820,107.8660,108.5220,141243
2016-04-13,108.5260,109.4010,108.5020,109.3250,134727
2016-04-14,109.3230,109.5420,108.8910,109.4000,126618
2016-04-15,109.3510,109.7290,108.5960,108.7280,109683
2016-04-18,108.1990,108.9850,107.8320,108.8030,133117
2016-04-19,108.7930,109.4820,108.7460,109.1840,126991
2016-04-20,109.1830,109.8750,108.7580,109.8180,128908
2016-04-21,109.8180,109.8940,109.3190,109.4530,136649
2016-04-22,109.4420,111.8020,109.2560,111.7480,151736
2016-04-25,111.8530,111.8600,110.8370,111.1930,131374
2016-04-26,111.1880,111.4720,110.6660,111.2980,129171
2016-04-27,111.2960,111.7510,111.0240,111.4280,124656
2016-04-28,111.4080,111.8800,107.8600,108.0870,170506
2016-04-29,108.0780,108.1960,106.2740,106.3340,152032
2016-05-02,106.2230,106.8150,106.1360,106.3920,144833
2016-05-03,106.4110,106.6740,105.5450,106.5980,140140
2016-05-04,106.5850,107.4530,106.2430,106.9820,148301
2016-05-05,106.9720,107.4950,106.7990,107.2490,111778
2016-05-06,107.2380,107.4160,106.4300,107.0740,142616
2016-05-09,107.0700,108.6010,107.0680,108.3180,123567
2016-05-10,108.3090,109.3460,108.2700,109.2560,129362
2016-05-11,109.2440,109.3690,108.3640,108.3940,120230
2016-05-12,108.3910,109.3910,108.2220,108.9930,140713
2016-05-13,108.9790,109.5500,108.5090,108.6070,141520
2016-05-16,108.6050,109.0920,108.4600,109.0190,102098
2016-05-17,109.0040,109.6490,108.8370,109.1220,128417
2016-05-18,109.1020,110.2520,108.7180,110.1900,149119
2016-05-19,110.1750,110.3800,109.6940,109.9470,135435
2016-05-20,109.9480,110.5840,109.8460,110.1020,109215
2016-05-23,110.1030,110.2380,109.1060,109.2200,118655
2016-05-24,109.2300,110.1270,109.1660,109.9800,114094
2016-05-25,109.9810,110.4430,109.8600,110.1960,114760
2016-05-26,110.1360,110.2260,109.4140,109.7620,124642
2016-05-27,109.7520,110.4430,109.4690,110.2420,112419
2016-05-30,110.4190,111.4450,110.3100,111.1200,94729
2016-05-31,111.1110,111.3450,110.4970,110.7070,132484
2016-06-01,110.7070,110.8270,109.0470,109.5310,156131
2016-06-02,109.5230,109.5800,108.5200,108.8660,154631
2016-06-03,108.8550,109.1320,106.5050,106.5320,177815
2016-06-06,106.5430,107.6510,106.3630,107.5460,163472
2016-06-07,107.5280,107.8980,107.1500,107.3340,143190
2016-06-08,107.3500,107.3830,106.5870,106.9820,142007
2016-06-09,106.9770,107.1720,106.2490,107.0750,146968
2016-06-10,107.0730,107.2580,106.5500,106.9120,148771
2016-06-13,106.7930,106.8520,105.7330,106.2420,183543
2016-06-14,106.2080,106.4170,105.6230,106.0950,188138
2016-06-15,106.0950,106.3920,105.4360,105.9990,165851
2016-06-16,105.9900,106.0230,103.5470,104.2440,220743
2016-06-17,104.2370,104.8240,104.0420,104.0420,174518
2016-06-20,104.0990,104.8390,103.7830,103.9190,157320
2016-06-21,103.8880,105.0530,103.5750,104.7480,154531
2016-06-22,104.7260,104.8470,104.3110,104.3760,142471
2016-06-23,104.3780,106.1490,104.0210,106.1200,162303
2016-06-24,106.1230,106.8050,98.9350,102.1950,238567
2016-06-27,101.4950,102.4670,101.3950,101.9910,219724
2016-06-28,101.9510,102.8360,101.5530,102.7350,174213
2016-06-29,102.7230,102.9310,102.1670,102.8190,155026
2016-06-30,102.7640,103.2890,102.3510,103.1760,173866
2016-07-01,103.1900,103.3910,102.4380,102.5290,144658
2016-07-04,102.6170,102.8010,102.4150,102.5210,105189
2016-07-05,102.5120,102.5850,101.4460,101.7370,144066
2016-07-06,101.6850,101.7610,100.1940,101.2950,185099
2016-07-07,101.2950,101.3950,100.5930,100.7450,148657
2016-07-08,100.7720,101.2730,99.9880,100.4010,142025
2016-07-11,100.6020,102.8900,100.5110,102.7810,137736
2016-07-12,102.7680,104.9800,102.4450,104.6590,192866
2016-07-13,104.6600,104.8730,103.9060,104.4920,189606
2016-07-14,104.4370,105.9320,103.9730,105.3320,201549
2016-07-15,105.3370,106.3110,104.6240,104.8080,193305
2016-07-18,105.3360,106.2600,105.2680,106.1450,135846
2016-07-19,106.1410,106.5280,105.6420,106.0970,147027
2016-07-20,106.1180,107.0160,105.8250,106.8710,134822
2016-07-21,106.8680,107.4880,105.4190,105.8050,185929
2016-07-22,105.7980,106.3960,105.5620,106.0250,151631
2016-07-25,106.1060,106.7190,105.7360,105.8010,127452
2016-07-26,105.7860,105.8860,103.9880,104.6210,153220
2016-07-27,104.6130,106.5350,104.5550,105.3850,169641
2016-07-28,105.3860,105.4990,104.4790,105.2530,143662
2016-07-29,105.2330,105.6450,101.9680,102.0400,213545
2016-08-01,102.2120,102.6790,102.0040,102.3930,131193
2016-08-02,102.3900,102.8280,100.6750,100.8790,144063
2016-08-03,100.8550,101.5670,100.7440,101.2310,130516
2016-08-04,101.2290,101.6620,100.8560,101.2070,127747
2016-08-05,101.2050,102.0580,100.8670,101.8000,122283
2016-08-08,101.9280,102.6510,101.8520,102.4470,103574
2016-08-09,102.4320,102.5250,101.7850,101.8580,103414
2016-08-10,101.8490,101.9530,100.9610,101.2660,122310
2016-08-11,101.2620,102.0500,101.0070,101.9350,101432
2016-08-12,101.9200,102.2670,100.8290,101.2830,121154
2016-08-15,101.1130,101.4500,100.8650,101.2470,102534
2016-08-16,101.2520,101.2870,99.5360,100.2950,143096
2016-08-17,100.2840,101.1590,100.0310,100.2590,135051
2016-08-18,100.2600,100.4970,99.6400,99.8710,137934
2016-08-19,99.8750,100.4540,99.8680,100.2170,116783
2016-08-22,100.6810,100.9280,100.2080,100.3200,122433
2016-08-23,100.3150,100.3850,99.9370,100.2300,115775
2016-08-24,100.2280,100.6050,100.0920,100.4380,110016
2016-08-25,100.4380,100.6120,100.2970,100.5100,96531
2016-08-26,100.4900,101.9390,100.0590,101.7390,134699
2016-08-29,102.0700,102.3870,101.8270,101.9080,112199
2016-08-30,101.9010,103.1310,101.7440,102.9590,117496
2016-08-31,102.9370,103.5280,102.8540,103.4140,121464
2016-09-01,103.4100,103.9940,103.0570,103.2190,129648
2016-09-02,103.1890,104.3160,102.7940,103.7460,146469
2016-09-05,104.0650,104.1320,103.1410,103.4010,104390
2016-09-06,103.4000,103.8040,101.9280,102.0120,142212
2016-09-07,102.0010,102.1240,101.1930,101.7200,137530
2016-09-08,101.7230,102.5920,101.4090,102.4970,141915
2016-09-09,102.4790,103.0510,101.9610,102.5620,145170
2016-09-12,102.5500,102.6630,101.5580,101.8240,147215
2016-09-13,101.8330,102.7440,101.4170,102.5430,150158
2016-09-14,102.5500,103.3530,102.2450,102.4230,139513
2016-09-15,102.3800,102.7520,101.9220,102.0760,142081
2016-09-16,102.0610,102.4570,101.7350,102.2320,125491
2016-09-19,102.1120,102.4110,101.5740,101.9170,106643
2016-09-20,101.9220,102.0600,101.5310,101.7140,110933
2016-09-21,101.6910,102.7800,100.2940,100.3190,186418
2016-09-22,100.3060,100.9280,100.0940,100.7450,122400
2016-09-23,100.7360,101.2380,100.6700,100.8650,133007
2016-09-26,100.9240,101.0700,100.2440,100.3180,105789
2016-09-27,100.2980,100.9830,100.0810,100.4130,146078
2016-09-28,100.4030,100.8130,100.2560,100.6700,126545
2016-09-29,100.6640,101.8350,100.6440,101.0080,154917
2016-09-30,100.9980,101.7770,100.7410,101.3220,161563
2016-10-03,101.2080,101.6680,101.1250,101.6320,110437
2016-10-04,101.6320,102.9620,101.5660,102.9050,155475
2016-10-05,102.8820,103.6650,102.6640,103.4880,135144
2016-10-06,103.4840,104.1570,103.3440,103.9410,127970
2016-10-07,103.9230,104.0190,102.8530,102.8760,159365
2016-10-10,103.2300,103.7840,102.8050,103.6070,107265
2016-10-11,103.5800,104.0670,103.1680,103.5200,144016
2016-10-12,103.4900,104.4770,103.2730,104.1890,136036
2016-10-13,104.2030,104.6300,103.3290,103.6700,127107
2016-10-14,103.6900,104.4750,103.6030,104.0460,142839
2016-10-17,104.3150,104.3660,103.7840,103.8780,115332
2016-10-18,103.8840,104.1960,103.6770,103.8620,107162
2016-10-19,103.8540,103.9440,103.1610,103.4390,105128
2016-10-20,103.4200,104.1000,103.3390,103.9360,113010
2016-10-21,103.9280,104.2020,103.5170,103.6890,106023
2016-10-24,103.8160,104.3170,103.7170,104.1700,99689
2016-10-25,104.1600,104.8700,104.1080,104.2100,119574
2016-10-26,104.2080,104.6140,104.0160,104.4610,107337
2016-10-27,104.4550,105.3450,104.2930,105.2760,128808
2016-10-28,105.2700,105.5280,104.4610,104.7250,149305
2016-10-31,104.5630,105.2290,104.5200,104.7610,113487
2016-11-01,104.7600,105.1140,103.7940,104.0630,147053
2016-11-02,104.0620,104.1620,103.0150,103.3300,165978
2016-11-03,103.3310,103.4370,102.5440,102.9610,156818
2016-11-04,102.9600,103.3500,102.8250,103.0930,153352
2016-11-07,103.9630,104.6270,103.7590,104.4610,141313
2016-11-08,104.4650,105.1870,104.2920,105.1570,139617
2016-11-09,105.1300,105.8840,101.1860,105.6640,341483
2016-11-10,105.6470,106.9420,104.9540,106.7880,249106
2016-11-11,106.7840,106.9290,106.0260,106.6200,198911
2016-11-14,106.8420,108.5390,106.7280,108.4050,201923
2016-11-15,108.3970,109.3330,107.7650,109.1690,192889
2016-11-16,109.1650,109.7520,108.7880,109.0540,183933
2016-11-17,109.0580,110.1720,108.5480,110.0950,198798
2016-11-18,110.1140,110.9480,109.7960,110.8670,198099
2016-11-21,112.0040,112.0040,110.4500,110.7910,195534
2016-11-22,110.7410,111.3500,110.2640,111.1190,191564
2016-11-23,111.1340,112.9690,110.8480,112.4760,162373
2016-11-24,112.4780,113.5290,112.3660,113.2920,147448
2016-11-25,113.2710,113.8950,112.5480,113.2130,188735
2016-11-28,112.7960,112.9680,111.3530,111.9240,193606
2016-11-29,111.9160,113.3360,111.6140,112.3850,181469
2016-11-30,112.3710,114.5340,112.0510,114.4440,207939
2016-12-01,114.4060,114.8210,113.8260,114.0550,188122
2016-12-02,114.0640,114.2000,113.3240,113.4390,160155
2016-12-05,113.1950,114.7690,112.8590,113.8500,177797
2016-12-06,113.8170,114.1820,113.4970,113.9990,128790
2016-12-07,113.9770,114.3980,113.4090,113.7430,122098
2016-12-08,113.7380,114.3700,113.1200,114.0260,159918
2016-12-09,113.9990,115.3630,113.9780,115.2190,137089
2016-12-12,115.3750,116.1180,114.8470,115.0120,156871
2016-12-13,115.0090,115.4730,114.7310,115.1750,143622
2016-12-14,115.1630,117.3870,114.7660,117.0240,156627
2016-12-15,117.0140,118.6590,117.0040,118.1590,218692
2016-12-16,118.1820,118.4230,117.4670,117.7760,172466
2016-12-19,117.9360,117.9560,116.5430,117.0740,155821
2016-12-20,117.0960,118.2380,116.9830,117.8350,158510
2016-12-21,117.8260,118.0650,117.1030,117.5340,137160
2016-12-22,117.5260,117.8720,117.2630,117.5040,118979
2016-12-23,117.5060,117.6040,117.1660,117.1980,89301
2016-12-26,117.0340,117.2160,116.8620,117.0610,18033
2016-12-27,117.0500,117.6130,117.0150,117.4110,95885
2016-12-28,117.3850,117.8090,117.0510,117.2420,108826
2016-12-29,117.1570,117.2420,116.2270,116.5390,152684
2016-12-30,116.5080,117.1920,116.0370,116.8140,181324
2017-01-02,116.7800,117.6510,116.6340,117.4780,43827
2017-01-03,117.4610,118.6020,117.2100,117.7310,173432
2017-01-04,117.7200,118.1820,117.0470,117.2140,172525
2017-01-05,117.2150,117.4250,115.2130,115.3390,222906
2017-01-06,115.3280,117.1750,115.0650,116.9420,190299
2017-01-09,116.9930,117.5280,115.9490,116.0050,157851
2017-01-10,115.9990,116.3400,115.1920,115.7590,188619
2017-01-11,115.7430,116.8700,114.2390,115.3990,218378
2017-01-12,115.4010,115.5020,113.7500,114.7030,229931
2017-01-13,114.6740,115.4400,114.1540,114.3380,184292
2017-01-16,114.2210,114.4620,113.6170,114.1740,131932
2017-01-17,114.1740,114.2790,112.5910,112.6090,217208
2017-01-18,112.6110,114.7540,112.5660,114.6310,183822
2017-01-19,114.6300,115.6160,114.3970,114.8420,210633
2017-01-20,114.8380,115.3820,114.2060,114.4640,210636
2017-01-23,114.3130,114.4140,112.6800,112.6860,212531
2017-01-24,112.6790,113.8910,112.5190,113.7890,194258
2017-01-25,113.7470,113.9850,113.0330,113.2580,187262
2017-01-26,113.2330,114.8530,113.0440,114.5050,187443
2017-01-27,114.5080,115.3720,114.3860,115.0280,169915
2017-01-30,114.7610,114.9460,113.4420,113.7500,177602
2017-01-31,113.7330,113.9610,112.0760,112.7840,212783
2017-02-01,112.7710,113.9480,112.6360,113.2240,189274
2017-02-02,113.2300,113.3600,112.0480,112.7830,186472
2017-02-03,112.7820,113.4700,112.3110,112.4430,170913
2017-02-06,112.3840,112.7720,111.6180,111.7260,166664
2017-02-07,111.7080,112.5730,111.5880,112.3750,162301
2017-02-08,112.3540,112.5400,111.6270,111.9240,163598
2017-02-09,111.9210,113.3420,111.7310,113.2470,147751
2017-02-10,113.2360,113.8540,112.8530,113.0650,157944
2017-02-13,113.5130,114.1640,113.4350,113.7240,139124
2017-02-14,113.7210,114.4950,113.2450,114.2380,159385
2017-02-15,114.2180,114.9530,113.8590,114.1400,147762
2017-02-16,114.1440,114.3050,113.0810,113.2140,152739
2017-02-17,113.2400,113.4970,112.6140,112.6970,143385
2017-02-20,112.8860,113.2340,112.7860,113.0680,104552
2017-02-21,113.0770,113.7730,113.0110,113.6690,133019
2017-02-22,113.6540,113.7260,112.9040,113.3150,152617
2017-02-23,113.3020,113.4510,112.5470,112.6010,137760
2017-02-24,112.5690,112.9520,111.9310,112.0060,135048
2017-02-27,112.1200,112.8370,111.9130,112.6830,137377
2017-02-28,112.6780,112.8950,111.6850,112.7520,148990
2017-03-01,112.7330,114.0440,112.7140,113.7120,178852
2017-03-02,113.6960,114.5880,113.6780,114.4090,139181
2017-03-03,114.4060,114.7450,113.8070,113.8860,152282
2017-03-06,113.8790,114.1320,113.5550,113.8810,122691
2017-03-07,113.8480,114.1520,113.7260,113.9680,114234
2017-03-08,113.9350,114.7550,113.6040,114.3170,142339
2017-03-09,114.3120,114.9970,114.2970,114.9320,166349
2017-03-10,114.9330,115.5000,114.6500,114.7170,168182
2017-03-13,114.7640,114.9150,114.4780,114.8430,137403
2017-03-14,114.8440,115.1910,114.5150,114.7300,130401
2017-03-15,114.7290,114.8810,113.1690,113.4570,145221
2017-03-16,113.4590,113.5440,112.9000,113.2940,159023
2017-03-17,113.2940,113.4880,112.5600,112.7020,122753
2017-03-20,112.6390,112.8940,112.4530,112.4950,102515
2017-03-21,112.4980,112.8650,111.5400,111.7760,163067
2017-03-22,111.7750,111.7880,110.7280,111.2600,185569
2017-03-23,111.2600,111.5760,110.6250,110.9730,177580
2017-03-24,110.9710,111.4780,110.6230,111.2170,163056
2017-03-27,110.9190,111.0430,110.1060,110.6520,160264
2017-03-28,110.6330,111.1980,110.1740,111.1290,143425
2017-03-29,111.1330,111.3130,110.7120,111.0320,142946
2017-03-30,111.0060,111.9420,110.9380,111.8990,144205
2017-03-31,111.8900,112.1930,111.2390,111.2640,145476
2017-04-03,111.3550,111.5840,110.8520,110.8840,131218
2017-04-04,110.8800,110.9280,110.2650,110.7240,148430
2017-04-05,110.7090,111.4510,110.5340,110.6930,149930
2017-04-06,110.6820,111.1380,110.2860,110.7940,150550
2017-04-07,110.7790,111.3620,110.1260,110.9710,181929
2017-04-10,111.0160,111.5760,110.8020,110.9290,120543
2017-04-11,110.9280,110.9280,109.5900,109.6020,141890
2017-04-12,109.6100,109.8630,108.9550,109.0090,153509
2017-04-13,108.9990,109.3890,108.7200,109.0850,150055
2017-04-14,109.0960,109.2190,108.5420,108.5420,82306
2017-04-17,108.7380,109.0500,108.1290,108.8960,106322
2017-04-18,108.9010,109.2170,108.3170,108.4010,144287
2017-04-19,108.4010,109.1780,108.3770,108.8540,132875
2017-04-20,108.8390,109.4840,108.7160,109.3120,127150
2017-04-21,109.3120,109.4190,108.8780,108.9790,119409
2017-04-24,110.4890,110.5010,109.6550,109.7440,148059
2017-04-25,109.7400,111.1850,109.5900,111.0820,129214
2017-04-26,111.0580,111.7740,110.8690,111.0500,157616
2017-04-27,111.0400,111.5960,110.9900,111.2440,138001
2017-04-28,111.2350,111.7130,111.0680,111.5280,125346
2017-05-01,111.2070,111.9230,111.2020,111.8350,92217
2017-05-02,111.8100,112.3010,111.7780,111.9960,113166
2017-05-03,111.9650,112.7720,111.9570,112.7510,104394
2017-05-04,112.7280,113.0440,112.3140,112.4570,121244
2017-05-05,112.4520,112.7960,112.0850,112.5980,120806
2017-05-08,112.9380,113.2910,112.3930,113.2530,121143
2017-05-09,113.2500,114.3250,113.1290,113.9680,116309
2017-05-10,113.9690,114.3650,113.6230,114.2640,123005
2017-05-11,114.2640,114.3650,113.4530,113.8510,115258
2017-05-12,113.8510,113.9490,113.1960,113.3230,111329
2017-05-15,113.1610,113.8520,113.1610,113.7730,101814
2017-05-16,113.7750,113.7870,112.9280,113.1110,111068
2017-05-17,113.1110,113.1230,110.7890,110.8010,168868
2017-05-18,110.8010,111.7400,110.2310,111.4750,212246
2017-05-19,111.4700,111.6970,111.0410,111.2280,146607
2017-05-22,111.0220,111.6030,110.8750,111.2950,117105
2017-05-23,111.2950,111.8550,110.8550,111.7650,141430
2017-05-24,111.7630,112.1250,111.4750,111.4910,134716
2017-05-25,111.4910,111.9480,111.4800,111.8320,111329
2017-05-26,111.8320,111.8440,110.8750,111.2530,116341
2017-05-29,111.2100,111.4650,111.1650,111.2440,80686
2017-05-30,111.2440,111.3100,110.6610,110.8290,110738
2017-05-31,110.8290,111.2230,110.4770,110.7770,120676
2017-06-01,110.7770,111.4780,110.6730,111.3510,115109
2017-06-02,111.3530,111.7060,110.3260,110.3510,120781
2017-06-05,110.3430,110.7280,110.2260,110.4740,72450
2017-06-06,110.4420,110.5230,109.2230,109.4080,109523
2017-06-07,109.4080,109.8790,109.1110,109.8150,97932
2017-06-08,109.8150,110.3810,109.3780,110.0370,108487
2017-06-09,109.8110,110.8080,109.7200,110.3040,115482
2017-06-12,110.2840,110.4360,109.6290,109.9380,88919
2017-06-13,109.9210,110.2670,109.8190,110.0580,78742
2017-06-14,110.0350,110.3390,108.8050,109.5680,119756
2017-06-15,109.5530,110.9760,109.2650,110.9430,115778
2017-06-16,110.8950,111.4140,110.6420,110.8240,102183
2017-06-19,110.8420,111.5970,110.7190,111.5210,81660
2017-06-20,111.5210,111.7830,111.3050,111.4410,92071
2017-06-21,111.4350,111.7360,111.0650,111.3650,95426
2017-06-22,111.3650,111.4440,110.9460,111.3120,89536
2017-06-23,111.3030,111.4270,111.1500,111.2260,76947
2017-06-26,111.1180,111.9410,111.1180,111.8560,79484
2017-06-27,111.8210,112.4620,111.4590,112.3520,108154
2017-06-28,112.3240,112.4110,111.8260,112.3230,119825
2017-06-29,112.2610,112.9220,111.8070,112.1660,128751
2017-06-30,112.1660,112.5990,111.7250,112.3610,114760
2017-07-03,112.1120,113.4670,112.1120,113.4390,92863
2017-07-04,113.3410,113.4390,112.7350,113.2730,108776
2017-07-05,113.2540,113.6820,112.8200,113.2370,104733
2017-07-06,113.2400,113.4660,112.8820,113.1860,108447
2017-07-07,113.1700,114.1750,113.1000,113.8590,110400
2017-07-10,113.9090,114.2980,113.8370,114.0270,84404
2017-07-11,114.0140,114.4900,113.7130,113.9230,100064
2017-07-12,113.9230,113.9710,112.9230,113.1230,117910
2017-07-13,113.1430,113.5210,112.8570,113.2630,111283
2017-07-14,113.2620,113.5750,112.2560,112.5280,98355
2017-07-17,112.4610,112.8630,112.3240,112.6150,88395
2017-07-18,112.6030,112.6860,111.6820,112.0300,123435
2017-07-19,112.0300,112.2300,111.5500,111.8730,99438
2017-07-20,111.9090,112.4130,111.4750,111.8720,133618
2017-07-21,111.8950,112.0740,111.0080,111.1220,110356
2017-07-24,111.0970,111.3160,110.6180,111.1100,104585
2017-07-25,111.0830,111.9530,110.8250,111.9390,115032
2017-07-26,111.8650,112.1960,111.0560,111.1400,120905
2017-07-27,111.1490,111.7060,110.7760,111.3000,164417
2017-07-28,111.2680,111.3260,110.5440,110.6400,152298
2017-07-31,110.6140,110.7690,110.2100,110.2530,123675
2017-08-01,110.2430,110.5860,109.9150,110.3780,146858
2017-08-02,110.3790,110.9800,110.2780,110.7410,138800
2017-08-03,110.6640,110.8240,109.8510,109.9790,136562
2017-08-04,110.0200,111.0460,109.8400,110.6750,121330
2017-08-07,110.7080,110.9160,110.6420,110.7490,99773
2017-08-08,110.7330,110.8230,110.2440,110.3450,93462
2017-08-09,110.3500,110.3510,109.5550,110.0320,122773
2017-08-10,110.0320,110.1760,109.1480,109.2260,123354
2017-08-11,109.1760,109.3980,108.7240,109.1630,137528
2017-08-14,109.1420,109.7960,109.0320,109.6540,120956
2017-08-15,109.6920,110.8430,109.6020,110.6850,130286
2017-08-16,110.6850,110.9450,110.0260,110.1850,121675
2017-08-17,110.1850,110.3650,109.4420,109.5830,154460
2017-08-18,109.5660,109.5940,108.6000,109.1440,166287
2017-08-21,109.3310,109.4170,108.6320,108.9910,120953
2017-08-22,108.9600,109.6520,108.8710,109.5600,91278
2017-08-23,109.5520,109.8210,108.9160,109.0260,100646
2017-08-24,109.0220,109.6010,108.8440,109.5630,110441
2017-08-25,109.5630,109.8400,109.1090,109.3480,116124
2017-08-28,109.1990,109.4090,109.0200,109.2550,86854
2017-08-29,109.2300,109.8960,108.2640,109.6310,155648
2017-08-30,109.6310,110.4340,109.5370,110.3250,105669
2017-08-31,110.3250,110.6670,109.8760,109.9550,122172
2017-09-01,109.9780,110.4400,109.5590,110.2470,109366
2017-09-04,109.5730,109.9300,109.3780,109.6730,89040
2017-09-05,109.6730,109.8300,108.6270,108.7640,125224
2017-09-06,108.6950,109.3920,108.4460,109.2710,117633
2017-09-07,109.2710,109.2710,108.0440,108.5290,126162
2017-09-08,108.4430,108.5290,107.3140,107.8340,138031
2017-09-11,108.1390,109.4960,108.1340,109.4860,106439
2017-09-12,109.3770,110.2520,109.2350,110.1610,106661
2017-09-13,110.1680,110.6910,109.9030,110.4750,97995
2017-09-14,110.4750,111.0380,110.0650,110.2350,108756
2017-09-15,110.2350,111.3340,109.5500,110.8370,129725
2017-09-18,111.0450,111.6630,110.9940,111.5640,95764
2017-09-19,111.5640,111.8810,111.2010,111.5880,123452
2017-09-20,111.5880,112.5300,111.1030,112.2120,116752
2017-09-21,112.2120,112.7170,112.1340,112.4570,120329
2017-09-22,112.4570,112.5550,111.6520,111.9630,114239
2017-09-25,112.2180,112.5280,111.4720,111.7280,131079
2017-09-26,111.7280,112.4760,111.4980,112.2180,122301
2017-09-27,112.2180,113.2560,112.2130,112.8250,142429
2017-09-28,112.8250,113.2090,112.2510,112.3380,125905
2017-09-29,112.3380,112.7360,112.2140,112.4450,99821
2017-10-02,112.5050,113.0590,112.4490,112.7520,95802
2017-10-03,112.7520,113.1950,112.6390,112.8450,98065
2017-10-04,112.8450,112.9380,112.3220,112.7510,100493
2017-10-05,112.7510,112.9200,112.4130,112.8100,91912
2017-10-06,112.8100,113.4390,112.5990,112.5990,102538
2017-10-09,112.5550,112.7450,112.3280,112.6890,65271
2017-10-10,112.6890,112.8270,111.9880,112.4360,98499
2017-10-11,112.4370,112.5850,112.0800,112.4830,90707
2017-10-12,112.4770,112.5210,112.1250,112.2720,84664
2017-10-13,112.2730,112.3040,111.6860,111.7990,95368
2017-10-16,111.7820,112.2870,111.6530,112.1860,74036
2017-10-17,112.1860,112.4790,112.0350,112.1960,87638
2017-10-18,112.1960,113.0490,112.1330,112.9270,88280
2017-10-19,112.9270,113.1460,112.2960,112.5340,112393
2017-10-20,112.5350,113.5680,112.5120,113.4950,110674
2017-10-23,113.8680,114.0970,113.2430,113.4310,97785
2017-10-24,113.4300,114.0230,113.2470,113.8920,106750
2017-10-25,113.8910,114.2440,113.4800,113.7400,131893
2017-10-26,113.7400,114.0770,113.3390,113.9700,118550
2017-10-27,113.9710,114.4510,113.6390,113.6660,119134
2017-10-30,113.7180,113.8340,113.0280,113.1740,89317
2017-10-31,113.1740,113.7320,112.9550,113.6340,96854
2017-11-01,113.6290,114.2800,113.6030,114.1750,107310
2017-11-02,114.1760,114.2170,113.7330,114.0780,122004
2017-11-03,114.0780,114.4260,113.6310,114.0450,89478
2017-11-06,113.9680,114.7340,113.6940,113.6960,106660
2017-11-07,113.6960,114.3400,113.6940,114.0010,101457
2017-11-08,113.9880,114.0110,113.3940,113.8650,95489
2017-11-09,113.8650,114.0690,113.0910,113.4690,131781
2017-11-10,113.4590,113.6340,113.2200,113.5160,100051
2017-11-13,113.4850,113.7120,113.2430,113.6170,88750
2017-11-14,113.6170,113.9090,113.3090,113.4530,90107
2017-11-15,113.4530,113.4950,112.4750,112.8720,125644
2017-11-16,112.8720,113.3290,112.7340,113.0480,91698
2017-11-17,113.0330,113.1430,111.9440,112.0820,106147
2017-11-20,112.0970,112.7180,111.8850,112.6180,110230
2017-11-21,112.6180,112.7030,112.1730,112.4310,85452
2017-11-22,112.4310,112.4910,111.1400,111.2060,90255
2017-11-23,111.2060,111.3790,111.0670,111.2000,72029
2017-11-24,111.2000,111.6210,111.1920,111.4900,77288
2017-11-27,111.5150,111.6900,110.8410,111.0850,100817
2017-11-28,111.0850,111.6380,110.9310,111.4700,101889
2017-11-29,111.4700,112.1500,111.3630,111.9180,108328
2017-11-30,111.9180,112.6370,111.7350,112.5270,105674
2017-12-01,112.5270,112.8730,111.4010,112.1440,139882
2017-12-04,112.7390,113.0900,112.3630,112.3870,151259
2017-12-05,112.3870,112.8660,112.3780,112.5640,130159
2017-12-06,112.5640,112.6250,111.9900,112.2790,139083
2017-12-07,112.2700,113.1580,112.2180,113.0800,136401
2017-12-08,113.0800,113.5890,113.0770,113.4730,111903
2017-12-11,113.5300,113.6900,113.2420,113.5480,118899
2017-12-12,113.5480,113.7500,113.3700,113.5410,90026
2017-12-13,113.5410,113.5730,112.4580,112.5390,125627
2017-12-14,112.5330,112.8830,112.0640,112.3780,117636
2017-12-15,112.3780,112.7440,112.0310,112.6160,118755
2017-12-18,112.7120,112.8290,112.2960,112.5400,113304
2017-12-19,112.5400,113.0780,112.5090,112.8840,111286
2017-12-20,112.8840,113.4650,112.8390,113.3870,110203
2017-12-21,113.3870,113.6360,113.1980,113.3240,109328
2017-12-22,113.3240,113.4480,113.2520,113.2850,100889
2017-12-26,113.2720,113.3300,113.1170,113.2240,69326
2017-12-27,113.2280,113.3770,113.1470,113.3440,125439
2017-12-28,113.3440,113.3450,112.6630,112.8490,100831
2017-12-29,112.8490,112.9680,112.4720,112.6950,119934
2018-01-02,112.5030,112.7840,112.0550,112.2680,89903
2018-01-03,112.2680,112.6070,112.1700,112.5040,98828
2018-01-04,112.5030,112.8630,112.4640,112.7280,105928
2018-01-05,112.7320,113.3030,112.7190,113.0620,122487
2018-01-08,113.1370,113.3860,112.8800,113.0790,85465
2018-01-09,113.0800,113.1780,112.3650,112.6310,142865
2018-01-10,112.6310,112.7830,111.2690,111.4250,160675
2018-01-11,111.4280,111.8740,111.0430,111.2410,160778
2018-01-12,111.2410,111.6940,110.9120,111.0530,162108
2018-01-15,111.0700,111.1840,110.3270,110.5170,152007
2018-01-16,110.5170,110.9820,110.2450,110.4340,160408
2018-01-17,110.4340,111.3430,110.1900,111.2860,184193
2018-01-18,111.2600,111.4810,110.6930,111.0880,182419
2018-01-19,111.0880,111.1270,110.4900,110.8270,153998
2018-01-22,110.5520,111.2230,110.4960,110.9170,132707
2018-01-23,110.9100,111.1760,110.2500,110.3020,156176
2018-01-24,110.3040,110.3350,108.9670,109.2190,193818
2018-01-25,109.2190,109.7000,108.4990,109.4030,260329
2018-01-26,109.3990,109.7690,108.2820,108.5830,237498
2018-01-29,108.6930,109.2010,108.5070,108.9490,195894
2018-01-30,108.9490,109.2050,108.4120,108.7750,196490
2018-01-31,108.7750,109.4440,108.5940,109.1850,201322
2018-02-01,109.1840,109.7500,109.0930,109.3850,187683
2018-02-02,109.3880,110.4820,109.2780,110.1710,226293
2018-02-05,110.1710,110.2890,108.9890,109.0600,264052
2018-02-06,109.0760,109.6530,108.4530,109.5550,427330
2018-02-07,109.5550,109.7110,108.9180,109.2980,243098
2018-02-08,109.2980,109.7830,108.5800,108.7380,307790
2018-02-09,108.7380,109.3090,108.0440,108.7960,376477
2018-02-12,108.8520,108.8880,108.4360,108.6370,200465
2018-02-13,108.6370,108.7770,107.4070,107.8080,202500
2018-02-14,107.8080,107.9010,106.7210,106.9870,263736
2018-02-15,106.9870,107.0050,106.0340,106.1140,243911
2018-02-16,106.1140,106.3970,105.5450,106.2540,207370
2018-02-19,106.3200,106.7250,106.0920,106.5840,134658
2018-02-20,106.5840,107.3750,106.5560,107.3220,142734
2018-02-21,107.3210,107.9040,107.2780,107.7680,187097
2018-02-22,107.7690,107.7700,106.5930,106.7440,172388
2018-02-23,106.7460,107.1330,106.5110,106.8800,130642
2018-02-26,107.0920,107.1410,106.3740,106.9030,155079
2018-02-27,106.9030,107.6730,106.7830,107.3260,151964
2018-02-28,107.3230,107.5250,106.5640,106.6620,158660
2018-03-01,106.6620,107.2030,106.1620,106.2220,221251
2018-03-02,106.2220,106.2980,105.2480,105.7300,202116
2018-03-05,105.4890,106.2360,105.3500,106.1920,176697
2018-03-06,106.1920,106.4630,105.8520,106.1080,154568
2018-03-07,106.1140,106.2200,105.4530,106.0550,188177
2018-03-08,106.0550,106.3120,105.8910,106.1780,140168
2018-03-09,106.1780,107.0460,106.1510,106.8060,153938
2018-03-12,106.7530,106.9710,106.3140,106.4380,124765
2018-03-13,106.4380,107.2920,106.2530,106.4590,155452
2018-03-14,106.4570,106.7460,106.0630,106.3130,149847
2018-03-15,106.3130,106.4120,105.7830,106.3360,154414
2018-03-16,106.3390,106.3630,105.6010,105.9830,124553
2018-03-19,105.9600,106.3060,105.6760,106.0260,141276
2018-03-20,106.0260,106.6050,105.9270,106.5270,135255
2018-03-21,106.5270,106.6370,105.8780,106.0630,135779
2018-03-22,106.0630,106.0700,105.2590,105.3110,219551
2018-03-23,105.3110,105.3240,104.6380,104.7340,261700
2018-03-26,104.6510,105.4790,104.6280,105.4030,163046
2018-03-27,105.3980,105.9030,105.3180,105.3270,155207
2018-03-28,105.3280,107.0100,105.3230,106.8450,195795
2018-03-29,106.8420,106.9320,106.2640,106.4190,138533
2018-03-30,106.4200,106.5320,106.1180,106.2790,98888
2018-04-02,106.1650,106.4480,105.6560,105.8790,118942
2018-04-03,105.8790,106.6560,105.6900,106.6030,130439
2018-04-04,106.6030,106.8460,105.9890,106.7720,100269
2018-04-05,106.7700,107.4910,106.7100,107.3800,75912
2018-04-06,107.3850,107.4580,106.7750,106.9440,120921
2018-04-09,106.9350,107.2020,106.6160,106.7450,73969
2018-04-10,106.7540,107.3970,106.6180,107.1970,95793
2018-04-11,107.1970,107.2500,106.6500,106.7850,82648
2018-04-12,106.7790,107.4300,106.6990,107.3010,73686
2018-04-13,107.2920,107.7770,107.2020,107.3720,68247
2018-04-16,107.4510,107.6050,107.0350,107.1130,57868
2018-04-17,107.1060,107.2120,106.8800,106.9990,55398
2018-04-18,106.9960,107.3850,106.9850,107.2290,53522
2018-04-19,107.2220,107.5150,107.1800,107.3600,66959
2018-04-20,107.3540,107.8560,107.3530,107.6550,66763
2018-04-23,107.7610,108.7520,107.6570,108.7000,62850
2018-04-24,108.6980,109.1990,108.5420,108.8120,70230
2018-04-25,108.8120,109.4540,108.7840,109.4220,82335
2018-04-26,109.4140,109.4680,109.0640,109.2950,75839
2018-04-27,109.2830,109.5360,108.9660,109.0510,78944
2018-04-30,109.0510,109.4520,109.0190,109.3270,56922
2018-05-01,109.3410,109.8860,109.2330,109.8570,63993
2018-05-02,109.8530,110.0340,109.5940,109.8360,82392
2018-05-03,109.8360,109.8830,108.9290,109.1880,90856
2018-05-04,109.1880,109.2710,108.6450,109.0720,69002
2018-05-07,109.1020,109.3960,108.7570,109.0880,49927
2018-05-08,109.0880,109.3500,108.8280,109.1210,76773
2018-05-09,109.1210,109.8320,108.9940,109.7400,75378
2018-05-10,109.7400,110.0180,109.3120,109.3850,80171
2018-05-11,109.3850,109.5670,109.1510,109.3860,62375
2018-05-14,109.3280,109.6690,109.2070,109.6470,54975
2018-05-15,109.6450,110.4530,109.6450,110.3400,77518
2018-05-16,110.3400,110.4020,110.0390,110.3920,80892
2018-05-17,110.3860,110.8560,110.0720,110.7470,80080
2018-05-18,110.7430,111.0790,110.6090,110.7590,69331
2018-05-21,110.8640,111.3950,110.8200,111.0370,56468
2018-05-22,111.0080,111.1830,110.7950,110.8930,64943
2018-05-23,110.8930,110.9170,109.5560,110.0690,119079
2018-05-24,110.0470,110.0820,108.9520,109.2410,102413
2018-05-25,109.2410,109.7430,109.0500,109.3820,83460
2018-05-28,109.7270,109.8310,109.2300,109.4040,74326
2018-05-29,109.3990,109.4660,108.1110,108.7530,158356
2018-05-30,108.7530,109.0720,108.3500,108.9030,133005
2018-05-31,108.9030,109.0030,108.3840,108.8020,113170
2018-06-01,108.8020,109.7340,108.7200,109.5290,90069
2018-06-04,109.4200,109.8510,109.3690,109.8120,60130
2018-06-05,109.8070,110.0020,109.4710,109.7730,66573
2018-06-06,109.7690,110.2640,109.7690,110.1770,65864
2018-06-07,110.1760,110.2200,109.4720,109.6900,79584
2018-06-08,109.6830,109.8510,109.1970,109.5430,72008
2018-06-11,109.2920,110.1160,109.2920,110.0320,57263
2018-06-12,110.0320,110.4920,109.9550,110.3640,83394
2018-06-13,110.3590,110.8450,110.2700,110.3310,66411
2018-06-14,110.3150,110.6920,109.9170,110.6190,72170
2018-06-15,110.6120,110.9030,110.3830,110.6590,81256
2018-06-18,110.6830,110.7330,110.2980,110.5380,43450
2018-06-19,110.5380,110.5710,109.5490,110.0490,99635
2018-06-20,110.0600,110.4500,109.8520,110.3540,75044
2018-06-21,110.3500,110.7560,109.8400,109.9470,83142
2018-06-22,109.9600,110.2160,109.8000,109.9740,70083
2018-06-25,109.8550,110.0380,109.3660,109.7360,80976
2018-06-26,109.7420,110.2180,109.3680,110.0080,73717
2018-06-27,110.0080,110.4890,109.6820,110.2530,98960
2018-06-28,110.2520,110.6470,109.9640,110.4850,86392
2018-06-29,110.4800,110.9430,110.3720,110.7560,85501
2018-07-02,110.5850,111.0610,110.5510,110.8940,79842
2018-07-03,110.8940,111.1320,110.5070,110.5550,80100
2018-07-04,110.5530,110.5990,110.2750,110.4280,108972
2018-07-05,110.4040,110.7260,110.2860,110.5840,120131
2018-07-06,110.6040,110.7850,110.3800,110.4600,69193
2018-07-09,110.3790,110.9000,110.3480,110.8450,52169
2018-07-10,110.8180,111.3520,110.7580,110.9920,63708
2018-07-11,111.0070,112.1710,110.7650,111.9890,109942
2018-07-12,111.9840,112.6240,111.9100,112.5300,84294
2018-07-13,112.4550,112.8000,112.2750,112.3370,69585
2018-07-16,112.1990,112.5610,112.1550,112.2680,51195
2018-07-17,112.2680,112.9240,112.2200,112.8620,78737
2018-07-18,112.8570,113.1350,112.7060,112.8430,71329
2018-07-19,112.8280,113.1670,112.0440,112.4390,115902
2018-07-20,112.4460,112.6210,111.3810,111.4440,107125
2018-07-23,111.3640,111.5400,110.7470,111.3370,81692
2018-07-24,111.3390,111.5090,110.9560,111.1950,72021
2018-07-25,111.1940,111.3800,110.6600,110.9670,85087
2018-07-26,110.9600,111.2440,110.5840,111.2170,77596
2018-07-27,111.2070,111.2450,110.7930,111.0070,57204
2018-07-30,110.9300,111.1620,110.8870,111.0590,47517
2018-07-31,111.0210,111.9550,110.7430,111.8620,82592
2018-08-01,111.8140,112.1470,111.3840,111.7160,70957
2018-08-02,111.7050,111.7330,111.3100,111.6520,68214
2018-08-03,111.6540,111.8760,111.0970,111.2670,61965
2018-08-06,111.2140,111.5220,111.1470,111.3990,38414
2018-08-07,111.3960,111.4740,110.9880,111.3750,44592
2018-08-08,111.3700,111.4350,110.8330,110.9760,46131
2018-08-09,110.9890,111.1800,110.7030,111.0770,50650
2018-08-10,111.0850,111.1660,110.5070,110.8060,85389
2018-08-13,110.4220,110.9340,110.1070,110.7170,78746
2018-08-14,110.6440,111.3110,110.5840,111.1390,63460
2018-08-15,111.1420,111.4270,110.4290,110.7340,71645
2018-08-16,110.7310,111.1190,110.4550,110.8880,77354
2018-08-17,110.8650,111.0480,110.3120,110.4890,61326
2018-08-20,110.5790,110.6810,110.0140,110.0630,44431
2018-08-21,110.0590,110.5440,109.7700,110.2710,59042
2018-08-22,110.2200,110.6120,110.0230,110.5450,57903
2018-08-23,110.5550,111.3130,110.5150,111.2650,54830
2018-08-24,111.2390,111.4840,111.1000,111.2340,61070
2018-08-27,111.3060,111.3430,110.9320,111.0710,41536
2018-08-28,111.0420,111.3530,110.9500,111.1850,51428
2018-08-29,111.1850,111.8230,111.1180,111.6740,58596
2018-08-30,111.6870,111.7530,110.9500,110.9700,57442
2018-08-31,110.9600,111.1350,110.6810,111.0890,63016
2018-09-03,111.0510,111.1840,110.8460,111.0330,48787
2018-09-04,110.9950,111.5300,110.8970,111.3560,57573
2018-09-05,111.3660,111.7540,111.3230,111.5220,62926
2018-09-06,111.5130,111.5270,110.5170,110.7440,66655
2018-09-07,110.7390,111.2430,110.3760,111.0390,69925
2018-09-10,111.0280,111.2440,110.8460,111.1010,43279
2018-09-11,111.1010,111.6380,111.0590,111.6240,43856
2018-09-12,111.5930,111.6460,111.1100,111.2520,48667
2018-09-13,111.2570,111.9950,111.1550,111.9150,52947
2018-09-14,111.9190,112.1650,111.7500,112.0540,52907
2018-09-17,112.0130,112.1180,111.7570,111.8400,38589
2018-09-18,111.8380,112.3850,111.6600,112.3590,68801
2018-09-19,112.3530,112.4430,112.1570,112.2660,52240
2018-09-20,112.2750,112.5800,112.0380,112.4830,64267
2018-09-21,112.4850,112.8700,112.4230,112.5120,54668
2018-09-24,112.4260,112.8350,112.4110,112.7940,36196
2018-09-25,112.7950,112.9760,112.7370,112.9710,48230
2018-09-26,112.9570,113.1320,112.6280,112.7070,56884
2018-09-27,112.7180,113.4650,112.5570,113.3540,58466
2018-09-28,113.3520,113.7030,113.3080,113.6710,59006
2018-10-01,113.6960,114.0570,113.6950,113.8900,45221
2018-10-02,113.8730,114.0130,113.5250,113.6370,56983
2018-10-03,113.6140,114.5390,113.5170,114.5300,57015
2018-10-04,114.5100,114.5460,113.6300,113.8970,75804
2018-10-05,113.8920,114.0980,113.5540,113.6870,75992
2018-10-08,113.7800,113.9380,112.8180,113.2250,53865
2018-10-09,113.2170,113.3880,112.8670,112.9470,86861
2018-10-10,112.9420,113.2820,112.2500,112.2650,86615
2018-10-11,112.2670,112.5320,111.8280,112.1560,150127
2018-10-12,112.1180,112.4930,111.8750,112.1810,93230
2018-10-15,112.1290,112.2310,111.6220,111.7620,90260
2018-10-16,111.7610,112.3340,111.7280,112.2450,69547
2018-10-17,112.2520,112.6710,112.0120,112.6320,75160
2018-10-18,112.6360,112.7250,111.9430,112.1810,94429
2018-10-19,112.1830,112.6440,112.1380,112.5270,92449
2018-10-22,112.5740,112.8820,112.3450,112.8110,77589
2018-10-23,112.8100,112.8370,111.9480,112.4360,104514
2018-10-24,112.4370,112.7390,112.0860,112.2440,113873
2018-10-25,112.2060,112.6700,111.8160,112.4010,110003
2018-10-26,112.3980,112.4430,111.3740,111.8770,143092
2018-10-29,111.8900,112.5580,111.7710,112.3530,107100
2018-10-30,112.3520,113.1600,112.3000,113.0830,102606
2018-10-31,113.0840,113.3800,112.8010,112.9280,80430
2018-11-01,112.9280,112.9980,112.6020,112.6500,70295
2018-11-02,112.6500,113.3180,112.5550,113.1870,85668
2018-11-05,113.1270,113.3340,113.0710,113.1870,54046
2018-11-06,113.1800,113.5000,113.0970,113.4240,52293
2018-11-07,113.4160,113.8150,112.9420,113.4910,94222
2018-11-08,113.5300,114.0830,113.4690,114.0620,57212
2018-11-09,114.0620,114.0800,113.6340,113.7900,60534
2018-11-12,113.7970,114.2030,113.6560,113.8320,65340
2018-11-13,113.8310,114.1420,113.5770,113.7990,77688
2018-11-14,113.7990,114.0060,113.2930,113.6090,80439
2018-11-15,113.6090,113.7020,113.0950,113.6190,84816
2018-11-16,113.6190,113.6360,112.6380,112.8090,72520
2018-11-19,112.7620,112.8700,112.4150,112.5440,69142
2018-11-20,112.5460,112.8390,112.3000,112.7520,78131
2018-11-21,112.7520,113.1440,112.6400,113.0490,61212
2018-11-22,113.0420,113.1970,112.8810,112.9290,54720
2018-11-23,112.9290,113.0060,112.6570,112.9350,47825
2018-11-26,112.9090,113.6470,112.8730,113.5730,55424
2018-11-27,113.5780,113.8390,113.4100,113.7750,57720
2018-11-28,113.7750,114.0330,113.4370,113.6720,54478
2018-11-29,113.6780,113.6780,113.1850,113.4780,55914
2018-11-30,113.4710,113.7160,113.2770,113.4710,46939
2018-12-03,113.6890,113.8170,113.3710,113.6430,47391
2018-12-04,113.6450,113.6530,112.5720,112.7690,75626
2018-12-05,112.7660,113.2400,112.6450,113.1850,40618
2018-12-06,113.1920,113.2090,112.2270,112.6640,111587
2018-12-07,112.6640,112.9230,112.5490,112.6800,84324
2018-12-10,112.5730,113.3720,112.2370,113.3250,85379
2018-12-11,113.3260,113.4610,113.0040,113.3660,86751
2018-12-12,113.3630,113.5150,113.1360,113.2780,84383
2018-12-13,113.2750,113.7040,113.1660,113.6180,74113
2018-12-14,113.6200,113.6700,113.2090,113.3790,73032
2018-12-17,113.3340,113.5170,112.6760,112.8260,75682
2018-12-18,112.8210,112.8510,112.2450,112.5120,80572
2018-12-19,112.5100,112.6610,112.0850,112.4690,96881
2018-12-20,112.4770,112.5990,110.8080,111.2800,141644
2018-12-21,111.2820,111.4560,110.9290,111.2010,132145
2018-12-24,111.1950,111.1950,110.2640,110.3290,117544
2018-12-26,110.4130,111.4050,110.2750,111.3600,58541
2018-12-27,111.3600,111.3600,110.4520,110.9700,153865
2018-12-28,110.9750,111.0190,110.1400,110.2850,111878
2018-12-31,110.2560,110.4710,109.5530,109.6030,76513
2019-01-02,109.4240,109.4580,108.7030,108.8700,93194
2019-01-03,108.8680,108.8880,104.7200,107.6660,153873
2019-01-04,107.6310,108.5850,107.5080,108.5040,132155
2019-01-07,108.4890,108.7430,108.0140,108.7060,84474
2019-01-08,108.7060,109.0830,108.4360,108.7310,88178
2019-01-09,108.7290,109.0000,107.9710,108.1500,85140
2019-01-10,108.1480,108.5170,107.7680,108.4230,86056
2019-01-11,108.4230,108.5940,108.1400,108.5390,76065
2019-01-14,108.5060,108.5450,107.9820,108.1540,56781
2019-01-15,108.1590,108.7630,108.1270,108.6630,84379
2019-01-16,108.6860,109.1920,108.3660,109.0880,66931
2019-01-17,109.0860,109.3940,108.6820,109.2410,78423
2019-01-18,109.2390,109.8870,109.0520,109.7670,71715
2019-01-21,109.6720,109.7570,109.4700,109.6550,47862
2019-01-22,109.6520,109.6910,109.1420,109.3650,70095
2019-01-23,109.3640,109.9950,109.3170,109.6030,70541
2019-01-24,109.6090,109.7960,109.4160,109.6310,79512
2019-01-25,109.6320,109.9470,109.4510,109.5410,76467
2019-01-28,109.5370,109.5810,109.1570,109.3330,69755
2019-01-29,109.3290,109.5380,109.1260,109.3860,66054
2019-01-30,109.3640,109.7400,108.8060,109.0270,73636
2019-01-31,109.0430,109.0640,108.4920,108.8530,71360
2019-02-01,108.8510,109.5750,108.7200,109.4830,64897
2019-02-04,109.5090,110.1580,109.4280,109.8620,60684
2019-02-05,109.8970,110.0370,109.7730,109.9520,57889
2019-02-06,109.9580,110.0490,109.5540,109.9590,57101
2019-02-07,109.9700,110.0840,109.6010,109.7960,67507
2019-02-08,109.8140,109.8940,109.6440,109.7590,54913
2019-02-11,109.7290,110.4650,109.7290,110.3610,47410
2019-02-12,110.3800,110.6490,110.3280,110.4680,58605
2019-02-13,110.4790,111.0510,110.4170,110.9900,54809
2019-02-14,110.9990,111.1240,110.4400,110.4590,69930
2019-02-15,110.4750,110.6410,110.2520,110.4340,63807
2019-02-18,110.4350,110.6480,110.4350,110.5830,50268
2019-02-19,110.5960,110.8190,110.4480,110.6070,55559
2019-02-20,110.5980,110.9460,110.5240,110.8360,57794
2019-02-21,110.8450,110.8580,110.5600,110.6880,61998
2019-02-22,110.7030,110.9020,110.5540,110.6540,51744
2019-02-25,110.6420,111.2310,110.5740,111.0490,58500
2019-02-26,111.0570,111.0760,110.4180,110.5670,55308
2019-02-27,110.5740,111.0690,110.3500,110.9820,53124
2019-02-28,110.9870,111.4900,110.6560,111.3730,57100
2019-03-01,111.3780,112.0720,111.3200,111.9220,54909
2019-03-04,111.8520,112.0100,111.6360,111.7300,61259
2019-03-05,111.7440,112.1320,111.7050,111.8720,51247
2019-03-06,111.8780,111.9180,111.6110,111.7520,50157
2019-03-07,111.7680,111.8550,111.4780,111.5470,52759
2019-03-08,111.5810,111.6470,110.7670,111.1520,65445
2019-03-11,111.1450,111.3040,110.8740,111.2100,51632
2019-03-12,111.2100,111.4630,111.1050,111.3380,56760
2019-03-13,111.3400,111.4610,111.0020,111.2710,56993
2019-03-14,111.2720,111.8290,111.1410,111.6490,65172
2019-03-15,111.6480,111.8970,111.3800,111.4500,52625
2019-03-18,111.4710,111.6260,111.2920,111.4350,45455
2019-03-19,111.4350,111.4710,111.1540,111.3940,49284
2019-03-20,111.3940,111.6910,110.5310,110.6260,67255
2019-03-21,110.6240,110.9550,110.2940,110.8440,62338
2019-03-22,110.8440,110.8940,109.7370,109.9280,81806
2019-03-25,110.0000,110.2370,109.7040,109.9730,79670
2019-03-26,109.9720,110.6860,109.9510,110.6110,72313
2019-03-27,110.6110,110.7110,110.2310,110.4480,89987
2019-03-28,110.4470,110.8280,110.0150,110.6280,84360
2019-03-29,110.6280,110.9450,110.5290,110.8100,71101
2019-04-01,110.9940,111.4400,110.8040,111.3360,62714
2019-04-02,111.3520,111.4510,111.2440,111.3050,51998
2019-04-03,111.3100,111.5740,111.2040,111.4760,50657
2019-04-04,111.4870,111.6690,111.3310,111.6540,47097
2019-04-05,111.6530,111.8190,111.5450,111.7000,52328
2019-04-08,111.6270,111.7480,111.2780,111.4560,42091
2019-04-09,111.4920,111.5750,110.9750,111.1240,46159
2019-04-10,111.1400,111.2760,110.8390,110.9960,44980
2019-04-11,111.0080,111.6930,110.8900,111.6390,51427
2019-04-12,111.6380,112.0880,111.5820,112.0030,49623
2019-04-15,111.9610,112.0910,111.8820,112.0240,35460
2019-04-16,112.0280,112.0400,111.8420,111.9970,46272
2019-04-17,112.0140,112.1610,111.9170,112.0500,46439
2019-04-18,112.0670,112.0670,111.7600,111.9710,51489
2019-04-19,111.9620,112.0020,111.8910,111.9050,59285
2019-04-22,111.9050,111.9860,111.8410,111.9250,27542
2019-04-23,111.9320,112.0300,111.6480,111.8520,40773
2019-04-24,111.8580,112.3960,111.6770,112.1770,47599
2019-04-25,112.1890,112.2350,111.3640,111.6140,53556
2019-04-26,111.6090,112.0280,111.4240,111.5580,55286
2019-04-29,111.5250,111.8940,111.5250,111.6350,29152
2019-04-30,111.6340,111.6860,111.2310,111.4190,49356
2019-05-01,111.4280,111.6080,111.0460,111.3710,38999
2019-05-02,111.3780,111.6610,111.3450,111.5020,50134
2019-05-03,111.5000,111.6910,111.0650,111.0910,50219
2019-05-06,110.6210,110.9550,110.2780,110.7610,60105
2019-05-07,110.8580,110.8580,110.1650,110.2340,67106
2019-05-08,110.2400,110.2900,109.9000,110.0850,74011
2019-05-09,110.0940,110.1290,109.4670,109.7700,75597
2019-05-10,109.7570,110.0450,109.4720,109.9630,91968
2019-05-13,109.7550,109.8310,109.0160,109.2920,78316
2019-05-14,109.2990,109.7680,109.1400,109.5980,57887
2019-05-15,109.5960,109.6990,109.1500,109.5860,66017
2019-05-16,109.5800,109.9630,109.3310,109.8340,57204
2019-05-17,109.8410,110.1900,109.4890,110.0390,80581
2019-05-20,110.1010,110.3150,109.8040,110.0530,63419
2019-05-21,110.0560,110.6680,110.0130,110.4840,58803
2019-05-22,110.4800,110.6220,110.2370,110.3400,50544
2019-05-23,110.3510,110.3600,109.4530,109.5930,77872
2019-05-24,109.5940,109.7410,109.2690,109.2860,58553
2019-05-27,109.3190,109.5810,109.2750,109.5120,41304
2019-05-28,109.4850,109.6250,109.2060,109.3620,65777
2019-05-29,109.3640,109.6950,109.1450,109.5820,75428
2019-05-30,109.5840,109.9220,109.4680,109.6110,64140
2019-05-31,109.6130,109.6220,108.2740,108.2760,95115
2019-06-03,108.2700,108.4420,107.8790,108.0570,80351
2019-06-04,108.0500,108.3550,107.8410,108.1350,74836
2019-06-05,108.1440,108.4810,107.8110,108.4470,77862
2019-06-06,108.4490,108.5590,108.0200,108.3950,69708
2019-06-07,108.3840,108.6130,107.8760,108.1920,73280
2019-06-10,108.4680,108.7110,108.3080,108.4330,55214
2019-06-11,108.4320,108.7970,108.3450,108.5090,58138
2019-06-12,108.5170,108.5630,108.2120,108.4940,67553
2019-06-13,108.5010,108.5330,108.1600,108.3850,59721
2019-06-14,108.3760,108.5830,108.1550,108.5390,60682
2019-06-17,108.4900,108.7190,108.4690,108.5400,46591
2019-06-18,108.5370,108.6730,108.0550,108.4450,76383
2019-06-19,108.4450,108.6130,107.8960,108.1000,70591
2019-06-20,108.1000,108.1380,107.2080,107.2910,97337
2019-06-21,107.2850,107.7310,107.0440,107.3260,81912
2019-06-24,107.3020,107.5330,107.2440,107.2940,58184
2019-06-25,107.2900,107.4050,106.7740,107.1770,85546
2019-06-26,107.1770,107.8460,107.0970,107.7860,62958
2019-06-27,107.7800,108.1570,107.6440,107.7930,60932
2019-06-28,107.7840,107.9280,107.5580,107.9170,60405
2019-07-01,107.9140,108.5290,107.9140,108.4380,66502
2019-07-02,108.4330,108.4710,107.7630,107.8810,53401
2019-07-03,107.8840,107.9100,107.5290,107.8100,53372
2019-07-04,107.8110,107.8390,107.7030,107.8120,27145
2019-07-05,107.8090,108.6340,107.7650,108.4570,52973
2019-07-08,108.4250,108.8020,108.2760,108.7170,15457
2019-07-09,108.7160,108.9620,108.6760,108.8510,31392
2019-07-10,108.8490,108.9890,108.3460,108.4610,44509
2019-07-11,108.4550,108.5290,107.8570,108.4880,44857
2019-07-12,108.4870,108.6070,107.8000,107.8880,47838
2019-07-15,107.8460,108.1070,107.7960,107.9060,37574
2019-07-16,107.9060,108.3750,107.8190,108.2380,44688
2019-07-17,108.2380,108.3250,107.9340,107.9410,36671
2019-07-18,107.9390,108.0150,107.2090,107.2870,50746
2019-07-19,107.2870,107.9770,107.2150,107.6940,51376
2019-07-22,107.7660,108.0680,107.6980,107.8620,41319
2019-07-23,107.8620,108.2860,107.8240,108.2170,38423
2019-07-24,108.2120,108.2730,107.9350,108.1770,41645
2019-07-25,108.1770,108.7540,108.0370,108.6270,47539
2019-07-26,108.6280,108.8270,108.5600,108.6540,37387
2019-07-29,108.6190,108.8990,108.4180,108.7750,27848
2019-07-30,108.7770,108.9460,108.4510,108.5980,44620
2019-07-31,108.6060,108.9990,108.4890,108.7500,60530
2019-08-01,108.7690,109.3170,107.2510,107.3350,83723
2019-08-02,107.3370,107.5660,106.5070,106.5970,127998
2019-08-05,106.5720,106.6800,105.7840,105.9450,124382
2019-08-06,105.9440,107.0880,105.5190,106.4730,119689
2019-08-07,106.4720,106.4730,105.4930,106.2650,122472
2019-08-08,106.2640,106.3000,105.8910,106.0720,84106
2019-08-09,106.0710,106.0900,105.2670,105.6490,71544
2019-08-12,105.5440,105.6900,105.0470,105.2940,62889
2019-08-13,105.2960,106.9730,105.0640,106.7430,91394
2019-08-14,106.7430,106.7660,105.6490,105.9040,94948
2019-08-15,105.9060,106.7760,105.7000,106.1210,117651
2019-08-16,106.1220,106.4920,105.9910,106.3690,70008
2019-08-19,106.2760,106.6950,106.2450,106.6300,54752
2019-08-20,106.6280,106.6890,106.1600,106.2220,63331
2019-08-21,106.2220,106.6440,106.2130,106.6140,55911
2019-08-22,106.6120,106.6510,106.2500,106.4380,60670
2019-08-23,106.4340,106.7320,105.2540,105.4110,97061
2019-08-26,104.9960,106.4120,104.4490,106.1190,148459
2019-08-27,106.1440,106.1570,105.5880,105.7470,97595
2019-08-28,105.7470,106.2280,105.6490,106.1180,81650
2019-08-29,106.1140,106.6800,105.8270,106.5150,87501
2019-08-30,106.5080,106.5420,106.0990,106.2530,89303
2019-09-02,106.0270,106.3980,105.9250,106.2120,47189
2019-09-03,106.2090,106.3830,105.7350,105.9280,96637
2019-09-04,105.9270,106.4420,105.8260,106.3830,73950
2019-09-05,106.3830,107.2280,106.3230,106.9380,90772
2019-09-06,106.9300,107.0990,106.6200,106.9020,77593
2019-09-09,106.7960,107.2710,106.7590,107.2370,57598
2019-09-10,107.2350,107.5840,107.1790,107.5410,59831
2019-09-11,107.5300,107.8520,107.4940,107.8100,56398
2019-09-12,107.8050,108.1860,107.5180,108.0950,83053
2019-09-13,108.0980,108.2580,107.9030,108.0730,59530
2019-09-16,108.0660,108.1650,107.4940,108.1290,65379
2019-09-17,108.1310,108.3680,108.0180,108.1130,56685
2019-09-18,108.1120,108.4750,108.0830,108.4420,50297
2019-09-19,108.4400,108.4700,107.7860,108.0210,63724
2019-09-20,108.0200,108.0840,107.5180,107.5540,55095
2019-09-23,107.7150,107.7660,107.3090,107.5390,43983
2019-09-24,107.5330,107.7960,106.9590,107.0620,64737
2019-09-25,107.0540,107.8810,106.9990,107.7680,67911
2019-09-26,107.7610,107.9570,107.4230,107.8290,57195
2019-09-27,107.8290,108.1780,107.6550,107.9290,62292
2019-09-30,107.9560,108.1760,107.7420,108.0700,48175
2019-10-01,108.0700,108.4680,107.6250,107.7390,56866
2019-10-02,107.7270,107.8900,107.0450,107.1760,60008
2019-10-03,107.1680,107.2960,106.4800,106.9100,73134
2019-10-04,106.8980,107.1320,106.5620,106.9000,59929
2019-10-07,106.6700,107.4640,106.6510,107.2410,50931
2019-10-08,107.2410,107.4430,106.8010,107.0720,72127
2019-10-09,107.0660,107.6250,106.9320,107.4720,51894
2019-10-10,107.4690,108.0150,107.0320,107.9560,81389
2019-10-11,107.9540,108.6280,107.8460,108.4200,75600
2019-10-14,108.3390,108.5210,108.0280,108.3900,44990
2019-10-15,108.3880,108.8970,108.1540,108.8510,55999
2019-10-16,108.8510,108.8640,108.5570,108.7540,60677
2019-10-17,108.7420,108.9370,108.4520,108.6370,60052
2019-10-18,108.6420,108.7190,108.3750,108.3780,52282
2019-10-21,108.3910,108.6620,108.2900,108.5980,48522
2019-10-22,108.5970,108.7270,108.4390,108.4800,37097
2019-10-23,108.4740,108.7020,108.2470,108.6900,44314
2019-10-24,108.6890,108.7520,108.4950,108.5980,39389
2019-10-25,108.5980,108.7720,108.5090,108.6650,34661
2019-10-28,108.7080,109.0370,108.6570,108.9740,31646
2019-10-29,108.9740,109.0680,108.7490,108.8840,33528
2019-10-30,108.8850,109.2850,108.7180,108.8530,40711
2019-10-31,108.8530,108.8780,107.9250,108.0190,47594
2019-11-01,108.0190,108.3220,107.8840,108.1690,36172
2019-11-04,108.2120,108.6480,108.1620,108.5720,26739
2019-11-05,108.5720,109.2400,108.5470,109.1430,43001
2019-11-06,109.1300,109.1820,108.8160,108.9640,37763
2019-11-07,108.9630,109.4860,108.6450,109.2810,53040
2019-11-08,109.2710,109.4740,109.0740,109.2200,44468
2019-11-11,109.2300,109.2520,108.8950,109.0400,25709
2019-11-12,109.0410,109.2910,108.9220,108.9890,38515
2019-11-13,108.9890,109.1480,108.6540,108.8120,40865
2019-11-14,108.8110,108.8610,108.2320,108.4070,41878
2019-11-15,108.4070,108.8550,108.3710,108.7710,32805
2019-11-18,108.7860,109.0700,108.5110,108.6740,35989
2019-11-19,108.6740,108.8350,108.4510,108.5330,37680
2019-11-20,108.5320,108.7370,108.3440,108.6040,51013
2019-11-21,108.5860,108.6960,108.2750,108.6150,53793
2019-11-22,108.6150,108.7300,108.4750,108.6390,39169
2019-11-25,108.6260,108.9750,108.5960,108.9170,31280
2019-11-26,108.9020,109.2070,108.8740,109.0260,39348
2019-11-27,109.0210,109.6080,109.0080,109.5380,31228
2019-11-28,109.5380,109.5540,109.3310,109.5030,25094
2019-11-29,109.5050,109.6690,109.3960,109.4870,34875
2019-12-02,109.5170,109.7260,108.9240,108.9700,39188
2019-12-03,108.9700,109.2060,108.4820,108.6320,49580
2019-12-04,108.6220,108.9610,108.4260,108.8520,46206
2019-12-05,108.8520,108.9990,108.6530,108.7500,40034
2019-12-06,108.7500,108.9220,108.4760,108.5650,35101
2019-12-09,108.6260,108.6770,108.4290,108.5530,25792
2019-12-10,108.5530,108.7650,108.5120,108.7160,33938
2019-12-11,108.7070,108.8540,108.4630,108.5520,33278
2019-12-12,108.5500,109.4490,108.4530,109.2780,47620
2019-12-13,109.2830,109.7060,108.9210,109.3460,62542
2019-12-16,109.3020,109.6750,109.2760,109.5330,27875
2019-12-17,109.5350,109.6320,109.4410,109.4720,27111
2019-12-18,109.4670,109.6260,109.3990,109.5480,27467
2019-12-19,109.5380,109.6850,109.1800,109.3660,29691
2019-12-20,109.3600,109.5240,109.2550,109.4470,24360
2019-12-23,109.4280,109.5360,109.3380,109.3950,23296
2019-12-24,109.3880,109.4400,109.3250,109.3540,21101
2019-12-26,109.5440,109.6820,109.5270,109.6330,13163
2019-12-27,109.6230,109.6230,109.3880,109.4580,35041
2019-12-30,109.3850,109.4840,108.7650,108.8730,31232
2019-12-31,108.8730,108.8840,108.4670,108.6580,28414
2020-01-02,108.7050,108.8640,108.2100,108.5660,24641
2020-01-03,108.5550,108.6270,107.8390,108.1010,53832
2020-01-06,107.8840,108.5040,107.7690,108.3650,44768
2020-01-07,108.3620,108.6280,108.2590,108.4390,42804
2020-01-08,108.4390,109.2430,107.6470,109.1030,82424
2020-01-09,109.1030,109.5800,109.0100,109.5140,40914
2020-01-10,109.5130,109.6880,109.4320,109.5000,30309
2020-01-13,109.5200,109.9440,109.5010,109.9420,23776
2020-01-14,109.9390,110.2120,109.8500,109.9820,36033
2020-01-15,109.9730,110.0080,109.7880,109.8920,31717
2020-01-16,109.8830,110.1780,109.8480,110.1510,27494
2020-01-17,110.1360,110.2870,110.0460,110.1610,26920
2020-01-20,110.1050,110.2150,110.1020,110.1780,18702
2020-01-21,110.1780,110.2200,109.7600,109.8590,34700
2020-01-22,109.8570,110.0990,109.8270,109.8340,31492
2020-01-23,109.8290,109.8600,109.2640,109.4850,41211
2020-01-24,109.4850,109.6500,109.1700,109.2780,38021
2020-01-27,108.9680,109.1350,108.7290,108.8830,58413
2020-01-28,108.8840,109.2000,108.7540,109.1370,41155
2020-01-29,109.1370,109.2640,108.9740,109.0090,38602
2020-01-30,109.0090,109.0640,108.5790,108.9490,60894
2020-01-31,108.9500,109.1340,108.3050,108.3460,58477
2020-02-03,108.4310,108.7970,108.3110,108.6670,53147
2020-02-04,108.6800,109.5430,108.5470,109.5180,44163
2020-02-05,109.5170,109.8420,109.3020,109.8150,49739
2020-02-06,109.8140,110.0050,109.7470,109.9860,38165
2020-02-07,109.9850,110.0200,109.5310,109.7760,50008
2020-02-10,109.6850,109.8760,109.5590,109.7710,43537
2020-02-11,109.7650,109.9610,109.7290,109.7820,32682
2020-02-12,109.7810,110.1340,109.7560,110.0970,36209
2020-02-13,110.0950,110.0950,109.6160,109.8150,52416
2020-02-14,109.7870,109.9100,109.6960,109.7720,36355
2020-02-17,109.8030,109.9600,109.7170,109.8710,25100
2020-02-18,109.8660,109.9460,109.6550,109.8660,43546
2020-02-19,109.8660,111.5890,109.8340,111.3620,43096
2020-02-20,111.3560,112.2250,111.1100,112.0710,70874
2020-02-21,112.0720,112.1850,111.4690,111.5660,65348
2020-02-24,111.3150,111.6810,110.3300,110.7080,87480
2020-02-25,110.6970,111.0390,109.8880,110.1900,118392
2020-02-26,110.1890,110.6990,110.1280,110.4190,125799
2020-02-27,110.4180,110.4530,109.5650,109.5760,143550
2020-02-28,109.5740,109.6780,107.5060,108.0620,173521
2020-03-02,107.5130,108.5760,107.3610,108.2920,147329
2020-03-03,108.3360,108.5320,106.9290,107.1270,139112
2020-03-04,107.1290,107.6870,106.8420,107.5140,120312
2020-03-05,107.5150,107.7390,105.9640,106.1500,110098
2020-03-06,106.1490,106.3400,104.9920,105.3480,154579
2020-03-09,104.4250,104.5800,101.1770,102.2620,212682
2020-03-10,102.2620,105.9140,102.0010,105.2450,250197
2020-03-11,105.2450,105.3740,104.0880,104.4290,188718
2020-03-12,104.4290,106.1000,103.0890,104.8290,209575
2020-03-13,104.8200,108.4960,104.5030,107.9980,229165
2020-03-16,106.9060,107.5640,105.1370,105.8770,234339
2020-03-17,105.8820,107.8610,105.8790,107.6320,325683
2020-03-18,107.6320,108.6510,106.7510,108.0160,306898
2020-03-19,108.0130,110.9540,107.9730,110.8340,323517
2020-03-20,110.8340,111.5040,109.3260,110.8540,254031
2020-03-23,110.7790,111.5960,109.6630,111.2270,245980
2020-03-24,111.2270,111.7110,110.0810,111.2880,215805
2020-03-25,111.2880,111.6760,110.7520,111.1330,222961
2020-03-26,111.1330,111.2410,109.2040,109.4050,220524
2020-03-27,109.4000,109.4720,107.7560,107.9750,174056
2020-03-30,107.6760,108.2930,107.1200,107.7000,149146
2020-03-31,107.6930,108.7250,107.4580,107.4850,155729
2020-04-01,107.5470,107.9360,106.9180,107.1520,127628
2020-04-02,107.1500,108.0910,107.0130,107.8570,132050
2020-04-03,107.8570,108.6760,107.7970,108.4560,111211
2020-04-06,108.3460,109.3790,108.3390,109.2110,128896
2020-04-07,109.2160,109.2760,108.6680,108.7380,124052
2020-04-08,108.7410,109.0950,108.5020,108.8120,106411
2020-04-09,108.8120,109.0620,108.2060,108.4110,99367
2020-04-10,108.4080,108.5870,108.3270,108.4210,32025
2020-04-13,108.4210,108.5240,107.4990,107.7500,123621
2020-04-14,107.7480,107.7610,106.9780,107.2060,104971
2020-04-15,107.2030,107.8680,106.9250,107.4250,128546
2020-04-16,107.4220,108.0810,107.1620,107.9160,141544
2020-04-17,107.9200,108.0840,107.2970,107.5510,146951
2020-04-20,107.3960,107.9460,107.3900,107.6060,94970
2020-04-21,107.6120,107.8910,107.2790,107.7580,126364
2020-04-22,107.7840,107.9370,107.5130,107.7350,93498
2020-04-23,107.7430,108.0420,107.3440,107.5560,124251
2020-04-24,107.5640,107.7580,107.3680,107.4870,97221
2020-04-27,107.5410,107.6200,106.9910,107.2060,97628
2020-04-28,107.1760,107.3380,106.5580,106.8590,83909
2020-04-29,106.8570,106.8930,106.3560,106.6070,73409
2020-04-30,106.6000,107.4960,106.4030,107.1300,85270
2020-05-01,107.1180,107.4030,106.6030,106.9140,60304
2020-05-04,106.7760,107.0670,106.6300,106.6740,48716
2020-05-05,106.6710,106.8920,106.4140,106.4860,48089
2020-05-06,106.4710,106.6670,105.9850,106.0680,55080
2020-05-07,106.0590,106.6530,105.9880,106.2480,55464
2020-05-08,106.2400,106.7450,106.2200,106.6820,50828
2020-05-11,106.5020,107.7660,106.4820,107.6010,49965
2020-05-12,107.5940,107.6910,107.1150,107.1150,41231
2020-05-13,107.1090,107.2750,106.7410,107.0140,45490
2020-05-14,107.0200,107.3630,106.7730,107.2340,47269
2020-05-15,107.2340,107.4310,106.8540,107.1640,40562
2020-05-18,107.0830,107.5030,107.0650,107.2950,38611
2020-05-19,107.2900,108.0850,107.2470,107.6950,43475
2020-05-20,107.6880,107.9810,107.3340,107.4840,35141
2020-05-21,107.3820,107.8470,107.3820,107.5980,37274
2020-05-22,107.5820,107.7620,107.3210,107.6070,32409
2020-05-25,107.5570,107.7790,107.5470,107.6550,21242
2020-05-26,107.6490,107.9210,107.3990,107.5040,34982
2020-05-27,107.4840,107.9440,107.3640,107.7300,48380
2020-05-28,107.6970,107.8990,107.5710,107.6140,46864
2020-05-29,107.5990,107.8930,107.0770,107.7850,56851
2020-06-01,107.6740,107.8540,107.3810,107.5800,41746
2020-06-02,107.5780,108.7700,107.5110,108.6590,47838
2020-06-03,108.6550,108.9800,108.4220,108.8920,53657
2020-06-04,108.8690,109.1950,108.6130,109.1370,56876
2020-06-05,109.1340,109.8480,109.0430,109.5870,59252
2020-06-08,109.5470,109.6890,108.2320,108.4220,47285
2020-06-09,108.4210,108.5400,107.6180,107.7430,58494
2020-06-10,107.7440,107.8710,106.9840,107.1100,57666
2020-06-11,107.0830,107.2310,106.5690,106.8570,63584
2020-06-12,106.8590,107.5520,106.5830,107.3480,66543
2020-06-15,107.2910,107.5650,106.9980,107.3280,54728
2020-06-16,107.3270,107.6370,107.2090,107.3210,58442
2020-06-17,107.3100,107.4400,106.9490,106.9970,42534
2020-06-18,106.9980,107.1260,106.6660,106.9700,48819
2020-06-19,106.9690,107.0560,106.7640,106.8700,39203
2020-06-22,106.7730,107.0090,106.7480,106.8980,36240
2020-06-23,106.9000,107.2190,106.0710,106.5170,53696
2020-06-24,106.5150,107.0680,106.3820,107.0400,49037
2020-06-25,107.0400,107.4510,106.9540,107.1810,42227
2020-06-26,107.2060,107.3580,106.7980,107.2190,39897
2020-06-29,107.0600,107.8820,107.0380,107.5730,41338
2020-06-30,107.5700,107.9810,107.5190,107.9230,47618
2020-07-01,107.9240,108.1610,107.3580,107.4640,43173
2020-07-02,107.4630,107.7210,107.3290,107.4990,36920
2020-07-03,107.5000,107.5660,107.4270,107.4880,23141
2020-07-06,107.4390,107.7710,107.2540,107.3270,30426
2020-07-07,107.3170,107.7900,107.2440,107.5150,32362
2020-07-08,107.5490,107.7100,107.2010,107.2530,30389
2020-07-09,107.2510,107.3960,107.0960,107.1960,38274
2020-07-10,107.1970,107.2630,106.6390,106.9140,31985
2020-07-13,106.8660,107.3170,106.7860,107.2910,31339
2020-07-14,107.2900,107.4300,107.1170,107.2310,36308
2020-07-15,107.2220,107.3060,106.6630,106.9300,34718
2020-07-16,106.9330,107.3990,106.8310,107.2420,33394
2020-07-17,107.2510,107.3600,106.9370,107.0160,26921
2020-07-20,107.0130,107.5330,107.0070,107.2510,31341
2020-07-21,107.2560,107.3650,106.6810,106.7950,35399
2020-07-22,106.7950,107.2870,106.7080,107.1530,32665
2020-07-23,107.1530,107.2280,106.7090,106.8560,27048
2020-07-24,106.8540,106.8910,105.6790,106.1210,41098
2020-07-27,106.0120,106.1070,105.1140,105.3680,45944
2020-07-28,105.3690,105.6830,104.9540,105.0900,46709
2020-07-29,105.0350,105.2390,104.7690,104.9140,47920
2020-07-30,104.9160,105.2920,104.6780,104.7230,55501
2020-07-31,104.7040,106.0540,104.1850,105.9270,73855
2020-08-03,105.7690,106.4700,105.5780,105.9480,70271
2020-08-04,105.9410,106.1930,105.6350,105.7110,47871
2020-08-05,105.7090,105.8700,105.3190,105.5940,46479
2020-08-06,105.5480,105.6950,105.2980,105.5470,47029
2020-08-07,105.5430,106.0520,105.4790,105.9170,46251
2020-08-10,105.8410,106.2010,105.7050,105.9580,31006
2020-08-11,105.9550,106.6800,105.9050,106.4860,47976
2020-08-12,106.4970,107.0120,106.4380,106.9070,49864
2020-08-13,106.8980,107.0470,106.5610,106.9220,42963
2020-08-14,106.9240,107.0360,106.4340,106.5700,34041
2020-08-17,106.5120,106.6530,105.9410,105.9990,38196
2020-08-18,105.9760,106.0530,105.2810,105.4010,45543
2020-08-19,105.4230,106.1500,105.0990,106.0980,53191
2020-08-20,106.1090,106.2130,105.7410,105.7970,52466
2020-08-21,105.7760,106.0690,105.4410,105.8140,46839
2020-08-24,105.7640,105.9950,105.6860,105.9710,32651
2020-08-25,105.9710,106.5740,105.8700,106.3820,44174
2020-08-26,106.3720,106.5580,105.9540,105.9820,39929
2020-08-27,105.9890,106.6970,105.6010,106.5590,58716
2020-08-28,106.5630,106.9440,105.2000,105.3400,75396
2020-08-31,105.4290,106.0940,105.2890,105.8980,58862
2020-09-01,105.9000,106.1510,105.5900,105.9500,59030
2020-09-02,105.9560,106.2980,105.8480,106.1800,49111
2020-09-03,106.1350,106.5500,106.0000,106.1830,49495
2020-09-04,106.1840,106.5030,106.0550,106.2340,43582
2020-09-07,106.2510,106.3840,106.1300,106.2680,27011
2020-09-08,106.2820,106.3810,105.8580,106.0230,41277
2020-09-09,106.0140,106.2710,105.7880,106.1730,40597
2020-09-10,106.1910,106.2990,105.9780,106.1270,39538
2020-09-11,106.1380,106.2610,106.0560,106.1440,31976
2020-09-14,106.0970,106.1640,105.5460,105.7240,29045
2020-09-15,105.7230,105.8120,105.2990,105.4390,32375
2020-09-16,105.4360,105.4360,104.7990,104.9450,43188
2020-09-17,104.9450,105.1710,104.5230,104.7380,42698
2020-09-18,104.7370,104.8690,104.2700,104.5610,33146
2020-09-21,104.5070,104.8870,103.9990,104.6410,40454
2020-09-22,104.6380,105.0780,104.4030,104.9230,34387
2020-09-23,104.9260,105.4940,104.8590,105.3830,42964
2020-09-24,105.3940,105.5290,105.2040,105.4130,45705
2020-09-25,105.4120,105.6980,105.2400,105.5480,38563
2020-09-28,105.4880,105.6810,105.2630,105.4790,36855
2020-09-29,105.4790,105.7330,105.3430,105.6480,41747
2020-09-30,105.6470,105.8030,105.4020,105.4450,51927
2020-10-01,105.5190,105.7270,105.4030,105.5190,49433
2020-10-02,105.5190,105.6650,104.9410,105.3280,57381
2020-10-05,105.2630,105.7920,105.2630,105.7450,41466
2020-10-06,105.7500,105.7860,105.4700,105.6270,41945
2020-10-07,105.6250,106.1060,105.5950,105.9750,41186
2020-10-08,105.9650,106.1070,105.9240,106.0220,36335
2020-10-09,106.0220,106.0400,105.5790,105.6250,42767
2020-10-12,105.7700,105.7880,105.2410,105.3400,37763
2020-10-13,105.3400,105.6270,105.2650,105.4720,39455
2020-10-14,105.4700,105.5170,105.0350,105.1660,38092
2020-10-15,105.1640,105.4920,105.0820,105.4220,42739
2020-10-16,105.4220,105.4620,105.1890,105.3980,38811
2020-10-19,105.3720,105.5020,105.3010,105.4360,32467
2020-10-20,105.4280,105.7460,105.3450,105.4930,40596
2020-10-21,105.4950,105.5330,104.3400,104.5800,48408
2020-10-22,104.5880,104.9210,104.4760,104.8610,34332
2020-10-23,104.8550,104.9360,104.5460,104.7100,29256
2020-10-26,104.6670,105.0550,104.6530,104.8350,32647
2020-10-27,104.8350,104.8890,104.3880,104.4600,26447
2020-10-28,104.4600,104.5550,104.1130,104.3010,37281
2020-10-29,104.2980,104.7260,104.0230,104.5980,36580
2020-10-30,104.5980,104.7420,104.1240,104.6670,38639
2020-11-02,104.4880,104.9470,104.4860,104.7280,30475
2020-11-03,104.7300,104.8450,104.4320,104.4530,44175
2020-11-04,104.4530,105.3440,104.1500,104.5210,80869
2020-11-05,104.5220,104.5350,103.4400,103.4640,66459
2020-11-06,103.4650,103.7620,103.1750,103.3670,66125
2020-11-09,103.2960,105.6470,103.1820,105.3560,81691
2020-11-10,105.3640,105.4870,104.8200,105.2950,68651
2020-11-11,105.2810,105.6760,105.0040,105.4270,46107
2020-11-12,105.4260,105.4760,105.0700,105.1290,42740
2020-11-13,105.1210,105.1590,104.5640,104.6120,44088
2020-11-16,104.7160,105.1320,104.3620,104.5720,44836
2020-11-17,104.5720,104.5990,104.0700,104.1910,42392
2020-11-18,104.2050,104.2050,103.6510,103.8250,39224
2020-11-19,103.8270,104.2150,103.7170,103.7400,44342
2020-11-20,103.7360,103.9100,103.6870,103.8270,36994
2020-11-23,103.7460,104.6350,103.6830,104.4970,40445
2020-11-24,104.4960,104.7600,104.1460,104.4460,45499
2020-11-25,104.4390,104.5980,104.2530,104.4610,46210
2020-11-26,104.4530,104.4640,104.2160,104.2560,48425
2020-11-27,104.2660,104.2810,103.9050,104.0900,33509
2020-11-30,103.9950,104.4100,103.8270,104.3150,42630
2020-12-01,104.3060,104.5790,104.1820,104.3140,44178
2020-12-02,104.3120,104.7510,104.2250,104.4080,64927
2020-12-03,104.4140,104.5360,103.6720,103.8340,78437
2020-12-04,103.8320,104.2430,103.7380,104.1880,66895
2020-12-07,104.1160,104.3120,103.9200,104.0450,66074
2020-12-08,104.0640,104.2050,103.9540,104.1610,62511
2020-12-09,104.1610,104.4060,104.0530,104.2250,58945
2020-12-10,104.2110,104.5790,104.1730,104.2460,71831
2020-12-11,104.2450,104.2670,103.8230,104.0250,64070
2020-12-14,103.9580,104.1030,103.5120,104.0320,63521
2020-12-15,104.0470,104.1520,103.6080,103.6680,51860
2020-12-16,103.6740,103.9180,103.2610,103.4650,69083
2020-12-17,103.4680,103.5610,102.8750,103.0920,70000
2020-12-18,103.0830,103.5960,103.0370,103.3130,63445
2020-12-21,103.5350,103.8890,103.2510,103.3190,91307
2020-12-22,103.3260,103.7340,103.2790,103.6400,68318
2020-12-23,103.6340,103.6530,103.3570,103.5450,63511
2020-12-24,103.5370,103.7650,103.4870,103.6710,40048
2020-12-28,103.4970,103.8980,103.4030,103.7780,51232
2020-12-29,103.7880,103.8150,103.4630,103.5680,52787
2020-12-30,103.5710,103.5860,102.9610,103.1820,55136
2020-12-31,103.1800,103.3160,102.9950,103.2530,44935
2021-01-04,103.1210,103.3160,102.7120,103.1260,71780
2021-01-05,103.1000,103.1910,102.6050,102.7110,69073
2021-01-06,102.7010,103.4440,102.5910,103.0360,98042
2021-01-07,103.0320,103.9570,102.9510,103.7950,81548
2021-01-08,103.7960,104.0920,103.6040,103.9670,89581
2021-01-11,103.8430,104.4000,103.8320,104.2550,63440
2021-01-12,104.2610,104.3330,103.7200,103.7520,65638
2021-01-13,103.7530,103.9950,103.5260,103.8780,58354
2021-01-14,103.8800,104.1980,103.5640,103.7990,66428
2021-01-15,103.7990,103.9130,103.6160,103.8690,53731
2021-01-18,103.7950,103.9300,103.6380,103.6870,49811
2021-01-19,103.6860,104.0860,103.6510,103.9010,53230
2021-01-20,103.8990,103.9280,103.4470,103.5380,49971
2021-01-21,103.5300,103.6680,103.3280,103.4960,60109
2021-01-22,103.4930,103.8870,103.4800,103.7700,44782
2021-01-25,103.7750,103.9370,103.6730,103.7450,35504
2021-01-26,103.7330,103.8280,103.5550,103.6200,36900
2021-01-27,103.6140,104.2010,103.5870,104.0910,44334
2021-01-28,104.0880,104.4630,104.0240,104.2290,48096
2021-01-29,104.2290,104.9400,104.1650,104.7230,48580
2021-02-01,104.7650,105.0350,104.6080,104.9220,33932
2021-02-02,104.9280,105.1750,104.8290,104.9680,38446
2021-02-03,104.9700,105.1060,104.9210,105.0290,30342
2021-02-04,105.0250,105.5650,104.9730,105.5200,35020
2021-02-05,105.5140,105.7680,105.3340,105.3820,48086
2021-02-08,105.3010,105.6710,105.1510,105.2080,42442
2021-02-09,105.2070,105.2640,104.4980,104.5620,48597
2021-02-10,104.5630,104.8450,104.4080,104.5880,38282
2021-02-11,104.5880,104.8040,104.5500,104.7190,32748
2021-02-12,104.7430,105.1810,104.7110,104.9240,39361
2021-02-15,104.8960,105.4170,104.8910,105.3680,38779
2021-02-16,105.3670,106.0750,105.1800,106.0380,53571
2021-02-17,106.0340,106.2240,105.7790,105.8610,61122
2021-02-18,105.8630,105.9240,105.6000,105.7020,47837
2021-02-19,105.7030,105.7430,105.2380,105.4210,48798
2021-02-22,105.3770,105.8440,104.9810,105.0710,54944
2021-02-23,105.0700,105.4300,104.9220,105.2400,54540
2021-02-24,105.2490,106.1040,105.1620,105.8730,67647
2021-02-25,105.8690,106.4050,105.8130,106.1990,93191
2021-02-26,106.1990,106.6950,105.8480,106.5520,105705
2021-03-01,106.4760,106.8890,106.3650,106.7570,62580
2021-03-02,106.7610,106.9580,106.6550,106.6840,55062
2021-03-03,106.6870,107.1520,106.6680,107.0020,49817
2021-03-04,106.9970,107.9860,106.9410,107.9700,58749
2021-03-05,107.9320,108.6450,107.8190,108.3790,67132
2021-03-08,108.2750,108.9420,108.2450,108.8660,67838
2021-03-09,108.8670,109.2350,108.4140,108.4770,82615
2021-03-10,108.4710,108.9200,108.3380,108.3720,76041
2021-03-11,108.3690,108.8120,108.3450,108.4990,76811
2021-03-12,108.4990,109.1640,108.4860,109.0270,75092
2021-03-15,108.9980,109.3650,108.9130,109.1340,62155
2021-03-16,109.1390,109.2880,108.7710,108.9940,57747
2021-03-17,108.9930,109.3260,108.7420,108.8470,60030
2021-03-18,108.8440,109.3020,108.6250,108.9290,77439
2021-03-19,108.9290,109.1290,108.6090,108.8790,66398
2021-03-22,108.6710,108.9550,108.6050,108.8310,53208
2021-03-23,108.8320,108.8730,108.4070,108.6140,53679
2021-03-24,108.6140,108.9560,108.4510,108.7250,58975
2021-03-25,108.7230,109.2370,108.7120,109.1650,53104
2021-03-26,109.1630,109.8470,109.1310,109.6760,50209
2021-03-29,109.7070,109.8450,109.3730,109.8030,48136
2021-03-30,109.7940,110.4280,109.7210,110.3510,53004
2021-03-31,110.3570,110.9660,110.2730,110.7080,63528
2021-04-01,110.7030,110.8470,110.5450,110.6040,47842
2021-04-02,110.5950,110.7490,110.3740,110.6230,40142
2021-04-05,110.5950,110.7490,109.9620,110.1730,37482
2021-04-06,110.1740,110.5530,109.6680,109.7430,57894
2021-04-07,109.7430,109.9420,109.5780,109.8320,64151
2021-04-08,109.8460,109.9040,108.9990,109.2700,55516
2021-04-09,109.2680,109.9600,109.2030,109.6580,52949
2021-04-12,109.6050,109.7690,109.2450,109.3780,48226
2021-04-13,109.3840,109.7520,109.0180,109.0590,63107
2021-04-14,109.0540,109.0950,108.7510,108.9160,44204
2021-04-15,108.9120,108.9650,108.6110,108.7620,39113
2021-04-16,108.7620,108.9640,108.6100,108.7930,36034
2021-04-19,108.7260,108.8330,108.0090,108.1530,42880
2021-04-20,108.1380,108.5460,107.9700,108.1010,41837
2021-04-21,108.0990,108.2810,107.8740,108.0690,34821
2021-04-22,108.0520,108.2320,107.8140,107.9620,37674
2021-04-23,107.9620,108.1450,107.4770,107.8750,37357
2021-04-26,107.8870,108.1970,107.6430,108.0900,37077
2021-04-27,108.0830,108.7770,108.0550,108.6910,35305
2021-04-28,108.6670,109.0750,108.5710,108.5890,47670
2021-04-29,108.5960,109.2230,108.4360,108.9120,37507
2021-04-30,108.9250,109.3420,108.7110,109.3290,41903
2021-05-03,109.2610,109.6960,108.8940,109.0710,34842
2021-05-04,109.0660,109.4870,109.0220,109.3150,47685
2021-05-05,109.3230,109.4800,109.1430,109.1880,34729
2021-05-06,109.1880,109.4270,109.0010,109.0900,50793
2021-05-07,109.0890,109.2870,108.3380,108.6040,53458
2021-05-10,108.5450,109.0560,108.4650,108.8100,44651
2021-05-11,108.7920,108.9820,108.3480,108.6150,51720
2021-05-12,108.6090,109.7060,108.5480,109.6990,58279
2021-05-13,109.6640,109.7850,109.4050,109.4530,53550
2021-05-14,109.4480,109.6560,109.1860,109.3620,44480
2021-05-17,109.2540,109.5010,109.0730,109.2090,37764
2021-05-18,109.2090,109.2830,108.8340,108.8880,41944
2021-05-19,108.8950,109.3370,108.5710,109.2270,58711
2021-05-20,109.2180,109.3080,108.7480,108.7670,52253
2021-05-21,108.7730,109.0030,108.6100,108.9450,44086
2021-05-24,108.8910,108.9960,108.6960,108.7400,48897
2021-05-25,108.7400,109.0700,108.5580,108.7470,56553
2021-05-26,108.7460,109.1780,108.7220,109.1390,51578
2021-05-27,109.1360,109.9230,109.0370,109.8080,59453
2021-05-28,109.8080,110.2000,109.7280,109.8720,55317
2021-05-31,109.7460,109.9330,109.3540,109.5560,35337
2021-06-01,109.5570,109.7070,109.3290,109.4670,49664
2021-06-02,109.4670,109.8850,109.3810,109.5470,47477
2021-06-03,109.5470,110.3210,109.5070,110.2760,54099
2021-06-04,110.2760,110.3290,109.3630,109.5240,51108
2021-06-07,109.5760,109.6370,109.1860,109.2380,44026
2021-06-08,109.2380,109.5570,109.1990,109.4920,51428
2021-06-09,109.4850,109.6570,109.2250,109.6180,47428
2021-06-10,109.6070,109.7970,109.3050,109.3190,62471
2021-06-11,109.3160,109.8440,109.2940,109.6820,58950
2021-06-14,109.6270,110.0980,109.6100,110.0710,52811
2021-06-15,110.0700,110.1680,109.9870,110.0560,49979
2021-06-16,110.0530,110.7210,109.8040,110.7080,56973
2021-06-17,110.7060,110.8230,110.1660,110.2210,79003
2021-06-18,110.2200,110.3320,109.9410,110.2110,74353
2021-06-21,110.0950,110.3520,109.7160,110.3140,85146
2021-06-22,110.3130,110.7910,110.2110,110.6580,57913
2021-06-23,110.6570,111.1020,110.5670,110.9490,60739
2021-06-24,110.9480,111.1150,110.6870,110.8740,68409
2021-06-25,110.8720,110.9840,110.4800,110.7780,58731
2021-06-28,110.7260,110.9770,110.4970,110.6140,61650
2021-06-29,110.6170,110.7600,110.4300,110.5380,66259
2021-06-30,110.5280,111.1210,110.4170,111.1010,72995
2021-07-01,111.1010,111.6380,111.0270,111.5210,67131
2021-07-02,111.5190,111.6590,110.9510,111.0200,67644
2021-07-05,110.9460,111.1900,110.7960,110.9620,62273
2021-07-06,110.9500,110.9760,110.5210,110.6100,72127
2021-07-07,110.6130,110.8150,110.3950,110.6080,80357
2021-07-08,110.6050,110.6830,109.5320,109.7480,88373
2021-07-09,109.7470,110.2580,109.7030,110.1020,74390
2021-07-12,110.0760,110.4010,109.9760,110.3490,52851
2021-07-13,110.3480,110.6470,110.1980,110.6270,62185
2021-07-14,110.6170,110.6980,109.9340,109.9500,59684
2021-07-15,109.9370,110.0890,109.7140,109.8310,62785
2021-07-16,109.8090,110.3410,109.7320,110.0810,60672
2021-07-19,110.0040,110.0970,109.0650,109.4470,71600
2021-07-20,109.4510,109.9560,109.2970,109.8430,72643
2021-07-21,109.8370,110.3860,109.7670,110.2860,60249
2021-07-22,110.2790,110.3590,110.0130,110.1490,53379
2021-07-23,110.1480,110.5930,110.0860,110.5470,47935
2021-07-26,110.4480,110.5840,110.1160,110.3810,50221
2021-07-27,110.3660,110.3920,109.5810,109.7740,60337
2021-07-28,109.7550,110.2860,109.7140,109.9090,64448
2021-07-29,109.9040,109.9460,109.4210,109.4700,54940
2021-07-30,109.4550,109.8270,109.3600,109.6560,48490
2021-08-02,109.6240,109.7700,109.1860,109.3050,42458
2021-08-03,109.2940,109.3390,108.8770,109.0420,48119
2021-08-04,109.0210,109.6760,108.7210,109.4730,52918
2021-08-05,109.4730,109.7880,109.4030,109.7610,51024
2021-08-06,109.7530,110.3550,109.6970,110.2170,49525
2021-08-09,110.1960,110.3540,110.0250,110.2670,42618
2021-08-10,110.2550,110.5980,110.2500,110.5600,43010
2021-08-11,110.5500,110.8000,110.3080,110.4280,50406
2021-08-12,110.4010,110.5460,110.3160,110.3860,37739
2021-08-13,110.3860,110.4560,109.5450,109.5920,38688
2021-08-16,109.5350,109.7510,109.1130,109.2430,44471
2021-08-17,109.2580,109.6560,109.1180,109.5950,48944
2021-08-18,109.5690,110.0660,109.4710,109.7630,50445
2021-08-19,109.7540,110.2280,109.4820,109.7630,62929
2021-08-20,109.7350,109.8850,109.5690,109.7990,45012
2021-08-23,109.6860,110.1470,109.6160,109.6940,47475
2021-08-24,109.6800,109.8810,109.4130,109.6790,42705
2021-08-25,109.6760,110.1240,109.4740,110.0230,47422
2021-08-26,109.9510,110.2270,109.9260,110.0810,57712
2021-08-27,110.0830,110.2670,109.7790,109.8500,52802
2021-08-30,109.8490,109.9630,109.7030,109.9130,32649
2021-08-31,109.9070,110.0790,109.5860,110.0070,56215
2021-09-01,109.9910,110.4180,109.8800,110.0250,56113
2021-09-02,110.0080,110.1200,109.9160,109.9370,41662
2021-09-03,109.9210,110.0730,109.5920,109.7120,54499
2021-09-06,109.6470,109.9470,109.6450,109.8450,29213
2021-09-07,109.8180,110.3170,109.6860,110.2820,53694
2021-09-08,110.2670,110.4470,110.1410,110.2570,60304
2021-09-09,110.2250,110.2720,109.6200,109.7180,64775
2021-09-10,109.7220,109.9910,109.6330,109.9040,49516
2021-09-13,109.8290,110.1590,109.7870,110.0040,44355
2021-09-14,109.9880,110.1620,109.5260,109.6830,58876
2021-09-15,109.6820,109.7420,109.1130,109.3680,55215
2021-09-16,109.3580,109.8290,109.2130,109.7270,54815
2021-09-17,109.7220,110.0820,109.6660,109.9690,51308
2021-09-20,109.8860,110.0360,109.3220,109.4000,58917
2021-09-21,109.3780,109.7070,109.1830,109.2120,67544
2021-09-22,109.2130,109.9000,109.1190,109.7830,86125
2021-09-23,109.7660,110.3460,109.7160,110.3220,61821
2021-09-24,110.3200,110.7930,110.2520,110.7350,51430
2021-09-27,110.6760,111.0660,110.5340,111.0070,54704
2021-09-28,110.9730,111.6390,110.9340,111.4960,71358
2021-09-29,111.4960,112.0480,111.2070,111.9650,72621
2021-09-30,111.9580,112.0810,111.2370,111.2930,71036
2021-10-01,111.2420,111.4880,110.9050,111.0660,76154
2021-10-04,111.0550,111.3030,110.8210,110.9210,68116
2021-10-05,110.9120,111.5630,110.8640,111.4630,60679
2021-10-06,111.4560,111.7880,111.2020,111.4050,71867
2021-10-07,111.3820,111.6500,111.2300,111.6210,53346
2021-10-08,111.6060,112.2490,111.5090,112.2250,62783
2021-10-11,112.1030,113.4130,112.1030,113.3070,49636
2021-10-12,113.2870,113.7870,113.0020,113.6060,68662
2021-10-13,113.5820,113.8040,113.2260,113.2450,65181
2021-10-14,113.2430,113.7180,113.2080,113.6730,56933
2021-10-15,113.6680,114.4660,113.6420,114.2490,68671
2021-10-18,114.2520,114.4510,114.0140,114.3170,71009
2021-10-19,114.3130,114.3940,113.8780,114.3670,65490
2021-10-20,114.3510,114.6980,114.0790,114.2430,75277
2021-10-21,114.2430,114.4130,113.6510,113.9960,77046
2021-10-22,113.9950,114.2070,113.4110,113.4870,77596
2021-10-25,113.5510,113.9240,113.4580,113.7080,68304
2021-10-26,113.6950,114.3120,113.6750,114.1470,56385
2021-10-27,114.1260,114.2210,113.3880,113.8230,82483
2021-10-28,113.7900,113.8670,113.2550,113.5700,86044
2021-10-29,113.5510,114.0960,113.3900,113.9610,80555
2021-11-01,114.1020,114.4440,113.9390,114.0060,57549
2021-11-02,113.9920,114.1340,113.4630,113.9500,68662
2021-11-03,113.9420,114.2190,113.7200,113.9900,76286
2021-11-04,113.9750,114.2780,113.5070,113.7530,76810
2021-11-05,113.7460,114.0280,113.2990,113.3870,81523
2021-11-08,113.3210,113.6660,113.0790,113.2170,65561
2021-11-09,113.1930,113.2880,112.7250,112.8690,79416
2021-11-10,112.8550,114.0150,112.7720,113.9000,84209
2021-11-11,113.8960,114.1540,113.8050,114.0500,54662
2021-11-12,114.0530,114.3000,113.7590,113.9190,63715
2021-11-15,113.9070,114.2170,113.7490,114.1160,62606
2021-11-16,114.1010,114.8460,114.0470,114.8140,70109
2021-11-17,114.8030,114.9680,113.9330,114.0900,72918
2021-11-18,114.0700,114.4870,113.8750,114.2510,70711
2021-11-19,114.2330,114.5380,113.5850,114.0170,96466
2021-11-22,113.9140,114.9600,113.8940,114.8720,77173
2021-11-23,114.8650,115.1920,114.4820,115.1390,95162
2021-11-24,115.1110,115.5200,114.8230,115.4070,93788
2021-11-25,115.3930,115.4540,115.2410,115.3600,67429
2021-11-26,115.3330,115.3660,113.0500,113.3510,155971
2021-11-29,113.6170,113.9540,112.9910,113.5240,116122
2021-11-30,113.5100,113.8880,112.5300,113.1600,143922
2021-12-01,113.1400,113.6300,112.6700,112.7720,118149
2021-12-02,112.7510,113.3280,112.6190,113.1910,124184
2021-12-03,113.1800,113.6100,112.5550,112.8310,109055
2021-12-06,112.8350,113.5550,112.8350,113.4740,85548
2021-12-07,113.4670,113.7810,113.3960,113.5710,73502
2021-12-08,113.6120,113.9550,113.3110,113.6980,94295
2021-12-09,113.6680,113.8100,113.2710,113.4770,75620
2021-12-10,113.4460,113.7900,113.2220,113.3830,75337
2021-12-13,113.2770,113.7290,113.2730,113.5800,64804
2021-12-14,113.5570,113.7560,113.3160,113.7340,69496
2021-12-15,113.7220,114.2710,113.6200,114.0450,75859
2021-12-16,114.0210,114.2450,113.5620,113.6960,85829
2021-12-17,113.6940,113.8530,113.1380,113.7020,87630
2021-12-20,113.5310,113.7260,113.3270,113.6290,85299
2021-12-21,113.6210,114.2190,113.4750,114.0830,56066
2021-12-22,114.0710,114.3690,113.9450,114.0950,55862
2021-12-23,114.0840,114.4670,114.0440,114.3990,49864
2021-12-24,114.3880,114.5120,114.2960,114.3460,52747
2021-12-27,114.3040,114.9130,114.3040,114.8850,40601
2021-12-28,114.8780,114.9480,114.7050,114.8190,44969
2021-12-29,114.8000,115.0380,114.6640,114.9600,52660
2021-12-30,114.9480,115.2060,114.9000,115.0580,54106
2021-12-31,115.0520,115.1990,115.0000,115.0880,40879
2022-01-03,115.0580,115.3660,114.9460,115.3270,50038
2022-01-04,115.3080,116.3490,115.2720,116.1400,67158
2022-01-05,116.1260,116.2520,115.6190,116.1150,67328
2022-01-06,116.0790,116.1810,115.6230,115.8390,75721
2022-01-07,115.8380,116.0480,115.5340,115.5510,55875
2022-01-10,115.5220,115.8500,115.0410,115.2030,52334
2022-01-11,115.1840,115.6810,115.1170,115.2890,53866
2022-01-12,115.2740,115.4680,114.3780,114.6290,57708
2022-01-13,114.6160,114.7030,113.9980,114.1710,45847
2022-01-14,114.1600,114.2610,113.4800,114.1980,66547
2022-01-17,114.1170,114.6490,114.1170,114.6130,32782
2022-01-18,114.6170,115.0580,114.4490,114.5980,69868
2022-01-19,114.5890,114.7880,114.2060,114.3230,66375
2022-01-20,114.3210,114.5480,113.9620,114.1010,71771
2022-01-21,114.0700,114.1490,113.6020,113.6920,77596
2022-01-24,113.6260,113.9990,113.4690,113.9540,89735
2022-01-25,113.9370,114.1570,113.6670,113.8630,88567
2022-01-26,113.8500,114.6940,113.7780,114.6500,80608
2022-01-27,114.6270,115.4890,114.4730,115.3570,111682
2022-01-28,115.3570,115.6870,115.1210,115.2340,100108
2022-01-31,115.2570,115.5930,114.9240,115.1180,87023
2022-02-01,115.0910,115.1920,114.5670,114.6800,86867
2022-02-02,114.6530,114.8050,114.1530,114.4550,70790
2022-02-03,114.4390,114.9880,114.3250,114.9660,94273
2022-02-04,114.9510,115.4310,114.7740,115.1820,92086
2022-02-07,115.2690,115.3790,114.9130,115.0910,77342
2022-02-08,115.0630,115.6270,115.0470,115.5340,72928
2022-02-09,115.5160,115.6770,115.3180,115.5290,69498
2022-02-10,115.5080,116.3420,115.4240,115.9960,101646
2022-02-11,115.9960,116.1760,115.0120,115.4320,101096
2022-02-14,115.3240,115.7460,115.0090,115.5400,120417
2022-02-15,115.5110,115.8740,115.2570,115.6020,95839
2022-02-16,115.5810,115.7890,115.3520,115.4760,87351
2022-02-17,115.4460,115.5370,114.8450,114.9310,112096
2022-02-18,114.9370,115.2960,114.7870,115.0320,91387
2022-02-21,115.0040,115.1280,114.7130,114.7340,65522
2022-02-22,114.7200,115.2420,114.4960,115.0760,122277
2022-02-23,115.0450,115.2010,114.9240,115.0040,71611
2022-02-24,114.9770,115.6970,114.4070,115.5300,188408
2022-02-25,115.5000,115.7600,115.1490,115.5260,118792
2022-02-28,115.2250,115.7820,114.8580,114.9690,122131
2022-03-01,114.9440,115.2880,114.6980,114.9110,102357
2022-03-02,114.8910,115.6860,114.7880,115.5140,110266
2022-03-03,115.4830,115.8070,115.3830,115.4540,92364
2022-03-04,115.4460,115.5550,114.6490,114.8540,124470
