time,open,high,low,close,volume
2012-11-14,1724.9700,1734.0000,1720.6800,1726.7200,157114
2012-11-15,1726.6500,1727.8600,1704.6800,1716.0500,149793
2012-11-16,1717.1600,1717.2100,1705.7500,1713.5700,152735
2012-11-19,1714.5700,1735.5000,1714.2900,1731.6300,127858
2012-11-20,1731.1000,1735.6000,1722.1100,1727.6300,138086
2012-11-21,1727.7500,1731.8400,1720.5000,1728.6000,130964
2012-11-22,1729.0300,1732.5000,1728.4300,1729.7400,66040
2012-11-23,1728.8400,1754.2800,1727.9500,1751.1300,113929
2012-11-26,1750.3500,1752.1900,1745.8600,1748.5600,137326
2012-11-27,1749.1500,1751.7100,1740.3700,1742.0100,144757
2012-11-28,1741.6500,1743.0500,1705.5900,1719.3000,172014
2012-11-29,1719.6000,1728.4800,1718.0000,1725.7000,146770
2012-11-30,1725.4500,1731.6500,1708.4300,1714.1300,152626
2012-12-03,1714.9600,1722.5100,1712.5100,1715.5300,136912
2012-12-04,1716.3100,1717.3300,1691.2100,1697.3800,176274
2012-12-05,1696.4700,1706.8600,1684.7500,1693.7400,151181
2012-12-06,1693.6800,1703.2100,1685.9000,1699.8700,157345
2012-12-07,1699.5200,1705.4700,1684.0100,1703.5900,149382
2012-12-10,1703.6800,1717.2100,1702.6100,1712.8500,100668
2012-12-11,1712.8800,1714.3100,1704.7500,1709.9100,118936
2012-12-12,1710.1100,1723.2700,1707.1100,1711.5100,161501
2012-12-13,1709.8200,1711.1200,1689.3900,1697.2200,189210
2012-12-14,1696.9300,1700.4100,1693.1800,1695.3800,133276
2012-12-17,1699.4800,1699.7800,1686.4900,1698.0100,126095
2012-12-18,1698.3600,1703.0700,1660.8700,1670.4800,161717
2012-12-19,1672.3000,1676.7200,1663.2200,1666.8300,144253
2012-12-20,1666.1500,1671.7800,1635.4800,1647.1500,151079
2012-12-21,1647.9200,1659.6100,1635.4400,1657.0400,145715
2012-12-24,1657.2200,1665.8000,1651.8100,1658.2500,74438
2012-12-26,1655.6100,1667.8900,1655.2300,1659.9600,57474
2012-12-27,1658.7400,1665.3500,1652.5400,1663.8600,90747
2012-12-28,1664.3700,1666.0800,1653.4900,1655.1600,79163
2012-12-31,1656.0200,1680.4000,1655.8200,1676.1200,65531
2013-01-02,1673.2500,1694.7700,1670.1000,1686.6100,121942
2013-01-03,1686.1200,1689.8400,1660.5600,1663.1700,127633
2013-01-04,1663.9800,1664.0900,1625.8000,1655.7500,199229
2013-01-07,1658.6000,1662.4700,1642.6700,1646.9800,146348
2013-01-08,1647.9800,1662.4100,1646.4400,1658.6500,142439
2013-01-09,1659.8600,1665.8100,1651.3400,1657.5700,129482
2013-01-10,1657.8300,1678.7700,1653.7200,1674.6800,122697
2013-01-11,1675.7100,1676.7900,1653.2600,1662.7100,133068
2013-01-14,1661.5800,1674.7000,1659.8800,1667.5900,112886
2013-01-15,1667.9000,1685.0600,1666.3300,1679.1200,141704
2013-01-16,1679.7300,1684.7600,1673.3900,1679.4100,121528
2013-01-17,1680.7200,1696.1000,1666.6900,1687.6000,141169
2013-01-18,1687.1400,1695.1700,1683.3100,1683.3100,118053
2013-01-21,1688.4800,1691.2000,1685.8100,1689.6200,70152
2013-01-22,1690.1900,1695.9900,1686.5900,1691.9300,115627
2013-01-23,1693.1000,1694.9400,1683.6200,1685.7300,105834
2013-01-24,1684.3100,1685.9800,1664.8600,1667.7700,139703
2013-01-25,1668.4100,1672.2700,1655.8700,1658.9100,138587
2013-01-28,1659.6600,1662.2900,1651.8900,1655.6700,122762
2013-01-29,1654.9400,1665.9400,1654.7300,1663.6500,110621
2013-01-30,1663.3900,1683.7400,1662.6500,1676.7100,132974
2013-01-31,1675.8500,1680.7200,1657.7700,1663.4400,137208
2013-02-01,1663.9300,1682.1100,1659.8500,1667.1100,139169
2013-02-04,1668.8000,1677.6000,1661.4800,1674.1600,125535
2013-02-05,1674.5000,1684.9700,1666.6200,1672.7400,146739
2013-02-06,1672.9100,1679.8700,1668.3100,1677.4700,122385
2013-02-07,1677.3900,1683.1600,1664.1600,1671.4000,152000
2013-02-08,1672.0900,1673.6400,1665.0300,1666.9700,131363
2013-02-11,1667.3600,1669.5400,1643.7700,1647.8400,124151
2013-02-12,1647.2900,1653.3000,1639.2100,1650.8500,139816
2013-02-13,1652.3800,1653.4600,1640.4800,1642.3500,140446
2013-02-14,1641.8600,1650.0700,1632.7900,1634.2500,152328
2013-02-15,1634.0300,1635.9900,1597.8700,1609.2300,184006
2013-02-18,1609.2200,1618.7900,1607.0300,1609.6300,115595
2013-02-19,1610.1300,1615.2000,1600.7200,1604.6500,167865
2013-02-20,1604.5500,1609.5300,1558.6500,1563.9400,260459
2013-02-21,1567.6200,1584.9800,1555.0400,1575.9100,261657
2013-02-22,1577.7300,1587.2400,1569.8500,1580.4600,195115
2013-02-25,1580.9100,1596.9900,1575.1700,1593.8300,203098
2013-02-26,1592.2200,1620.1000,1584.4400,1613.6600,262603
2013-02-27,1613.5200,1614.8300,1592.1500,1597.0500,192184
2013-02-28,1596.9600,1603.0100,1574.9900,1579.9900,213561
2013-03-01,1580.6100,1587.2800,1564.8100,1576.2300,232669
2013-03-04,1580.2000,1584.8900,1569.3800,1573.6300,174637
2013-03-05,1574.3900,1586.5100,1571.9500,1575.3000,157433
2013-03-06,1575.2800,1584.9100,1567.3900,1583.4600,162306
2013-03-07,1584.4500,1585.4600,1574.9100,1578.7600,152290
2013-03-08,1578.0800,1583.7400,1561.4100,1578.5500,186289
2013-03-11,1578.6000,1583.3900,1575.5000,1581.5900,110858
2013-03-12,1582.0100,1598.3900,1580.0200,1592.7400,124806
2013-03-13,1593.0700,1599.3500,1585.6300,1587.5400,121773
2013-03-14,1589.2300,1593.3400,1576.3100,1590.1300,131809
2013-03-15,1590.6600,1599.0800,1588.5200,1591.9500,108479
2013-03-18,1604.6200,1611.2400,1591.6700,1605.0100,158229
2013-03-19,1605.7500,1615.6000,1600.0200,1612.2300,131548
2013-03-20,1613.1700,1614.7700,1602.9000,1605.9500,118753
2013-03-21,1606.4300,1616.8400,1604.4900,1614.4900,98144
2013-03-22,1615.7600,1616.1500,1603.5200,1608.4200,97728
2013-03-25,1608.3200,1613.7900,1589.6500,1605.1400,138710
2013-03-26,1604.0800,1606.0100,1594.6100,1599.2200,104342
2013-03-27,1600.6500,1608.3500,1591.2900,1605.1100,119550
2013-03-28,1605.0100,1607.6400,1593.9700,1596.1000,115801
2013-04-01,1600.8400,1601.0400,1594.7900,1599.5000,77759
2013-04-02,1599.2800,1603.9200,1573.5900,1575.9600,120557
2013-04-03,1576.1800,1577.1400,1549.4400,1557.2000,163329
2013-04-04,1557.2600,1559.5100,1540.1200,1554.6600,181377
2013-04-05,1553.8000,1581.2500,1549.3100,1580.7900,163789
2013-04-08,1582.2400,1582.6500,1567.3500,1573.5300,110719
2013-04-09,1572.4300,1590.3800,1570.3900,1585.1900,119805
2013-04-10,1585.0100,1588.6100,1555.7000,1557.9100,160924
2013-04-11,1557.7500,1568.4000,1553.3800,1560.9900,131732
2013-04-12,1559.9500,1564.7100,1481.7500,1482.3300,272307
2013-04-15,1482.8200,1495.5700,1337.0900,1348.0000,679039
2013-04-16,1362.1700,1403.4400,1321.5400,1366.3100,455308
2013-04-17,1372.3300,1395.1200,1364.8800,1375.7400,313402
2013-04-18,1376.3300,1402.0700,1336.1400,1390.5000,297097
2013-04-19,1394.5800,1425.1100,1385.8000,1403.5300,190129
2013-04-22,1405.8800,1439.0500,1403.6000,1425.5000,241280
2013-04-23,1426.0600,1432.8400,1404.9300,1414.1600,247837
2013-04-24,1413.4200,1433.3700,1412.2300,1431.4500,204051
2013-04-25,1430.7700,1469.1900,1427.0800,1466.5200,211507
2013-04-26,1466.0700,1485.2100,1447.9100,1461.0100,272635
2013-04-29,1466.6900,1478.7600,1462.1400,1474.7700,185912
2013-04-30,1474.7800,1479.9400,1461.0000,1476.5900,181769
2013-05-01,1475.6700,1478.0700,1440.4100,1457.0200,217896
2013-05-02,1457.6500,1473.8700,1448.8400,1466.9600,198148
2013-05-03,1466.3200,1488.0800,1456.1100,1470.4500,218120
2013-05-06,1470.2100,1478.8500,1464.4800,1469.1500,146696
2013-05-07,1469.3700,1470.6500,1441.3700,1452.0700,210295
2013-05-08,1451.4300,1476.6800,1447.6700,1473.6500,179310
2013-05-09,1472.3800,1475.8200,1453.3300,1457.1300,183774
2013-05-10,1457.3200,1462.1800,1419.7400,1447.3900,266105
2013-05-13,1445.9800,1446.7400,1425.8700,1430.8100,186957
2013-05-14,1430.6600,1445.4700,1421.2300,1425.5600,229154
2013-05-15,1425.5100,1430.8000,1388.3700,1392.8600,281001
2013-05-16,1395.6000,1398.3100,1369.6200,1386.0900,298414
2013-05-17,1384.8400,1393.0600,1355.2600,1358.8900,300378
2013-05-20,1364.5900,1399.5400,1337.9500,1393.4100,359215
2013-05-21,1393.3300,1401.6600,1359.7000,1376.3800,300552
2013-05-22,1376.4100,1414.3100,1354.4400,1369.5000,364182
2013-05-23,1369.4200,1398.0700,1356.6100,1390.8000,323679
2013-05-24,1391.3700,1398.4500,1382.3600,1385.7900,192075
2013-05-27,1387.9000,1396.8300,1384.3300,1394.4000,70881
2013-05-28,1393.8600,1399.4800,1373.6900,1380.9800,201753
2013-05-29,1381.9700,1395.3500,1380.0900,1393.5100,183294
2013-05-30,1393.2100,1418.0500,1388.7800,1413.9500,208596
2013-05-31,1412.9300,1421.9000,1384.7200,1387.6400,204066
2013-06-03,1389.5000,1417.0400,1388.9700,1411.2900,198957
2013-06-04,1410.8000,1415.0700,1389.0700,1399.4000,186024
2013-06-05,1399.2000,1410.5200,1395.8100,1403.7400,214874
2013-06-06,1402.0600,1423.8900,1391.7800,1413.5300,236314
2013-06-07,1413.1100,1417.9700,1377.7800,1381.9600,252501
2013-06-10,1379.1800,1388.9500,1375.7900,1386.2800,195907
2013-06-11,1386.3000,1387.5300,1365.2900,1377.8800,223123
2013-06-12,1378.2600,1394.6300,1373.1200,1388.4600,167941
2013-06-13,1388.0800,1394.8800,1374.4600,1385.1200,214407
2013-06-14,1386.3200,1392.3400,1378.4300,1390.2500,176340
2013-06-17,1389.1900,1391.9300,1380.4700,1385.0900,122530
2013-06-18,1384.8700,1386.0600,1361.1300,1367.9200,167719
2013-06-19,1368.2400,1376.6600,1349.0100,1351.0300,176042
2013-06-20,1350.9300,1351.1500,1276.1300,1284.4200,464971
2013-06-21,1281.7700,1302.4700,1269.4300,1295.5700,316104
2013-06-24,1298.8700,1301.5100,1276.0500,1282.5200,278098
2013-06-25,1282.5400,1289.5600,1271.7200,1277.4700,234815
2013-06-26,1277.0800,1277.9700,1221.5800,1226.8900,409813
2013-06-27,1224.6900,1244.6300,1196.4800,1200.2900,332479
2013-06-28,1202.4300,1235.1400,1180.1700,1234.8600,384719
2013-07-01,1235.5100,1261.7400,1225.0500,1252.2000,267695
2013-07-02,1254.1600,1267.4700,1239.5500,1243.1800,205129
2013-07-03,1244.3400,1260.0200,1236.8200,1252.9300,201581
2013-07-04,1251.8100,1257.8800,1244.7900,1249.4500,111143
2013-07-05,1249.7500,1250.5400,1208.1400,1222.9200,246470
2013-07-08,1223.5900,1238.7600,1215.6500,1236.7300,196308
2013-07-09,1236.7800,1260.5700,1233.5800,1251.1400,222144
2013-07-10,1251.2100,1265.8800,1243.9700,1257.6100,220319
2013-07-11,1265.3400,1298.8300,1265.1200,1285.8000,274363
2013-07-12,1286.4400,1288.5700,1267.8400,1285.3100,159915
2013-07-15,1288.5200,1294.7700,1273.9200,1284.5300,149170
2013-07-16,1283.2000,1295.6200,1277.1700,1291.9300,179612
2013-07-17,1292.2700,1300.5500,1270.2700,1275.2400,246382
2013-07-18,1275.9400,1288.7000,1274.1000,1284.1100,173641
2013-07-19,1284.3900,1297.8900,1282.3700,1295.7500,150950
2013-07-22,1296.7000,1339.5800,1296.4200,1335.5400,196173
2013-07-23,1335.3000,1346.6800,1326.5300,1342.5500,160980
2013-07-24,1345.5800,1346.6000,1313.1900,1322.0700,167793
2013-07-25,1321.7100,1337.7200,1308.9000,1333.9700,182019
2013-07-26,1333.8700,1340.7200,1312.4000,1333.0600,180726
2013-07-29,1333.3800,1338.2900,1322.8800,1328.0900,157575
2013-07-30,1327.3300,1330.1300,1317.2500,1326.1600,131899
2013-07-31,1326.4700,1339.0700,1305.6100,1325.0600,243108
2013-08-01,1324.2100,1331.0900,1307.6700,1310.7300,188985
2013-08-02,1306.1800,1318.4600,1283.1000,1312.4300,203919
2013-08-05,1312.0200,1320.7200,1297.5200,1302.8500,131839
2013-08-06,1303.5500,1306.9800,1279.3300,1283.0800,167142
2013-08-07,1282.1200,1289.4300,1272.8000,1287.2400,158382
2013-08-08,1286.7100,1314.3200,1282.9300,1312.9200,173845
2013-08-09,1312.5400,1317.2500,1304.8400,1314.2400,145968
2013-08-12,1317.5900,1344.1000,1316.4100,1337.0700,177886
2013-08-13,1337.8500,1341.3400,1318.7900,1321.4100,188514
2013-08-14,1321.3500,1336.0800,1315.8900,1335.5300,176056
2013-08-15,1335.8300,1370.1000,1318.9000,1365.6100,277666
2013-08-16,1365.7800,1379.5700,1357.7400,1376.5600,257507
2013-08-19,1378.6800,1384.4000,1362.3400,1365.9000,205007
2013-08-20,1365.6900,1377.6100,1352.3500,1371.1300,205744
2013-08-21,1369.1000,1379.1700,1359.8400,1366.5600,234762
2013-08-22,1366.9800,1381.7400,1355.1000,1375.7200,212015
2013-08-23,1376.9800,1400.0100,1368.6600,1397.6800,201757
2013-08-26,1398.8500,1406.9700,1389.4500,1404.3900,172225
2013-08-27,1404.3900,1423.7600,1395.7900,1414.4000,215977
2013-08-28,1417.5000,1433.7300,1413.3700,1417.7300,241082
2013-08-29,1417.7100,1418.3300,1402.4700,1407.5300,233359
2013-08-30,1406.1900,1411.2000,1392.1800,1394.8100,185698
2013-09-02,1391.4100,1398.3000,1373.8000,1391.8400,129325
2013-09-03,1390.9400,1416.3500,1384.5000,1412.6900,191613
2013-09-04,1411.8500,1414.9800,1384.7100,1391.2800,185437
2013-09-05,1392.6100,1399.8800,1364.7400,1367.9400,183418
2013-09-06,1366.2500,1393.3300,1359.9100,1391.1300,180053
2013-09-09,1389.9000,1391.9500,1382.0700,1386.8400,108928
2013-09-10,1386.7800,1391.1100,1357.7800,1363.6700,144399
2013-09-11,1364.5800,1368.5800,1356.6800,1365.0900,129079
2013-09-12,1365.5200,1365.8100,1320.5900,1322.0100,200585
2013-09-13,1323.6300,1330.8800,1304.9100,1326.1500,214768
2013-09-16,1329.2600,1334.7100,1303.8600,1310.6800,202495
2013-09-17,1311.2500,1323.9500,1306.1900,1310.4100,166844
2013-09-18,1310.3300,1367.3800,1291.7900,1364.0200,268937
2013-09-19,1365.2100,1375.0800,1358.6400,1366.0900,210450
2013-09-20,1365.6800,1368.2100,1324.6700,1325.6500,202740
2013-09-23,1325.7100,1331.8700,1313.3600,1322.3200,209825
2013-09-24,1322.9100,1329.3200,1305.8000,1323.0400,215358
2013-09-25,1322.6800,1338.0900,1316.6600,1334.0300,196197
2013-09-26,1332.8900,1339.2300,1318.8200,1323.7900,183902
2013-09-27,1323.9300,1344.0900,1319.7200,1336.4600,296527
2013-09-30,1347.7700,1347.7700,1322.6000,1328.6500,148122
2013-10-01,1327.4700,1337.6700,1282.3000,1288.6800,225411
2013-10-02,1289.1500,1323.8800,1277.8100,1316.0700,234825
2013-10-03,1316.7600,1322.0300,1301.9700,1316.7200,230403
2013-10-04,1316.6500,1324.3900,1305.7500,1310.5100,169465
2013-10-07,1313.8900,1328.9700,1308.5600,1322.6000,193364
2013-10-08,1323.0400,1330.0900,1315.5200,1319.1800,233068
2013-10-09,1318.3600,1321.4500,1294.7600,1304.6400,281427
2013-10-10,1306.2000,1311.7800,1282.4900,1286.7400,252216
2013-10-11,1285.5900,1294.5800,1262.1300,1272.0800,309224
2013-10-14,1273.8000,1289.3000,1268.7100,1271.9000,101248
2013-10-15,1272.4500,1288.1100,1251.6700,1282.9500,114622
2013-10-16,1282.1500,1288.3000,1269.3000,1282.5200,109251
2013-10-17,1282.2100,1324.4100,1274.5400,1320.2000,116379
2013-10-18,1319.5700,1327.1900,1311.7600,1316.0800,79989
2013-10-21,1315.0700,1324.1500,1313.2400,1315.9200,63105
2013-10-22,1314.8800,1344.7300,1310.1900,1340.0900,63115
2013-10-23,1339.8900,1342.2700,1329.2700,1333.4000,70451
2013-10-24,1330.9900,1352.0700,1330.3600,1346.6000,71623
2013-10-25,1347.8700,1355.8000,1336.6600,1350.4400,67910
2013-10-28,1352.6500,1361.7700,1346.4300,1352.8500,61623
2013-10-29,1352.0400,1360.6100,1340.2900,1344.8500,71743
2013-10-30,1344.0900,1359.5900,1334.8100,1344.3500,77548
2013-10-31,1341.2500,1342.0300,1319.1500,1322.8700,78977
2013-11-01,1323.3300,1327.4500,1306.1500,1315.8500,75449
2013-11-04,1314.5700,1322.5400,1311.1900,1314.3000,55519
2013-11-05,1314.1100,1320.1400,1305.9500,1311.1500,65231
2013-11-06,1312.0200,1322.0500,1309.1900,1317.6900,58506
2013-11-07,1317.4100,1326.3400,1296.7700,1307.4100,73015
2013-11-08,1308.0500,1313.7400,1281.0700,1287.8000,70658
2013-11-11,1288.4300,1288.6300,1279.0900,1283.7100,55663
2013-11-12,1282.2100,1285.2700,1261.3300,1268.8700,74718
2013-11-13,1266.1200,1279.6600,1265.8000,1273.3500,70325
2013-11-14,1283.8600,1294.2500,1278.1200,1287.6500,79407
2013-11-15,1287.5600,1291.1300,1280.3700,1287.9700,62234
2013-11-18,1288.7800,1289.5400,1269.9800,1273.6400,61528
2013-11-19,1274.9600,1278.7900,1269.1500,1274.1100,68876
2013-11-20,1274.7900,1276.3500,1241.0500,1244.3500,82387
2013-11-21,1243.8500,1250.3700,1236.7100,1243.1800,77287
2013-11-22,1243.7800,1248.9000,1241.0800,1243.1500,56544
2013-11-25,1237.8100,1253.8300,1226.7700,1248.7400,71394
2013-11-26,1250.8200,1257.8700,1239.6000,1242.8900,58114
2013-11-27,1242.9100,1254.6300,1236.2800,1237.9900,57746
2013-11-28,1238.1500,1245.6500,1234.7200,1244.3300,32794
2013-11-29,1244.6500,1254.7500,1240.7400,1252.9200,45457
2013-12-02,1249.5000,1249.7500,1217.7700,1219.7700,72753
2013-12-03,1221.0300,1226.1200,1215.1900,1223.1200,63882
2013-12-04,1223.5000,1251.4900,1211.7100,1243.4800,80149
2013-12-05,1242.4200,1242.6900,1217.0400,1224.8100,84767
2013-12-06,1225.2200,1244.5300,1212.7000,1228.6100,75545
2013-12-09,1231.0100,1243.0300,1225.2400,1240.3400,64453
2013-12-10,1239.5500,1267.7600,1237.8500,1260.8700,74341
2013-12-11,1261.5900,1263.2800,1251.0800,1251.0800,76643
2013-12-12,1253.6100,1256.9200,1223.8900,1225.3500,78399
2013-12-13,1225.8500,1238.6500,1220.5400,1238.4100,74626
2013-12-16,1237.6900,1251.8600,1227.7500,1241.1600,76261
2013-12-17,1240.0200,1248.0000,1227.4100,1230.8900,73800
2013-12-18,1230.2500,1244.4500,1216.0600,1217.8100,80200
2013-12-19,1217.3300,1226.4600,1187.1400,1189.7000,93007
2013-12-20,1189.7700,1207.4300,1188.7600,1202.9300,73918
2013-12-23,1203.5700,1206.1200,1192.6500,1198.5600,51198
2013-12-24,1197.9900,1203.0200,1196.1000,1202.9100,29499
2013-12-26,1204.4400,1215.7800,1204.1300,1210.3900,26179
2013-12-27,1211.3100,1219.0200,1208.9400,1213.1300,52244
2013-12-30,1215.1200,1216.1100,1195.1200,1196.2900,63728
2013-12-31,1197.6100,1214.5400,1182.4200,1206.7900,50267
2014-01-02,1225.1200,1230.7800,1213.5700,1224.5600,56084
2014-01-03,1223.1800,1240.1400,1223.0600,1236.0500,69468
2014-01-06,1237.3200,1248.3300,1214.2100,1237.7100,75944
2014-01-07,1237.7400,1245.2500,1224.9000,1231.7100,72697
2014-01-08,1231.3600,1232.3400,1218.4300,1225.2800,70972
2014-01-09,1225.8900,1231.3200,1223.4900,1227.6500,57225
2014-01-10,1227.9800,1248.8400,1227.1600,1247.7800,62281
2014-01-13,1250.1000,1254.9900,1243.5700,1252.9300,57297
2014-01-14,1252.6100,1255.1900,1241.6400,1245.0600,56805
2014-01-15,1244.8800,1244.8900,1234.2100,1241.6000,60147
2014-01-16,1241.6300,1245.3000,1236.3100,1242.1000,55870
2014-01-17,1242.9100,1254.8700,1237.7200,1253.7500,55856
2014-01-20,1257.3500,1259.8100,1250.1500,1250.8100,32501
2014-01-21,1255.0600,1255.6800,1235.5800,1241.0500,56561
2014-01-22,1242.0600,1243.5400,1235.8900,1236.5000,48609
2014-01-23,1236.4900,1265.4300,1231.4800,1264.4300,70176
2014-01-24,1263.8400,1272.4800,1256.8500,1269.2200,70477
2014-01-27,1270.5000,1278.9300,1251.9200,1256.6400,72596
2014-01-28,1255.2300,1261.8800,1248.8300,1256.2800,54266
2014-01-29,1249.5600,1270.1000,1248.9100,1267.5900,62342
2014-01-30,1266.8000,1267.6700,1238.0000,1243.4400,66659
2014-01-31,1243.8400,1254.8600,1238.4500,1243.8500,61265
2014-02-03,1243.6500,1266.2300,1240.7600,1257.4100,59308
2014-02-04,1257.3900,1260.9100,1247.2100,1254.6600,59226
2014-02-05,1254.4700,1274.2700,1252.3700,1258.0100,59242
2014-02-06,1258.4000,1266.7500,1252.7500,1257.6600,54893
2014-02-07,1257.0300,1271.8300,1256.1600,1267.3500,60100
2014-02-10,1269.3600,1277.8300,1265.1000,1274.5900,52263
2014-02-11,1274.3500,1293.7800,1273.6800,1291.5200,67858
2014-02-12,1290.7400,1296.2500,1283.9300,1290.8300,64046
2014-02-13,1290.9100,1302.8300,1286.1800,1302.7200,64628
2014-02-14,1301.4400,1321.1000,1299.7700,1318.1400,73839
2014-02-17,1320.1600,1329.7100,1319.0600,1328.3300,49578
2014-02-18,1330.0200,1331.9900,1312.6100,1321.4300,73479
2014-02-19,1322.5100,1322.8200,1308.8600,1311.4700,67577
2014-02-20,1311.8100,1324.9300,1307.2800,1322.5600,67835
2014-02-21,1322.7400,1328.4300,1316.0300,1324.0900,57957
2014-02-24,1324.6600,1338.8700,1318.7600,1336.7300,63215
2014-02-25,1335.2100,1343.5700,1331.2100,1340.4100,59966
2014-02-26,1340.4600,1345.3200,1322.3800,1330.9000,66732
2014-02-27,1330.6500,1336.1300,1323.8000,1330.9600,65985
2014-02-28,1331.0700,1333.2400,1319.7700,1326.2100,69871
2014-03-03,1335.4400,1354.6600,1330.6500,1350.4400,75595
2014-03-04,1350.0800,1352.4800,1331.1800,1334.7100,74057
2014-03-05,1335.0900,1341.7400,1332.5900,1336.8400,62470
2014-03-06,1336.7400,1353.5200,1331.1100,1351.0200,59534
2014-03-07,1349.9600,1352.8800,1327.9700,1340.1700,70377
2014-03-10,1338.8500,1344.5300,1328.0700,1339.2200,63089
2014-03-11,1340.0400,1352.5000,1337.5600,1348.4300,59016
2014-03-12,1348.6100,1370.7600,1345.3800,1363.6500,74332
2014-03-13,1366.5400,1374.9500,1364.4400,1366.3000,77119
2014-03-14,1371.0000,1387.9000,1367.8000,1382.2700,70716
2014-03-17,1388.3000,1388.9100,1361.8800,1366.6800,70795
2014-03-18,1366.1200,1367.4900,1350.6600,1355.4400,70973
2014-03-19,1356.3800,1359.6100,1327.6800,1327.9000,78253
2014-03-20,1327.7700,1334.5600,1320.4800,1327.5600,73825
2014-03-21,1330.6300,1342.3200,1329.1100,1333.5500,56856
2014-03-24,1330.1500,1334.1900,1307.8400,1308.5800,61443
2014-03-25,1309.3800,1317.2600,1305.6700,1310.8600,64500
2014-03-26,1310.2200,1316.2900,1298.5900,1304.2700,61815
2014-03-27,1304.1000,1306.7300,1288.9900,1291.1300,61099
2014-03-28,1291.7500,1298.6200,1285.6800,1294.8300,57031
2014-03-31,1293.5800,1298.4700,1282.3800,1283.8200,60645
2014-04-01,1284.6700,1287.9100,1277.6300,1279.1700,60498
2014-04-02,1279.4800,1294.4300,1279.4800,1289.7700,56373
2014-04-03,1290.5200,1293.8200,1281.5400,1286.4900,55898
2014-04-04,1286.6400,1306.6800,1284.1200,1303.9000,57004
2014-04-07,1302.7500,1304.0900,1295.5500,1297.1600,44423
2014-04-08,1297.1700,1314.2800,1296.8600,1308.4100,54772
2014-04-09,1308.7200,1314.9800,1300.7900,1311.4700,64491
2014-04-10,1312.3500,1324.4200,1310.7000,1318.8900,67550
2014-04-11,1318.2500,1323.7900,1314.1200,1318.1600,60075
2014-04-14,1322.4100,1331.0400,1318.6700,1327.0600,58274
2014-04-15,1327.0000,1328.1800,1284.6100,1302.3300,78538
2014-04-16,1302.5400,1307.0000,1293.4900,1302.5400,65808
2014-04-17,1302.0100,1304.0600,1293.0800,1294.7400,57204
2014-04-21,1294.3800,1301.6900,1281.8200,1289.8000,55797
2014-04-22,1290.0900,1292.7800,1277.4200,1283.9600,57735
2014-04-23,1283.8600,1288.9000,1280.7900,1283.5200,56574
2014-04-24,1283.8600,1298.5800,1268.4100,1292.9800,75110
2014-04-25,1293.9100,1305.0000,1290.3100,1302.5500,61518
2014-04-28,1304.1100,1306.4000,1291.9000,1296.4900,59788
2014-04-29,1296.1300,1301.2900,1286.2000,1295.7600,55704
2014-04-30,1295.3700,1298.0700,1284.8800,1291.0800,65230
2014-05-01,1291.3000,1292.8000,1277.2100,1283.9700,52867
2014-05-02,1284.6400,1304.5400,1273.2100,1300.0500,64729
2014-05-05,1301.1200,1315.5500,1299.3600,1310.0600,59529
2014-05-06,1309.4900,1313.9500,1304.2800,1308.0700,58709
2014-05-07,1308.0300,1314.3800,1286.5000,1289.9700,68032
2014-05-08,1290.1000,1295.2700,1284.9100,1289.0500,66108
2014-05-09,1290.3900,1294.2800,1285.4100,1288.6200,57325
2014-05-12,1288.6500,1303.8400,1277.5800,1295.8000,66233
2014-05-13,1295.4700,1298.6800,1288.9600,1293.3200,64877
2014-05-14,1294.2300,1308.9200,1291.5000,1305.9000,61965
2014-05-15,1305.0100,1307.0300,1290.8000,1295.9300,66219
2014-05-16,1295.7900,1298.2000,1287.6800,1293.2800,53307
2014-05-19,1290.9500,1305.3400,1290.4900,1292.9000,57997
2014-05-20,1292.6100,1296.7900,1285.8300,1294.0200,65831
2014-05-21,1294.0400,1296.2300,1283.2600,1291.8300,62017
2014-05-22,1292.1900,1303.6000,1289.9700,1293.5800,59324
2014-05-23,1293.5100,1295.4000,1286.5800,1292.1300,53585
2014-05-26,1291.9000,1294.0700,1290.7600,1291.3400,26074
2014-05-27,1292.2300,1293.3200,1264.2800,1264.7700,65129
2014-05-28,1264.5700,1267.1000,1255.8600,1258.2300,61410
2014-05-29,1259.3500,1260.4000,1251.4300,1255.5900,61927
2014-05-30,1255.7300,1260.3100,1242.1500,1249.2300,59344
2014-06-02,1249.5600,1250.7000,1240.9300,1243.8300,52985
2014-06-03,1243.8600,1247.5900,1240.5600,1244.7500,53962
2014-06-04,1244.8800,1248.9400,1242.7700,1243.5300,51074
2014-06-05,1244.2300,1257.5300,1240.9900,1253.6600,60050
2014-06-06,1253.4100,1257.6800,1245.8000,1253.0400,56409
2014-06-09,1251.9600,1256.9200,1251.4600,1252.4300,42339
2014-06-10,1252.2200,1263.4100,1250.3100,1260.0000,47982
2014-06-11,1259.3900,1265.2000,1258.5100,1260.9900,46230
2014-06-12,1261.0300,1274.7600,1259.8000,1272.6300,59044
2014-06-13,1273.3200,1277.8100,1270.6800,1276.6300,57820
2014-06-16,1277.8400,1284.8200,1270.5800,1272.0700,58072
2014-06-17,1271.1900,1273.2000,1258.5400,1270.4600,55424
2014-06-18,1271.2000,1278.3500,1266.2300,1277.4600,55701
2014-06-19,1278.2900,1321.5100,1275.8700,1319.6700,74218
2014-06-20,1321.4700,1321.8800,1306.3700,1314.9000,69958
2014-06-23,1314.3800,1318.4900,1309.8700,1317.3700,55402
2014-06-24,1317.7000,1325.8800,1313.7700,1317.8100,56548
2014-06-25,1318.1300,1324.7700,1310.4900,1319.0800,56494
2014-06-26,1318.4500,1319.6800,1306.1700,1316.7600,53087
2014-06-27,1316.3700,1322.1900,1312.6100,1315.8800,52011
2014-06-30,1315.9200,1329.3400,1310.2800,1327.1700,54785
2014-07-01,1326.6400,1332.2600,1323.6900,1325.7100,55968
2014-07-02,1326.0800,1331.9300,1321.2300,1326.4100,50337
2014-07-03,1327.1200,1327.3700,1309.2500,1319.6100,53727
2014-07-04,1319.9300,1323.1800,1318.5400,1319.6000,31876
2014-07-07,1319.7000,1319.8400,1311.4100,1319.5700,54212
2014-07-08,1319.6500,1324.7500,1313.4000,1319.2600,48534
2014-07-09,1319.2500,1332.1000,1317.7300,1327.7500,50754
2014-07-10,1327.5800,1345.0500,1326.3200,1335.0400,54372
2014-07-11,1335.5400,1339.0400,1333.5700,1337.8300,39497
2014-07-14,1338.9700,1338.9700,1302.3900,1306.7900,59526
2014-07-15,1307.2400,1313.5900,1291.9700,1294.5100,59116
2014-07-16,1294.9200,1303.5800,1293.8300,1298.4400,49165
2014-07-17,1298.7800,1323.8300,1297.5300,1318.9300,65549
2014-07-18,1319.1700,1324.5300,1304.4100,1310.3400,53316
2014-07-21,1309.8600,1318.2300,1307.3100,1312.1800,39390
2014-07-22,1312.0400,1315.6900,1301.8600,1307.1400,47564
2014-07-23,1307.3200,1311.2100,1302.9800,1304.7200,39782
2014-07-24,1304.2600,1305.0100,1287.5100,1293.4400,54442
2014-07-25,1293.9100,1308.4200,1290.7700,1307.0300,41474
2014-07-28,1305.5900,1309.0600,1301.2100,1303.9100,49003
2014-07-29,1303.9700,1312.0400,1296.0200,1298.6700,46206
2014-07-30,1299.2700,1303.4800,1291.6500,1295.9000,48943
2014-07-31,1296.1600,1297.1500,1280.4800,1282.9600,47183
2014-08-01,1283.1200,1296.9900,1279.3700,1292.9000,52921
2014-08-04,1293.1300,1295.2900,1285.9700,1288.0300,35298
2014-08-05,1288.1500,1293.8300,1282.3800,1288.4900,45772
2014-08-06,1288.2200,1309.4000,1287.3100,1305.7200,67174
2014-08-07,1305.9800,1314.6700,1301.7900,1312.0000,66727
2014-08-08,1312.3200,1322.5300,1305.6100,1310.3500,80896
2014-08-11,1309.0200,1311.3000,1305.0100,1307.9700,52257
2014-08-12,1307.9200,1317.6700,1305.5600,1309.1900,55379
2014-08-13,1308.2300,1314.8400,1304.7100,1312.0500,59739
2014-08-14,1312.2300,1319.1900,1308.5900,1313.1200,63212
2014-08-15,1311.9100,1314.9800,1292.4100,1304.4000,73646
2014-08-18,1301.7400,1303.4700,1295.3900,1298.3700,49779
2014-08-19,1298.4300,1302.1500,1293.6800,1295.4100,43801
2014-08-20,1295.4400,1297.7400,1287.6300,1291.4400,52697
2014-08-21,1290.7500,1290.9500,1272.6100,1276.4100,53644
2014-08-22,1276.8800,1282.7500,1274.0600,1279.8000,45645
2014-08-25,1278.1700,1280.7300,1273.5200,1276.6300,39531
2014-08-26,1276.0500,1290.7600,1275.2600,1281.4000,60499
2014-08-27,1280.8400,1287.2200,1279.9700,1282.3100,44394
2014-08-28,1282.3600,1296.3000,1281.9700,1288.8600,65129
2014-08-29,1289.7200,1291.1700,1283.2400,1286.6600,42890
2014-09-01,1287.4700,1289.7100,1284.3200,1285.7700,16622
2014-09-02,1286.3400,1287.3500,1262.3400,1265.1900,64550
2014-09-03,1265.8800,1271.4600,1261.0800,1269.0700,58213
2014-09-04,1269.4000,1277.1700,1260.4000,1260.9400,69108
2014-09-05,1261.3900,1273.5600,1257.1200,1268.6500,60246
2014-09-08,1269.2100,1271.6300,1251.2900,1254.8700,64119
2014-09-09,1256.8200,1257.9800,1247.3800,1255.1200,72752
2014-09-10,1254.5200,1257.5800,1243.6200,1249.4100,71148
2014-09-11,1249.0900,1249.9800,1234.8000,1240.4900,73403
2014-09-12,1240.2300,1241.4500,1225.7000,1229.1200,69860
2014-09-15,1228.9400,1238.3400,1225.4300,1232.9800,54992
2014-09-16,1232.4900,1241.8900,1231.6000,1235.2400,63541
2014-09-17,1234.0700,1239.0500,1221.2600,1222.3700,60890
2014-09-18,1221.7700,1227.7800,1215.5800,1224.5200,73403
2014-09-19,1225.5000,1228.4400,1213.6400,1215.3300,79517
2014-09-22,1215.8300,1220.2800,1207.8200,1214.4500,68817
2014-09-23,1214.8600,1234.9900,1213.4200,1223.7200,74248
2014-09-24,1222.4200,1225.9200,1215.5200,1216.5900,59344
2014-09-25,1216.6700,1224.3100,1206.7700,1221.5000,69866
2014-09-26,1220.8000,1231.1400,1212.1300,1217.4900,58411
2014-09-29,1217.8900,1223.1200,1214.7500,1215.7800,58959
2014-09-30,1214.8900,1219.9600,1204.3100,1207.8300,70749
2014-10-01,1208.2100,1219.1700,1204.4600,1213.4600,66509
2014-10-02,1213.0900,1222.2800,1208.4800,1213.9100,71184
2014-10-03,1213.5300,1215.0800,1189.8200,1191.7700,58486
2014-10-06,1187.2700,1208.9300,1182.7700,1206.7200,63091
2014-10-07,1206.2800,1213.3100,1202.8100,1208.6000,58484
2014-10-08,1209.0400,1223.9100,1204.7900,1221.1000,71493
2014-10-09,1219.8100,1233.1900,1218.6200,1224.2800,69176
2014-10-10,1223.8200,1225.3200,1217.2000,1222.7500,56374
2014-10-13,1227.1500,1237.5800,1224.9000,1235.4600,62288
2014-10-14,1235.9700,1238.1300,1230.8100,1231.7400,68773
2014-10-15,1232.3400,1249.5100,1221.7000,1241.8500,107837
2014-10-16,1239.8200,1245.0700,1235.2800,1238.2700,97876
2014-10-17,1238.1000,1241.5700,1231.5300,1238.3100,59385
2014-10-20,1237.2100,1248.6100,1234.5400,1246.8100,46916
2014-10-21,1246.7200,1255.1300,1245.2200,1248.3200,60820
2014-10-22,1248.8200,1249.6100,1239.7300,1241.3500,44683
2014-10-23,1241.5000,1244.4800,1226.1400,1231.2200,52644
2014-10-24,1232.0100,1234.1400,1228.5400,1230.0900,45530
2014-10-27,1228.3800,1231.9200,1224.4200,1224.7700,38134
2014-10-28,1226.1700,1235.3900,1222.3800,1227.1200,52668
2014-10-29,1228.1700,1230.4400,1208.2000,1210.7700,46141
2014-10-30,1210.7600,1215.5300,1195.7800,1197.9700,75379
2014-10-31,1200.1000,1202.5500,1161.4200,1171.5200,108601
2014-11-03,1167.3100,1173.6600,1161.4900,1165.7000,53361
2014-11-04,1165.1900,1174.5100,1163.7500,1168.3100,55361
2014-11-05,1168.7500,1169.5300,1137.5800,1141.2500,93902
2014-11-06,1142.0500,1149.4700,1137.9600,1141.3200,73976
2014-11-07,1140.6000,1178.5800,1131.4400,1176.2400,103963
2014-11-10,1174.4500,1177.1400,1147.1800,1151.3200,70330
2014-11-11,1151.1900,1173.1000,1145.9500,1164.1000,82043
2014-11-12,1164.0400,1170.0000,1157.1500,1162.3100,71623
2014-11-13,1161.6800,1167.9600,1153.7900,1162.0200,72072
2014-11-14,1162.3600,1193.4500,1146.7200,1188.3300,91906
2014-11-17,1184.7000,1194.0600,1181.2200,1186.1300,88995
2014-11-18,1186.5900,1204.5200,1183.2300,1197.1100,69725
2014-11-19,1195.7900,1202.0800,1174.9400,1182.7800,103255
2014-11-20,1182.2800,1196.9600,1176.6500,1193.4100,92150
2014-11-21,1192.9500,1207.6300,1186.7100,1201.1300,85954
2014-11-24,1201.5400,1204.0800,1192.6200,1196.8100,56866
2014-11-25,1198.0000,1202.8200,1190.2200,1200.7200,70479
2014-11-26,1201.4000,1201.5300,1192.8200,1197.5600,45665
2014-11-27,1197.0500,1199.4700,1185.4900,1190.6200,49330
2014-11-28,1188.9200,1190.6400,1165.0600,1165.8800,68177
2014-12-01,1158.4900,1220.8000,1141.7400,1210.8000,138509
2014-12-02,1211.0400,1212.5100,1191.8500,1198.5000,104111
2014-12-03,1197.0700,1214.9600,1194.2200,1209.4700,66233
2014-12-04,1208.5500,1213.2800,1201.1700,1205.4500,64223
2014-12-05,1204.7800,1207.3700,1186.1500,1191.8700,63803
2014-12-08,1187.3400,1208.7100,1186.9600,1203.2200,53036
2014-12-09,1203.0300,1238.0900,1199.2600,1230.6200,92301
2014-12-10,1235.6000,1238.2500,1224.6200,1226.7200,145586
2014-12-11,1226.1100,1232.7200,1215.8800,1227.5700,173327
2014-12-12,1227.2100,1228.0800,1214.2900,1222.3600,155771
2014-12-15,1221.5100,1224.0300,1190.4600,1192.1400,90298
2014-12-16,1193.0800,1223.3400,1187.3400,1196.3000,116306
2014-12-17,1195.5300,1202.8100,1183.4000,1188.8300,92997
2014-12-18,1188.8000,1213.6900,1188.6600,1197.9200,72089
2014-12-19,1197.8800,1201.1500,1193.3900,1195.1900,61040
2014-12-22,1194.0200,1203.2100,1170.4800,1175.5000,58005
2014-12-23,1176.5800,1184.7700,1172.4700,1175.7500,76141
2014-12-24,1176.5400,1180.9500,1172.7100,1174.3800,32710
2014-12-26,1186.3900,1198.9200,1185.3100,1195.1300,19984
2014-12-29,1196.1200,1197.3700,1178.8200,1182.9400,79360
2014-12-30,1182.6900,1210.6900,1180.6300,1200.1900,113497
2014-12-31,1199.8400,1203.7100,1182.6300,1188.3700,53006
2015-01-02,1186.9400,1195.0300,1167.3300,1188.8200,97717
2015-01-05,1187.7300,1207.2800,1178.0000,1204.3200,122133
2015-01-06,1202.8700,1222.9200,1201.5200,1218.3500,82011
2015-01-07,1217.6600,1218.4800,1208.8500,1210.5200,68404
2015-01-08,1210.9700,1216.5400,1204.4200,1208.6900,57032
2015-01-09,1207.5000,1223.9100,1206.1600,1222.3600,65797
2015-01-12,1223.9000,1235.7400,1217.4000,1233.2500,73360
2015-01-13,1231.8500,1244.0200,1227.1400,1230.7700,95428
2015-01-14,1231.5400,1244.2400,1224.8900,1228.8900,121171
2015-01-15,1229.2800,1266.6400,1225.8700,1262.3100,120658
2015-01-16,1262.9700,1282.0100,1254.8700,1280.0400,80934
2015-01-19,1278.6100,1279.0300,1271.8900,1276.6600,42909
2015-01-21,1294.7400,1305.0700,1284.4800,1293.4700,109869
2015-01-22,1291.9700,1307.5300,1279.2900,1301.3800,106626
2015-01-23,1300.6300,1302.0700,1284.2900,1293.7600,82625
2015-01-26,1294.6200,1299.0000,1275.7100,1281.2200,89401
2015-01-27,1280.5500,1297.4200,1272.0700,1292.2500,95348
2015-01-28,1292.2900,1293.8000,1279.5700,1284.7200,80657
2015-01-29,1284.6600,1285.7500,1251.8800,1257.3000,95034
2015-01-30,1258.2300,1284.6300,1256.9500,1283.5600,74027
2015-02-02,1280.4200,1283.2700,1266.3000,1274.9800,77955
2015-02-03,1274.7600,1285.5500,1255.3800,1259.8700,105590
2015-02-04,1261.7400,1272.3300,1256.5400,1269.3100,87281
2015-02-05,1270.0100,1273.8200,1256.1800,1264.5200,90532
2015-02-06,1266.8700,1268.6200,1228.2100,1233.1200,95637
2015-02-09,1237.1100,1243.6500,1235.0400,1239.2700,55517
2015-02-10,1238.6000,1245.8200,1230.8400,1233.2200,65180
2015-02-11,1234.0400,1238.5900,1216.4100,1217.1800,63716
2015-02-12,1218.3000,1232.8200,1218.0200,1222.1700,73926
2015-02-13,1223.4500,1234.8200,1222.7100,1228.9900,68326
2015-02-16,1228.3400,1236.5900,1228.0200,1230.7900,35267
2015-02-17,1231.8600,1233.8400,1203.6400,1209.1800,72887
2015-02-18,1208.9000,1213.3000,1197.4200,1211.8300,68036
2015-02-19,1212.4700,1222.8100,1205.2500,1206.7700,72715
2015-02-20,1207.3100,1215.2900,1198.1900,1201.6600,69188
2015-02-23,1202.8700,1210.2200,1190.6100,1201.0300,55869
2015-02-24,1202.1600,1204.4200,1190.3000,1199.8100,71241
2015-02-25,1201.1600,1211.7700,1200.9900,1204.5100,65546
2015-02-26,1204.6700,1219.8400,1203.4900,1209.1200,76917
2015-02-27,1209.5600,1219.1700,1204.3400,1212.7800,65614
2015-03-02,1213.8500,1223.1800,1204.5400,1206.7900,71880
2015-03-03,1205.8900,1214.7600,1195.3400,1203.4000,75616
2015-03-04,1204.7100,1209.0100,1198.2100,1200.1300,63251
2015-03-05,1200.2500,1209.3500,1196.3500,1198.4700,60201
2015-03-06,1199.0800,1200.6600,1163.8100,1167.1300,88859
2015-03-09,1168.5200,1175.2900,1165.6600,1166.6000,45427
2015-03-10,1161.5600,1170.4500,1154.9300,1161.6300,66091
2015-03-11,1162.4000,1165.1900,1147.4200,1154.4300,67577
2015-03-12,1154.9500,1166.5800,1148.5700,1153.5200,76027
2015-03-13,1154.1400,1161.8300,1151.3200,1158.1800,60693
2015-03-16,1156.6800,1163.9700,1150.2300,1154.5200,62438
2015-03-17,1154.6400,1159.7400,1142.7000,1149.2400,71071
2015-03-18,1149.3700,1175.5000,1145.8400,1167.4300,90075
2015-03-19,1167.7000,1177.7100,1159.4900,1170.8100,93514
2015-03-20,1170.6600,1187.8800,1168.6500,1182.2200,82335
2015-03-23,1185.8000,1191.4700,1179.2300,1189.3200,72883
2015-03-24,1189.5700,1194.9100,1185.3400,1193.1000,64761
2015-03-25,1192.1800,1199.5700,1186.5200,1195.1700,50113
2015-03-26,1195.1300,1219.5700,1194.3900,1204.5400,73302
2015-03-27,1204.3200,1206.0500,1192.4500,1198.0900,61539
2015-03-30,1197.3900,1198.3000,1182.2300,1185.6100,60605
2015-03-31,1186.0400,1190.6200,1178.2900,1183.5700,68597
2015-04-01,1183.7600,1208.5100,1180.7400,1204.1400,71308
2015-04-02,1203.8300,1207.2100,1194.7500,1202.0700,64259
2015-04-03,1201.4100,1201.4500,1199.6400,1199.6400,187
2015-04-06,1215.6400,1224.1300,1213.8200,1214.3900,64905
2015-04-07,1214.5600,1215.6600,1207.3400,1208.9100,55668
2015-04-08,1208.4900,1212.2100,1197.3400,1202.0300,67118
2015-04-09,1202.7900,1203.1800,1192.5200,1194.1500,54080
2015-04-10,1194.5900,1210.5900,1193.1900,1207.2400,59690
2015-04-13,1207.1500,1209.4100,1196.3200,1198.3900,70491
2015-04-14,1198.9300,1201.3400,1183.8700,1192.3000,90844
2015-04-15,1192.7700,1204.4800,1188.7800,1202.3500,81129
2015-04-16,1202.3700,1209.0800,1194.6300,1198.2300,93585
2015-04-17,1198.9200,1207.6000,1197.3000,1204.2700,82165
2015-04-20,1205.2900,1209.0200,1191.2700,1195.6900,76852
2015-04-21,1196.6400,1204.1500,1192.9700,1202.0500,58186
2015-04-22,1202.4500,1204.7100,1185.6800,1186.8800,73714
2015-04-23,1187.5300,1197.9100,1184.2600,1193.8000,77614
2015-04-24,1194.0300,1195.8800,1175.1400,1179.2400,71395
2015-04-27,1179.5400,1207.1200,1178.5700,1201.7900,86334
2015-04-28,1201.7700,1214.9600,1199.1600,1212.0600,82779
2015-04-29,1212.1700,1213.9900,1201.3200,1204.9200,78816
2015-04-30,1205.3700,1207.2200,1177.0000,1183.9700,97740
2015-05-01,1184.5500,1185.1300,1169.6600,1178.4000,67626
2015-05-04,1179.8900,1192.7600,1177.6500,1188.2800,63292
2015-05-05,1188.3000,1199.8600,1185.6500,1192.8300,60501
2015-05-06,1193.3700,1197.5500,1188.1600,1192.0100,65582
2015-05-07,1191.5100,1192.7200,1178.7700,1184.2200,63976
2015-05-08,1184.1500,1193.4600,1181.6000,1188.3800,80920
2015-05-11,1188.6400,1191.6700,1178.8300,1183.6600,60876
2015-05-12,1183.8200,1196.9800,1180.7300,1193.6500,70032
2015-05-13,1193.3500,1218.8000,1191.2200,1215.6900,85419
2015-05-14,1215.1400,1227.0800,1212.2600,1220.8600,83993
2015-05-15,1221.2000,1226.0900,1210.9400,1223.7800,77268
2015-05-18,1223.7400,1232.2200,1221.5300,1225.3500,68208
2015-05-19,1225.2900,1225.3900,1205.6700,1207.6300,75362
2015-05-20,1208.5300,1213.3000,1203.1900,1209.7400,65451
2015-05-21,1209.3400,1212.6700,1201.3800,1206.0300,69744
2015-05-22,1206.2700,1214.8200,1201.3600,1206.2600,66112
2015-05-25,1204.8800,1209.1500,1202.7300,1206.5500,24986
2015-05-26,1206.4800,1207.4500,1185.5300,1187.1800,69773
2015-05-27,1187.1600,1190.8600,1183.5300,1187.9800,60957
2015-05-28,1187.4100,1192.1400,1180.3000,1188.1300,69227
2015-05-29,1187.8300,1193.9500,1185.5800,1190.4200,68364
2015-06-01,1190.4700,1204.2000,1184.5000,1189.1500,67199
2015-06-02,1189.1200,1196.2500,1185.9200,1192.7700,68701
2015-06-03,1193.3000,1195.4800,1179.3700,1184.8100,70355
2015-06-04,1185.2200,1186.1700,1172.8600,1176.4300,72095
2015-06-05,1177.1400,1178.5300,1162.6300,1171.5200,63942
2015-06-08,1169.9800,1177.5700,1169.0500,1173.7800,73659
2015-06-09,1174.0900,1182.8700,1172.4000,1176.7900,62860
2015-06-10,1176.7800,1192.2300,1175.1900,1185.8500,71533
2015-06-11,1186.5000,1187.8900,1175.5500,1182.0400,58556
2015-06-12,1181.7100,1183.9100,1176.9600,1181.4700,51919
2015-06-15,1182.1700,1190.3700,1172.7300,1186.1100,63610
2015-06-16,1185.6900,1187.8400,1175.9800,1182.0400,54648
2015-06-17,1181.7900,1189.0500,1174.5600,1184.8200,57742
2015-06-18,1184.2200,1205.6800,1183.5400,1201.9500,78952
2015-06-19,1202.0700,1204.1100,1198.2800,1200.1900,59800
2015-06-22,1200.6900,1200.8800,1182.1000,1185.7800,57493
2015-06-23,1185.6600,1188.0200,1176.1400,1178.4200,54363
2015-06-24,1178.5100,1180.2200,1169.8200,1175.0700,50909
2015-06-25,1174.8800,1178.0500,1171.5400,1172.7400,52058
2015-06-26,1173.7100,1178.5700,1168.5000,1175.1800,64773
2015-06-29,1186.2500,1187.9000,1173.7600,1179.3200,99179
2015-06-30,1180.0400,1180.4700,1166.6900,1171.8300,94345
2015-07-01,1174.1400,1175.0000,1167.5300,1168.4800,56887
2015-07-02,1168.3500,1169.5100,1155.9800,1165.6300,59037
2015-07-03,1165.6800,1170.1800,1164.6500,1168.5800,38511
2015-07-06,1172.0000,1174.6700,1162.8400,1170.0500,74428
2015-07-07,1170.3300,1170.3300,1147.8400,1156.7400,82425
2015-07-08,1153.2500,1164.6400,1147.1300,1157.4000,95010
2015-07-09,1159.0800,1167.6900,1155.9300,1159.7300,75095
2015-07-10,1159.6300,1165.3300,1157.3900,1163.5900,61457
2015-07-13,1162.7300,1164.1300,1151.0700,1157.7800,60970
2015-07-14,1158.0700,1159.7500,1152.8800,1155.3500,51921
2015-07-15,1155.6500,1156.7100,1143.2100,1149.3400,55067
2015-07-16,1149.0200,1149.3900,1142.2200,1145.2300,67261
2015-07-17,1145.0800,1145.6800,1131.0600,1134.2300,68800
2015-07-20,1132.5600,1133.1000,1069.7200,1096.7000,106589
2015-07-21,1098.2600,1109.8200,1096.9100,1100.9200,76602
2015-07-22,1102.6600,1103.3300,1087.0200,1094.0100,80466
2015-07-23,1094.4300,1105.7200,1087.2300,1090.6300,82598
2015-07-24,1091.2300,1101.4800,1077.2000,1099.0800,105882
2015-07-27,1095.5800,1104.9300,1088.3400,1094.1300,91614
2015-07-28,1094.6800,1098.9400,1091.5500,1095.2300,68617
2015-07-29,1095.0900,1101.8900,1090.3600,1096.7800,83814
2015-07-30,1096.1100,1098.5700,1082.4700,1088.5300,79155
2015-07-31,1088.6500,1103.4600,1079.9800,1095.4800,87334
2015-08-03,1095.7200,1097.6800,1085.7900,1086.6600,78529
2015-08-04,1085.3200,1094.7800,1080.9400,1087.6100,85679
2015-08-05,1087.3100,1092.4800,1082.9200,1084.7700,85935
2015-08-06,1084.8200,1094.0000,1083.4600,1089.3300,79616
2015-08-07,1089.7700,1099.4300,1082.7400,1094.1700,96112
2015-08-10,1093.0400,1108.8400,1089.5800,1104.4300,84692
2015-08-11,1104.3200,1119.3200,1093.7500,1108.7500,112515
2015-08-12,1108.8300,1125.7500,1101.7400,1123.9100,120939
2015-08-13,1125.2600,1126.7100,1113.6000,1115.0900,87464
2015-08-14,1115.1800,1121.0100,1111.6900,1114.8200,80491
2015-08-17,1114.7000,1122.7400,1113.4800,1117.3400,76335
2015-08-18,1117.4000,1121.1200,1109.6300,1117.4900,82628
2015-08-19,1118.0000,1134.5600,1116.2400,1134.1900,98777
2015-08-20,1133.4600,1153.9500,1132.5800,1152.0800,110294
2015-08-21,1153.8000,1168.1600,1148.9100,1160.5400,121955
2015-08-24,1164.3200,1170.0100,1145.6300,1154.9700,176042
2015-08-25,1153.4700,1156.5300,1134.5800,1140.5000,133208
2015-08-26,1140.3200,1146.3600,1117.6800,1124.7700,131153
2015-08-27,1125.8900,1129.1900,1118.2300,1124.5600,127737
2015-08-28,1125.4500,1140.7600,1123.7200,1134.0200,121671
2015-08-31,1133.7700,1136.5600,1125.6400,1134.7100,91804
2015-09-01,1134.6000,1147.8500,1134.3100,1139.9700,104063
2015-09-02,1139.7100,1142.3600,1132.0300,1133.7800,95659
2015-09-03,1133.6800,1134.2400,1121.8300,1125.1100,80486
2015-09-04,1125.0900,1132.8600,1116.7200,1122.3300,82854
2015-09-07,1122.9900,1124.7300,1116.0400,1118.9400,54303
2015-09-08,1120.1700,1126.6700,1118.5800,1121.2700,81389
2015-09-09,1121.6400,1125.3200,1101.2300,1107.3500,92344
2015-09-10,1106.9800,1114.9700,1103.7900,1110.3700,93059
2015-09-11,1111.0300,1112.8300,1098.7100,1107.6800,74422
2015-09-14,1107.4400,1110.4000,1103.4600,1108.7700,63897
2015-09-15,1108.4700,1109.3100,1102.1500,1105.2400,53198
2015-09-16,1105.2600,1124.1100,1103.9200,1119.1500,91657
2015-09-17,1119.2100,1135.1300,1115.3500,1132.3400,95941
2015-09-18,1130.8800,1141.6800,1127.4700,1139.0400,108457
2015-09-21,1139.1100,1139.8100,1129.5600,1133.3000,63532
2015-09-22,1132.9500,1136.5100,1121.2800,1124.3000,81592
2015-09-23,1124.8000,1134.1400,1121.7900,1129.9800,70573
2015-09-24,1130.7200,1156.6500,1130.3100,1153.9800,116270
2015-09-25,1149.5500,1151.1400,1140.7100,1145.5600,107930
2015-09-28,1145.3300,1148.1400,1127.9500,1132.1700,105853
2015-09-29,1132.0100,1134.6300,1124.1700,1127.1100,93689
2015-09-30,1127.2500,1128.0800,1111.3000,1114.4700,103649
2015-10-01,1115.5600,1119.1300,1110.9900,1113.5200,79819
2015-10-02,1113.4800,1141.2100,1104.5900,1138.7200,111053
2015-10-05,1136.7800,1141.9200,1130.0600,1135.4300,97787
2015-10-06,1135.6300,1151.1800,1134.9200,1146.9700,81553
2015-10-07,1146.9300,1153.5700,1141.7200,1145.3200,82711
2015-10-08,1145.0900,1151.2100,1136.5600,1139.0700,86977
2015-10-09,1138.9600,1159.6100,1138.9100,1156.5300,94980
2015-10-12,1155.8300,1168.9000,1154.7300,1163.7800,66859
2015-10-13,1163.5200,1168.6000,1151.7400,1168.0900,97325
2015-10-14,1168.0800,1189.7000,1163.3500,1184.5800,103600
2015-10-15,1184.5400,1191.4400,1174.2300,1182.7000,97094
2015-10-16,1182.0600,1184.3400,1174.2400,1177.1400,93245
2015-10-19,1176.5400,1178.1300,1167.5900,1170.2000,81620
2015-10-20,1170.0100,1180.6700,1167.3100,1176.3500,83433
2015-10-21,1176.1900,1179.1300,1163.6100,1166.9500,93387
2015-10-22,1167.6200,1171.7200,1162.5500,1165.4300,102747
2015-10-23,1166.0000,1179.2900,1158.8800,1164.3700,112174
2015-10-26,1162.9000,1169.5900,1162.0400,1163.0000,82136
2015-10-27,1163.7900,1168.6300,1160.7300,1166.5000,81801
2015-10-28,1167.1100,1182.8600,1152.2600,1155.7700,112193
2015-10-29,1157.3700,1162.5900,1144.6300,1145.7800,118823
2015-10-30,1145.6400,1149.9700,1139.2300,1141.7400,113135
2015-11-02,1141.4500,1142.9400,1131.7500,1133.4600,92777
2015-11-03,1133.7200,1138.2500,1114.3300,1117.6100,101549
2015-11-04,1118.1100,1122.7600,1106.3500,1107.5100,110560
2015-11-05,1107.9400,1111.4500,1102.9000,1103.5700,93864
2015-11-06,1104.5500,1110.3800,1085.3900,1088.6200,88325
2015-11-09,1090.3300,1095.5900,1088.3100,1091.9500,90911
2015-11-10,1092.2700,1094.7900,1085.2200,1089.6000,78402
2015-11-11,1089.8800,1093.5800,1083.6300,1085.8400,81301
2015-11-12,1086.5000,1089.5200,1074.0800,1084.9000,100179
2015-11-13,1085.0000,1088.5400,1079.5700,1083.5400,112851
2015-11-16,1088.1100,1098.0100,1081.0600,1082.6800,110988
2015-11-17,1083.8500,1085.0100,1065.4400,1070.0600,107652
2015-11-18,1071.5700,1075.3900,1064.6400,1070.8700,113223
2015-11-19,1071.5700,1087.3800,1069.4600,1082.0400,113813
2015-11-20,1081.9000,1088.0100,1075.7600,1077.9800,109573
2015-11-23,1076.1500,1076.6500,1066.6200,1068.9200,112286
2015-11-24,1069.0700,1081.0100,1068.9300,1075.3100,104757
2015-11-25,1075.6900,1080.7400,1067.8300,1071.1000,83010
2015-11-26,1071.1800,1074.8000,1069.6000,1071.6500,49265
2015-11-27,1071.7600,1073.7300,1052.6700,1058.0400,75931
2015-11-30,1058.2900,1069.6800,1053.1300,1064.3700,87131
2015-12-01,1064.8100,1074.5800,1063.1800,1069.2400,88831
2015-12-02,1068.8700,1071.3600,1050.5800,1053.4900,96810
2015-12-03,1053.8400,1065.3900,1046.2300,1062.1000,134210
2015-12-04,1063.3500,1088.7800,1058.0700,1086.7600,144622
2015-12-07,1084.8200,1086.5500,1066.1100,1070.7600,131150
2015-12-08,1070.9600,1079.0300,1067.5700,1074.5200,125801
2015-12-09,1074.5300,1085.3000,1069.2900,1072.6700,125041
2015-12-10,1072.2000,1076.4200,1069.3500,1071.2100,116928
2015-12-11,1071.7500,1079.5300,1062.3600,1074.6600,129556
2015-12-14,1073.7200,1077.4800,1058.5300,1060.1200,112737
2015-12-15,1061.1600,1068.6000,1058.8900,1060.8000,111635
2015-12-16,1061.2100,1078.2700,1060.8300,1072.1800,108314
2015-12-17,1071.9700,1072.8400,1047.5800,1051.5500,117110
2015-12-18,1050.9200,1071.4900,1050.8400,1065.8500,103210
2015-12-21,1066.1600,1081.7100,1063.9100,1078.2800,101161
2015-12-22,1078.0600,1080.6900,1071.6900,1072.6000,88689
2015-12-23,1072.8700,1075.4300,1068.2600,1070.2000,74958
2015-12-24,1070.3600,1076.7400,1070.0200,1076.0500,56102
2015-12-28,1075.8600,1076.8600,1066.3700,1068.9000,87797
2015-12-29,1068.8000,1075.1700,1067.4300,1068.6200,92881
2015-12-30,1069.0100,1072.0100,1059.3300,1061.0800,63758
2015-12-31,1061.3700,1063.4600,1058.1300,1060.9100,65469
2016-01-04,1064.8800,1083.4400,1061.6600,1074.4300,146168
2016-01-05,1073.1500,1081.9000,1072.5600,1078.0700,124692
2016-01-06,1077.7500,1095.1300,1074.8900,1093.0100,138043
2016-01-07,1093.5900,1110.0100,1091.3300,1108.9300,185177
2016-01-08,1108.6200,1113.1200,1091.7800,1103.8500,165997
2016-01-11,1107.4000,1108.4200,1094.2000,1095.4000,144178
2016-01-12,1095.1900,1099.1400,1083.4100,1089.4800,143643
2016-01-13,1087.4800,1095.4000,1079.7100,1093.6500,138239
2016-01-14,1093.2400,1095.1500,1071.3300,1077.1800,154005
2016-01-15,1078.2200,1097.3400,1076.2000,1088.7200,164366
2016-01-18,1090.1400,1093.2200,1087.4700,1088.8800,108815
2016-01-19,1089.4300,1094.4500,1082.4500,1087.1800,169169
2016-01-20,1087.7700,1109.5600,1087.5200,1100.8300,190135
2016-01-21,1100.9300,1104.4400,1092.3600,1101.1600,193393
2016-01-22,1101.1200,1102.7800,1093.9700,1097.7800,149487
2016-01-25,1097.7300,1108.8800,1097.1300,1107.6700,128236
2016-01-26,1108.2600,1122.8400,1106.9100,1120.0900,138683
2016-01-27,1119.8700,1127.9400,1114.8100,1124.7600,137199
2016-01-28,1125.5700,1125.7500,1111.4900,1114.2800,133401
2016-01-29,1115.3300,1118.3800,1108.3200,1117.9900,138404
2016-02-01,1115.8600,1129.6500,1115.8600,1128.3700,139905
2016-02-02,1128.0800,1131.0000,1122.2500,1128.6200,128083
2016-02-03,1128.1200,1145.4500,1124.3300,1142.3400,181192
2016-02-04,1141.5600,1157.2900,1139.5100,1155.3600,203585
2016-02-05,1155.5000,1174.4000,1145.1500,1173.0600,186487
2016-02-08,1168.4600,1200.8100,1164.2300,1190.0200,190763
2016-02-09,1190.6800,1198.8200,1185.5900,1188.7600,194216
2016-02-10,1189.4100,1197.6500,1181.4000,1197.4100,182466
2016-02-11,1196.7200,1263.3400,1196.7200,1248.7000,185283
2016-02-12,1247.9200,1248.1900,1232.3700,1238.1300,165315
2016-02-15,1232.0000,1234.7600,1202.1300,1209.0700,94178
2016-02-16,1209.0600,1216.9000,1190.8000,1199.5300,172139
2016-02-17,1202.5400,1213.6600,1195.6000,1208.3100,172778
2016-02-18,1208.0100,1239.8400,1200.6400,1230.6500,170619
2016-02-19,1231.0600,1234.4400,1219.8700,1227.2900,140207
2016-02-22,1224.9200,1226.1600,1201.8300,1208.4200,113870
2016-02-23,1209.0700,1228.1000,1207.1000,1226.4400,101351
2016-02-24,1227.0300,1253.2400,1221.7600,1229.1700,149975
2016-02-25,1226.7900,1242.7100,1221.0400,1233.2000,166869
2016-02-26,1232.3400,1240.2500,1211.3900,1223.3200,120019
2016-02-29,1218.9800,1241.0000,1217.2300,1238.3000,136668
2016-03-01,1239.0500,1248.4700,1227.1000,1231.5700,143242
2016-03-02,1231.3500,1243.9800,1224.6800,1240.0900,114608
2016-03-03,1241.4500,1268.2400,1237.3400,1265.5100,150269
2016-03-04,1262.3800,1279.7100,1250.4300,1258.7800,159469
2016-03-07,1259.7900,1273.1000,1256.6500,1267.2200,135619
2016-03-08,1266.4200,1278.0400,1260.1500,1261.5000,128480
2016-03-09,1261.6100,1264.8800,1242.9100,1252.8800,108836
2016-03-10,1252.7000,1273.2700,1236.9900,1271.9800,119537
2016-03-11,1269.9100,1283.3600,1248.1600,1249.2300,115894
2016-03-14,1251.4400,1261.0100,1229.3000,1235.0000,76556
2016-03-15,1235.1800,1238.0000,1225.6000,1232.4400,87463
2016-03-16,1232.7800,1263.8600,1226.6400,1262.0400,110458
2016-03-17,1259.4600,1270.8400,1254.3300,1257.7200,145518
2016-03-18,1258.6800,1266.8800,1247.7800,1255.0400,112531
2016-03-21,1254.5500,1255.3200,1240.5400,1243.4400,86977
2016-03-22,1243.5700,1260.1200,1242.3100,1248.0000,98128
2016-03-23,1247.7200,1249.3100,1215.3100,1220.1300,82257
2016-03-24,1222.6100,1223.7100,1211.9500,1217.1200,70495
2016-03-28,1214.3000,1223.0500,1208.1500,1221.3400,53591
2016-03-29,1220.8000,1242.9000,1215.2400,1240.7200,87832
2016-03-30,1241.4100,1243.9900,1223.1800,1224.4600,71663
2016-03-31,1225.8500,1240.3200,1223.7500,1232.4400,70316
2016-04-01,1231.5600,1235.2100,1208.9300,1222.1600,85293
2016-04-04,1220.3000,1222.5400,1214.5600,1215.5500,65611
2016-04-05,1215.7000,1236.7400,1214.6900,1230.4700,77987
2016-04-06,1230.4100,1232.1000,1216.6400,1222.0300,77187
2016-04-07,1222.9500,1243.1900,1222.6400,1240.6000,91066
2016-04-08,1239.3700,1242.6000,1229.5400,1240.4900,76674
2016-04-11,1244.7800,1258.7800,1243.9300,1257.5100,94207
2016-04-12,1256.1500,1262.5400,1251.1100,1255.4100,79903
2016-04-13,1255.6200,1256.6300,1239.7100,1243.1600,81251
2016-04-14,1242.4300,1244.0400,1223.7700,1226.3300,91796
2016-04-15,1227.3600,1235.7900,1225.2000,1233.7300,70227
2016-04-18,1234.6600,1241.5500,1230.0400,1232.5700,76137
2016-04-19,1231.7700,1256.6200,1227.6600,1250.2100,89050
2016-04-20,1249.6900,1257.9100,1242.3400,1243.7000,83005
2016-04-21,1243.7700,1270.1900,1242.7800,1248.7700,104691
2016-04-22,1247.6600,1252.4800,1227.3200,1232.7300,93741
2016-04-25,1232.2200,1242.2300,1229.9400,1237.5000,71029
2016-04-26,1237.8300,1244.7900,1231.2700,1243.6800,65550
2016-04-27,1242.8100,1252.6500,1239.3400,1245.9800,79779
2016-04-28,1245.4000,1269.4700,1237.6800,1266.2900,96276
2016-04-29,1265.9400,1296.6200,1264.9100,1293.6800,96260
2016-05-02,1292.6500,1303.6500,1287.5600,1291.2400,99573
2016-05-03,1292.0900,1301.6900,1282.1900,1286.3300,102238
2016-05-04,1285.5400,1289.7400,1271.7100,1279.7100,98352
2016-05-05,1279.6200,1286.3700,1268.7900,1278.0900,96196
2016-05-06,1277.4900,1295.4700,1274.3800,1288.8000,102388
2016-05-09,1284.1900,1287.4600,1261.2100,1263.0900,97003
2016-05-10,1264.0300,1269.6100,1256.7800,1266.1500,91871
2016-05-11,1266.0600,1279.0200,1264.7200,1277.1200,87560
2016-05-12,1277.4900,1280.7800,1261.7800,1263.4200,93154
2016-05-13,1264.0900,1276.2600,1262.8800,1273.3000,90666
2016-05-16,1272.7200,1288.6200,1270.9200,1273.6200,92709
2016-05-17,1274.0800,1282.2700,1269.0200,1279.2600,94512
2016-05-18,1280.2800,1281.2700,1254.9700,1257.8800,103039
2016-05-19,1258.6300,1261.2300,1243.6600,1254.2000,100952
2016-05-20,1255.6700,1260.1200,1248.7400,1251.9100,82646
2016-05-23,1250.3400,1255.9400,1243.0800,1249.0000,78212
2016-05-24,1248.7400,1252.0900,1226.1900,1226.7000,86416
2016-05-25,1227.4700,1230.0800,1217.7400,1224.3300,84697
2016-05-26,1223.3800,1234.1700,1218.3000,1219.6200,86862
2016-05-27,1220.1300,1223.5000,1206.6700,1211.6400,80518
2016-05-30,1212.9300,1213.3600,1199.6200,1207.4000,62275
2016-05-31,1207.0800,1218.1500,1207.0300,1215.0800,83400
2016-06-01,1216.0200,1220.3200,1205.9100,1212.5700,73712
2016-06-02,1212.8400,1217.5700,1209.7500,1211.0300,80205
2016-06-03,1210.3200,1244.5900,1206.8500,1244.5100,95631
2016-06-06,1244.0000,1248.6500,1239.9200,1244.8900,85410
2016-06-07,1244.9400,1246.5300,1234.7200,1244.2900,69612
2016-06-08,1244.6300,1264.3100,1242.9800,1261.8400,80598
2016-06-09,1261.6000,1271.6800,1256.7400,1269.3200,73697
2016-06-10,1269.2800,1278.0900,1264.5100,1274.0700,79722
2016-06-13,1274.6900,1287.0900,1272.3500,1283.8700,91171
2016-06-14,1283.2600,1289.7300,1276.3100,1285.8700,76419
2016-06-15,1284.8300,1296.7600,1278.3800,1291.5100,83156
2016-06-16,1293.1700,1315.5400,1277.9700,1278.7500,137515
2016-06-17,1278.9800,1299.5000,1276.4800,1298.5500,92427
2016-06-20,1286.0900,1292.2000,1277.9300,1289.7500,83392
2016-06-21,1289.7300,1294.1200,1264.4400,1267.1800,94042
2016-06-22,1269.6000,1270.6000,1261.1300,1266.0600,71310
2016-06-23,1263.5400,1271.3800,1254.3700,1255.9600,79791
2016-06-24,1253.0500,1358.2500,1250.3400,1315.6700,222646
2016-06-27,1326.1100,1335.2300,1317.5700,1324.8800,207364
2016-06-28,1324.0400,1325.9400,1305.4000,1312.0100,179206
2016-06-29,1311.8300,1327.7800,1311.4100,1318.6000,145541
2016-06-30,1317.6200,1324.0600,1312.7300,1321.5800,154092
2016-07-01,1322.5800,1344.4900,1320.4700,1342.2800,142338
2016-07-04,1339.6100,1357.3100,1339.5000,1350.8300,100936
2016-07-05,1349.2100,1357.3800,1338.0500,1356.0300,171227
2016-07-06,1356.9300,1375.0500,1355.9400,1363.6800,151669
2016-07-07,1362.5800,1370.6500,1350.6900,1360.2800,179163
2016-07-08,1359.2100,1370.1800,1335.1700,1364.9300,160798
2016-07-11,1368.4300,1374.8300,1350.5700,1354.5700,199384
2016-07-12,1355.1900,1357.5900,1330.3100,1332.6800,173382
2016-07-13,1333.8800,1345.1700,1327.4600,1342.4800,172647
2016-07-14,1342.9300,1347.0300,1320.0800,1334.5300,201433
2016-07-15,1335.3800,1338.6400,1322.4100,1338.2900,165966
2016-07-18,1334.1100,1335.3600,1323.3800,1328.3700,141084
2016-07-19,1328.1500,1334.8900,1325.4500,1331.9300,150346
2016-07-20,1332.1700,1338.2500,1312.5300,1315.3400,144970
2016-07-21,1313.8700,1333.7900,1310.7700,1331.1200,148769
2016-07-22,1330.8400,1333.7500,1319.5800,1322.3900,129787
2016-07-25,1321.7700,1323.6900,1312.2500,1315.7600,104376
2016-07-26,1315.2200,1324.4600,1313.7600,1320.2000,107188
2016-07-27,1319.2700,1342.3200,1315.6700,1339.4600,129785
2016-07-28,1338.4100,1345.5200,1332.3600,1335.3200,130598
2016-07-29,1335.3700,1354.9000,1328.2700,1351.1100,160832
2016-08-01,1350.6100,1354.7700,1346.1700,1352.7300,110164
2016-08-02,1353.0300,1367.2100,1347.0100,1363.6700,125971
2016-08-03,1363.1700,1366.3300,1354.0700,1358.1500,114393
2016-08-04,1357.6500,1364.9300,1349.0500,1360.9600,121496
2016-08-05,1360.9700,1364.5900,1334.6100,1336.8700,118610
2016-08-08,1332.8900,1338.2000,1329.7700,1334.9700,116933
2016-08-09,1334.9400,1342.5100,1330.4200,1340.4500,103197
2016-08-10,1339.9600,1357.1100,1339.8700,1346.0000,132126
2016-08-11,1346.9700,1353.2200,1335.6800,1338.4600,110730
2016-08-12,1338.0200,1356.2700,1333.0800,1336.5800,125937
2016-08-15,1337.1300,1343.7300,1335.7000,1339.2000,85943
2016-08-16,1339.6000,1357.9400,1339.2400,1346.3700,119844
2016-08-17,1345.5200,1351.5700,1335.5700,1348.4400,112144
2016-08-18,1349.5900,1355.9500,1345.9800,1352.1700,122309
2016-08-19,1352.1100,1352.7100,1337.7100,1340.9200,106137
2016-08-22,1338.3400,1339.9500,1331.6600,1338.6300,131365
2016-08-23,1338.8400,1344.5800,1335.1900,1338.0600,105543
2016-08-24,1337.7500,1339.9900,1323.6500,1323.9000,104373
2016-08-25,1325.3200,1326.9800,1317.9300,1321.4600,89477
2016-08-26,1321.8600,1342.1200,1318.2900,1321.8500,120480
2016-08-29,1319.5300,1324.9900,1314.8700,1323.2500,106883
2016-08-30,1323.3100,1325.3400,1309.1800,1310.3600,103213
2016-08-31,1311.3500,1315.9900,1304.1600,1308.8100,104367
2016-09-01,1309.7900,1315.0100,1302.4100,1312.9400,100334
2016-09-02,1313.7700,1329.9900,1303.1900,1324.8000,105971
2016-09-05,1324.7300,1328.5000,1321.6800,1326.8100,59069
2016-09-06,1326.2000,1352.4500,1324.7300,1350.2600,110106
2016-09-07,1348.1800,1352.5100,1342.6200,1344.7400,94448
2016-09-08,1345.0400,1349.2800,1335.4900,1337.6500,107701
2016-09-09,1338.2400,1339.4600,1326.8300,1327.8300,100365
2016-09-12,1328.4900,1330.1400,1320.3000,1327.3800,121848
2016-09-13,1327.4100,1331.8800,1315.5100,1317.8400,128347
2016-09-14,1318.8400,1325.8500,1313.2900,1321.9800,114114
2016-09-15,1322.6700,1327.9500,1309.1900,1314.4100,121637
2016-09-16,1315.2400,1317.9800,1306.1400,1309.6600,92003
2016-09-19,1309.8300,1318.2700,1309.3200,1313.2100,82810
2016-09-20,1313.1800,1317.8000,1311.9400,1314.8600,70921
2016-09-21,1314.8100,1335.9200,1307.7800,1335.9200,128719
2016-09-22,1333.8900,1343.5500,1331.1000,1337.7200,93926
2016-09-23,1337.4300,1340.5600,1333.7300,1338.7200,74257
2016-09-26,1336.5900,1342.0200,1332.6100,1337.8600,115599
2016-09-27,1338.2100,1339.4200,1324.6300,1326.8700,115461
2016-09-28,1326.7800,1327.4500,1317.9200,1321.4700,80672
2016-09-29,1321.6900,1325.7100,1315.9400,1320.4000,125920
2016-09-30,1321.2700,1327.9700,1313.1300,1315.8900,146441
2016-10-03,1317.1900,1319.5200,1309.2800,1311.7300,106678
2016-10-04,1311.7600,1312.9700,1266.9200,1268.4500,138909
2016-10-05,1268.3500,1277.0500,1262.0500,1266.6900,116982
2016-10-06,1267.7000,1269.3200,1249.7500,1254.3900,111795
2016-10-07,1255.2000,1265.2800,1241.3000,1256.5400,119172
2016-10-10,1257.4000,1264.8500,1256.5500,1259.4700,74438
2016-10-11,1259.2900,1262.1500,1250.9100,1252.5900,98085
2016-10-12,1253.1500,1258.8200,1249.6900,1255.2400,99118
2016-10-13,1255.5900,1262.2300,1253.0300,1257.6800,109705
2016-10-14,1258.0300,1259.3300,1246.0300,1250.4300,117267
2016-10-17,1251.1700,1257.1100,1250.0300,1254.9200,104418
2016-10-18,1255.2300,1264.6100,1254.9200,1262.5200,100588
2016-10-19,1262.7000,1273.2300,1260.1700,1269.5800,95687
2016-10-20,1269.2700,1274.5200,1264.6700,1265.6600,94414
2016-10-21,1265.7000,1267.9300,1261.0300,1266.7900,79411
2016-10-24,1265.8900,1271.8100,1260.2800,1264.1600,83283
2016-10-25,1264.4900,1276.5100,1262.0100,1273.8700,104884
2016-10-26,1273.7300,1276.3700,1264.5700,1266.4800,51006
2016-10-27,1266.5100,1272.6900,1264.9900,1268.5200,104928
2016-10-28,1267.9800,1284.0700,1261.8800,1275.7100,120056
2016-10-31,1277.2100,1279.4100,1271.1100,1276.8700,101226
2016-11-01,1276.6300,1291.8000,1275.5900,1288.0400,107918
2016-11-02,1288.3100,1307.9600,1287.2400,1296.6900,124558
2016-11-03,1298.2700,1306.7000,1285.5000,1301.8400,119604
2016-11-04,1303.9800,1307.0900,1294.6700,1304.2700,103461
2016-11-07,1292.2700,1295.7700,1278.0900,1281.3800,122663
2016-11-08,1282.4700,1290.5700,1272.7600,1275.5400,122511
2016-11-09,1273.1000,1337.1600,1267.9100,1277.1100,339333
2016-11-10,1278.4400,1292.1300,1252.1800,1259.2900,202991
2016-11-11,1259.1400,1265.3100,1219.0300,1227.2400,173763
2016-11-14,1228.9700,1231.1500,1211.4400,1220.0900,199718
2016-11-15,1221.3700,1231.4500,1218.7700,1228.3500,156186
2016-11-16,1228.0500,1232.9600,1221.3900,1224.8100,136213
2016-11-17,1225.3300,1231.3300,1210.9500,1216.7300,151950
2016-11-18,1216.5400,1217.6300,1202.7400,1208.5100,139676
2016-11-21,1207.4400,1217.5300,1205.4700,1213.9400,116054
2016-11-22,1213.3300,1220.9500,1206.0400,1211.8500,116763
2016-11-23,1213.1100,1214.8700,1181.5800,1186.8700,130610
2016-11-24,1188.3600,1190.8000,1180.2300,1184.0300,74544
2016-11-25,1184.9000,1193.1400,1170.1100,1183.7100,113243
2016-11-28,1185.7200,1197.5300,1182.9100,1192.8400,155438
2016-11-29,1193.2800,1194.9400,1180.9800,1188.1500,144061
2016-11-30,1188.1900,1194.8300,1170.6300,1172.6200,161280
2016-12-01,1173.7300,1176.6000,1160.6300,1171.2900,156452
2016-12-02,1172.4300,1178.0400,1166.6000,1176.8700,125907
2016-12-05,1185.4100,1187.9300,1157.0400,1170.0300,189670
2016-12-06,1169.8500,1175.2400,1166.6800,1169.4400,119117
2016-12-07,1169.3800,1180.1700,1165.5100,1173.5000,112045
2016-12-08,1174.1800,1178.5700,1169.1200,1170.3500,125955
2016-12-09,1170.0700,1171.9600,1156.1600,1158.3500,108360
2016-12-12,1158.4600,1165.7200,1151.1400,1161.8300,120294
2016-12-13,1163.0800,1164.8700,1154.5100,1158.0600,126057
2016-12-14,1158.4700,1165.0900,1139.0400,1142.9400,148724
2016-12-15,1142.1600,1144.2800,1122.6200,1127.9600,150441
2016-12-16,1128.3300,1141.1600,1126.5400,1134.6500,79262
2016-12-19,1135.7900,1142.2400,1134.7300,1138.4700,91901
2016-12-20,1138.4600,1139.7300,1125.6700,1131.7300,91025
2016-12-21,1132.5600,1137.0300,1129.2500,1131.5900,80731
2016-12-22,1131.3400,1134.0300,1127.3700,1128.2000,72957
2016-12-23,1128.3000,1135.7200,1126.7700,1133.3900,38821
2016-12-27,1134.3900,1150.6900,1131.5800,1138.8600,58095
2016-12-28,1139.1100,1144.4100,1136.4500,1141.5500,67686
2016-12-29,1142.3700,1159.4000,1141.6500,1157.8300,77501
2016-12-30,1157.8700,1163.1500,1146.4100,1152.1200,73722
2017-01-03,1151.6700,1164.3500,1145.9500,1159.0900,133304
2017-01-04,1158.7500,1167.8300,1156.0700,1162.6400,130369
2017-01-05,1163.1000,1184.9400,1162.8700,1180.3000,155316
2017-01-06,1179.6400,1182.9200,1170.8400,1172.5900,125240
2017-01-09,1172.8700,1186.0800,1172.3800,1181.0100,126697
2017-01-10,1181.8700,1190.5300,1180.1100,1187.4100,113962
2017-01-11,1187.5300,1198.1700,1177.1100,1191.4400,155211
2017-01-12,1192.2500,1206.8800,1191.8700,1195.3800,143183
2017-01-13,1194.3600,1201.1800,1187.8600,1197.3300,124284
2017-01-16,1198.7400,1208.4800,1198.0700,1202.5000,77904
2017-01-17,1202.9500,1218.7700,1202.7700,1216.5600,141768
2017-01-18,1216.4800,1217.4100,1202.2600,1203.5900,115042
2017-01-19,1204.5700,1206.4100,1195.7900,1204.7300,155941
2017-01-20,1204.6000,1214.8700,1198.5300,1209.9400,146157
2017-01-23,1210.9800,1219.3900,1209.1900,1217.8000,140358
2017-01-24,1219.0000,1219.4000,1206.5200,1208.6700,100602
2017-01-25,1209.3100,1209.7300,1193.2200,1199.6000,108302
2017-01-26,1200.6700,1202.5200,1184.3100,1188.3800,119209
2017-01-27,1189.0200,1191.5900,1180.4800,1191.4900,124536
2017-01-30,1192.8700,1199.3300,1188.2000,1195.2000,141904
2017-01-31,1195.2800,1215.2300,1193.6500,1210.3600,164411
2017-02-01,1210.4800,1213.1400,1198.1000,1209.7000,165205
2017-02-02,1208.9100,1225.2100,1208.2600,1215.7400,174513
2017-02-03,1214.9200,1221.3100,1207.0000,1219.9500,142672
2017-02-06,1222.2600,1235.5500,1219.1100,1235.4500,148432
2017-02-07,1234.3300,1235.7100,1227.6800,1233.4900,139312
2017-02-08,1233.7600,1244.6400,1229.9900,1241.6800,143583
2017-02-09,1240.8500,1244.4400,1225.4000,1227.5300,131164
2017-02-10,1228.4800,1237.0400,1221.5700,1233.6800,135270
2017-02-13,1230.7600,1232.2200,1219.2600,1225.2000,108526
2017-02-14,1225.2300,1234.4200,1221.8400,1228.5700,119784
2017-02-15,1228.3900,1233.1600,1216.6400,1232.8100,98959
2017-02-16,1233.4300,1242.3000,1231.9900,1239.0100,113850
2017-02-17,1238.6600,1243.7100,1234.2400,1234.8300,99356
2017-02-20,1235.6600,1238.8900,1232.7000,1237.4200,53883
2017-02-21,1237.0700,1238.7500,1226.0400,1235.7500,86656
2017-02-22,1235.8200,1240.5400,1231.1400,1237.4500,105695
2017-02-23,1236.8300,1251.0300,1235.6900,1249.1900,100511
2017-02-24,1249.3500,1260.0500,1247.6800,1256.9800,81651
2017-02-27,1256.2200,1263.7900,1250.9100,1252.7000,89506
2017-02-28,1252.5600,1258.3200,1247.5800,1248.0000,82704
2017-03-01,1248.5000,1250.5700,1236.8600,1249.2300,134415
2017-03-02,1248.4900,1248.9200,1230.9300,1234.1700,86241
2017-03-03,1234.2000,1236.2100,1222.8400,1234.4200,96769
2017-03-06,1233.1700,1236.7600,1224.8100,1225.1800,78325
2017-03-07,1225.5800,1227.1200,1214.1200,1215.7200,71988
2017-03-08,1215.8500,1218.4900,1206.5900,1207.7500,74632
2017-03-09,1208.2600,1208.9200,1199.1700,1200.2400,95199
2017-03-10,1200.8000,1206.2500,1194.9100,1204.4300,100924
2017-03-13,1206.1100,1211.1100,1202.3900,1203.7000,66176
2017-03-14,1202.0700,1207.5300,1197.2300,1198.4700,74402
2017-03-15,1199.1100,1221.9700,1197.4700,1218.5900,86424
2017-03-16,1218.8800,1233.6700,1218.5400,1226.0100,80643
2017-03-17,1226.4300,1231.6000,1224.4200,1229.2500,64890
2017-03-20,1230.5300,1235.4500,1229.2900,1234.1200,56183
2017-03-21,1234.4200,1247.5300,1226.8200,1244.8500,81053
2017-03-22,1245.3600,1251.2300,1243.8900,1248.7800,90917
2017-03-23,1247.4300,1253.2200,1242.7100,1245.3700,85149
2017-03-24,1244.7800,1251.7700,1240.9200,1245.5700,74402
2017-03-27,1248.0900,1260.9700,1248.0400,1254.0900,81982
2017-03-28,1253.6100,1258.3300,1247.6100,1251.4700,79819
2017-03-29,1250.9400,1254.5700,1247.2500,1253.0700,77876
2017-03-30,1252.7400,1253.7400,1242.3200,1243.4300,68366
2017-03-31,1243.5700,1250.5000,1239.6100,1248.9600,70404
2017-04-03,1247.9400,1253.6200,1244.4100,1252.8000,64214
2017-04-04,1254.1500,1261.2200,1253.9500,1255.9800,65300
2017-04-05,1255.7300,1257.2400,1243.6500,1255.2100,85894
2017-04-06,1255.7600,1258.8200,1249.7200,1251.7700,74106
2017-04-07,1251.7100,1270.8300,1250.5200,1254.3000,127140
2017-04-10,1254.6000,1257.0100,1247.0800,1254.6300,74496
2017-04-11,1255.0800,1275.0600,1253.0000,1273.9300,90396
2017-04-12,1273.7400,1286.6200,1271.8200,1286.5500,92969
2017-04-13,1285.1000,1288.5400,1281.7800,1287.4400,81149
2017-04-17,1291.2800,1295.4500,1281.3100,1284.8400,66665
2017-04-18,1284.4700,1292.2400,1278.9000,1289.8000,83455
2017-04-19,1289.4900,1290.6100,1273.9800,1279.1400,78687
2017-04-20,1279.4400,1283.3600,1276.5800,1281.4300,80568
2017-04-21,1281.4700,1288.1800,1278.4200,1284.2900,85988
2017-04-24,1268.3900,1277.3400,1265.4000,1275.3900,90180
2017-04-25,1275.4900,1278.0500,1261.5600,1263.3200,76278
2017-04-26,1263.3900,1270.5400,1260.0000,1269.2000,83165
2017-04-27,1268.8300,1269.4900,1261.1200,1264.2300,74163
2017-04-28,1263.9800,1268.4600,1262.9500,1267.9900,61037
2017-05-01,1268.5600,1271.1500,1254.1500,1256.8700,53720
2017-05-02,1255.7800,1257.7000,1251.9200,1256.7500,59440
2017-05-03,1256.2300,1256.8700,1235.8100,1238.5500,70561
2017-05-04,1237.8700,1241.2200,1225.6800,1227.4600,76896
2017-05-05,1228.6100,1235.5100,1226.0100,1227.5600,83390
2017-05-08,1224.9800,1236.5000,1224.9800,1226.2100,68262
2017-05-09,1226.4000,1228.5400,1214.2300,1221.2600,68323
2017-05-10,1220.9100,1225.5800,1217.5100,1218.9900,63870
2017-05-11,1219.1000,1227.6500,1216.9200,1224.8300,63881
2017-05-12,1225.3400,1231.6900,1224.3600,1228.4800,60295
2017-05-15,1229.9300,1237.2700,1226.9000,1230.0800,59349
2017-05-16,1231.0900,1239.0500,1230.2300,1236.9500,60443
2017-05-17,1236.5700,1261.1200,1236.3900,1260.4100,101591
2017-05-18,1259.8500,1265.0000,1245.9600,1246.5600,122842
2017-05-19,1246.4300,1256.3300,1246.4300,1255.3300,75658
2017-05-22,1255.0400,1262.4800,1251.7400,1260.0900,60685
2017-05-23,1260.3200,1263.7200,1249.9200,1251.3300,79338
2017-05-24,1251.4900,1258.8700,1247.8500,1258.3300,74541
2017-05-25,1258.0100,1259.5800,1253.7700,1255.6900,72024
2017-05-26,1255.5600,1269.3900,1253.1200,1266.9400,71672
2017-05-29,1267.2900,1269.1000,1264.9400,1266.5000,28242
2017-05-30,1266.7500,1270.4100,1259.3100,1263.1000,58126
2017-05-31,1262.5200,1274.0800,1259.5100,1268.7000,61833
2017-06-01,1268.6700,1270.2400,1261.4500,1265.6200,60651
2017-06-02,1265.6800,1279.4000,1258.9300,1278.5600,70272
2017-06-05,1279.5300,1283.3400,1277.7000,1279.4300,49310
2017-06-06,1280.0700,1296.0100,1279.5800,1293.9200,66589
2017-06-07,1294.1800,1294.3700,1282.6300,1286.8300,69730
2017-06-08,1286.5900,1288.8500,1271.2900,1278.6900,76531
2017-06-09,1279.9300,1280.6700,1264.5700,1266.6000,77130
2017-06-12,1266.5000,1270.2600,1263.5100,1265.6600,71986
2017-06-13,1265.6700,1268.8700,1259.1100,1266.2600,58240
2017-06-14,1266.4400,1280.8500,1257.1600,1261.8300,93813
2017-06-15,1260.0200,1266.6400,1251.3600,1253.9100,76330
2017-06-16,1254.3200,1257.0700,1251.7600,1253.3800,56158
2017-06-19,1253.3400,1255.5800,1242.9700,1243.2500,57682
2017-06-20,1243.8600,1248.0400,1241.2500,1242.8200,59374
2017-06-21,1243.7000,1247.7600,1240.7800,1246.0800,62840
2017-06-22,1246.3200,1254.6800,1246.0800,1250.4000,69114
2017-06-23,1250.9900,1258.8000,1249.7600,1256.6100,51307
2017-06-26,1257.3600,1258.0300,1236.0100,1244.3000,65624
2017-06-27,1244.2900,1253.0600,1241.2600,1246.8000,65405
2017-06-28,1247.0700,1254.7600,1247.0200,1248.8500,78622
2017-06-29,1249.2900,1253.1100,1239.7500,1245.1000,84567
2017-06-30,1245.8600,1248.1500,1239.1700,1241.4300,82053
2017-07-03,1242.1200,1242.6300,1218.4100,1219.4600,73040
2017-07-04,1221.5000,1226.4600,1220.5300,1223.3800,44915
2017-07-05,1224.0200,1228.7600,1217.3800,1226.8300,69538
2017-07-06,1226.9100,1229.0900,1222.4500,1224.6000,70069
2017-07-07,1224.7900,1228.3300,1207.2600,1212.2000,71105
2017-07-10,1213.4800,1215.5000,1204.8100,1214.2500,58142
2017-07-11,1214.4000,1217.3500,1208.1300,1217.2100,58263
2017-07-12,1216.7000,1225.6700,1213.3900,1220.1400,67796
2017-07-13,1218.4500,1224.3600,1216.4700,1217.5000,57211
2017-07-14,1217.3900,1232.7700,1214.7300,1228.8100,63232
2017-07-17,1229.5500,1235.9500,1228.1900,1233.6100,51972
2017-07-18,1233.9400,1244.5100,1232.7500,1242.0300,68233
2017-07-19,1242.7900,1243.9500,1235.8400,1241.1300,56719
2017-07-20,1241.0500,1247.5000,1235.2300,1244.6200,71926
2017-07-21,1244.2200,1255.6300,1243.3300,1254.7000,68626
2017-07-24,1255.3000,1258.7400,1251.8600,1255.3100,62675
2017-07-25,1254.6200,1257.6800,1249.0500,1249.7100,70347
2017-07-26,1249.7100,1263.4600,1243.6900,1260.8400,91151
2017-07-27,1260.1000,1265.1700,1254.4400,1258.4200,102405
2017-07-28,1259.1600,1270.7600,1257.2900,1268.9100,87469
2017-07-31,1270.5400,1271.0400,1265.7000,1269.3700,61954
2017-08-01,1269.4700,1274.0400,1262.5700,1268.9200,75766
2017-08-02,1268.6100,1272.7500,1262.7900,1266.1800,67133
2017-08-03,1266.1300,1270.7500,1256.7700,1268.8500,72462
2017-08-04,1268.4100,1270.1000,1254.1200,1258.7300,69628
2017-08-07,1257.1400,1259.8200,1255.6900,1257.6700,56774
2017-08-08,1257.0700,1265.1200,1251.4400,1260.7400,70930
2017-08-09,1260.9100,1278.6400,1260.7100,1277.3900,92934
2017-08-10,1277.3200,1287.7600,1274.5700,1286.2500,86767
2017-08-11,1286.1300,1291.9300,1281.2300,1290.4100,84718
2017-08-14,1289.3100,1289.4300,1278.5400,1281.3000,71753
2017-08-15,1280.9700,1281.8700,1267.2300,1271.5200,69919
2017-08-16,1271.3500,1283.7500,1267.7000,1283.0800,73242
2017-08-17,1283.6500,1290.0800,1281.7400,1287.7400,93880
2017-08-18,1288.5900,1300.7400,1283.4000,1284.6200,102322
2017-08-21,1282.9900,1293.6800,1280.5100,1291.5900,69793
2017-08-22,1290.7500,1292.4900,1281.9000,1284.9600,64648
2017-08-23,1284.5500,1291.4200,1282.7200,1290.4400,63985
2017-08-24,1290.3600,1291.1000,1284.4000,1286.1500,69416
2017-08-25,1286.0600,1294.5200,1276.3700,1291.4700,81136
2017-08-28,1292.4800,1312.0300,1291.7800,1309.6100,68351
2017-08-29,1314.1300,1325.9400,1304.9700,1309.4800,117617
2017-08-30,1310.2400,1313.6800,1305.1100,1308.1500,81145
2017-08-31,1308.4000,1323.5300,1298.7800,1321.4100,87456
2017-09-01,1321.8500,1328.7600,1316.3500,1324.5900,86568
2017-09-04,1335.1800,1339.7200,1331.7300,1333.9600,57399
2017-09-05,1333.4900,1344.2500,1326.2200,1339.9500,103529
2017-09-06,1339.6100,1342.3900,1331.5500,1334.0100,87303
2017-09-07,1334.0500,1349.7800,1332.4800,1349.3100,100395
2017-09-08,1348.5800,1357.4200,1342.7100,1346.4800,101482
2017-09-11,1338.9300,1339.9600,1326.3400,1327.2500,82571
2017-09-12,1327.4500,1331.8000,1322.5200,1331.2600,123378
2017-09-13,1333.2100,1334.5900,1320.7700,1323.0000,89613
2017-09-14,1323.0700,1330.5500,1315.6000,1329.5600,82761
2017-09-15,1330.5800,1334.2400,1319.4900,1320.2900,84096
2017-09-18,1318.3300,1319.5900,1304.5600,1307.1900,68214
2017-09-19,1307.6700,1311.6000,1305.0600,1310.9000,69038
2017-09-20,1310.6300,1315.9400,1295.9100,1300.0800,83133
2017-09-21,1301.4100,1301.6100,1288.0800,1291.2200,82325
2017-09-22,1291.6300,1298.6100,1291.2000,1296.8900,69255
2017-09-25,1295.9700,1311.8800,1289.6400,1310.2800,89776
2017-09-26,1309.5500,1313.5600,1292.0600,1293.8000,80101
2017-09-27,1293.2600,1296.1400,1281.4000,1282.1600,78717
2017-09-28,1283.2200,1288.7100,1277.6500,1286.9800,74155
2017-09-29,1286.6300,1290.2500,1275.9200,1279.3700,70719
2017-10-02,1278.9500,1279.1200,1269.5200,1270.9500,64725
2017-10-03,1270.6700,1274.6800,1268.2200,1271.5400,54823
2017-10-04,1271.4400,1282.1200,1270.4400,1274.6400,58351
2017-10-05,1274.9700,1278.9200,1266.0900,1267.5700,53983
2017-10-06,1268.7200,1276.2400,1260.5400,1276.1700,72197
2017-10-09,1275.9100,1285.3600,1275.1600,1283.9400,60064
2017-10-10,1283.7300,1294.1300,1282.0200,1287.9200,71848
2017-10-11,1287.8500,1293.4200,1284.4900,1291.3200,70881
2017-10-12,1291.5300,1297.3900,1289.5200,1293.2700,105473
2017-10-13,1293.6600,1303.6400,1290.8200,1303.3000,153698
2017-10-16,1303.3300,1305.9100,1290.3100,1294.5700,144870
2017-10-17,1295.8800,1296.1100,1281.2200,1285.1400,157205
2017-10-18,1284.9300,1288.7800,1276.8500,1280.8100,132752
2017-10-19,1281.3700,1290.1800,1276.4500,1289.3600,188744
2017-10-20,1289.4400,1290.9000,1277.8300,1280.1100,176660
2017-10-23,1277.2300,1283.1300,1272.3900,1281.9300,151365
2017-10-24,1281.5400,1283.5100,1273.6000,1276.4700,158853
2017-10-25,1276.3200,1279.9500,1270.8800,1277.3600,187287
2017-10-26,1277.9700,1282.3800,1265.6000,1266.9000,182439
2017-10-27,1267.5900,1273.6600,1263.6200,1273.4300,181680
2017-10-30,1273.2800,1278.6700,1268.8000,1276.0100,143512
2017-10-31,1275.9900,1278.0100,1267.5300,1271.0000,140265
2017-11-01,1270.3200,1280.7100,1267.8500,1274.5200,175134
2017-11-02,1275.3500,1283.9600,1273.2800,1276.1500,179636
2017-11-03,1277.2500,1280.0500,1265.3700,1270.0300,141945
2017-11-06,1269.4200,1282.7900,1265.9800,1281.4900,153332
2017-11-07,1281.0900,1281.3000,1271.7100,1275.2300,158607
2017-11-08,1276.6800,1287.0700,1275.8400,1281.1600,156748
2017-11-09,1281.4800,1288.3100,1279.8200,1284.6300,209614
2017-11-10,1285.2600,1286.9300,1273.3200,1275.6000,171018
2017-11-13,1274.9500,1279.6200,1274.1900,1277.9400,136413
2017-11-14,1277.8900,1283.4500,1269.8000,1280.3200,166046
2017-11-15,1279.8400,1289.3900,1276.5700,1278.3400,203934
2017-11-16,1278.3700,1281.6700,1274.9900,1278.3000,159701
2017-11-17,1278.5200,1296.7700,1278.1600,1294.1100,182172
2017-11-20,1293.1400,1294.6200,1274.4600,1276.6500,180838
2017-11-21,1277.7400,1284.6000,1276.1800,1280.3700,165420
2017-11-22,1280.6800,1294.5200,1278.9300,1291.9400,164566
2017-11-23,1291.5800,1293.4400,1286.8200,1290.9300,81132
2017-11-24,1290.9100,1293.1300,1285.4900,1288.2700,119111
2017-11-27,1288.1000,1299.0800,1286.6200,1294.2600,151911
2017-11-28,1294.5500,1297.2800,1290.5300,1293.7500,149381
2017-11-29,1293.4200,1296.5400,1281.9000,1283.2400,182085
2017-11-30,1284.2500,1285.1600,1270.2200,1274.7000,193088
2017-12-01,1275.0200,1289.0700,1271.5000,1279.8800,220669
2017-12-04,1273.9500,1277.0200,1270.8900,1275.9400,176483
2017-12-05,1276.3800,1276.9000,1260.8600,1265.6600,172981
2017-12-06,1265.9900,1269.1300,1262.4300,1263.1200,173278
2017-12-07,1263.6600,1264.3100,1243.7800,1246.6400,167975
2017-12-08,1247.5800,1252.2300,1243.6000,1248.0400,152913
2017-12-11,1247.7300,1251.4000,1240.5800,1241.5400,128072
2017-12-12,1242.1000,1246.0900,1236.3700,1243.7700,132124
2017-12-13,1243.8000,1256.9200,1240.1200,1255.5100,154282
2017-12-14,1254.0100,1258.9500,1250.3500,1252.5000,162850
2017-12-15,1252.9500,1261.7200,1252.9400,1255.3300,145091
2017-12-18,1254.1400,1263.8300,1252.6200,1261.6200,134877
2017-12-19,1261.6600,1265.1100,1259.1100,1261.6400,127118
2017-12-20,1261.4400,1267.7000,1261.2500,1265.3700,125012
2017-12-21,1265.7600,1268.8000,1262.6400,1266.5200,116013
2017-12-22,1266.2100,1276.0200,1264.8400,1275.2800,100209
2017-12-26,1278.1400,1283.5800,1276.9200,1283.0800,56366
2017-12-27,1282.2700,1288.8000,1281.2200,1287.0100,109234
2017-12-28,1287.3200,1295.0700,1286.5900,1294.8600,104991
2017-12-29,1294.0600,1307.4100,1293.7300,1302.5400,110171
2018-01-02,1309.8100,1318.8000,1308.4000,1317.8200,102756
2018-01-03,1317.2700,1321.2400,1307.3100,1312.7800,142608
2018-01-04,1312.7400,1325.8400,1305.7000,1322.6900,152296
2018-01-05,1321.9600,1323.2600,1313.5500,1319.9000,136451
2018-01-08,1320.6900,1322.0000,1314.6500,1320.2700,112662
2018-01-09,1319.4900,1320.0400,1308.2600,1312.6100,145888
2018-01-10,1311.8200,1327.6000,1307.9600,1316.5900,189693
2018-01-11,1317.1300,1323.7900,1315.5800,1322.3400,160215
2018-01-12,1322.3500,1339.2100,1321.6200,1338.1700,178769
2018-01-15,1336.0500,1344.6000,1335.9200,1339.9300,114164
2018-01-16,1339.4200,1342.1300,1331.6600,1338.3700,172974
2018-01-17,1339.2000,1343.8200,1326.2800,1326.6100,201855
2018-01-18,1327.5100,1332.9600,1324.1400,1327.0400,183421
2018-01-19,1327.5400,1337.8600,1326.6600,1331.4300,174257
2018-01-22,1335.0500,1335.4400,1328.2700,1333.8700,142831
2018-01-23,1333.4000,1341.6400,1331.2400,1341.1100,167436
2018-01-24,1340.9200,1362.0200,1339.4200,1357.9700,196584
2018-01-25,1357.2500,1365.9200,1342.3300,1348.2200,245829
2018-01-26,1347.0000,1356.9600,1344.4600,1350.0000,215417
2018-01-29,1351.0300,1352.3900,1337.5700,1340.3200,177086
2018-01-30,1341.3000,1348.9000,1334.4400,1338.5900,207310
2018-01-31,1337.4200,1347.5700,1332.7500,1344.9400,214777
2018-02-01,1343.3900,1350.9700,1337.2400,1348.3900,211212
2018-02-02,1347.8100,1350.0600,1327.4300,1332.5700,233006
2018-02-05,1331.6400,1341.5900,1328.9900,1339.5600,249575
2018-02-06,1338.9100,1346.0800,1320.1800,1324.4000,352486
2018-02-07,1324.6400,1332.3000,1311.3800,1318.2900,259360
2018-02-08,1317.3400,1322.0200,1307.0400,1318.3400,286441
2018-02-09,1319.1100,1322.6300,1311.1200,1315.6400,294243
2018-02-12,1315.3800,1326.6900,1315.1300,1322.8600,145037
2018-02-13,1323.6300,1331.0200,1321.5900,1328.9900,156092
2018-02-14,1329.7200,1355.5000,1317.3000,1350.1400,193377
2018-02-15,1350.6400,1357.0700,1348.5300,1353.0700,175472
2018-02-16,1353.7900,1361.6900,1344.7100,1347.4300,166978
2018-02-19,1349.6900,1351.3400,1345.7800,1346.6000,87111
2018-02-20,1347.9000,1348.0900,1328.4400,1329.3300,141385
2018-02-21,1329.4900,1336.2200,1322.1400,1324.3700,158486
2018-02-22,1324.3900,1332.0700,1320.9300,1331.8500,148422
2018-02-23,1331.7800,1332.1300,1325.7800,1328.7800,120542
2018-02-26,1329.8300,1341.0000,1326.6500,1332.9300,137233
2018-02-27,1333.3000,1336.7000,1313.4100,1318.2900,156960
2018-02-28,1318.3900,1322.4900,1315.5900,1318.0800,143439
2018-03-01,1319.0200,1321.0700,1302.7600,1317.1600,191255
2018-03-02,1316.4700,1325.4200,1315.2000,1322.1200,162142
2018-03-05,1323.7100,1327.7300,1317.5300,1319.8800,175312
2018-03-06,1320.5500,1338.4600,1320.2100,1334.3000,187973
2018-03-07,1339.5500,1340.3700,1322.2000,1325.3500,206718
2018-03-08,1325.6400,1329.0000,1318.8700,1322.1400,183100
2018-03-09,1321.3200,1325.1400,1312.8300,1323.3600,181330
2018-03-12,1322.8600,1324.1300,1315.0400,1322.7000,117427
2018-03-13,1323.5400,1328.2800,1313.7300,1326.3100,152139
2018-03-14,1325.8500,1330.0100,1321.4600,1324.7400,143936
2018-03-15,1323.8000,1327.8800,1314.9300,1316.4400,131712
2018-03-16,1315.9200,1321.7200,1309.6000,1313.4700,122528
2018-03-19,1313.1400,1319.5800,1307.7600,1317.0200,128966
2018-03-20,1317.3000,1318.2400,1307.1700,1311.0600,120441
2018-03-21,1311.5400,1336.6000,1309.7900,1331.8000,146322
2018-03-22,1331.8300,1334.8600,1324.7700,1328.6100,167242
2018-03-23,1330.6100,1350.2000,1330.6100,1347.5100,174572
2018-03-26,1348.1500,1355.8700,1343.4600,1353.4400,136353
2018-03-27,1352.9000,1356.8400,1339.8400,1344.5900,143930
2018-03-28,1345.6100,1346.9900,1323.4400,1324.8300,175573
2018-03-29,1324.3600,1328.3000,1321.2100,1325.0400,144155
2018-04-02,1325.8000,1344.8400,1324.8100,1341.0400,139842
2018-04-03,1340.6100,1342.4500,1328.8800,1332.5400,162340
2018-04-04,1332.5800,1348.2200,1331.4900,1333.2400,177158
2018-04-05,1333.1000,1334.8500,1322.7200,1326.3700,144548
2018-04-06,1327.2500,1335.4200,1319.5000,1332.6900,191077
2018-04-09,1333.4900,1337.9500,1326.8500,1336.0600,152343
2018-04-10,1336.6100,1342.5300,1331.0600,1339.0800,167225
2018-04-11,1339.5400,1365.2000,1339.4900,1353.0800,184524
2018-04-12,1352.5700,1353.1500,1333.7100,1334.8700,179163
2018-04-13,1335.5400,1347.1000,1333.0500,1345.0700,155453
2018-04-16,1342.6900,1350.4800,1340.1100,1345.5900,141294
2018-04-17,1345.8900,1349.3600,1337.6500,1347.1700,141939
2018-04-18,1347.1200,1355.6700,1342.2700,1349.2100,148681
2018-04-19,1349.1700,1354.6500,1340.9300,1345.7000,167626
2018-04-20,1345.6800,1346.1500,1334.9400,1335.4400,137570
2018-04-23,1334.6900,1335.4300,1322.1100,1324.7600,142291
2018-04-24,1324.7800,1332.6400,1322.1100,1330.7700,150264
2018-04-25,1330.0600,1332.0300,1318.7600,1322.8800,132330
2018-04-26,1322.0900,1326.5700,1315.2600,1317.0100,137917
2018-04-27,1317.3600,1325.1900,1315.3700,1322.9100,124480
2018-04-30,1322.7800,1324.8800,1310.1800,1314.9800,119515
2018-05-01,1316.1100,1316.3200,1301.7400,1304.0000,121525
2018-05-02,1304.6100,1313.4300,1303.8800,1304.9200,164714
2018-05-03,1305.6100,1318.0600,1305.3900,1312.1900,161484
2018-05-04,1312.3400,1315.3200,1307.9300,1314.6000,138486
2018-05-07,1314.8900,1318.8600,1310.2100,1314.2000,117778
2018-05-08,1314.3000,1317.7700,1305.9200,1314.6700,157331
2018-05-09,1314.9900,1317.3800,1304.2800,1312.3600,150024
2018-05-10,1312.1900,1322.8200,1310.7200,1321.0500,151330
2018-05-11,1321.2800,1325.9000,1316.8600,1317.9300,121865
2018-05-14,1318.1100,1322.2900,1312.9100,1313.1300,113839
2018-05-15,1314.1400,1314.8400,1288.6600,1290.7700,155008
2018-05-16,1290.6900,1296.8700,1286.3800,1290.4800,149270
2018-05-17,1290.9600,1294.3400,1284.9300,1290.7700,142011
2018-05-18,1290.4900,1294.1800,1286.0600,1292.4800,119227
2018-05-21,1291.5200,1293.1200,1282.0000,1292.4800,122414
2018-05-22,1292.6200,1296.0900,1287.9000,1291.0200,125944
2018-05-23,1291.2300,1298.2800,1287.5400,1293.1800,169357
2018-05-24,1293.9000,1306.5900,1292.7200,1304.2500,146932
2018-05-25,1304.8400,1307.7500,1299.8300,1300.5200,145825
2018-05-28,1299.4100,1300.3000,1295.4800,1298.0200,94074
2018-05-29,1297.6400,1306.5700,1292.4800,1298.6400,188420
2018-05-30,1299.6800,1304.2800,1295.8600,1301.5500,187898
2018-05-31,1301.7000,1306.4300,1297.2600,1298.2400,173824
2018-06-01,1298.8900,1300.5400,1289.3400,1293.2700,148261
2018-06-04,1293.0400,1298.0800,1290.1500,1291.8100,104639
2018-06-05,1292.1800,1300.5000,1289.6900,1296.4900,98789
2018-06-06,1296.8400,1301.7600,1293.7300,1295.9500,110400
2018-06-07,1296.6100,1303.0900,1294.8200,1296.7100,121216
2018-06-08,1297.3000,1300.5100,1292.0500,1298.6000,109659
2018-06-11,1299.1000,1302.2000,1294.0200,1300.3500,92238
2018-06-12,1299.9200,1300.2300,1292.7600,1295.5200,101378
2018-06-13,1295.4400,1301.2000,1291.8200,1299.4600,96092
2018-06-14,1299.8500,1309.2800,1297.4800,1302.2500,121003
2018-06-15,1302.1600,1303.0700,1275.3300,1280.1900,129675
2018-06-18,1279.1300,1282.3900,1276.9900,1278.2000,85837
2018-06-19,1278.8800,1283.9900,1270.3100,1274.4600,111610
2018-06-20,1274.9400,1276.3800,1267.5600,1267.5600,94109
2018-06-21,1268.0500,1270.0600,1261.2900,1267.2400,100373
2018-06-22,1267.3800,1271.0300,1266.5800,1269.2100,91474
2018-06-25,1271.3700,1272.5600,1264.4000,1265.3200,86382
2018-06-26,1266.0400,1267.6100,1254.7100,1258.4500,96159
2018-06-27,1258.4400,1260.0500,1250.5900,1251.7900,120092
2018-06-28,1252.3100,1254.2400,1245.8400,1248.1400,107121
2018-06-29,1248.0100,1255.5700,1245.9900,1252.7400,105028
2018-07-02,1252.7300,1254.1500,1239.6300,1241.4900,92846
2018-07-03,1241.8900,1256.8500,1237.8200,1252.7800,99797
2018-07-04,1252.4700,1261.0700,1252.3400,1256.4700,66160
2018-07-05,1256.2400,1259.6800,1251.2400,1257.1700,96710
2018-07-06,1257.2000,1258.9400,1252.6900,1254.5600,84745
2018-07-09,1255.2500,1265.8400,1254.8300,1257.4100,85737
2018-07-10,1257.6400,1260.2400,1247.2800,1255.9300,92226
2018-07-11,1255.7000,1256.8400,1241.4100,1242.1800,107273
2018-07-12,1242.4600,1248.5000,1241.2400,1246.9400,124630
2018-07-13,1246.8300,1248.0400,1236.3000,1241.0600,87152
2018-07-16,1241.2700,1245.5100,1238.2800,1240.8000,85141
2018-07-17,1240.7300,1244.9400,1226.0200,1227.2800,94291
2018-07-18,1227.6700,1229.1000,1220.9800,1227.5000,83759
2018-07-19,1226.9800,1228.9800,1211.4500,1222.8600,110290
2018-07-20,1223.7500,1232.2200,1215.6300,1231.5900,123284
2018-07-23,1230.3900,1235.1500,1222.1900,1224.4200,106778
2018-07-24,1224.7500,1229.4500,1218.1000,1224.4500,111426
2018-07-25,1224.4200,1234.1400,1223.1600,1231.5700,115521
2018-07-26,1231.4600,1235.1800,1222.2900,1222.8400,98777
2018-07-27,1223.5700,1227.3200,1217.5100,1222.8100,94003
2018-07-30,1223.3400,1225.0300,1218.9600,1221.2800,66294
2018-07-31,1221.5400,1228.5300,1213.9300,1223.9400,101959
2018-08-01,1224.1300,1224.7600,1215.6900,1216.0500,90683
2018-08-02,1216.5200,1221.0500,1206.9700,1207.7200,94114
2018-08-03,1208.6800,1219.9800,1204.4000,1213.1400,97934
2018-08-06,1213.6100,1217.8500,1206.4800,1207.1000,73287
2018-08-07,1208.0900,1216.1000,1207.6500,1210.5800,74692
2018-08-08,1211.0100,1215.8200,1206.3500,1213.3800,76923
2018-08-09,1213.6200,1217.3100,1210.7200,1212.1600,86741
2018-08-10,1212.5500,1217.0900,1205.7000,1211.3800,118336
2018-08-13,1212.5100,1213.8000,1191.6000,1193.6400,90397
2018-08-14,1194.0100,1198.6700,1191.9900,1193.9300,62151
2018-08-15,1194.2600,1194.6600,1173.0700,1174.6500,77457
2018-08-16,1175.5500,1182.0200,1160.0700,1173.9300,93034
2018-08-17,1173.6900,1185.0000,1171.7900,1184.1700,64952
2018-08-20,1183.4600,1190.7900,1182.6000,1190.3600,53212
2018-08-21,1190.3700,1196.9100,1187.6500,1196.1200,69290
2018-08-22,1196.0500,1201.5200,1192.5400,1195.4200,68635
2018-08-23,1195.8900,1196.5400,1183.8000,1185.2700,64778
2018-08-24,1185.3000,1208.4900,1183.1800,1205.8800,68650
2018-08-27,1207.2000,1212.3300,1203.1100,1211.0700,48250
2018-08-28,1210.8100,1214.2100,1199.5300,1200.9600,64378
2018-08-29,1201.4700,1207.2600,1201.2900,1206.5300,58304
2018-08-30,1206.9100,1207.8100,1196.1700,1199.6100,60868
2018-08-31,1200.0000,1208.7700,1198.2100,1200.7800,75806
2018-09-03,1200.6800,1203.8400,1195.6000,1201.2500,59262
2018-09-04,1200.6700,1201.9300,1189.5600,1191.0300,76229
2018-09-05,1191.7200,1198.3700,1190.7900,1196.4800,65696
2018-09-06,1197.1300,1206.9500,1195.7400,1199.9700,88985
2018-09-07,1200.3300,1203.4800,1193.4100,1195.8300,79092
2018-09-10,1196.3500,1198.4900,1191.4400,1195.5700,60154
2018-09-11,1195.4600,1199.3200,1187.6600,1198.3700,64425
2018-09-12,1197.9900,1208.4300,1192.6300,1206.0600,67159
2018-09-13,1206.4700,1212.6000,1200.0700,1201.2600,74782
2018-09-14,1201.6300,1208.5200,1192.8400,1193.4300,74488
2018-09-17,1193.6700,1204.7700,1192.7500,1200.9300,61098
2018-09-18,1201.3800,1203.4800,1195.8200,1198.0400,80695
2018-09-19,1197.9500,1206.1600,1197.9200,1203.6800,69378
2018-09-20,1203.8100,1208.4000,1201.2300,1207.0700,69611
2018-09-21,1206.7500,1211.0300,1191.7800,1199.1000,70594
2018-09-24,1198.8800,1204.1200,1194.3600,1198.6600,52248
2018-09-25,1198.9300,1203.3400,1197.0100,1201.0600,55189
2018-09-26,1201.3300,1202.4400,1190.4700,1194.2200,87291
2018-09-27,1194.8300,1198.5200,1181.8400,1182.5200,62745
2018-09-28,1183.3400,1193.9400,1180.6600,1191.5100,64208
2018-10-01,1191.8900,1192.1500,1184.5100,1188.6600,52576
2018-10-02,1188.8100,1208.1900,1188.6700,1202.7400,69784
2018-10-03,1203.9800,1208.2500,1196.4300,1196.8500,61515
2018-10-04,1197.9700,1206.7400,1195.9500,1199.7200,70104
2018-10-05,1199.6500,1205.7600,1197.2000,1202.7500,72912
2018-10-08,1203.1800,1204.0400,1183.3300,1187.9600,37667
2018-10-09,1188.2000,1191.8100,1183.1600,1189.4800,60546
2018-10-10,1189.4600,1194.7500,1185.2500,1194.0300,60583
2018-10-11,1194.1800,1226.3000,1191.2200,1224.8200,84466
2018-10-12,1223.2100,1223.6700,1215.8000,1217.7600,63032
2018-10-15,1217.7800,1233.2200,1217.7400,1226.8100,62824
2018-10-16,1227.1900,1232.3600,1223.4000,1224.4200,58611
2018-10-17,1224.8700,1229.4300,1220.5300,1222.2100,53881
2018-10-18,1221.9600,1230.1000,1218.6300,1225.7500,61042
2018-10-19,1225.4700,1230.7500,1223.0200,1226.3800,59969
2018-10-22,1228.0000,1229.5100,1219.9700,1221.8600,50370
2018-10-23,1222.0500,1239.7100,1221.6500,1230.3400,57126
2018-10-24,1230.8700,1233.5700,1225.5500,1233.3300,59709
2018-10-25,1233.9200,1239.1400,1228.0500,1231.8600,58668
2018-10-26,1232.0800,1243.3600,1229.9800,1233.5300,84231
2018-10-29,1232.9600,1235.3400,1224.2500,1229.4700,68326
2018-10-30,1229.5500,1230.5300,1219.8000,1222.9700,52328
2018-10-31,1222.4000,1222.9600,1211.9300,1214.4800,58086
2018-11-01,1215.3000,1237.3300,1215.2600,1233.0400,66877
2018-11-02,1234.2900,1236.3700,1229.6700,1232.7500,70496
2018-11-05,1233.1400,1235.1000,1226.8200,1231.3600,51254
2018-11-06,1231.3100,1235.8900,1223.4400,1227.0300,57608
2018-11-07,1227.1900,1236.4300,1222.9300,1226.3600,86968
2018-11-08,1226.3900,1227.0300,1219.9800,1223.3700,56146
2018-11-09,1223.2500,1223.4400,1206.6500,1209.3200,58787
2018-11-12,1209.4100,1211.3900,1200.1600,1200.1600,51033
2018-11-13,1201.1000,1205.1100,1196.2100,1201.9900,59864
2018-11-14,1202.6300,1216.4900,1197.6400,1210.5400,76536
2018-11-15,1210.9900,1216.4200,1207.6600,1212.6900,68387
2018-11-16,1213.2500,1225.2300,1213.1000,1221.2000,59300
2018-11-19,1221.9400,1225.1600,1217.9700,1223.8500,50688
2018-11-20,1223.8300,1228.7000,1219.9300,1221.5200,66031
2018-11-21,1221.8500,1230.0300,1219.6500,1225.8200,51457
2018-11-22,1225.4200,1229.0600,1224.8100,1226.9600,34363
2018-11-23,1226.9800,1228.4900,1219.8800,1222.5100,43894
2018-11-26,1223.3800,1228.0700,1221.6500,1222.1500,47348
2018-11-27,1222.3800,1225.2100,1211.8200,1214.4700,50906
2018-11-28,1214.9200,1226.6500,1211.1500,1221.0600,51784
2018-11-29,1220.5100,1228.9100,1220.4200,1224.0300,60007
2018-11-30,1224.0800,1225.4900,1216.6200,1221.9600,52149
2018-12-03,1222.9100,1234.8600,1221.2500,1230.8400,60510
2018-12-04,1230.6700,1241.8900,1230.3800,1238.5400,65890
2018-12-05,1238.5400,1239.2000,1233.2500,1237.0600,29802
2018-12-06,1237.2600,1244.2900,1234.6800,1237.7600,76720
2018-12-07,1237.7200,1249.9800,1237.2400,1248.4100,61676
2018-12-10,1250.4000,1250.4900,1241.5500,1244.0900,70502
2018-12-11,1244.7800,1249.4600,1240.9600,1242.8300,75476
2018-12-12,1243.1500,1247.1900,1241.9300,1245.3900,59387
2018-12-13,1245.7300,1246.6800,1240.0500,1242.0000,62080
2018-12-14,1241.7100,1242.9500,1232.8900,1238.0000,64452
2018-12-17,1237.3300,1248.0600,1235.4700,1245.8000,45136
2018-12-18,1245.6900,1250.3300,1244.9700,1249.3700,57195
2018-12-19,1249.7800,1257.9900,1241.6100,1242.9800,77529
2018-12-20,1244.2300,1266.4300,1242.6800,1259.6900,61651
2018-12-21,1260.5100,1262.7000,1253.8500,1255.3800,49285
2018-12-24,1258.4800,1269.7500,1257.8900,1268.3000,35322
2018-12-26,1272.3800,1279.0500,1264.4600,1266.7800,40974
2018-12-27,1266.6500,1278.9200,1265.5100,1275.5000,51120
2018-12-28,1275.3500,1282.1000,1274.2000,1280.5900,44994
2018-12-31,1279.9200,1284.0200,1277.3800,1280.2300,29951
2019-01-02,1282.2100,1288.7000,1278.6400,1284.6000,39271
2019-01-03,1287.6800,1294.9600,1284.5000,1293.9700,57318
2019-01-04,1293.6600,1298.5200,1276.5400,1284.5300,61565
2019-01-07,1285.3400,1295.0300,1282.5600,1288.7200,46553
2019-01-08,1289.1600,1290.1800,1279.3100,1285.0400,43237
2019-01-09,1284.6200,1293.9000,1280.0100,1292.9300,50186
2019-01-10,1292.9800,1297.0300,1286.0300,1286.1000,42686
2019-01-11,1286.7500,1295.1200,1286.7200,1287.3900,37019
2019-01-14,1288.0400,1295.7900,1287.7700,1291.3700,37149
2019-01-15,1292.4000,1294.5900,1286.7100,1288.9200,42365
2019-01-16,1289.5800,1294.9500,1287.7800,1293.6200,37703
2019-01-17,1293.7000,1295.3300,1288.6700,1291.7800,37454
2019-01-18,1292.2400,1292.4000,1280.5600,1281.1800,36426
2019-01-21,1282.5300,1283.4700,1276.7600,1280.0300,22469
2019-01-22,1280.1400,1285.4100,1277.3500,1284.9700,33935
2019-01-23,1284.9000,1286.4700,1278.5900,1282.4200,29596
2019-01-24,1282.7800,1284.7100,1276.7000,1280.7500,33915
2019-01-25,1280.3300,1303.9100,1279.8900,1302.7900,39372
2019-01-28,1302.2700,1304.3500,1297.5600,1303.2100,30687
2019-01-29,1303.1200,1311.9400,1302.6600,1311.6600,36066
2019-01-30,1311.5100,1323.3700,1308.9200,1319.5900,44860
2019-01-31,1320.3000,1326.2500,1317.3600,1321.0500,43609
2019-02-01,1320.9500,1323.4400,1316.0600,1317.7100,40010
2019-02-04,1317.6000,1317.8900,1308.5300,1311.9600,32119
2019-02-05,1311.7600,1316.7700,1310.6600,1314.8700,30404
2019-02-06,1314.6000,1315.7400,1305.5300,1306.3300,28894
2019-02-07,1307.4100,1311.9000,1302.7300,1309.9500,34320
2019-02-08,1309.9600,1315.6000,1307.7200,1313.9500,28521
2019-02-11,1313.1400,1314.8000,1303.5900,1308.1000,30756
2019-02-12,1307.3900,1314.6800,1306.4500,1310.5700,31972
2019-02-13,1311.1200,1318.1100,1304.9400,1305.8800,38150
2019-02-14,1306.4600,1314.3100,1302.3400,1312.2100,42537
2019-02-15,1312.6100,1322.5700,1311.2900,1321.2600,39684
2019-02-18,1317.3600,1327.6100,1315.8100,1326.0600,24647
2019-02-19,1326.2300,1341.8100,1322.8100,1341.1600,40578
2019-02-20,1339.9100,1346.6600,1336.8300,1338.2000,44124
2019-02-21,1339.0300,1341.4300,1320.8800,1323.3000,45926
2019-02-22,1324.2200,1333.0500,1321.5000,1327.5600,42277
2019-02-25,1327.4700,1332.5100,1325.0700,1327.2400,39118
2019-02-26,1327.2200,1330.1500,1323.4300,1328.6900,37082
2019-02-27,1329.0300,1329.8100,1316.5700,1319.6200,30907
2019-02-28,1319.9900,1327.2200,1312.5500,1313.0800,44328
2019-03-01,1314.1500,1315.1700,1290.1200,1293.4200,44869
2019-03-04,1295.0600,1296.9600,1282.8000,1286.4600,40156
2019-03-05,1286.8800,1289.5500,1281.1300,1287.3800,37932
2019-03-06,1287.2300,1290.8600,1283.4900,1286.1500,36348
2019-03-07,1286.5200,1288.9900,1280.7700,1285.3300,39802
2019-03-08,1284.5200,1300.6900,1284.4100,1298.2300,44398
2019-03-11,1296.8500,1299.0400,1290.4200,1293.2700,32454
2019-03-12,1293.0400,1302.1900,1291.9600,1301.1500,31873
2019-03-13,1300.9100,1311.1900,1300.8700,1309.1000,31237
2019-03-14,1309.7900,1310.3100,1292.7300,1296.0800,33687
2019-03-15,1296.0900,1306.3600,1293.9300,1301.9200,33130
2019-03-18,1302.2400,1306.6700,1298.1300,1303.4100,29029
2019-03-19,1303.3500,1310.8700,1302.2700,1306.4100,32840
2019-03-20,1306.6300,1316.9800,1298.5700,1312.3400,40670
2019-03-21,1314.1500,1320.3500,1303.1600,1309.2800,40550
2019-03-22,1309.1500,1314.9200,1306.7900,1313.0700,42107
2019-03-25,1312.1900,1324.4900,1310.9100,1322.0100,36116
2019-03-26,1321.8900,1323.2100,1312.6300,1315.1000,33737
2019-03-27,1316.5600,1319.2700,1308.0200,1309.6300,49515
2019-03-28,1309.3100,1312.2400,1288.4800,1289.8700,40599
2019-03-29,1291.0300,1299.7100,1286.6600,1292.1600,36253
2019-04-01,1292.1500,1296.9700,1286.3700,1287.3000,35818
2019-04-02,1287.3500,1292.4100,1285.2400,1292.3400,25835
2019-04-03,1292.1900,1294.5200,1288.3400,1289.6600,27327
2019-04-04,1290.3900,1294.3500,1280.8800,1292.3800,27632
2019-04-05,1292.7400,1293.5300,1284.3500,1291.4900,27455
2019-04-08,1292.1700,1303.6600,1291.3900,1297.4900,23309
2019-04-09,1297.7800,1306.1500,1296.5500,1303.9000,33090
2019-04-10,1304.3600,1310.5300,1300.9000,1307.9400,33655
2019-04-11,1308.0500,1309.1300,1289.5300,1292.2600,40410
2019-04-12,1292.4200,1295.7600,1290.0100,1290.4600,35036
2019-04-15,1291.2200,1291.8900,1282.4300,1287.5700,30511
2019-04-16,1287.8200,1288.7200,1272.8900,1276.6900,37582
2019-04-17,1276.7200,1279.7100,1272.9300,1273.7600,32860
2019-04-18,1274.2600,1277.6500,1271.0900,1275.4700,31394
2019-04-22,1275.7200,1279.7700,1273.7400,1274.7000,21624
2019-04-23,1275.2500,1276.4400,1266.2100,1272.1000,30666
2019-04-24,1272.1400,1278.4900,1268.7200,1275.5000,32797
2019-04-25,1275.6200,1282.5300,1273.3100,1277.1800,34181
2019-04-26,1277.3300,1288.6700,1274.1500,1285.9500,38920
2019-04-29,1285.9200,1286.6500,1278.0100,1279.4900,30175
2019-04-30,1279.9100,1286.1400,1279.8500,1283.2900,36375
2019-05-01,1283.1300,1287.2300,1272.8300,1276.4800,42936
2019-05-02,1277.0600,1277.9100,1266.2000,1270.4800,37990
2019-05-03,1270.5200,1282.5200,1268.1300,1278.9700,39549
2019-05-06,1282.5600,1285.7700,1276.9300,1280.2000,39892
2019-05-07,1281.3300,1286.0300,1278.1300,1284.2800,39904
2019-05-08,1283.9100,1291.4400,1279.2700,1280.4900,42097
2019-05-09,1281.2300,1288.1700,1279.5600,1283.4000,46217
2019-05-10,1284.4300,1289.3700,1283.1100,1285.6600,48490
2019-05-13,1287.1300,1301.1900,1281.9000,1299.7900,44745
2019-05-14,1300.5900,1303.2300,1293.6500,1296.7600,32675
2019-05-15,1297.0400,1300.8400,1292.9900,1296.3500,38680
2019-05-16,1296.4500,1298.7200,1283.9700,1286.3100,36934
2019-05-17,1286.5400,1288.8900,1274.7200,1277.4800,38861
2019-05-20,1278.2900,1278.9500,1273.6100,1277.6300,30684
2019-05-21,1277.5400,1277.8600,1269.4100,1274.6900,29422
2019-05-22,1274.5000,1277.2600,1272.4300,1273.4100,28455
2019-05-23,1273.6400,1287.2700,1272.7800,1283.5600,42712
2019-05-24,1283.4900,1285.2000,1280.7100,1284.8000,32122
2019-05-27,1285.2100,1287.3300,1283.7200,1284.9500,15551
2019-05-28,1285.2000,1286.5100,1276.0900,1279.4000,38161
2019-05-29,1279.3900,1285.5100,1279.1100,1280.2000,45534
2019-05-30,1280.0000,1289.1700,1274.9500,1288.4100,37312
2019-05-31,1288.2900,1306.9200,1287.9300,1305.1300,47039
2019-06-03,1306.5900,1327.9200,1306.4900,1324.4800,50885
2019-06-04,1324.8900,1329.0000,1319.8700,1325.5900,49993
2019-06-05,1325.2400,1344.0400,1324.4900,1330.0900,65031
2019-06-06,1332.1700,1339.7900,1327.1800,1335.5200,55111
2019-06-07,1335.9000,1348.2300,1330.2300,1340.2400,52484
2019-06-10,1334.6200,1337.6500,1325.0300,1327.8400,47974
2019-06-11,1328.0600,1329.8400,1319.8300,1326.6500,46762
2019-06-12,1326.8700,1338.3800,1325.9800,1333.2300,50814
2019-06-13,1333.6600,1343.0900,1332.3800,1341.8100,43496
2019-06-14,1342.2700,1358.1200,1337.7300,1340.8200,62043
2019-06-17,1341.7600,1343.4700,1332.9300,1339.4800,49206
2019-06-18,1340.0400,1354.5700,1338.5900,1346.5100,71328
2019-06-19,1346.1400,1362.5400,1341.3100,1359.6400,72466
2019-06-20,1359.4700,1393.9000,1357.6500,1388.3500,102246
2019-06-21,1387.4000,1411.7600,1382.4800,1398.6800,118183
2019-06-24,1399.8700,1421.4100,1399.4200,1419.1100,78266
2019-06-25,1418.0000,1439.2100,1411.8200,1423.1900,130617
2019-06-26,1419.6900,1422.0400,1401.8200,1408.6700,109233
2019-06-27,1407.9400,1412.1200,1398.5900,1409.1000,76489
2019-06-28,1408.7000,1424.6000,1405.6300,1409.9100,80301
2019-07-01,1391.6700,1397.7200,1381.6600,1383.7500,91450
2019-07-02,1383.9400,1420.9700,1383.7400,1418.0000,79268
2019-07-03,1422.5900,1437.7300,1411.9600,1418.4100,97900
2019-07-04,1420.1400,1421.6100,1410.1300,1415.2900,37381
2019-07-05,1416.3900,1424.1500,1386.6300,1398.0900,77113
2019-07-08,1399.0900,1407.5300,1391.6800,1395.2800,58768
2019-07-09,1394.6900,1399.9300,1385.6900,1397.5100,51415
2019-07-10,1395.6800,1418.5500,1389.8100,1417.8700,68331
2019-07-11,1419.0700,1427.0700,1400.7300,1403.7300,65404
2019-07-12,1404.5100,1416.8400,1403.0800,1414.8300,53268
2019-07-15,1416.5200,1419.7300,1407.6300,1413.7000,48080
2019-07-16,1414.4400,1418.2200,1400.6800,1405.8200,54713
2019-07-17,1406.4800,1426.7500,1400.0100,1426.2100,51546
2019-07-18,1426.3000,1448.0700,1414.5600,1445.6500,78476
2019-07-19,1448.1300,1452.9200,1420.1300,1424.9600,91707
2019-07-22,1426.4400,1429.9800,1422.1800,1424.6700,61460
2019-07-23,1424.7100,1430.2100,1414.1300,1417.6000,61934
2019-07-24,1417.1900,1429.5100,1416.2700,1425.1100,58410
2019-07-25,1425.2400,1433.7300,1411.0000,1414.1100,70765
2019-07-26,1414.8400,1424.7900,1413.4000,1418.3100,47512
2019-07-29,1420.7500,1428.1100,1414.8000,1426.6200,36670
2019-07-30,1425.7300,1433.2000,1422.2600,1430.6100,45064
2019-07-31,1430.5700,1434.4700,1410.1700,1412.2300,75264
2019-08-01,1415.8500,1445.9500,1400.4400,1444.8900,91909
2019-08-02,1445.5900,1447.9300,1430.2900,1440.3200,109809
2019-08-05,1440.2900,1469.7200,1436.6700,1463.7200,111163
2019-08-06,1467.5700,1474.8100,1456.3300,1474.2700,98081
2019-08-07,1474.5800,1510.3300,1472.1800,1501.2500,134373
2019-08-08,1498.8400,1509.5300,1489.9700,1500.8800,101100
2019-08-09,1506.3400,1508.0900,1494.7400,1497.0200,88737
2019-08-12,1496.0500,1519.9900,1487.2000,1511.7200,77110
2019-08-13,1510.5100,1534.9500,1479.7700,1501.3500,121062
2019-08-14,1501.6200,1524.0300,1493.7800,1516.1800,121466
2019-08-15,1518.5900,1526.9700,1507.8100,1523.4200,135399
2019-08-16,1521.8500,1527.9700,1503.6300,1512.1000,87768
2019-08-19,1509.4300,1512.9000,1493.1800,1495.7900,77501
2019-08-20,1496.5400,1508.5500,1492.9300,1507.3600,63548
2019-08-21,1506.5200,1508.0300,1496.4300,1502.3100,61239
2019-08-22,1501.8600,1504.5500,1492.4300,1498.1600,66041
2019-08-23,1498.5400,1530.2000,1493.4700,1526.2500,98456
2019-08-26,1545.7400,1555.2100,1524.9300,1527.3800,127966
2019-08-27,1527.2700,1544.6500,1525.6300,1542.6300,83672
2019-08-28,1540.9600,1546.8300,1531.7900,1541.0100,89182
2019-08-29,1539.0200,1550.3000,1519.5200,1526.8700,107263
2019-08-30,1527.5300,1533.1100,1516.9300,1520.5500,92368
2019-09-02,1529.3900,1533.7700,1519.2200,1528.9600,50614
2019-09-03,1526.9100,1549.6800,1521.6100,1548.7000,100722
2019-09-04,1546.5300,1556.9800,1533.7800,1552.6000,95612
2019-09-05,1551.4400,1552.9500,1506.1900,1518.8900,103092
2019-09-06,1518.4500,1527.8100,1502.4700,1506.3800,109340
2019-09-09,1503.5100,1515.4300,1497.5400,1498.8100,81607
2019-09-10,1498.3200,1500.9700,1484.4500,1485.7700,87411
2019-09-11,1486.2800,1498.2300,1485.9900,1496.5200,66314
2019-09-12,1496.7400,1524.1300,1489.1600,1498.9700,93718
2019-09-13,1497.6200,1508.9400,1485.7100,1488.5500,73329
2019-09-16,1500.7100,1512.0900,1495.8300,1498.4000,84660
2019-09-17,1498.4900,1507.0300,1493.3900,1501.3200,67403
2019-09-18,1501.4700,1511.5400,1482.9700,1493.2400,65272
2019-09-19,1492.8900,1504.4500,1488.9200,1498.4700,74260
2019-09-20,1499.1900,1517.0100,1497.8900,1516.2700,60729
2019-09-23,1512.6300,1526.7700,1511.4800,1522.1200,71616
2019-09-24,1523.0900,1535.6300,1515.5500,1531.1700,77381
2019-09-25,1533.2900,1535.0800,1500.4000,1503.6400,84604
2019-09-26,1503.6600,1512.2500,1500.2500,1504.5600,74798
2019-09-27,1503.9500,1507.3400,1486.7900,1496.6100,87365
2019-09-30,1496.2500,1500.4100,1464.4300,1472.2900,85679
2019-10-01,1472.9300,1487.1900,1459.0300,1479.3800,91422
2019-10-02,1480.0600,1505.0200,1474.4400,1499.9200,90625
2019-10-03,1498.9600,1519.4800,1495.7600,1504.8300,93063
2019-10-04,1506.0400,1515.5400,1495.7700,1504.5000,88317
2019-10-07,1508.5300,1509.2500,1487.9700,1493.2700,86523
2019-10-08,1493.3700,1509.6500,1486.8100,1505.4800,107974
2019-10-09,1506.4500,1512.3400,1499.8000,1505.4200,86218
2019-10-10,1505.7000,1516.9800,1491.0200,1493.3900,115499
2019-10-11,1494.4600,1503.1300,1473.9300,1487.9300,118368
2019-10-14,1486.4300,1497.0600,1482.7700,1493.0300,74909
2019-10-15,1492.3700,1498.5300,1477.1300,1481.0000,85309
2019-10-16,1481.0900,1491.5100,1476.9600,1489.5200,91869
2019-10-17,1489.9900,1497.3100,1483.3700,1492.2300,81532
2019-10-18,1491.9800,1494.1700,1484.8100,1489.9300,72019
2019-10-21,1491.6500,1495.1700,1481.4200,1484.0600,73746
2019-10-22,1484.5300,1488.9300,1480.7800,1487.7700,69834
2019-10-23,1487.9300,1496.2300,1487.6200,1491.7500,65293
2019-10-24,1491.3300,1503.9600,1487.9300,1502.9000,67974
2019-10-25,1503.0300,1517.9300,1500.5500,1504.1600,76377
2019-10-28,1503.2900,1508.1700,1489.9300,1492.5400,76826
2019-10-29,1491.8100,1494.7100,1483.3300,1487.9000,73054
2019-10-30,1487.3900,1496.5200,1481.0800,1495.6000,74557
2019-10-31,1495.7700,1514.1900,1493.8900,1512.1300,70127
2019-11-01,1512.4900,1516.0900,1503.2200,1513.9000,72696
2019-11-04,1512.6900,1514.7700,1504.3400,1509.4800,60931
2019-11-05,1508.8300,1509.6100,1479.3100,1483.7800,86931
2019-11-06,1483.7100,1494.1300,1482.9100,1490.1400,70392
2019-11-07,1489.7900,1492.2100,1460.4600,1468.5200,100691
2019-11-08,1468.1100,1472.8700,1456.1200,1458.7200,83604
2019-11-11,1460.2200,1466.3600,1448.1500,1455.6500,62464
2019-11-12,1454.9900,1460.3200,1445.5700,1456.3000,88273
2019-11-13,1457.2900,1467.0000,1456.6400,1463.2600,84024
2019-11-14,1463.9900,1474.5500,1461.0700,1470.9700,79413
2019-11-15,1471.2200,1471.3100,1462.3700,1467.3700,63220
2019-11-18,1467.8500,1473.8900,1456.2800,1470.7800,65688
2019-11-19,1470.6500,1475.2300,1464.7200,1472.3100,70981
2019-11-20,1473.6700,1478.7500,1465.8800,1471.0500,80216
2019-11-21,1474.9000,1475.5900,1462.2800,1464.3200,84627
2019-11-22,1464.3700,1473.1800,1461.2500,1461.8100,69819
2019-11-25,1460.3900,1462.0800,1454.0000,1454.9400,58527
2019-11-26,1454.9400,1462.8700,1450.0200,1461.3000,55649
2019-11-27,1461.1100,1461.7500,1452.4500,1453.9300,57103
2019-11-28,1455.7500,1458.2600,1454.1600,1455.7400,31775
2019-11-29,1455.3900,1466.5300,1452.9400,1463.8300,48203
2019-12-02,1462.4300,1465.2900,1453.8900,1462.4500,65523
2019-12-03,1461.6100,1481.7300,1459.7800,1477.3200,65924
2019-12-04,1476.4700,1484.0100,1471.3500,1474.3300,79731
2019-12-05,1474.3700,1480.2900,1472.8600,1475.7600,68940
2019-12-06,1476.0400,1479.8200,1458.6600,1459.5300,63328
2019-12-09,1458.5800,1465.3500,1458.4800,1461.7100,46080
2019-12-10,1461.4100,1469.1700,1459.9500,1464.3500,66086
2019-12-11,1464.1600,1478.8400,1462.6300,1474.7200,63369
2019-12-12,1474.8900,1486.6900,1463.8900,1469.4000,80536
2019-12-13,1466.5700,1478.0000,1461.7300,1475.4400,92543
2019-12-16,1474.8500,1479.8500,1473.0900,1475.9000,55769
2019-12-17,1475.8900,1480.4900,1474.1200,1475.9900,55358
2019-12-18,1475.7600,1479.2400,1470.3800,1475.4500,51047
2019-12-19,1475.3000,1481.6400,1473.1900,1478.7000,49593
2019-12-20,1478.9400,1480.9400,1475.7800,1477.9300,44501
2019-12-23,1477.9600,1486.0900,1477.4600,1485.3800,44323
2019-12-24,1485.2000,1500.4400,1484.3300,1498.9900,39618
2019-12-26,1503.2700,1512.5600,1502.2700,1511.0400,42592
2019-12-27,1510.7700,1515.2900,1507.2800,1510.6300,54172
2019-12-30,1511.1600,1516.0700,1510.7000,1514.9600,57637
2019-12-31,1514.6300,1525.2300,1514.5400,1520.2100,52009
2020-01-02,1520.2600,1531.3200,1518.3800,1528.7700,55524
2020-01-03,1528.2500,1553.4300,1527.8600,1551.4400,95044
2020-01-06,1575.8900,1582.0900,1560.7000,1565.6300,118721
2020-01-07,1564.5300,1577.3200,1555.2300,1573.2400,96091
2020-01-08,1575.9900,1611.3500,1552.2200,1556.3600,156878
2020-01-09,1554.7500,1561.2900,1540.2000,1552.0800,87919
2020-01-10,1552.9100,1563.1300,1545.7300,1561.7600,78711
2020-01-13,1559.5500,1560.6000,1546.5100,1548.3400,72777
2020-01-14,1548.1300,1548.8500,1535.9600,1546.2500,85110
2020-01-15,1546.3700,1558.1700,1546.2700,1556.2200,73629
2020-01-16,1555.1800,1558.0600,1547.9800,1552.4600,65408
2020-01-17,1552.2900,1561.2100,1549.3300,1556.8300,64606
2020-01-20,1559.0000,1562.7600,1556.3500,1560.5000,31344
2020-01-21,1560.8800,1568.5900,1546.3000,1557.9100,84727
2020-01-22,1558.0100,1559.2200,1550.1500,1558.6000,68635
2020-01-23,1558.5500,1567.9100,1551.8500,1562.8000,80486
2020-01-24,1561.7900,1575.9500,1556.4900,1570.9000,81710
2020-01-27,1580.7100,1588.2800,1575.8700,1581.8800,105097
2020-01-28,1580.9100,1583.0300,1565.4400,1567.7800,83057
2020-01-29,1568.6500,1578.0000,1563.3500,1577.1100,72438
2020-01-30,1575.2500,1585.9900,1572.2200,1573.8500,96702
2020-01-31,1575.0600,1590.4800,1570.8700,1588.8300,97516
2020-02-03,1588.6500,1592.0000,1569.2800,1576.3000,91040
2020-02-04,1578.5600,1579.6100,1548.9700,1552.7400,81029
2020-02-05,1553.1800,1562.4100,1547.3800,1556.4100,84219
2020-02-06,1554.6700,1568.2300,1552.4600,1566.4600,71100
2020-02-07,1565.8100,1574.0500,1560.0800,1570.0000,97707
2020-02-10,1569.2700,1577.0100,1567.9600,1571.8700,72137
2020-02-11,1572.0900,1574.0500,1561.9200,1567.6300,75255
2020-02-12,1567.4900,1570.4600,1561.9500,1565.7300,65805
2020-02-13,1566.1300,1578.3300,1565.5100,1575.9800,80200
2020-02-14,1575.9100,1585.0100,1573.0200,1583.6900,60275
2020-02-17,1581.2500,1583.7800,1578.8500,1580.8600,30617
2020-02-18,1583.6900,1605.0500,1583.2300,1601.3500,78332
2020-02-19,1601.1700,1612.9100,1599.5300,1611.3400,81876
2020-02-20,1610.9700,1623.7300,1603.8400,1619.2600,105222
2020-02-21,1619.7000,1649.2300,1618.9200,1643.7300,115265
2020-02-24,1659.3700,1689.2500,1650.8300,1658.5000,156168
2020-02-25,1657.4700,1658.7700,1624.9800,1635.2600,176551
2020-02-26,1638.1300,1654.9500,1624.7300,1640.5000,161690
2020-02-27,1641.1200,1660.3700,1635.1900,1644.2300,163430
2020-02-28,1641.9100,1649.4600,1562.9300,1584.7000,186323
2020-03-02,1581.7900,1610.9400,1575.3100,1589.7500,171570
2020-03-03,1590.4500,1649.2900,1589.5800,1639.4800,146391
2020-03-04,1642.0900,1653.1300,1631.8100,1635.7300,124231
2020-03-05,1636.5700,1674.5700,1634.9700,1671.5800,121017
2020-03-06,1671.6100,1692.0900,1641.9700,1674.0600,164891
2020-03-09,1695.9200,1703.4400,1657.4100,1678.1500,151869
2020-03-10,1667.7300,1671.4200,1641.4900,1649.3700,143340
2020-03-11,1651.9300,1671.2400,1632.9400,1636.6300,128334
2020-03-12,1640.1000,1650.0700,1560.5900,1578.6300,158775
2020-03-13,1576.3000,1597.9100,1504.6200,1529.7800,192149
2020-03-16,1543.0400,1562.9400,1451.1300,1509.0900,219115
2020-03-17,1511.7500,1553.8500,1465.4200,1527.8000,208552
2020-03-18,1537.2900,1543.2900,1472.6100,1484.6300,192152
2020-03-19,1485.3000,1500.7700,1461.8900,1474.3400,137143
2020-03-20,1467.4700,1515.9300,1465.8300,1498.6400,104650
2020-03-23,1490.2000,1561.0800,1485.0000,1552.3900,110268
2020-03-24,1563.4500,1632.3000,1557.6200,1625.3300,74427
2020-03-25,1630.5600,1638.8500,1594.9500,1616.3500,63879
2020-03-26,1612.4000,1644.3700,1595.2600,1628.9300,52710
2020-03-27,1630.2000,1631.0600,1613.8300,1622.5500,58020
2020-03-30,1619.9700,1632.2500,1610.3900,1620.3100,65237
2020-03-31,1621.7500,1622.2200,1574.1900,1576.7800,83749
2020-04-01,1571.4100,1599.9600,1569.3300,1591.2600,72363
2020-04-02,1590.3600,1620.1700,1582.6500,1611.6600,100031
2020-04-03,1614.3900,1626.0400,1605.8500,1615.7000,68469
2020-04-06,1614.6200,1669.8800,1608.3500,1658.1900,94932
2020-04-07,1664.8100,1674.0200,1642.1600,1647.9400,113280
2020-04-08,1647.2700,1656.8700,1641.5800,1645.4000,70588
2020-04-09,1645.4100,1690.4300,1643.8600,1683.5600,100976
2020-04-13,1677.4700,1723.2700,1674.9800,1711.9800,79657
2020-04-14,1712.2500,1747.4000,1708.5600,1726.5400,121755
2020-04-15,1726.5400,1731.1100,1707.5200,1716.5000,101927
2020-04-16,1716.4900,1738.6600,1708.0100,1718.3800,120139
2020-04-17,1718.4800,1718.5200,1680.1000,1682.1400,126136
2020-04-20,1683.0200,1702.7000,1671.5500,1695.2800,149666
2020-04-21,1695.4000,1697.8600,1660.0300,1683.5400,159877
2020-04-22,1683.7900,1718.7400,1680.2900,1714.8700,96972
2020-04-23,1714.6600,1738.7800,1707.0000,1730.3100,135452
2020-04-24,1730.5600,1736.3500,1710.3600,1726.4100,124540
2020-04-27,1722.3200,1727.5900,1705.8700,1714.9400,122739
2020-04-28,1714.9000,1716.1600,1691.5400,1707.6500,120584
2020-04-29,1708.0200,1717.6700,1697.7600,1712.8900,123365
2020-04-30,1712.9500,1721.7200,1681.2400,1685.9800,131530
2020-05-01,1686.0200,1705.4700,1670.4000,1699.6000,146791
2020-05-04,1698.0300,1713.4400,1691.6400,1701.0000,90399
2020-05-05,1701.1300,1712.0400,1689.6300,1704.7100,93525
2020-05-06,1704.5100,1708.0600,1681.1400,1685.1900,86078
2020-05-07,1685.1900,1722.0100,1684.1400,1715.2500,93033
2020-05-08,1715.5200,1723.6000,1701.0900,1702.0900,112340
2020-05-11,1702.3800,1711.8000,1691.5300,1697.6400,112436
2020-05-12,1697.6700,1710.9500,1693.6100,1702.2600,101722
2020-05-13,1702.0900,1718.0800,1698.9300,1715.3000,133767
2020-05-14,1715.3100,1736.3900,1711.0000,1730.0600,124146
2020-05-15,1730.0600,1751.6800,1728.6100,1741.8500,144595
2020-05-18,1747.3600,1765.0800,1727.5000,1732.2000,145651
2020-05-19,1732.0500,1748.0300,1725.6000,1744.2400,150585
2020-05-20,1744.0700,1753.8000,1742.3000,1747.2100,120833
2020-05-21,1747.2400,1748.7900,1717.1000,1726.7600,126972
2020-05-22,1726.7000,1740.0900,1724.2500,1735.4500,99319
2020-05-25,1732.1100,1733.3400,1721.5500,1728.2200,64718
2020-05-26,1726.0600,1735.4100,1708.6500,1710.3100,112094
2020-05-27,1710.4100,1715.9900,1693.6200,1709.5700,91160
2020-05-28,1709.2700,1727.5700,1707.2700,1718.6800,91368
2020-05-29,1719.5400,1737.6900,1712.7500,1730.4100,86023
2020-06-01,1735.4000,1744.5100,1726.8400,1739.4800,86512
2020-06-02,1737.8100,1745.0900,1721.3000,1727.4500,83030
2020-06-03,1727.0400,1731.7500,1689.2100,1698.2600,97747
2020-06-04,1699.1700,1721.7300,1696.9900,1712.8000,90044
2020-06-05,1714.7500,1716.0400,1670.5500,1684.3000,107874
2020-06-08,1680.5200,1700.6700,1677.2200,1698.3900,86257
2020-06-09,1700.0900,1720.8300,1692.1100,1714.1600,95378
2020-06-10,1715.3800,1739.7500,1708.2000,1737.8300,97211
2020-06-11,1737.9400,1744.6300,1721.2700,1728.5600,113901
2020-06-12,1729.2200,1743.0300,1722.1400,1730.5700,99214
2020-06-15,1730.7600,1734.1300,1704.1100,1725.2400,114171
2020-06-16,1725.2700,1732.8400,1716.4100,1726.4100,101815
2020-06-17,1725.0000,1730.2300,1712.6000,1726.1900,75069
2020-06-18,1725.7900,1737.5900,1717.3000,1722.4800,80514
2020-06-19,1722.8100,1745.2800,1721.1700,1742.2600,74320
2020-06-22,1747.6800,1763.2000,1742.7400,1754.5500,94028
2020-06-23,1753.9700,1771.0700,1747.2900,1766.9500,91526
2020-06-24,1769.0800,1779.4300,1760.6800,1761.2800,97480
2020-06-25,1759.5600,1768.8700,1755.2600,1763.6300,80846
2020-06-26,1764.1500,1772.0300,1747.4300,1769.5700,77404
2020-06-29,1770.3200,1775.4300,1765.6100,1772.6000,65040
2020-06-30,1771.9000,1785.9400,1764.6900,1780.5400,64578
2020-07-01,1781.6100,1789.0800,1759.2200,1769.8400,83087
2020-07-02,1771.4000,1779.3900,1757.4300,1774.9700,71827
2020-07-03,1776.4900,1777.1000,1772.6600,1774.9000,30087
2020-07-06,1773.3700,1787.0000,1769.8600,1784.2500,60393
2020-07-07,1785.2200,1797.3400,1773.4700,1794.6000,71877
2020-07-08,1795.1300,1817.9200,1791.5200,1808.4500,69808
2020-07-09,1809.3700,1815.9100,1795.4200,1802.3200,76806
2020-07-10,1802.0600,1810.4300,1793.9800,1798.5700,62639
2020-07-13,1799.1100,1813.3100,1797.7300,1802.2700,71138
2020-07-14,1802.1300,1810.8400,1790.6300,1808.9900,80509
2020-07-15,1807.9700,1815.0400,1802.4500,1809.9700,65442
2020-07-16,1810.5300,1813.2900,1794.9000,1796.8400,63581
2020-07-17,1798.0900,1811.9500,1795.7500,1809.6800,48289
2020-07-20,1808.0400,1820.5300,1805.6200,1817.2100,69408
2020-07-21,1817.9200,1843.4700,1815.5900,1841.4800,84616
2020-07-22,1840.9500,1872.0200,1840.7400,1871.2200,126022
2020-07-23,1873.9700,1898.3600,1863.6400,1885.9700,137686
2020-07-24,1889.6500,1906.5000,1881.2900,1901.6300,97339
2020-07-27,1902.6400,1945.6200,1902.5400,1940.9600,137360
2020-07-28,1943.2800,1981.1600,1906.6300,1957.9800,162655
2020-07-29,1962.1600,1980.7500,1941.3300,1970.8200,110719
2020-07-30,1971.0400,1971.3200,1939.4400,1957.5400,124775
2020-07-31,1955.5000,1983.9700,1955.3300,1975.0200,123851
2020-08-03,1983.5300,1984.9000,1960.3900,1975.9800,93017
2020-08-04,1977.3600,2019.8200,1966.6600,2018.5300,99875
2020-08-05,2021.1900,2055.5700,2009.3900,2038.9600,153351
2020-08-06,2040.2800,2069.7400,2034.4400,2063.2500,135426
2020-08-07,2066.5500,2074.8700,2015.3700,2033.1500,188063
2020-08-10,2026.3100,2049.8500,2019.1500,2027.6100,134556
2020-08-11,2026.6400,2029.9200,1901.2500,1912.5700,198468
2020-08-12,1915.3600,1949.4800,1862.5800,1918.9800,193909
2020-08-13,1919.7200,1966.1600,1912.6600,1953.6400,155604
2020-08-14,1951.3800,1962.3700,1932.0700,1943.5700,134787
2020-08-17,1944.9100,1990.6800,1929.4000,1984.4300,137410
2020-08-18,1983.1700,2015.5700,1975.8600,2002.2200,149175
2020-08-19,2005.1000,2006.3700,1924.5100,1927.6600,168877
2020-08-20,1931.5200,1955.2600,1924.5400,1946.1700,169910
2020-08-21,1948.0800,1955.9700,1911.2600,1938.9800,149830
2020-08-24,1936.6900,1961.8800,1923.7400,1928.3800,131802
2020-08-25,1930.3400,1937.4900,1914.1900,1926.8700,131524
2020-08-26,1928.2800,1954.8200,1902.6400,1953.1400,134650
2020-08-27,1951.9200,1976.5300,1909.7900,1928.3200,159239
2020-08-28,1929.9800,1973.7800,1923.1500,1964.3400,148365
2020-08-31,1969.0700,1976.5400,1954.2300,1968.2200,99691
2020-09-01,1968.3500,1992.2900,1963.3500,1970.6300,110904
2020-09-02,1968.2100,1973.2600,1932.3900,1943.0800,115889
2020-09-03,1942.0100,1950.9400,1921.7500,1930.4500,121698
2020-09-04,1931.2800,1948.3600,1916.2700,1933.0900,122132
2020-09-07,1932.0700,1941.3700,1924.4400,1928.2900,53826
2020-09-08,1929.5400,1940.8400,1906.5400,1931.5100,127513
2020-09-09,1931.5900,1950.8400,1919.9500,1947.3700,106929
2020-09-10,1946.3000,1966.5300,1941.3500,1946.0100,125077
2020-09-11,1946.3200,1954.8000,1937.1200,1940.4800,115707
2020-09-14,1937.7400,1962.5600,1937.3600,1956.5200,94840
2020-09-15,1957.6800,1972.2100,1948.2900,1953.3400,101514
2020-09-16,1954.5200,1973.6400,1949.8700,1959.1500,114101
2020-09-17,1959.4700,1960.9600,1932.8700,1944.2000,116066
2020-09-18,1944.4300,1960.1000,1943.9300,1950.4200,104181
2020-09-21,1949.7500,1955.6200,1882.7100,1911.9200,140739
2020-09-22,1914.3400,1920.0300,1894.6400,1900.3400,138128
2020-09-23,1900.6200,1905.3900,1855.6700,1862.7400,170439
2020-09-24,1863.9600,1877.1500,1848.7500,1868.6600,185366
2020-09-25,1869.7700,1875.1800,1852.3700,1860.1400,143312
2020-09-28,1862.9000,1882.9600,1848.9300,1881.8400,121920
2020-09-29,1881.2400,1899.1200,1875.4900,1897.4800,121758
2020-09-30,1897.6900,1902.2700,1881.3400,1885.2300,124684
2020-10-01,1887.3200,1912.1200,1884.6700,1905.9400,129822
2020-10-02,1904.7200,1917.1000,1889.7600,1900.5800,110455
2020-10-05,1903.4700,1918.7300,1887.0500,1913.6500,96742
2020-10-06,1911.9600,1921.0900,1876.7800,1877.5600,103229
2020-10-07,1877.8800,1898.0100,1872.9400,1887.8300,94014
2020-10-08,1887.2700,1900.6200,1882.0000,1893.5000,89931
2020-10-09,1893.9300,1930.4100,1893.5800,1929.8700,93245
2020-10-12,1926.8900,1933.1800,1918.2000,1922.6300,89130
2020-10-13,1923.8800,1925.3700,1886.3700,1891.0700,98934
2020-10-14,1892.9500,1912.9400,1882.4600,1900.4900,88039
2020-10-15,1901.5400,1908.9000,1889.4800,1907.9200,100016
2020-10-16,1908.7400,1913.9200,1897.7600,1898.7600,79358
2020-10-19,1899.7100,1918.4700,1896.9800,1903.4400,81201
2020-10-20,1903.5000,1914.0300,1894.8100,1907.5300,80173
2020-10-21,1910.1400,1931.3600,1908.4100,1924.6000,87121
2020-10-22,1924.6500,1925.9400,1894.5000,1903.6700,83858
2020-10-23,1904.8100,1914.1900,1894.2900,1901.4100,72918
2020-10-26,1901.3700,1908.5200,1891.2100,1901.6800,84997
2020-10-27,1902.0600,1911.4200,1897.8400,1907.3500,70872
2020-10-28,1907.7500,1910.8700,1869.3600,1876.8100,107560
2020-10-29,1877.7000,1884.9700,1859.9200,1867.1100,101170
2020-10-30,1869.1000,1889.7900,1864.4500,1878.3700,102452
2020-11-02,1879.2700,1896.0200,1873.4100,1895.0600,91898
2020-11-03,1894.9500,1910.5500,1886.8600,1908.9400,83912
2020-11-04,1909.1700,1916.3100,1881.8200,1903.2700,138750
2020-11-05,1903.2200,1952.7600,1902.4500,1949.1700,136181
2020-11-06,1946.2900,1960.2900,1935.5900,1951.8100,129291
2020-11-09,1957.1800,1965.4600,1850.5200,1863.1300,178171
2020-11-10,1860.9700,1890.3500,1860.6900,1877.3900,145814
2020-11-11,1875.5300,1884.4100,1856.4300,1865.5000,110216
2020-11-12,1866.7600,1883.8100,1862.6900,1876.7100,108861
2020-11-13,1877.1200,1896.7500,1873.9700,1889.2800,91972
2020-11-16,1887.8900,1899.0100,1864.4600,1888.6600,117953
2020-11-17,1889.5000,1893.4300,1876.8400,1880.1900,92151
2020-11-18,1881.5600,1884.8200,1863.4700,1871.9700,88323
2020-11-19,1873.8300,1874.1300,1852.6900,1866.8400,88459
2020-11-20,1861.3300,1879.7500,1860.7600,1870.9000,69867
2020-11-23,1870.8600,1876.1400,1830.9500,1837.4900,90322
2020-11-24,1838.6800,1838.9500,1800.2500,1807.7100,115098
2020-11-25,1807.6600,1817.6300,1801.7300,1807.0700,80615
2020-11-26,1809.0100,1818.2200,1805.7000,1810.2000,48151
2020-11-27,1810.2400,1813.8800,1774.3300,1786.7600,77501
2020-11-30,1789.3100,1789.8600,1764.3800,1777.6400,99038
2020-12-01,1776.9700,1817.2700,1775.7400,1815.4200,84421
2020-12-02,1812.9700,1832.5500,1807.4300,1830.7200,80494
2020-12-03,1829.3600,1843.9100,1823.6400,1840.9800,89559
2020-12-04,1841.2800,1848.1700,1829.1100,1838.6000,74001
2020-12-07,1836.8600,1868.5000,1821.9900,1863.1000,80761
2020-12-08,1862.9100,1875.2800,1860.1700,1870.8300,75510
2020-12-09,1869.3500,1870.5300,1825.4000,1839.4100,99377
2020-12-10,1838.4900,1849.9800,1828.6200,1835.9600,90853
2020-12-11,1837.0300,1847.6600,1823.9100,1839.9100,75786
2020-12-14,1837.0700,1839.0200,1818.3400,1827.8200,77212
2020-12-15,1828.4000,1855.3200,1825.4600,1853.6700,74189
2020-12-16,1853.8800,1865.7700,1844.7100,1864.0600,101568
2020-12-17,1863.4600,1896.1900,1862.0100,1886.0400,95207
2020-12-18,1884.7100,1889.5800,1877.3800,1880.5500,78474
2020-12-21,1882.5100,1906.7000,1854.9900,1876.2500,133851
2020-12-22,1879.3100,1884.2100,1858.9300,1859.9100,101321
2020-12-23,1861.0100,1878.5600,1857.0600,1872.6300,98019
2020-12-24,1873.3900,1883.4600,1869.5000,1879.3000,55919
2020-12-28,1888.4000,1900.2000,1869.1200,1873.0500,85663
2020-12-29,1875.2300,1886.4400,1871.7100,1878.1700,75438
2020-12-30,1877.3100,1894.0400,1876.0800,1893.8100,63365
2020-12-31,1893.4700,1900.3800,1885.4100,1893.6800,64248
2021-01-04,1909.0700,1944.4300,1907.7200,1943.2300,110285
2021-01-05,1941.4900,1953.0900,1934.3100,1950.0300,95998
2021-01-06,1949.8900,1959.2900,1900.8300,1918.7900,143511
2021-01-07,1920.9400,1927.6400,1906.7700,1913.5100,105316
2021-01-08,1916.1800,1917.4800,1828.2700,1849.0400,155562
2021-01-11,1854.7400,1855.5900,1817.0000,1844.4500,120645
2021-01-12,1847.5100,1863.8000,1836.7000,1855.3100,105679
2021-01-13,1855.0400,1862.9400,1841.9100,1844.6800,88213
2021-01-14,1847.5100,1857.4500,1830.9400,1846.4600,102850
2021-01-15,1847.7900,1856.8500,1823.3900,1827.6500,125252
2021-01-18,1828.3900,1840.7200,1810.2900,1837.5200,89033
2021-01-19,1838.4100,1845.5100,1833.1200,1839.6300,109648
2021-01-20,1840.5100,1871.7300,1832.4900,1871.4200,125615
2021-01-21,1871.5800,1875.0100,1858.3200,1869.8000,118950
2021-01-22,1869.7600,1870.8100,1837.4000,1854.6700,132569
2021-01-25,1858.0200,1867.9300,1847.1100,1855.9400,137306
2021-01-26,1855.2600,1861.7300,1848.4000,1851.4300,110758
2021-01-27,1851.5800,1853.1100,1831.3500,1843.8300,143666
2021-01-28,1842.6600,1864.0000,1834.0000,1842.6100,171059
2021-01-29,1843.1200,1875.6900,1839.5900,1847.5900,192328
2021-02-01,1855.5700,1871.7800,1849.1500,1860.5500,220293
2021-02-02,1859.3700,1864.0500,1829.5300,1837.6500,180506
2021-02-03,1837.3800,1844.9800,1829.8100,1834.2100,128024
2021-02-04,1834.1200,1834.7400,1784.9000,1793.1200,158695
2021-02-05,1795.1700,1815.2000,1791.9800,1813.4000,127304
2021-02-08,1817.3500,1839.1900,1807.7700,1830.1300,136422
2021-02-09,1830.8700,1848.5600,1828.8300,1837.6400,123760
2021-02-10,1838.5900,1855.3100,1834.0500,1842.3500,123670
2021-02-11,1843.9100,1847.5400,1821.2000,1825.4700,105907
2021-02-12,1826.1100,1830.6800,1810.5200,1824.1700,110731
2021-02-15,1824.8800,1827.0200,1816.0700,1818.7200,71964
2021-02-16,1819.6200,1826.4200,1789.4800,1794.5600,149750
2021-02-17,1792.6500,1795.1500,1769.4700,1776.7000,153764
2021-02-18,1776.9500,1789.6200,1768.4200,1775.4400,148265
2021-02-19,1776.4600,1791.6300,1760.6400,1783.0500,159459
2021-02-22,1786.7800,1812.6900,1780.6800,1809.0400,177046
2021-02-23,1809.4000,1816.0100,1795.6000,1805.0700,158899
2021-02-24,1806.6000,1813.9400,1783.6300,1805.3300,162824
2021-02-25,1803.6500,1804.2300,1765.2800,1770.2500,225865
2021-02-26,1772.2500,1775.7600,1717.1800,1733.8400,243495
2021-03-01,1737.7900,1759.8900,1719.6300,1724.7900,188016
2021-03-02,1723.0300,1738.7700,1707.2000,1738.7700,181720
2021-03-03,1738.1500,1740.4900,1701.8600,1711.7100,175583
2021-03-04,1710.8800,1723.1900,1690.5400,1698.6000,218170
2021-03-05,1697.8300,1707.6200,1687.2800,1700.7600,192230
2021-03-08,1706.2400,1714.2900,1676.8200,1682.5300,185032
2021-03-09,1684.5200,1720.5800,1680.1200,1715.5900,160257
2021-03-10,1715.3300,1726.5700,1708.2000,1726.3300,149898
2021-03-11,1726.5600,1739.8200,1719.2700,1722.3800,142465
2021-03-12,1721.6300,1727.9600,1699.2100,1726.9200,149733
2021-03-15,1728.5600,1734.5400,1721.6600,1732.1100,132634
2021-03-16,1731.8600,1741.2100,1726.2500,1731.8500,125856
2021-03-17,1732.3500,1751.6300,1724.1700,1744.5400,136197
2021-03-18,1748.7400,1755.4600,1719.2500,1736.4900,161388
2021-03-19,1735.7700,1746.7200,1728.5000,1745.1400,139589
2021-03-22,1743.8000,1744.3300,1727.3900,1738.6800,129700
2021-03-23,1739.5800,1742.6000,1724.6800,1726.8900,126605
2021-03-24,1727.1500,1738.4700,1723.7900,1733.8300,111264
2021-03-25,1734.9100,1745.4300,1721.7600,1726.9800,131827
2021-03-26,1727.9400,1736.6500,1721.6300,1732.7000,105918
2021-03-29,1731.1700,1732.8400,1705.6500,1711.8100,109038
2021-03-30,1712.6800,1714.3600,1678.7700,1685.0600,135333
2021-03-31,1684.8300,1715.3400,1677.8600,1707.7000,130802
2021-04-01,1707.4000,1730.4000,1705.7600,1729.4900,115912
2021-04-05,1728.6600,1733.5700,1721.2500,1728.3600,88124
2021-04-06,1728.7100,1745.4700,1727.1600,1743.0600,109667
2021-04-07,1743.2800,1744.3200,1730.5700,1737.5700,103223
2021-04-08,1737.5600,1758.6600,1733.1400,1756.1400,102546
2021-04-09,1755.6500,1757.3200,1731.2600,1743.4600,110017
2021-04-12,1742.7100,1745.0000,1727.4800,1732.3400,110257
2021-04-13,1733.2300,1748.9900,1723.7000,1745.3900,122156
2021-04-14,1745.6600,1749.3100,1732.5800,1736.2500,106297
2021-04-15,1736.2600,1769.6800,1734.3500,1763.5000,103270
2021-04-16,1763.9700,1783.7900,1759.7200,1776.6700,100215
2021-04-19,1775.6700,1790.0300,1766.7600,1770.7800,113432
2021-04-20,1770.9000,1780.4100,1763.5300,1778.5500,110180
2021-04-21,1778.1600,1797.6300,1776.2400,1793.9200,102562
2021-04-22,1793.9500,1797.8800,1777.4500,1784.3600,104081
2021-04-23,1784.1600,1795.9500,1770.0100,1776.4800,102335
2021-04-26,1775.4800,1783.5000,1768.8400,1781.3900,95870
2021-04-27,1781.2700,1785.5500,1773.7600,1776.7000,90326
2021-04-28,1776.9900,1782.5400,1762.6200,1781.4700,104594
2021-04-29,1781.9600,1789.9800,1756.1900,1772.2800,105898
2021-04-30,1772.6100,1773.6200,1764.2400,1768.9700,97490
2021-05-03,1766.8100,1797.9100,1766.0400,1793.0400,90768
2021-05-04,1792.5800,1799.0900,1771.0100,1779.2800,107458
2021-05-05,1778.3400,1787.9700,1770.4900,1787.6600,86898
2021-05-06,1786.8000,1818.1200,1782.0000,1815.2200,110093
2021-05-07,1814.6400,1843.3000,1812.8500,1830.8500,126630
2021-05-10,1833.0400,1845.4900,1829.9700,1835.5400,124892
2021-05-11,1836.0700,1841.8000,1818.0900,1836.8000,120851
2021-05-12,1836.8300,1843.6800,1813.2400,1816.1100,137693
2021-05-13,1814.8700,1828.8000,1808.7700,1826.9300,122267
2021-05-14,1827.1200,1845.9300,1819.7700,1842.5600,101155
2021-05-17,1843.5200,1868.4100,1843.5200,1866.6500,105152
2021-05-18,1866.6900,1875.0300,1863.2000,1869.6400,95130
2021-05-19,1869.1200,1890.0900,1852.2300,1870.1500,155875
2021-05-20,1870.0600,1883.9400,1863.8600,1877.2800,147676
2021-05-21,1877.7900,1889.4100,1870.1000,1881.7400,139975
2021-05-24,1881.4100,1887.0200,1875.1700,1881.3500,128610
2021-05-25,1880.7800,1900.2100,1872.7100,1899.1800,121916
2021-05-26,1898.7700,1912.7400,1890.7700,1896.5000,122351
2021-05-27,1896.4500,1903.6700,1888.2800,1896.4300,124764
2021-05-28,1897.4000,1905.9500,1882.2700,1903.1800,131825
2021-05-31,1903.7400,1910.6500,1902.1400,1906.6200,68155
2021-06-01,1907.2600,1916.5800,1892.3700,1899.8700,123400
2021-06-02,1899.6500,1909.0900,1894.3700,1908.6600,106790
2021-06-03,1908.4500,1909.6400,1865.3700,1870.7000,132560
2021-06-04,1871.3300,1896.1400,1855.5000,1891.5100,127130
2021-06-07,1890.1900,1900.1300,1881.5700,1898.7800,104532
2021-06-08,1899.1000,1903.6700,1883.8400,1893.0600,105052
2021-06-09,1891.7200,1898.9500,1887.3300,1888.8900,97129
2021-06-10,1888.8900,1899.8600,1869.8400,1899.6400,126781
2021-06-11,1898.1500,1903.0300,1874.4400,1876.1600,118817
2021-06-14,1876.0700,1877.6200,1844.7700,1866.3100,118581
2021-06-15,1867.5300,1869.1600,1851.6500,1858.8900,94645
2021-06-16,1859.1300,1862.9100,1803.3300,1810.2100,112002
2021-06-17,1813.5400,1825.3300,1767.3000,1772.7800,186319
2021-06-18,1775.4900,1797.1400,1760.9100,1764.5200,136136
2021-06-21,1768.6400,1786.6100,1766.4000,1783.2500,142895
2021-06-22,1784.0500,1790.0900,1772.4400,1778.6300,126279
2021-06-23,1779.7600,1794.9500,1773.3300,1778.4000,104888
2021-06-24,1778.6100,1787.9700,1772.8500,1774.9600,110374
2021-06-25,1776.2600,1790.3400,1773.7000,1781.1100,94761
2021-06-28,1781.2400,1785.7400,1770.6700,1779.0300,87814
2021-06-29,1778.6000,1778.9600,1750.6900,1761.0800,81852
2021-06-30,1762.0900,1774.3900,1753.3300,1769.6500,80009
2021-07-01,1770.0300,1782.7800,1765.6400,1776.5200,74755
2021-07-02,1776.2800,1795.0400,1774.3300,1787.3300,79540
2021-07-05,1787.1100,1794.3400,1784.4700,1791.7300,40542
2021-07-06,1791.2700,1814.9700,1790.1100,1797.0500,88151
2021-07-07,1796.3100,1809.7200,1793.8500,1803.5900,83421
2021-07-08,1803.6800,1818.3300,1793.8300,1802.3500,105013
2021-07-09,1802.9400,1812.3300,1796.3800,1808.0400,77370
2021-07-12,1807.9700,1810.8200,1791.6500,1806.1700,66869
2021-07-13,1806.2600,1817.1400,1798.6000,1807.1400,78097
2021-07-14,1807.9500,1829.7300,1804.5500,1827.9900,80677
2021-07-15,1827.4400,1834.0700,1820.2200,1829.4500,76139
2021-07-16,1829.8700,1832.0000,1808.9600,1811.5100,90910
2021-07-19,1811.2900,1817.2700,1794.9800,1812.6100,117655
2021-07-20,1812.6500,1824.9200,1805.1000,1810.2400,103742
2021-07-21,1810.4000,1813.7400,1794.6800,1803.4200,94121
2021-07-22,1803.8300,1808.0400,1792.7400,1806.4200,92708
2021-07-23,1806.9800,1810.3000,1789.6300,1801.9300,83504
2021-07-26,1802.2600,1811.4600,1796.3800,1797.6500,90431
2021-07-27,1797.9900,1805.2200,1793.6000,1798.4700,88456
2021-07-28,1800.5200,1809.8200,1792.3600,1807.1100,91748
2021-07-29,1807.3400,1832.6200,1807.2200,1827.7900,89520
2021-07-30,1828.7900,1831.3400,1810.2000,1814.2800,81091
2021-08-02,1814.6000,1819.5100,1805.7800,1813.1100,88661
2021-08-03,1813.4900,1814.9900,1807.1200,1810.1200,71014
2021-08-04,1810.2600,1831.6500,1806.4000,1811.6000,81473
2021-08-05,1812.0300,1814.8100,1797.8300,1803.7300,76504
2021-08-06,1804.6500,1804.7200,1758.6500,1763.1800,90320
2021-08-09,1761.0800,1762.2700,1683.2000,1729.5800,123735
2021-08-10,1728.9100,1738.2700,1717.7100,1728.7400,88755
2021-08-11,1729.7100,1754.3700,1724.0800,1751.5000,91167
2021-08-12,1751.3200,1758.1500,1741.5800,1752.8600,77872
2021-08-13,1753.1700,1779.7900,1751.6900,1779.7000,73095
2021-08-16,1779.0800,1789.2800,1770.8000,1787.2400,84258
2021-08-17,1787.2200,1795.4600,1780.5300,1785.8000,84021
2021-08-18,1786.3000,1793.7500,1777.3200,1787.6800,84606
2021-08-19,1787.3700,1792.4400,1774.4100,1780.0000,95481
2021-08-20,1780.1400,1788.3700,1778.3300,1780.9400,74472
2021-08-23,1781.5200,1806.4200,1776.4400,1805.1800,81054
2021-08-24,1805.4100,1809.5100,1800.7000,1802.8300,68351
2021-08-25,1802.4200,1802.7800,1782.5700,1790.3300,71904
2021-08-26,1791.0300,1798.1200,1780.0700,1791.6900,66655
2021-08-27,1792.4200,1819.0900,1784.0100,1817.8500,73792
2021-08-30,1818.1800,1823.2400,1807.7600,1810.1300,51256
2021-08-31,1810.0000,1819.1500,1801.7100,1814.2600,69797
2021-09-01,1814.4700,1820.0300,1808.7200,1813.7700,66557
2021-09-02,1813.9700,1817.1500,1804.8600,1809.5500,48158
2021-09-03,1809.4900,1833.9500,1808.9400,1827.5900,64900
2021-09-06,1828.2900,1830.2400,1821.4200,1823.1400,30435
2021-09-07,1823.5300,1827.2200,1792.0400,1793.9200,65120
2021-09-08,1795.1200,1802.1100,1782.4300,1789.2900,69657
2021-09-09,1789.5400,1800.9000,1783.8600,1794.3600,69299
2021-09-10,1793.8700,1803.7700,1787.2400,1787.8100,64121
2021-09-13,1787.3500,1798.4300,1783.6400,1793.3700,53287
2021-09-14,1793.3800,1808.5800,1779.6000,1804.6900,68253
2021-09-15,1803.8600,1806.9400,1790.7500,1793.7300,71910
2021-09-16,1794.1200,1796.2000,1745.2400,1752.7200,92224
2021-09-17,1753.5700,1767.4700,1747.3800,1753.9200,93996
2021-09-20,1754.2200,1767.0500,1742.0700,1764.8200,96288
2021-09-21,1764.4600,1781.6900,1757.9700,1773.8900,77017
2021-09-22,1774.8600,1787.2100,1764.7200,1767.9900,95213
2021-09-23,1768.6200,1776.5600,1737.4300,1742.4800,94004
2021-09-24,1744.6400,1757.7100,1740.4900,1749.7200,73477
2021-09-27,1749.8100,1760.8200,1744.8400,1750.1500,90252
2021-09-28,1750.6700,1754.4900,1728.1000,1733.5300,109052
2021-09-29,1734.2000,1745.4800,1721.6500,1726.4600,99056
2021-09-30,1726.6400,1764.1200,1722.2400,1757.1600,101418
2021-10-01,1755.8200,1764.2800,1749.7700,1760.1500,93635
2021-10-04,1760.7900,1770.5000,1747.7900,1769.3500,94390
2021-10-05,1768.6100,1769.3300,1748.6600,1759.8700,84128
2021-10-06,1760.0200,1765.0300,1745.9500,1762.8700,94004
2021-10-07,1762.9500,1766.9100,1751.9700,1754.9100,76394
2021-10-08,1755.9400,1781.2700,1753.4500,1757.1000,95076
2021-10-11,1756.9700,1760.9700,1750.1800,1754.1100,75370
2021-10-12,1753.7900,1769.3100,1750.8000,1760.1900,85568
2021-10-13,1760.7000,1796.1500,1757.9100,1792.7500,102178
2021-10-14,1793.0300,1800.5700,1786.7500,1795.9200,79665
2021-10-15,1796.0200,1796.4700,1764.9300,1767.4200,91079
2021-10-18,1767.1800,1772.0400,1760.3100,1764.5300,100833
2021-10-19,1764.9300,1785.1100,1763.0000,1768.9900,95022
2021-10-20,1769.4300,1788.4400,1766.9000,1782.0600,94540
2021-10-21,1782.6500,1789.4400,1776.5300,1783.3200,98030
2021-10-22,1783.3700,1813.7900,1782.8900,1792.6700,109808
2021-10-25,1792.9300,1809.9900,1792.2500,1807.4300,95376
2021-10-26,1807.4500,1808.3900,1782.4500,1793.0000,89761
2021-10-27,1793.0800,1799.0500,1783.5400,1796.8900,98026
2021-10-28,1796.7500,1810.3800,1792.2500,1798.8100,111028
2021-10-29,1799.4900,1801.2000,1771.9800,1782.9800,118861
2021-11-01,1783.3600,1795.7900,1779.1200,1793.2000,88126
2021-11-02,1792.8200,1796.4000,1786.4100,1787.8400,80400
2021-11-03,1787.6300,1788.2000,1758.0700,1769.8900,95424
2021-11-04,1771.3500,1798.9000,1770.8600,1791.7100,89121
2021-11-05,1791.1100,1818.2700,1785.1000,1817.8400,98757
2021-11-08,1815.6900,1826.4400,1812.4600,1824.1400,86785
2021-11-09,1824.2800,1832.7000,1819.2300,1831.6800,87840
2021-11-10,1831.6000,1868.5500,1822.3200,1848.9700,104451
2021-11-11,1848.9800,1866.0000,1842.8800,1861.7700,73362
2021-11-12,1861.7500,1868.6100,1845.2000,1864.3500,86565
2021-11-15,1866.7900,1870.3000,1856.3800,1862.7100,78903
2021-11-16,1863.0700,1877.2300,1849.6700,1849.9800,96336
2021-11-17,1850.2400,1868.0300,1849.5300,1867.3900,83204
2021-11-18,1866.2400,1870.9400,1855.0300,1858.8100,82994
2021-11-19,1859.1900,1865.7200,1843.0000,1845.7000,99128
2021-11-22,1842.1900,1849.1500,1802.2800,1804.7700,111380
2021-11-23,1808.0000,1812.4500,1782.0000,1789.2800,107732
2021-11-24,1789.1000,1796.3400,1778.5400,1788.6400,100596
2021-11-25,1787.9300,1795.0400,1786.0100,1788.4200,43784
2021-11-26,1790.4700,1815.5500,1780.4000,1790.8600,103879
2021-11-29,1788.5300,1799.3900,1777.6400,1784.9600,83509
2021-11-30,1785.1200,1808.7400,1769.8200,1774.4300,117288
2021-12-01,1775.9100,1794.4100,1772.1700,1781.8800,111262
2021-12-02,1781.4800,1783.3800,1761.9700,1768.4000,114608
2021-12-03,1769.6700,1786.1200,1766.1500,1783.8800,113243
2021-12-06,1782.0000,1787.7100,1775.7400,1778.3700,94257
2021-12-07,1778.9300,1787.6800,1772.3500,1784.1600,82219
2021-12-08,1784.6000,1793.1500,1779.6400,1782.4900,86165
2021-12-09,1783.0800,1787.6400,1773.2700,1775.1300,83436
2021-12-10,1775.9900,1789.4100,1770.1000,1782.8200,82249
2021-12-13,1782.7700,1791.5700,1781.8300,1786.9900,75375
2021-12-14,1785.9500,1789.5300,1766.4300,1770.5800,82804
2021-12-15,1771.4400,1780.8500,1752.3400,1777.0900,97659
2021-12-16,1778.3400,1799.5500,1775.5400,1799.0200,99122
2021-12-17,1798.3900,1814.2800,1795.9400,1797.9800,90843
2021-12-20,1800.3100,1804.2100,1788.2900,1790.3000,97492
2021-12-21,1790.8000,1800.5200,1785.0000,1788.6300,82073
2021-12-22,1788.8700,1804.9200,1785.8600,1803.5400,72738
2021-12-23,1803.1300,1810.6300,1798.9000,1807.7600,66632
2021-12-27,1805.9700,1813.4700,1802.9200,1811.8200,66267
2021-12-28,1811.5500,1820.1800,1805.0500,1806.1300,65449
2021-12-29,1806.5600,1807.7100,1789.4700,1803.9000,74622
2021-12-30,1803.7100,1817.2100,1796.1200,1815.0800,71293
2021-12-31,1814.6400,1828.5700,1814.2000,1828.2700,59072
2022-01-03,1830.6300,1831.8200,1798.3200,1801.2000,87227
2022-01-04,1802.4600,1816.7400,1798.5100,1814.3600,95966
2022-01-05,1813.8400,1829.6000,1808.3200,1810.5300,91086
2022-01-06,1810.0600,1811.5800,1786.5000,1789.7200,114463
2022-01-07,1791.1800,1798.6300,1782.6400,1796.3000,93200
2022-01-10,1794.9500,1802.3200,1790.3600,1801.6900,98141
2022-01-11,1800.4100,1823.2500,1799.9700,1821.4300,95816
2022-01-12,1820.1400,1828.0100,1814.7100,1826.1400,89178
2022-01-13,1825.7800,1828.1400,1812.3500,1822.7100,88822
2022-01-14,1821.4900,1829.1800,1814.7000,1817.5400,100708
2022-01-17,1817.3500,1823.1700,1813.2000,1819.1100,50418
2022-01-18,1818.2700,1822.7800,1805.7900,1813.7000,116659
2022-01-19,1814.0800,1843.3200,1810.2500,1840.6300,118270
2022-01-20,1840.2000,1847.9200,1835.9500,1839.5300,115018
2022-01-21,1839.2600,1843.2400,1828.3900,1834.6300,118667
2022-01-24,1832.9000,1844.3800,1829.7200,1843.1600,137348
2022-01-25,1842.8500,1853.9000,1834.9400,1847.6900,115864
2022-01-26,1847.4900,1850.0600,1815.0300,1818.8400,119417
2022-01-27,1819.8900,1822.1200,1791.8400,1796.7000,134786
2022-01-28,1797.3000,1799.4200,1780.3000,1791.5800,117835
2022-01-31,1788.9600,1799.8900,1785.5700,1796.8800,99871
2022-02-01,1797.5100,1808.7900,1795.7700,1800.9000,98541
2022-02-02,1801.0200,1810.7700,1794.5100,1806.8600,87102
2022-02-03,1806.9400,1808.9300,1788.6600,1804.8800,106335
2022-02-04,1804.8000,1814.8800,1792.1400,1807.8400,105497
2022-02-07,1808.5300,1823.5400,1807.8400,1820.4800,103673
2022-02-08,1821.2000,1828.7500,1815.4300,1826.0300,89692
2022-02-09,1825.7500,1835.8000,1824.7300,1832.8700,83092
2022-02-10,1832.7400,1841.9200,1821.6800,1826.7500,123300
2022-02-11,1827.2800,1865.4500,1820.9200,1858.9800,134846
2022-02-14,1855.8600,1874.1600,1850.8200,1871.7400,145102
2022-02-15,1870.5700,1879.5100,1844.4900,1853.3600,111096
2022-02-16,1853.8300,1872.5700,1850.3300,1869.0000,101098
2022-02-17,1869.8500,1901.1300,1867.8100,1898.2500,136437
2022-02-18,1898.6900,1902.5100,1886.5800,1897.3400,114121
2022-02-21,1902.5400,1908.2600,1887.6200,1903.4600,84038
2022-02-22,1912.0000,1913.9800,1891.3800,1898.5000,149372
2022-02-23,1898.9100,1910.4900,1889.6200,1908.0800,101624
2022-02-24,1909.7900,1974.5200,1878.0000,1903.7700,194530
2022-02-25,1906.5000,1921.4200,1882.8600,1888.2500,149053
2022-02-28,1919.7900,1926.6900,1890.8600,1908.2600,144843
2022-03-01,1908.3000,1950.1700,1901.3900,1945.1700,143236
2022-03-02,1942.9800,1947.8700,1913.4200,1927.6100,134384
2022-03-03,1929.2700,1941.1800,1922.0800,1936.6200,119807
2022-03-04,1936.7200,1970.1900,1929.5600,1969.7400,142983
